// array size is 32400
const uint16_t background1[] PROGMEM = {
  0xaebf, 0xaebf, 0xa69f, 0xb6bf, 0xb6df, 0xbedf, 0xbedf, 0xbedf, 0xbedf, 0xb6df, 0xb6df, 0xbedf,
  0xceff, 0xbeff, 0xbeff, 0xcf3f, 0xc71f, 0xbeff, 0xbeff, 0xc6ff, 0xc71f, 0xcf1f, 0xcf1f, 0xdf7f,
  0xe77f, 0xd73f, 0xcf3f, 0xbeff, 0xcf1f, 0xdf5f, 0xe79f, 0xe79f, 0xd73f, 0xd73f, 0xd73f, 0xd75f,
  0xcf1f, 0xdf7f, 0xef9f, 0xefbf, 0xe79f, 0xcf1f, 0xc71f, 0xdf7f, 0xef9f, 0xef9f, 0xf7bf, 0xf7bf,
  0xe79f, 0xffdf, 0xf7df, 0xf7df, 0xffff, 0xffff, 0xffff, 0xffff, 0xffff, 0xf7df, 0x8e7f, 0x765f,
  0x763f, 0x763f, 0x763f, 0x763f, 0x6e3f, 0x6e3f, 0x763f, 0x763f, 0x763f, 0x763f, 0x6e3f, 0x6e3f,
  0x6e1f, 0x6e3f, 0x6e3f, 0x763f, 0x763f, 0x763f, 0x763f, 0x763f, 0x763f, 0x761f, 0x763f, 0x763f,
  0x763f, 0x763f, 0x763f, 0x763f, 0x763f, 0x763f, 0x763f, 0x763f, 0x763f, 0x763f, 0x763f, 0x763f,
  0x763f, 0x763f, 0x763f, 0x763f, 0x763f, 0x7e3f, 0x763f, 0x763f, 0x765f, 0x763f, 0x7e5f, 0x7e5f,
  0x7e5f, 0x7e5f, 0x7e5f, 0x7e5f, 0x7e5f, 0x7e7f, 0x867f, 0x867f, 0x867f, 0x867f, 0x867f, 0x867f,
  0x867f, 0x867f, 0x867f, 0x867f, 0x7e7f, 0x7e7f, 0x7e7f, 0x7e5f, 0x7e5f, 0x7e5f, 0x7e5f, 0x7e5f,
  0x7e5f, 0x765f, 0x763f, 0x763f, 0x763f, 0x765f, 0x763f, 0x763f, 0x763f, 0x763f, 0x763f, 0x763f,
  0x761f, 0x761f, 0x761f, 0x6e1f, 0x6e1f, 0x6e1f, 0x6e1f, 0x6e1f, 0x6e1f, 0x6e1f, 0x6e1f, 0x6e1f,
  0x6e1f, 0x6e1f, 0x6e1f, 0x6e1f, 0x6e1f, 0x6e3f, 0x6e3f, 0x6e3f, 0x6e3f, 0x6e3f, 0x6e3f, 0x6e3f,
  0x6e1f, 0x6e1f, 0x6e1f, 0x6e1f, 0x6e1f, 0x6e1f, 0x6e1f, 0x6e3f, 0x6e3f, 0x6e3f, 0x6e3f, 0x6e3f,
  0x763f, 0x6e3f, 0xbf1f, 0xf7df, 0xffff, 0xffff, 0xffff, 0xe79f, 0x7e3f, 0x763f, 0x6e3f, 0x6e3f,
  0x6e1f, 0x6e1f, 0x6e1f, 0x6e3f, 0x6e3f, 0x6e3f, 0x763f, 0x763f, 0x763f, 0x6e3f, 0x6e3f, 0x6e1f,
  0x6e3f, 0xaebf, 0xe77f, 0xd73f, 0xd75f, 0xd73f, 0xcf1f, 0xc6ff, 0xc6ff, 0xcf1f, 0xc71f, 0xcf1f,
  0xbeff, 0x8e7f, 0x8e7f, 0x6e1f, 0x6e1f, 0x761f, 0x6e1f, 0x6e1f, 0x6e1f, 0x6e3f, 0x763f, 0x6e3f,
  0x763f, 0x763f, 0x763f, 0x763f, 0x763f, 0x7e5f, 0x867f, 0x763f, 0x6e3f, 0x6e3f, 0x9e9f, 0xefbf,
  0x967f, 0x865f, 0x763f, 0xa69f, 0x9e9f, 0xb6df, 0xbedf, 0xbedf, 0xb6df, 0xb6bf, 0xbedf, 0xbedf,
  0xbedf, 0xbedf, 0xbedf, 0xc6ff, 0xc6ff, 0xbedf, 0x9e9f, 0x9e9f, 0xa69f, 0xa6bf, 0xbedf, 0xc6ff,
  0xc71f, 0xc6ff, 0xbeff, 0xb6df, 0xbedf, 0xc71f, 0xbeff, 0xbeff, 0xc71f, 0xd75f, 0xc6ff, 0xbedf,
  0xbedf, 0xc71f, 0xe77f, 0xef9f, 0xef9f, 0xdf7f, 0xc71f, 0xdf7f, 0xe79f, 0xdf5f, 0xdf7f, 0xef9f,
  0xf7bf, 0xffff, 0xf7df, 0xefbf, 0xf7df, 0xffff, 0xf7df, 0xffff, 0xffff, 0xffff, 0xc71f, 0x765f,
  0x765f, 0x765f, 0x96bf, 0x7e5f, 0x763f, 0x763f, 0x763f, 0x763f, 0x763f, 0x763f, 0x763f, 0x763f,
  0x763f, 0x763f, 0x763f, 0x763f, 0x763f, 0x763f, 0x763f, 0x763f, 0x763f, 0x763f, 0x763f, 0x763f,
  0x763f, 0x763f, 0x763f, 0x763f, 0x763f, 0x763f, 0x763f, 0x763f, 0x763f, 0x763f, 0x763f, 0x763f,
  0x763f, 0x763f, 0x763f, 0x763f, 0x763f, 0x763f, 0x7e3f, 0x7e3f, 0x7e5f, 0x7e5f, 0x7e5f, 0x7e5f,
  0x7e5f, 0x7e5f, 0x7e5f, 0x7e5f, 0x7e5f, 0x7e5f, 0x867f, 0x7e7f, 0x867f, 0x867f, 0x867f, 0x867f,
  0x867f, 0x867f, 0x7e7f, 0x7e7f, 0x7e7f, 0x7e5f, 0x7e5f, 0x7e5f, 0x7e5f, 0x7e5f, 0x7e5f, 0x7e5f,
  0x765f, 0x765f, 0x765f, 0x763f, 0x763f, 0x765f, 0x763f, 0x763f, 0x763f, 0x763f, 0x763f, 0x763f,
  0x761f, 0x761f, 0x761f, 0x761f, 0x761f, 0x763f, 0x761f, 0x6e1f, 0x6e1f, 0x6e3f, 0x6e1f, 0x6e1f,
  0x6e1f, 0x6e1f, 0x6e1f, 0x6e1f, 0x6e1f, 0x6e1f, 0x763f, 0x763f, 0x6e3f, 0x6e3f, 0x763f, 0x6e3f,
  0x6e3f, 0x6e3f, 0x6e1f, 0x6e1f, 0x6e1f, 0x6e1f, 0x6e1f, 0x6e3f, 0x6e3f, 0x6e3f, 0x763f, 0x763f,
  0x763f, 0x765f, 0xe79f, 0xffff, 0xffff, 0xffff, 0xffff, 0xffff, 0xb6ff, 0x969f, 0xa6bf, 0x763f,
  0x763f, 0x6e3f, 0x6e3f, 0x6e3f, 0x6e3f, 0x6e3f, 0x7e5f, 0x765f, 0xcf3f, 0xd75f, 0x9ebf, 0x9ebf,
  0x865f, 0xaedf, 0xbeff, 0xbedf, 0xa6bf, 0xc6ff, 0xcf1f, 0x9e9f, 0xaedf, 0x9e9f, 0x763f, 0x7e3f,
  0x763f, 0x763f, 0x6e3f, 0x6e1f, 0x6e1f, 0x6e1f, 0x6e1f, 0x6e3f, 0x763f, 0x763f, 0x763f, 0x763f,
  0x763f, 0x763f, 0x9e9e, 0xcf3f, 0xc71f, 0xe79f, 0xf7bf, 0x969f, 0x8e7f, 0x967e, 0xe79e, 0xffff,
  0x763f, 0x6e3f, 0x763f, 0x763f, 0x763f, 0x8e7f, 0xb6bf, 0xbedf, 0xb6df, 0xb6bf, 0xaebf, 0xbedf,
  0xb6bf, 0xb6bf, 0xbedf, 0xbedf, 0xbedf, 0xbedf, 0xaebf, 0x7e5f, 0x8e5f, 0x967f, 0xbedf, 0xbedf,
  0xbedf, 0xbedf, 0xb6df, 0xb6df, 0xb6df, 0xbedf, 0xbedf, 0xbedf, 0xbeff, 0xc6ff, 0xbeff, 0xb6df,
  0xbedf, 0xbedf, 0xc71f, 0xdf7f, 0xdf5f, 0xc71f, 0xcf3f, 0xefbf, 0xefbf, 0xe79f, 0xd75f, 0xdf7f,
  0xefbf, 0xefbf, 0xdf5f, 0xdf7f, 0xef9f, 0xefbf, 0xe77f, 0xffdf, 0xf7bf, 0xefbf, 0xcf3f, 0x765f,
  0x765f, 0x7e5f, 0xc73f, 0xaedf, 0x763f, 0x763f, 0x763f, 0x763f, 0x763f, 0x763f, 0x763f, 0x763f,
  0x763f, 0x763f, 0x763f, 0x763f, 0x763f, 0x763f, 0x763f, 0x763f, 0x763f, 0x763f, 0x763f, 0x763f,
  0x763f, 0x763f, 0x763f, 0x763f, 0x763f, 0x763f, 0x763f, 0x763f, 0x763f, 0x763f, 0x763f, 0x763f,
  0x763f, 0x763f, 0x763f, 0x763f, 0x763f, 0x7e3f, 0x7e3f, 0x7e3f, 0x7e5f, 0x7e5f, 0x7e5f, 0x7e5f,
  0x7e5f, 0x7e5f, 0x7e5f, 0x7e5f, 0x7e5f, 0x7e5f, 0x7e7f, 0x7e5f, 0x7e7f, 0x7e7f, 0x7e5f, 0x7e5f,
  0x867f, 0x7e7f, 0x7e5f, 0x7e7f, 0x7e5f, 0x7e5f, 0x7e5f, 0x7e5f, 0x7e5f, 0x7e5f, 0x7e5f, 0x7e5f,
  0x765f, 0x765f, 0x765f, 0x765f, 0x765f, 0x763f, 0x763f, 0x763f, 0x763f, 0x763f, 0x763f, 0x761f,
  0x761f, 0x763f, 0x763f, 0x763f, 0x763f, 0x763f, 0x763f, 0x763f, 0x763f, 0x763f, 0x761f, 0x763f,
  0x763f, 0x761f, 0x761f, 0x763f, 0x763f, 0x763f, 0x763f, 0x763f, 0x763f, 0x763f, 0x763f, 0x763f,
  0x763f, 0x6e3f, 0x6e3f, 0x6e1f, 0x6e1f, 0x6e1f, 0x6e1f, 0x6e3f, 0x6e5f, 0x763f, 0x765f, 0x8e9f,
  0xc73f, 0xcf3f, 0xf7df, 0xffff, 0xffff, 0xf7df, 0xffff, 0xefbf, 0xefbf, 0xf7df, 0xffff, 0xc71f,
  0x7e5f, 0x763f, 0x763f, 0x763f, 0x969f, 0xc73f, 0xcf3f, 0xcf5f, 0xe79f, 0xdf5f, 0x9ebf, 0x765f,
  0x765f, 0x763f, 0x765f, 0x765f, 0x765f, 0x867f, 0x969f, 0x7e5f, 0x765f, 0x765f, 0x763f, 0x763f,
  0x763f, 0x763f, 0x6e3f, 0x6e1f, 0x7e3f, 0x763f, 0x6e3f, 0x763f, 0x763f, 0x763f, 0x763f, 0xaedf,
  0xb6ff, 0x7e5f, 0xdf7f, 0xf7bf, 0xef9f, 0xe77f, 0xefbf, 0xc71f, 0xdf7f, 0xef9f, 0xefbf, 0xef9f,
  0x763f, 0x763f, 0x763f, 0x763f, 0x763f, 0x763f, 0x8e7f, 0x967f, 0x967f, 0x865f, 0x763f, 0x9e9f,
  0x865f, 0x7e5f, 0x9e9f, 0x9e9f, 0x9e9f, 0x9e9f, 0xb6df, 0x8e7f, 0x7e3f, 0x967f, 0xbedf, 0xbedf,
  0xbedf, 0xbedf, 0xb6df, 0xbedf, 0xb6df, 0xbedf, 0xbedf, 0xbedf, 0xbedf, 0xbedf, 0xc6ff, 0xc6ff,
  0xc6ff, 0xc6ff, 0xc6ff, 0xc6ff, 0xbeff, 0xbedf, 0xbeff, 0xd75f, 0xf7df, 0xefbf, 0xd75f, 0xcf3f,
  0xdf7f, 0xd75f, 0xc71f, 0xd73f, 0xdf7f, 0xdf7f, 0xdf5f, 0xef9f, 0xefbf, 0xcf3f, 0x7e3f, 0x7e5f,
  0x7e5f, 0x7e5f, 0x763f, 0x763f, 0x763f, 0x8e7f, 0x765f, 0x765f, 0x763f, 0x763f, 0x763f, 0x763f,
  0x765f, 0x763f, 0x763f, 0x763f, 0x763f, 0x763f, 0x763f, 0x763f, 0x763f, 0x763f, 0x763f, 0x763f,
  0x763f, 0x763f, 0x763f, 0x763f, 0x763f, 0x763f, 0x763f, 0x763f, 0x763f, 0x763f, 0x763f, 0x763f,
  0x763f, 0x763f, 0x763f, 0x763f, 0x763f, 0x7e3f, 0x763f, 0x7e3f, 0x7e5f, 0x7e5f, 0x7e5f, 0x7e5f,
  0x7e5f, 0x7e5f, 0x7e5f, 0x7e5f, 0x7e5f, 0x7e5f, 0x7e5f, 0x7e5f, 0x7e5f, 0x7e5f, 0x7e5f, 0x7e5f,
  0x867f, 0x7e7f, 0x7e7f, 0x7e5f, 0x7e5f, 0x7e5f, 0x7e5f, 0x7e5f, 0x7e5f, 0x7e5f, 0x7e5f, 0x7e5f,
  0x7e5f, 0x7e5f, 0x7e5f, 0x7e3f, 0x763f, 0x763f, 0x763f, 0x763f, 0x763f, 0x763f, 0x763f, 0x763f,
  0x763f, 0x763f, 0x763f, 0x763f, 0x763f, 0x763f, 0x763f, 0x763f, 0x763f, 0x763f, 0x763f, 0x763f,
  0x763f, 0x763f, 0x763f, 0x763f, 0x763f, 0x763f, 0x763f, 0x763f, 0x763f, 0x763f, 0x763f, 0x763f,
  0x763f, 0x763f, 0x763f, 0x763f, 0x763f, 0x763f, 0x763f, 0x763f, 0x765f, 0x765f, 0x765f, 0xd77f,
  0xffff, 0xffff, 0xffff, 0xf7df, 0xef9f, 0xef9f, 0xefbf, 0xf7bf, 0xf7bf, 0xf7df, 0xf7df, 0xd75f,
  0x9e9f, 0x763f, 0x765f, 0x765f, 0x969f, 0x969f, 0x969f, 0x9e9f, 0x8e7f, 0x7e5f, 0x765f, 0x765f,
  0x765f, 0x765f, 0x765f, 0x765f, 0x763f, 0x763f, 0x763f, 0x765f, 0x765f, 0x763f, 0xa6bf, 0xbf1f,
  0x763f, 0x763f, 0x6e3f, 0x765f, 0xb6ff, 0x763f, 0x6e3f, 0x763f, 0x765f, 0x7e5f, 0xb6ff, 0xffff,
  0xffff, 0xefdf, 0xdf5f, 0xdf5f, 0xdf5f, 0xef9f, 0xf7df, 0xef9f, 0xd73f, 0xbedf, 0xdf7f, 0xdf5f,
  0x763f, 0x763f, 0x763f, 0x763f, 0x763f, 0x763f, 0x763f, 0x763f, 0x763f, 0x763f, 0x763f, 0x763f,
  0x763f, 0x763f, 0x763f, 0x763f, 0x763f, 0x6e3f, 0x763f, 0x763f, 0x763f, 0x9e9f, 0xaebf, 0xbedf,
  0xbedf, 0xb6df, 0xae9f, 0xbedf, 0xb6bf, 0xbedf, 0xbedf, 0xbedf, 0xbedf, 0xbedf, 0xbedf, 0xbedf,
  0xbedf, 0xbedf, 0xc71f, 0xbedf, 0xbeff, 0xc6ff, 0xc6ff, 0xbeff, 0xcf3f, 0xd75f, 0xbf1f, 0xb6df,
  0xbeff, 0xc71f, 0xcf3f, 0xcf3f, 0xcf1f, 0xd75f, 0xd75f, 0xcf3f, 0xd75f, 0x9e9f, 0x867f, 0x9ebf,
  0xaedf, 0x9ebf, 0x9ebf, 0x9e9f, 0x765f, 0x8e9f, 0x765f, 0x765f, 0x765f, 0x765f, 0x765f, 0x765f,
  0x765f, 0x765f, 0x765f, 0x765f, 0x763f, 0x763f, 0x763f, 0x763f, 0x763f, 0x763f, 0x765f, 0x763f,
  0x763f, 0x763f, 0x763f, 0x763f, 0x765f, 0x763f, 0x763f, 0x763f, 0x763f, 0x763f, 0x7e3f, 0x7e3f,
  0x7e3f, 0x763f, 0x763f, 0x763f, 0x763f, 0x763f, 0x7e3f, 0x7e5f, 0x7e5f, 0x7e5f, 0x7e5f, 0x7e5f,
  0x7e5f, 0x7e5f, 0x7e5f, 0x7e5f, 0x7e5f, 0x7e5f, 0x7e5f, 0x7e5f, 0x7e5f, 0x7e5f, 0x7e5f, 0x7e5f,
  0x7e7f, 0x7e5f, 0x7e5f, 0x7e5f, 0x7e5f, 0x7e5f, 0x7e5f, 0x7e5f, 0x7e5f, 0x7e5f, 0x7e5f, 0x7e5f,
  0x7e5f, 0x7e5f, 0x7e5f, 0x7e3f, 0x763f, 0x763f, 0x763f, 0x763f, 0x763f, 0x763f, 0x763f, 0x763f,
  0x763f, 0x763f, 0x763f, 0x763f, 0x763f, 0x763f, 0x763f, 0x763f, 0x763f, 0x763f, 0x763f, 0x763f,
  0x763f, 0x763f, 0x763f, 0x763f, 0x763f, 0x763f, 0x763f, 0x763f, 0x763f, 0x763f, 0x763f, 0x763f,
  0x763f, 0x763f, 0x763f, 0x763f, 0xa6df, 0xbf1f, 0xb6ff, 0x7e5f, 0x765f, 0x7e7f, 0x8e9f, 0xd77f,
  0xffff, 0xffff, 0xffff, 0xf7bf, 0xf7bf, 0xef9f, 0xefbf, 0xefbf, 0xef9f, 0xf7bf, 0xdf7f, 0xcf1f,
  0x967f, 0x763f, 0x763f, 0x765f, 0x763f, 0x763f, 0x765f, 0x765f, 0x765f, 0x765f, 0x765f, 0x765f,
  0x765f, 0x765f, 0x765f, 0x7e5f, 0x765f, 0x763f, 0x763f, 0x763f, 0x763f, 0x763f, 0x865f, 0x8e7f,
  0x763f, 0x763f, 0x6e3f, 0x6e3f, 0x6e3f, 0x763f, 0x969f, 0xbf1e, 0xe79f, 0xe79f, 0xf7df, 0xf7df,
  0xefbf, 0xd73f, 0xcf1f, 0xd73f, 0xe77f, 0xef9f, 0xd73f, 0xc6ff, 0xbedf, 0xbedf, 0xbedf, 0xbeff,
  0x763f, 0x763f, 0x763f, 0x763f, 0x763f, 0x763f, 0x765f, 0x763f, 0x763f, 0x765f, 0x763f, 0x763f,
  0x763f, 0x763f, 0x763f, 0x763f, 0x763f, 0x763f, 0x763f, 0x765f, 0x7e5f, 0x9e9f, 0x8e7f, 0x7e7f,
  0x8e7f, 0xbeff, 0xb6df, 0x9e9f, 0x7e5f, 0x967f, 0xa69f, 0xbedf, 0xbedf, 0xbedf, 0xbedf, 0xbedf,
  0xbedf, 0xbedf, 0xbedf, 0xbedf, 0xbedf, 0xbeff, 0xbeff, 0xbeff, 0xc71f, 0xaedf, 0x969f, 0x967f,
  0x865f, 0x9ebf, 0x9ebf, 0xaedf, 0x967f, 0x865f, 0xb6ff, 0x865f, 0x7e5f, 0xaedf, 0x9ebf, 0x9ebf,
  0xbf1f, 0xe79f, 0xf7ff, 0xf7df, 0xbeff, 0x969f, 0x7e5f, 0x765f, 0x765f, 0x7e5f, 0x7e5f, 0x7e5f,
  0x7e7f, 0x7e7f, 0x7e5f, 0x7e5f, 0x7e5f, 0x765f, 0x765f, 0x763f, 0x763f, 0x7e5f, 0x7e5f, 0x7e5f,
  0x7e5f, 0x7e5f, 0x763f, 0x765f, 0x7e5f, 0x763f, 0x763f, 0x763f, 0x763f, 0x7e3f, 0x7e3f, 0x7e5f,
  0x7e3f, 0x7e3f, 0x7e3f, 0x7e3f, 0x7e5f, 0x7e5f, 0x7e5f, 0x7e5f, 0x7e5f, 0x7e5f, 0x7e5f, 0x7e5f,
  0x7e5f, 0x7e5f, 0x7e5f, 0x7e5f, 0x7e5f, 0x7e5f, 0x7e7f, 0x7e5f, 0x7e7f, 0x7e7f, 0x7e5f, 0x7e5f,
  0x867f, 0x7e5f, 0x7e5f, 0x7e5f, 0x7e5f, 0x7e5f, 0x7e5f, 0x7e5f, 0x7e5f, 0x7e5f, 0x7e5f, 0x7e5f,
  0x7e5f, 0x7e5f, 0x7e5f, 0x7e3f, 0x7e5f, 0x765f, 0x763f, 0x763f, 0x763f, 0x763f, 0x765f, 0x763f,
  0x763f, 0x763f, 0x763f, 0x763f, 0x763f, 0x763f, 0x763f, 0x763f, 0x763f, 0x763f, 0x763f, 0x763f,
  0x765f, 0x763f, 0x763f, 0x763f, 0x763f, 0x763f, 0x763f, 0x765f, 0x765f, 0x765f, 0x765f, 0x763f,
  0x763f, 0x765f, 0x765f, 0xbf1f, 0xf7df, 0xffff, 0xffff, 0xdf9f, 0x9ebf, 0xe79f, 0xe77e, 0xf7df,
  0xf7df, 0xefbf, 0xffff, 0xefbf, 0xefbf, 0xef9f, 0xefbf, 0xefbf, 0xef9f, 0xe77f, 0xcf1f, 0xbeff,
  0x863f, 0x763f, 0x7e3f, 0x9ebf, 0x867f, 0x765f, 0x7e5f, 0x7e5f, 0x7e5f, 0x7e5f, 0x765f, 0x765f,
  0x765f, 0x765f, 0x7e5f, 0x7e5f, 0x765f, 0x765f, 0x763f, 0x763f, 0x763f, 0x6e3f, 0x6e3f, 0x6e3f,
  0x6e3f, 0x763f, 0x763f, 0x6e3f, 0x7e3f, 0xc71f, 0xf7df, 0xf7df, 0xf7df, 0xffff, 0xefbf, 0xdf7f,
  0xdf5f, 0xdf5f, 0xcf1f, 0xc6ff, 0xc6ff, 0xc6ff, 0xc6ff, 0xbedf, 0xbedf, 0xbedf, 0xbedf, 0xbeff,
  0x9e9f, 0x969f, 0xaebf, 0x7e3f, 0x763f, 0x763f, 0x7e5f, 0x7e5f, 0x765f, 0x765f, 0x765f, 0x763f,
  0x763f, 0x765f, 0x7e5f, 0x765f, 0x763f, 0x763f, 0x765f, 0x7e5f, 0x765f, 0x7e5f, 0x765f, 0x7e5f,
  0x7e5f, 0x765f, 0x7e5f, 0x765f, 0x765f, 0x7e5f, 0x7e5f, 0x865f, 0xae9f, 0xb6df, 0xbedf, 0xbedf,
  0xbedf, 0xbedf, 0xbeff, 0xc6ff, 0xaebf, 0xaebf, 0x9e9f, 0x969f, 0xc71f, 0xb6ff, 0xdf7f, 0xf7df,
  0xefbf, 0xcf3f, 0x8e5f, 0x763f, 0x763f, 0x7e3f, 0x763f, 0x7e3f, 0x7e5f, 0x7e5f, 0x7e5f, 0x7e5f,
  0x7e5f, 0x9ebf, 0xaedf, 0xb6ff, 0xbeff, 0xaedf, 0x867f, 0x765f, 0x7e5f, 0x7e5f, 0x7e5f, 0xb6ff,
  0xe79f, 0xbf1f, 0x8e9f, 0x7e7f, 0x7e5f, 0x7e5f, 0x7e5f, 0x765f, 0x765f, 0x7e5f, 0x7e5f, 0x7e5f,
  0x7e5f, 0x7e5f, 0x7e5f, 0x7e5f, 0x7e5f, 0x7e5f, 0x7e5f, 0x7e5f, 0x7e5f, 0x7e5f, 0x7e5f, 0x7e5f,
  0x7e5f, 0x7e5f, 0x7e5f, 0x7e5f, 0x7e5f, 0x7e5f, 0x7e5f, 0x7e5f, 0x7e5f, 0x7e5f, 0x7e5f, 0x7e5f,
  0x7e5f, 0x7e5f, 0x7e5f, 0x7e5f, 0x7e5f, 0x7e5f, 0x7e5f, 0x7e5f, 0x7e7f, 0x7e7f, 0x7e5f, 0x7e5f,
  0x867f, 0x7e7f, 0x7e5f, 0x7e5f, 0x7e5f, 0x7e5f, 0x7e5f, 0x7e5f, 0x7e5f, 0x7e5f, 0x7e5f, 0x7e5f,
  0x7e5f, 0x7e5f, 0x7e5f, 0x7e5f, 0x7e5f, 0x763f, 0x763f, 0x763f, 0x7e5f, 0x763f, 0x7e5f, 0x763f,
  0x765f, 0x7e5f, 0x7e5f, 0x765f, 0x765f, 0x765f, 0x763f, 0x763f, 0x763f, 0x763f, 0x763f, 0x763f,
  0x765f, 0x765f, 0x765f, 0x765f, 0x763f, 0x763f, 0x765f, 0x765f, 0x765f, 0x765f, 0x765f, 0x765f,
  0x765f, 0x765f, 0xb6ff, 0xffff, 0xffff, 0xf7df, 0xf7df, 0xffff, 0xffff, 0xffff, 0xffff, 0xe79f,
  0xdf7f, 0xd75f, 0xd75f, 0xef9f, 0xe79f, 0xdf7f, 0xef9f, 0xefbf, 0xef9f, 0xd75f, 0xc6ff, 0xbeff,
  0xbeff, 0xd75f, 0xefbf, 0xffff, 0xefbf, 0xd75f, 0xa6bf, 0x867f, 0x7e7f, 0x7e7f, 0xaedf, 0x7e5f,
  0x7e5f, 0x7e5f, 0x7e5f, 0x7e5f, 0x765f, 0x765f, 0x763f, 0x763f, 0x763f, 0x761f, 0xaedf, 0xb6ff,
  0x7e3f, 0x763f, 0x9e9f, 0x8e5f, 0x9e9f, 0xb6df, 0xbeff, 0xbeff, 0xb6ff, 0xc71f, 0xbeff, 0xbeff,
  0xaebf, 0xa6bf, 0xaebf, 0xb6df, 0xbedf, 0xbedf, 0xbedf, 0xbedf, 0xaebf, 0x9e7f, 0x9e9f, 0x967f,
  0x7e3f, 0x865f, 0x967f, 0x865f, 0x765f, 0xaedf, 0xc71e, 0x9e9f, 0x765f, 0x765f, 0x765f, 0x763f,
  0x763f, 0x969f, 0xdf7f, 0xbeff, 0x7e5f, 0x7e5f, 0x765f, 0x7e5f, 0x7e5f, 0x7e3f, 0x7e5f, 0x7e5f,
  0x7e5f, 0x765f, 0x765f, 0x7e5f, 0x7e5f, 0x7e5f, 0x7e5f, 0x7e5f, 0x7e5f, 0x865f, 0x9e9f, 0x9e9f,
  0x9e9f, 0x7e3f, 0x967f, 0xa6bf, 0x865f, 0x763f, 0x763f, 0xa6df, 0xbeff, 0xc71f, 0xd73f, 0xd73f,
  0xefbf, 0xf7df, 0xefbf, 0x7e3f, 0x763f, 0x7e3f, 0x7e3f, 0x7e5f, 0x7e5f, 0x7e5f, 0x7e5f, 0x7e5f,
  0x7e5f, 0x7e5f, 0x7e7f, 0x7e7f, 0x7e7f, 0x7e7f, 0x765f, 0x765f, 0x7e5f, 0x7e7f, 0xcf3e, 0xffff,
  0xffff, 0xffff, 0xf7df, 0x969f, 0x7e7f, 0x7e5f, 0x7e5f, 0x7e5f, 0x7e5f, 0x7e5f, 0x7e5f, 0x7e5f,
  0x7e5f, 0x7e5f, 0x7e5f, 0x7e5f, 0x7e5f, 0x7e5f, 0x7e5f, 0x7e5f, 0x7e5f, 0x7e5f, 0x7e5f, 0x7e5f,
  0x7e5f, 0x7e5f, 0x7e5f, 0x7e5f, 0x7e5f, 0x7e5f, 0x7e5f, 0x7e5f, 0x7e5f, 0x7e5f, 0x7e5f, 0x7e5f,
  0x7e5f, 0x7e5f, 0x7e5f, 0x7e5f, 0x7e5f, 0x7e5f, 0x7e5f, 0x7e5f, 0x7e5f, 0x7e5f, 0x7e5f, 0x865f,
  0x867f, 0x7e7f, 0x7e5f, 0x7e5f, 0x7e5f, 0x7e5f, 0x7e5f, 0x7e5f, 0x7e5f, 0x7e5f, 0x7e5f, 0x7e5f,
  0x7e5f, 0x7e5f, 0x7e5f, 0x7e5f, 0x7e5f, 0x7e3f, 0x7e3f, 0x7e3f, 0x7e5f, 0x7e5f, 0x7e5f, 0x7e5f,
  0x7e5f, 0x7e5f, 0x7e5f, 0x7e5f, 0x7e5f, 0x763f, 0x763f, 0x763f, 0x763f, 0x763f, 0x763f, 0x763f,
  0x765f, 0x7e5f, 0x7e5f, 0x7e5f, 0x969f, 0x9e9f, 0x9ebf, 0x9ebf, 0x8e7f, 0x765f, 0x7e5f, 0x765f,
  0x765f, 0x867f, 0xefbf, 0xffff, 0xf7bf, 0xe79f, 0xefbf, 0xef9f, 0xffdf, 0xffdf, 0xefbf, 0xef9f,
  0xffdf, 0xe79f, 0xd75f, 0xcf3f, 0xc71f, 0xc71f, 0xdf7f, 0xe77f, 0xcf3f, 0xc6ff, 0xbeff, 0xd75f,
  0xefbf, 0xf7bf, 0xffff, 0xe77f, 0xef9f, 0xdf5f, 0xbeff, 0x9ebf, 0xaeff, 0xe7bf, 0xf7df, 0xdf7f,
  0xbf1f, 0x969f, 0x7e5f, 0x7e5f, 0x7e5f, 0x765f, 0x765f, 0x7e5f, 0x763f, 0x763f, 0x7e3f, 0x7e3f,
  0x763f, 0x763f, 0x763f, 0x763f, 0x763f, 0x7e5f, 0x7e5f, 0x7e5f, 0x7e5f, 0x7e5f, 0x7e5f, 0x7e5f,
  0x7e5f, 0x7e5f, 0x7e5f, 0x7e5f, 0x7e5f, 0x7e5f, 0x763f, 0x763f, 0x763f, 0x763f, 0x763f, 0x763f,
  0x763f, 0x763f, 0x763f, 0x763f, 0x763f, 0x763f, 0x763f, 0x763f, 0x765f, 0x765f, 0x765f, 0x7e5f,
  0x7e5f, 0x867f, 0x9ebf, 0xaedf, 0xb6ff, 0xb6df, 0x7e5f, 0x7e5f, 0x7e5f, 0x7e5f, 0xa6bf, 0x7e5f,
  0x7e5f, 0x765f, 0x765f, 0x7e5f, 0x7e5f, 0x7e5f, 0x7e5f, 0x7e5f, 0x7e5f, 0x7e5f, 0x7e5f, 0x765f,
  0x7e5f, 0x7e5f, 0x763f, 0x763f, 0x763f, 0x763f, 0x763f, 0x763f, 0x867f, 0xa6bf, 0xb6df, 0xc6ff,
  0xd73f, 0xe77f, 0xefbf, 0xdf7f, 0xaede, 0x7e3f, 0x7e5f, 0xa6bf, 0xcf3f, 0x9ebf, 0x7e5f, 0x7e5f,
  0x7e5f, 0x7e5f, 0x7e5f, 0x7e5f, 0x7e5f, 0x765f, 0x765f, 0x765f, 0x9ebf, 0xb6ff, 0xdf7f, 0xf7df,
  0xe77f, 0xf7df, 0xf7df, 0xd77f, 0x865f, 0x9e9e, 0xd75f, 0xd75f, 0x865f, 0x7e5f, 0x7e5f, 0x7e5f,
  0x7e5f, 0x7e5f, 0x7e5f, 0x7e5f, 0x7e5f, 0x7e5f, 0x7e5f, 0x7e5f, 0x7e5f, 0x7e5f, 0x7e5f, 0x7e5f,
  0x7e5f, 0x7e5f, 0x7e5f, 0x7e5f, 0x7e5f, 0x7e5f, 0x7e5f, 0x7e5f, 0x7e5f, 0x7e5f, 0x7e5f, 0x7e5f,
  0x7e5f, 0x7e5f, 0x7e5f, 0x7e5f, 0x7e5f, 0x7e5f, 0x7e7f, 0x7e5f, 0x7e7f, 0x867f, 0x7e7f, 0x867f,
  0x867f, 0x7e7f, 0x7e5f, 0x7e5f, 0x7e5f, 0x7e5f, 0x7e5f, 0x7e5f, 0x7e5f, 0x7e5f, 0x7e5f, 0x7e5f,
  0x7e5f, 0x7e5f, 0x7e5f, 0x7e5f, 0x7e5f, 0x7e5f, 0x7e5f, 0x7e5f, 0x7e5f, 0x7e5f, 0x7e5f, 0x7e5f,
  0x7e5f, 0x7e5f, 0x7e5f, 0x7e5f, 0x7e5f, 0x7e3f, 0x763f, 0x763f, 0x7e5f, 0x7e5f, 0x763f, 0x765f,
  0x7e5f, 0x7e5f, 0x7e5f, 0xb6fe, 0xffff, 0xffff, 0xffff, 0xffff, 0xefbf, 0x9e9f, 0x867f, 0x7e5f,
  0x7e5f, 0xa6bf, 0xef9f, 0xf7bf, 0xf7bf, 0xe77f, 0xefbf, 0xe77f, 0xdf7f, 0xef9f, 0xe77f, 0xe77f,
  0xe79f, 0xdf7f, 0xb6ff, 0xaeff, 0xbeff, 0xc71f, 0xc71f, 0xc6ff, 0xc6ff, 0xbeff, 0xbeff, 0xdf5f,
  0xd73f, 0xdf5f, 0xe77f, 0xcf3f, 0xbedf, 0xa69f, 0x865f, 0x8e7f, 0xaebf, 0xbeff, 0xa6bf, 0x8e7f,
  0x7e5f, 0x7e5f, 0x7e5f, 0x7e5f, 0x7e5f, 0x765f, 0x763f, 0x765f, 0x8e7f, 0xc71f, 0xb6df, 0x9e9f,
  0x7e5f, 0x7e5f, 0x763f, 0x763f, 0x763f, 0x765f, 0x7e5f, 0x765f, 0x765f, 0x765f, 0x7e5f, 0x7e5f,
  0x7e5f, 0x7e5f, 0x765f, 0x765f, 0x765f, 0x765f, 0x763f, 0x763f, 0x763f, 0x765f, 0x765f, 0x763f,
  0x763f, 0x763f, 0x763f, 0x765f, 0x763f, 0x7e5f, 0x7e3f, 0x765f, 0x765f, 0x765f, 0x765f, 0x7e5f,
  0x7e5f, 0x7e5f, 0x7e5f, 0x7e5f, 0x7e7f, 0x865f, 0x7e5f, 0x7e5f, 0x7e5f, 0x7e5f, 0x867f, 0x7e5f,
  0x9ebf, 0xaedf, 0x8e7f, 0x7e5f, 0x7e5f, 0x7e5f, 0x7e5f, 0x7e5f, 0x7e5f, 0x7e5f, 0x7e5f, 0x7e5f,
  0x7e5f, 0x7e5f, 0x7e5f, 0x765f, 0x969f, 0x867f, 0x969f, 0xa6bf, 0x867f, 0x7e5f, 0x867f, 0x969f,
  0xa6bf, 0xaedf, 0xaedf, 0xaedf, 0x969f, 0xbeff, 0x865f, 0x867f, 0xb71f, 0xc73f, 0x8e9f, 0x9ebf,
  0x9e9f, 0x7e5f, 0x7e5f, 0x7e5f, 0x7e5f, 0x867f, 0xc73f, 0xdf7f, 0xefbf, 0xefbf, 0xe77f, 0xef9f,
  0xdf7f, 0xe77f, 0xf7df, 0xf7bf, 0xe79f, 0xf7df, 0xffff, 0xffff, 0xd75f, 0x867f, 0x7e7f, 0x7e5f,
  0x7e5f, 0x7e5f, 0x7e5f, 0x7e5f, 0x7e5f, 0x7e5f, 0x7e5f, 0x7e5f, 0x7e5f, 0x7e5f, 0x7e5f, 0x7e5f,
  0x7e5f, 0x7e5f, 0x7e5f, 0x7e5f, 0x7e5f, 0x7e5f, 0x7e5f, 0x7e5f, 0x7e5f, 0x7e5f, 0x7e5f, 0x7e5f,
  0x7e5f, 0x7e5f, 0x865f, 0x7e5f, 0x7e7f, 0x7e7f, 0x7e7f, 0x7e7f, 0x7e7f, 0x867f, 0x7e7f, 0x867f,
  0x7e7f, 0x7e7f, 0x7e7f, 0x7e7f, 0x7e5f, 0x7e5f, 0x7e5f, 0x7e5f, 0x7e5f, 0x7e5f, 0x7e5f, 0x7e5f,
  0x7e5f, 0x7e5f, 0x7e5f, 0x7e5f, 0x7e5f, 0x7e5f, 0x7e5f, 0x7e5f, 0x7e5f, 0x7e5f, 0x7e5f, 0x7e5f,
  0x7e5f, 0x7e5f, 0x7e5f, 0x7e5f, 0x7e5f, 0x7e5f, 0x7e5f, 0x765f, 0x7e5f, 0x7e5f, 0x765f, 0x7e5f,
  0x7e5f, 0x7e5f, 0x9ebf, 0xf7df, 0xffff, 0xffff, 0xf7bf, 0xf7bf, 0xf7df, 0xf7df, 0xf7df, 0xdf7f,
  0xaedf, 0x763f, 0xaebf, 0xdf3f, 0xdf5f, 0xe77f, 0xd75f, 0xd75f, 0xbeff, 0xcf3f, 0xe77f, 0xe77f,
  0xcf3f, 0xc71f, 0xbeff, 0xb6df, 0xb6df, 0xb6df, 0x9e9f, 0x9e9f, 0x9ebf, 0x969f, 0xb6df, 0xaedf,
  0xbeff, 0xc6ff, 0xc6ff, 0x8e9f, 0x867f, 0x7e5f, 0x7e5f, 0x7e5f, 0x7e5f, 0x7e5f, 0x7e5f, 0x7e5f,
  0x7e5f, 0x7e5f, 0x765f, 0x7e5f, 0x7e5f, 0x765f, 0x765f, 0x7e5f, 0x7e5f, 0x8e7f, 0x8e7f, 0x867f,
  0x7e5f, 0x7e5f, 0x7e5f, 0x7e5f, 0x765f, 0x7e5f, 0x7e5f, 0x7e5f, 0x7e5f, 0x7e5f, 0x7e5f, 0x7e5f,
  0x7e5f, 0x7e5f, 0x7e5f, 0x7e5f, 0x7e5f, 0x765f, 0x763f, 0x763f, 0x765f, 0x765f, 0x765f, 0x7e5f,
  0x763f, 0x765f, 0x7e5f, 0x7e5f, 0x7e5f, 0x7e5f, 0x7e5f, 0x7e5f, 0x7e5f, 0x7e5f, 0x7e5f, 0x7e5f,
  0x7e5f, 0x7e5f, 0x7e5f, 0x7e5f, 0x7e5f, 0x7e5f, 0x7e5f, 0x7e5f, 0x7e5f, 0x7e5f, 0x7e5f, 0x7e5f,
  0x867f, 0x969f, 0x867f, 0x7e5f, 0x7e5f, 0x7e5f, 0x7e5f, 0x7e5f, 0x7e5f, 0x7e5f, 0x7e5f, 0x7e5f,
  0x7e5f, 0x7e5f, 0x7e5f, 0x7e5f, 0x865f, 0x7e5f, 0x8e7f, 0x867f, 0x865f, 0x7e5f, 0x867f, 0x867f,
  0x867f, 0x867f, 0x7e7f, 0x7e5f, 0x7e5f, 0x969f, 0x867f, 0x7e5f, 0x7e5f, 0x7e5f, 0x7e5f, 0x7e5f,
  0x7e5f, 0x9ebf, 0xc71f, 0xaedf, 0xa6bf, 0xd75f, 0xcf3f, 0xd73f, 0xe77f, 0xdf5f, 0xbedf, 0xd75f,
  0xd73f, 0xc71f, 0xdf5f, 0xefbf, 0xe77f, 0xe77f, 0xe79f, 0xf7df, 0xf7df, 0xa6df, 0x7e7f, 0x7e7f,
  0x7e7f, 0x7e7f, 0x7e5f, 0x7e7f, 0x7e7f, 0x7e5f, 0x7e5f, 0x7e5f, 0x7e5f, 0x7e5f, 0x7e5f, 0x7e5f,
  0x7e5f, 0x7e5f, 0x7e5f, 0x7e5f, 0x7e5f, 0x7e5f, 0x7e5f, 0x7e5f, 0x7e5f, 0x7e5f, 0x7e5f, 0x7e5f,
  0x7e5f, 0x7e5f, 0x867f, 0x867f, 0x867f, 0x867f, 0x867f, 0x7e5f, 0x867f, 0x867f, 0x867f, 0x867f,
  0x867f, 0x7e5f, 0x7e5f, 0x867f, 0x867f, 0x7e7f, 0x7e5f, 0x7e5f, 0x7e5f, 0x7e5f, 0x7e5f, 0x7e5f,
  0x7e5f, 0x7e5f, 0x7e5f, 0x7e5f, 0x7e5f, 0x7e5f, 0x7e5f, 0x7e5f, 0x7e5f, 0x7e5f, 0x7e5f, 0x7e5f,
  0x7e5f, 0x7e5f, 0x7e5f, 0x7e5f, 0x7e5f, 0x7e5f, 0x7e5f, 0x765f, 0x7e5f, 0x8e7f, 0x8e9f, 0x8e7f,
  0x7e5f, 0x7e5f, 0xdf7f, 0xf7bf, 0xefbf, 0xef9f, 0xdf5f, 0xe77f, 0xdf7f, 0xe79f, 0xd75f, 0xcf3f,
  0xa6df, 0x7e5f, 0x867f, 0xa6bf, 0xaedf, 0xbeff, 0xc71f, 0xc71f, 0xbeff, 0xc71f, 0xcf1f, 0xcf1f,
  0xcf1f, 0xb6ff, 0xc71f, 0xbeff, 0xc73f, 0x969f, 0xc71f, 0xcf3f, 0xb6ff, 0x967f, 0x7e5f, 0x7e5f,
  0x865f, 0x865f, 0x865f, 0x7e5f, 0x7e5f, 0x7e5f, 0x7e5f, 0x7e5f, 0x7e5f, 0x7e5f, 0x7e5f, 0x7e5f,
  0x7e5f, 0x7e5f, 0x7e5f, 0x7e5f, 0x7e5f, 0x7e5f, 0x7e5f, 0x7e5f, 0x7e5f, 0x7e5f, 0x7e5f, 0x7e5f,
  0x7e5f, 0x7e5f, 0x7e5f, 0x7e5f, 0x7e5f, 0x7e5f, 0x7e5f, 0x7e5f, 0x7e5f, 0x7e5f, 0x7e5f, 0x7e5f,
  0x7e5f, 0x7e5f, 0x7e5f, 0x7e5f, 0x7e5f, 0x765f, 0x763f, 0x763f, 0x7e5f, 0x7e5f, 0x7e5f, 0x7e5f,
  0x7e5f, 0x7e5f, 0x7e5f, 0x7e5f, 0x7e5f, 0x7e5f, 0x7e5f, 0x7e5f, 0x7e5f, 0x7e5f, 0x7e5f, 0x7e5f,
  0x7e5f, 0x7e5f, 0x7e5f, 0x7e5f, 0x7e5f, 0x7e5f, 0x7e5f, 0x7e5f, 0x7e5f, 0x7e5f, 0x7e5f, 0x7e5f,
  0x7e5f, 0x7e5f, 0x7e5f, 0x7e5f, 0x7e5f, 0x7e5f, 0x7e5f, 0x7e5f, 0x7e5f, 0x7e5f, 0x7e5f, 0x7e5f,
  0x7e5f, 0x7e5f, 0x7e5f, 0x7e5f, 0x7e5f, 0x7e5f, 0x7e5f, 0x865f, 0x865f, 0x867f, 0x867f, 0x867f,
  0x7e7f, 0x7e7f, 0x7e7f, 0x7e7f, 0x7e7f, 0x867f, 0x867f, 0x7e5f, 0x7e5f, 0x7e5f, 0x7e5f, 0x7e5f,
  0x7e7f, 0x867f, 0x969f, 0x865f, 0x7e5f, 0x969f, 0x8e9f, 0x8e7f, 0xaedf, 0xcf3f, 0xb6df, 0xb6df,
  0xaedf, 0xbeff, 0xc71f, 0xd73f, 0xc6ff, 0xc71f, 0xc71f, 0xd75f, 0xbf1f, 0x96bf, 0xb6ff, 0xdf9f,
  0xb6ff, 0x96bf, 0xa6df, 0x867f, 0x7e7f, 0x7e7f, 0x7e5f, 0x7e5f, 0x7e5f, 0x7e5f, 0x7e5f, 0x7e5f,
  0x7e5f, 0x7e5f, 0x7e5f, 0x7e5f, 0x7e5f, 0x7e5f, 0x7e5f, 0x7e5f, 0x7e5f, 0x7e5f, 0x867f, 0x867f,
  0x867f, 0x867f, 0x867f, 0x867f, 0x867f, 0x867f, 0x867f, 0x867f, 0x867f, 0x867f, 0x867f, 0x867f,
  0x867f, 0x867f, 0x867f, 0x867f, 0x867f, 0x867f, 0x7e7f, 0x867f, 0x867f, 0x865f, 0x867f, 0x7e5f,
  0x867f, 0x865f, 0x7e5f, 0x7e5f, 0x7e5f, 0x7e5f, 0x7e5f, 0x7e5f, 0x7e5f, 0x7e5f, 0x7e5f, 0x7e7f,
  0x7e7f, 0x7e7f, 0x7e7f, 0x7e7f, 0x7e7f, 0x867f, 0x8e9f, 0x8e7f, 0xa6bf, 0xffff, 0xf7df, 0xe79f,
  0xa6df, 0x7e5f, 0x969f, 0xcf5f, 0xd75f, 0xdf5f, 0xdf7f, 0xbeff, 0xbedf, 0xc6ff, 0xc71f, 0xa6bf,
  0x7e5f, 0x7e7f, 0xa6df, 0xaedf, 0xa6df, 0xcf1f, 0xb6df, 0xaebf, 0x867f, 0x9e9f, 0xc71f, 0xc71f,
  0xa6bf, 0x867f, 0xbeff, 0xcf5f, 0xc73f, 0x7e5f, 0x867f, 0x8e9f, 0x8e7f, 0xaedf, 0xa6bf, 0x7e5f,
  0x7e5f, 0x7e5f, 0x7e5f, 0x7e5f, 0x7e5f, 0x7e7f, 0x7e7f, 0x7e5f, 0x7e5f, 0x7e5f, 0x7e5f, 0x7e5f,
  0x7e5f, 0x7e5f, 0x7e5f, 0x7e5f, 0x7e5f, 0x7e5f, 0x7e5f, 0x7e5f, 0x7e5f, 0x7e5f, 0x7e5f, 0x7e5f,
  0x7e5f, 0x7e5f, 0x7e5f, 0x7e5f, 0x7e5f, 0x7e5f, 0x7e5f, 0x7e5f, 0x7e5f, 0x7e5f, 0x7e5f, 0x7e5f,
  0x7e5f, 0x7e5f, 0x7e5f, 0x7e5f, 0x7e5f, 0x7e5f, 0x7e5f, 0x7e5f, 0x7e5f, 0x7e5f, 0x7e5f, 0x7e5f,
  0x7e5f, 0x7e5f, 0x7e5f, 0x7e5f, 0x7e5f, 0x7e5f, 0x7e5f, 0x7e5f, 0x7e5f, 0x7e5f, 0x7e5f, 0x7e5f,
  0x7e5f, 0x7e5f, 0x7e5f, 0x7e5f, 0x7e5f, 0x7e5f, 0x7e5f, 0x7e5f, 0x7e5f, 0x7e5f, 0x7e5f, 0x7e5f,
  0x7e5f, 0x7e5f, 0x7e5f, 0x7e5f, 0x7e5f, 0x7e5f, 0x7e5f, 0x7e5f, 0x7e5f, 0x7e5f, 0x7e5f, 0x7e5f,
  0x7e5f, 0x7e5f, 0x7e5f, 0x7e5f, 0x7e5f, 0x7e5f, 0x7e5f, 0x867f, 0x865f, 0x867f, 0x867f, 0x867f,
  0x867f, 0x7e7f, 0x7e7f, 0x7e7f, 0x867f, 0x867f, 0x867f, 0x867f, 0x867f, 0x7e7f, 0x867f, 0x867f,
  0x867f, 0x867f, 0x7e5f, 0x7e5f, 0x7e5f, 0x867f, 0x867f, 0x867f, 0x8e9f, 0x969f, 0x9e9f, 0x969f,
  0x869f, 0x969f, 0xaedf, 0xb6df, 0xaebf, 0x969f, 0x9e9f, 0x867f, 0x867f, 0x867f, 0x8e7f, 0x969f,
  0x8e9f, 0x869f, 0x969f, 0x867f, 0x867f, 0x7e7f, 0x7e7f, 0x7e7f, 0x7e7f, 0x7e5f, 0x7e5f, 0x7e5f,
  0x7e5f, 0x867f, 0x7e7f, 0x867f, 0x867f, 0x867f, 0x867f, 0x867f, 0x867f, 0x867f, 0x867f, 0x867f,
  0x867f, 0x867f, 0x867f, 0x867f, 0x867f, 0x867f, 0x867f, 0x867f, 0x867f, 0x867f, 0x867f, 0x867f,
  0x867f, 0x867f, 0x867f, 0x867f, 0x867f, 0x867f, 0x867f, 0x867f, 0x867f, 0x867f, 0x867f, 0x867f,
  0x867f, 0x867f, 0x867f, 0x867f, 0x867f, 0x867f, 0x867f, 0x867f, 0x867f, 0x867f, 0x867f, 0x867f,
  0x7e7f, 0x867f, 0x867f, 0x867f, 0x867f, 0x867f, 0xa6df, 0x9ebf, 0xa6df, 0xcf3f, 0xc71f, 0x9ebf,
  0x867f, 0x96bf, 0xb6ff, 0x867f, 0x9ebf, 0xbf1f, 0xbeff, 0x9ebf, 0xaedf, 0xaedf, 0x8e9f, 0x867f,
  0x867f, 0x867f, 0x867f, 0x867f, 0x867f, 0x969f, 0x867f, 0x7e7f, 0x7e5f, 0x7e5f, 0x7e7f, 0x7e7f,
  0x7e5f, 0x7e7f, 0x7e7f, 0x867f, 0x7e7f, 0x7e7f, 0x7e7f, 0x7e7f, 0x7e7f, 0x7e7f, 0x7e7f, 0x7e5f,
  0x7e5f, 0x7e5f, 0x7e5f, 0x7e5f, 0x7e7f, 0x7e7f, 0x867f, 0x7e7f, 0x7e7f, 0x7e7f, 0x7e5f, 0x7e5f,
  0x7e5f, 0x7e5f, 0x7e5f, 0x7e5f, 0x7e5f, 0x7e5f, 0x7e5f, 0x7e5f, 0x7e5f, 0x7e5f, 0x7e7f, 0x7e5f,
  0x7e5f, 0x7e5f, 0x7e5f, 0x7e5f, 0x7e5f, 0x7e7f, 0x7e7f, 0x7e7f, 0x7e5f, 0x7e7f, 0x7e5f, 0x7e5f,
  0x7e5f, 0x7e5f, 0x7e5f, 0x7e5f, 0x7e5f, 0x7e5f, 0x7e5f, 0x7e5f, 0x7e5f, 0x7e5f, 0x7e5f, 0x7e5f,
  0x7e5f, 0x7e5f, 0x7e5f, 0x7e5f, 0x7e5f, 0x7e5f, 0x7e5f, 0x7e5f, 0x7e5f, 0x7e5f, 0x7e7f, 0x7e7f,
  0x7e5f, 0x7e5f, 0x7e5f, 0x7e5f, 0x7e5f, 0x7e5f, 0x7e5f, 0x7e5f, 0x7e5f, 0x7e5f, 0x7e5f, 0x7e5f,
  0x7e5f, 0x7e5f, 0x7e5f, 0x7e5f, 0x7e5f, 0x7e5f, 0x7e5f, 0x7e5f, 0x7e5f, 0x7e5f, 0x7e5f, 0x7e5f,
  0x7e5f, 0x7e5f, 0x7e5f, 0x7e7f, 0x7e5f, 0x7e5f, 0x7e7f, 0x7e7f, 0x867f, 0x867f, 0x867f, 0x867f,
  0x867f, 0x7e7f, 0x7e7f, 0x7e7f, 0x867f, 0x867f, 0x867f, 0x867f, 0x7e7f, 0x867f, 0x867f, 0x867f,
  0x867f, 0x867f, 0x7e5f, 0x7e5f, 0x865f, 0x867f, 0x867f, 0x867f, 0x867f, 0x867f, 0x867f, 0x867f,
  0x867f, 0x867f, 0x867f, 0x867f, 0x867f, 0x867f, 0x867f, 0x867f, 0x867f, 0x867f, 0x867f, 0x867f,
  0x867f, 0x867f, 0x867f, 0x867f, 0x867f, 0x7e7f, 0x7e7f, 0x7e7f, 0x7e7f, 0x7e5f, 0x7e7f, 0x7e7f,
  0x867f, 0x867f, 0x867f, 0x867f, 0x867f, 0x867f, 0x867f, 0x867f, 0x867f, 0x867f, 0x867f, 0x867f,
  0x867f, 0x867f, 0x867f, 0x867f, 0x867f, 0x867f, 0x867f, 0x867f, 0x867f, 0x867f, 0x867f, 0x867f,
  0x867f, 0x867f, 0x867f, 0x867f, 0x867f, 0x867f, 0x867f, 0x867f, 0x867f, 0x867f, 0x867f, 0x867f,
  0x867f, 0x867f, 0x867f, 0x867f, 0x867f, 0x867f, 0x867f, 0x867f, 0x867f, 0x867f, 0x867f, 0x867f,
  0x867f, 0x867f, 0x867f, 0x867f, 0x867f, 0x867f, 0x867f, 0x867f, 0x867f, 0x869f, 0x867f, 0x7e7f,
  0x7e7f, 0x7e7f, 0x7e7f, 0x867f, 0x867f, 0x7e7f, 0x867f, 0x867f, 0x867f, 0x867f, 0x867f, 0x867f,
  0x867f, 0x867f, 0x867f, 0x867f, 0x867f, 0x865f, 0x7e5f, 0x7e5f, 0x7e7f, 0x7e5f, 0x7e7f, 0x7e7f,
  0x7e5f, 0x7e7f, 0x867f, 0x867f, 0x867f, 0x867f, 0x867f, 0x867f, 0x867f, 0x867f, 0x867f, 0x7e7f,
  0x7e5f, 0x7e5f, 0x7e5f, 0x7e5f, 0x7e5f, 0x7e7f, 0x867f, 0x7e5f, 0x7e5f, 0x7e7f, 0x7e5f, 0x7e5f,
  0x7e5f, 0x7e5f, 0x7e5f, 0x7e5f, 0x7e5f, 0x7e5f, 0x7e5f, 0x7e7f, 0x7e7f, 0x7e5f, 0x7e7f, 0x7e7f,
  0x7e5f, 0x7e7f, 0x7e7f, 0x7e7f, 0x7e7f, 0x7e7f, 0x7e7f, 0x7e7f, 0x7e7f, 0x7e7f, 0x7e5f, 0x7e5f,
  0x7e5f, 0x7e5f, 0x7e5f, 0x7e5f, 0x7e5f, 0x7e5f, 0x7e5f, 0x7e5f, 0x7e5f, 0x7e5f, 0x7e5f, 0x7e5f,
  0x7e5f, 0x7e5f, 0x7e5f, 0x7e7f, 0x7e7f, 0x7e7f, 0x7e5f, 0x7e5f, 0x7e5f, 0x7e5f, 0x7e7f, 0x7e7f,
  0x7e7f, 0x7e5f, 0x7e5f, 0x865f, 0x865f, 0x867f, 0x867f, 0x867f, 0x7e5f, 0x7e5f, 0x7e5f, 0x7e5f,
  0x7e5f, 0x7e5f, 0x7e5f, 0x7e5f, 0x7e5f, 0x7e5f, 0x867f, 0x867f, 0x867f, 0x867f, 0x7e5f, 0x865f,
  0x867f, 0x7e7f, 0x7e7f, 0x867f, 0x7e5f, 0x865f, 0x867f, 0x867f, 0x867f, 0x867f, 0x867f, 0x867f,
  0x867f, 0x867f, 0x867f, 0x867f, 0x867f, 0x867f, 0x867f, 0x867f, 0x867f, 0x867f, 0x867f, 0x867f,
  0x867f, 0x867f, 0x867f, 0x865f, 0x867f, 0x867f, 0x867f, 0x867f, 0x867f, 0x867f, 0x867f, 0x867f,
  0x867f, 0x867f, 0x867f, 0x867f, 0x867f, 0x867f, 0x867f, 0x867f, 0x867f, 0x867f, 0x867f, 0x867f,
  0x867f, 0x867f, 0x867f, 0x867f, 0x867f, 0x867f, 0x867f, 0x867f, 0x867f, 0x867f, 0x867f, 0x867f,
  0x867f, 0x867f, 0x867f, 0x867f, 0x867f, 0x867f, 0x867f, 0x867f, 0x867f, 0x867f, 0x867f, 0x867f,
  0x867f, 0x867f, 0x867f, 0x867f, 0x867f, 0x867f, 0x867f, 0x867f, 0x867f, 0x867f, 0x867f, 0x867f,
  0x869f, 0x867f, 0x867f, 0x867f, 0x867f, 0x867f, 0x867f, 0x867f, 0x867f, 0x867f, 0x867f, 0x867f,
  0x867f, 0x867f, 0x867f, 0x867f, 0x867f, 0x867f, 0x867f, 0x867f, 0x867f, 0x867f, 0x867f, 0x867f,
  0x867f, 0x867f, 0x867f, 0x867f, 0x867f, 0x867f, 0x867f, 0x867f, 0x867f, 0x867f, 0x867f, 0x867f,
  0x867f, 0x867f, 0x867f, 0x867f, 0x867f, 0x867f, 0x867f, 0x867f, 0x867f, 0x867f, 0x867f, 0x867f,
  0x867f, 0x867f, 0x867f, 0x867f, 0x867f, 0x865f, 0x7e5f, 0x7e5f, 0x7e7f, 0x7e7f, 0x7e7f, 0x7e7f,
  0x867f, 0x867f, 0x867f, 0x867f, 0x867f, 0x867f, 0x867f, 0x867f, 0x867f, 0x867f, 0x867f, 0x867f,
  0x867f, 0x867f, 0x7e7f, 0x867f, 0x867f, 0x867f, 0x867f, 0x7e7f, 0x7e5f, 0x7e7f, 0x7e5f, 0x7e5f,
  0x7e5f, 0x7e5f, 0x7e5f, 0x7e5f, 0x7e5f, 0x7e7f, 0x867f, 0x867f, 0x7e7f, 0x867f, 0x867f, 0x867f,
  0x7e7f, 0x867f, 0x867f, 0x7e7f, 0x7e7f, 0x7e7f, 0x867f, 0x867f, 0x867f, 0x867f, 0x7e7f, 0x7e7f,
  0x7e5f, 0x7e5f, 0x7e7f, 0x7e7f, 0x7e7f, 0x7e7f, 0x7e5f, 0x7e5f, 0x7e5f, 0x7e5f, 0x7e5f, 0x7e5f,
  0x867f, 0x7e7f, 0x867f, 0x867f, 0x867f, 0x867f, 0x867f, 0x867f, 0x7e7f, 0x7e7f, 0x867f, 0x867f,
  0x867f, 0x867f, 0x867f, 0x867f, 0x867f, 0x867f, 0x867f, 0x867f, 0x867f, 0x865f, 0x7e5f, 0x867f,
  0x865f, 0x865f, 0x867f, 0x867f, 0x867f, 0x867f, 0x867f, 0x867f, 0x867f, 0x867f, 0x867f, 0x867f,
  0x867f, 0x867f, 0x867f, 0x867f, 0x867f, 0x867f, 0x867f, 0x867f, 0x867f, 0x867f, 0x867f, 0x867f,
  0x867f, 0x867f, 0x867f, 0x867f, 0x867f, 0x867f, 0x867f, 0x867f, 0x867f, 0x867f, 0x867f, 0x867f,
  0x867f, 0x867f, 0x867f, 0x867f, 0x867f, 0x867f, 0x867f, 0x867f, 0x867f, 0x867f, 0x867f, 0x867f,
  0x867f, 0x867f, 0x867f, 0x867f, 0x867f, 0x867f, 0x867f, 0x867f, 0x867f, 0x867f, 0x867f, 0x867f,
  0x867f, 0x867f, 0x867f, 0x867f, 0x867f, 0x867f, 0x867f, 0x867f, 0x867f, 0x867f, 0x867f, 0x867f,
  0x867f, 0x867f, 0x867f, 0x867f, 0x867f, 0x867f, 0x867f, 0x867f, 0x867f, 0x867f, 0x867f, 0x867f,
  0x867f, 0x867f, 0x867f, 0x867f, 0x867f, 0x867f, 0x867f, 0x867f, 0x867f, 0x867f, 0x869f, 0x867f,
  0x8e9f, 0x867f, 0x867f, 0x867f, 0x867f, 0x867f, 0x867f, 0x867f, 0x867f, 0x867f, 0x867f, 0x867f,
  0x867f, 0x867f, 0x867f, 0x867f, 0x867f, 0x867f, 0x867f, 0x867f, 0x867f, 0x867f, 0x867f, 0x867f,
  0x867f, 0x867f, 0x867f, 0x867f, 0x867f, 0x867f, 0x867f, 0x867f, 0x867f, 0x867f, 0x867f, 0x867f,
  0x867f, 0x867f, 0x867f, 0x867f, 0x867f, 0x867f, 0x867f, 0x867f, 0x867f, 0x867f, 0x867f, 0x867f,
  0x867f, 0x867f, 0x867f, 0x867f, 0x867f, 0x867f, 0x867f, 0x867f, 0x867f, 0x867f, 0x867f, 0x867f,
  0x867f, 0x867f, 0x867f, 0x867f, 0x867f, 0x867f, 0x867f, 0x867f, 0x867f, 0x867f, 0x867f, 0x867f,
  0x867f, 0x867f, 0x867f, 0x867f, 0x867f, 0x867f, 0x867f, 0x867f, 0x867f, 0x867f, 0x867f, 0x7e7f,
  0x7e7f, 0x867f, 0x7e7f, 0x867f, 0x867f, 0x867f, 0x867f, 0x867f, 0x867f, 0x867f, 0x867f, 0x867f,
  0x867f, 0x867f, 0x867f, 0x867f, 0x867f, 0x867f, 0x867f, 0x867f, 0x867f, 0x867f, 0x867f, 0x867f,
  0x7e7f, 0x867f, 0x867f, 0x867f, 0x867f, 0x867f, 0x867f, 0x867f, 0x867f, 0x867f, 0x867f, 0x867f,
  0x867f, 0x867f, 0x867f, 0x867f, 0x867f, 0x867f, 0x867f, 0x867f, 0x867f, 0x867f, 0x867f, 0x867f,
  0x867f, 0x867f, 0x867f, 0x867f, 0x867f, 0x867f, 0x867f, 0x867f, 0x867f, 0x867f, 0x867f, 0x867f,
  0x867f, 0x867f, 0x867f, 0x867f, 0x867f, 0x867f, 0x867f, 0x867f, 0x867f, 0x867f, 0x867f, 0x867f,
  0x867f, 0x867f, 0x867f, 0x867f, 0x867f, 0x867f, 0x867f, 0x867f, 0x867f, 0x867f, 0x867f, 0x867f,
  0x867f, 0x867f, 0x867f, 0x867f, 0x867f, 0x867f, 0x867f, 0x867f, 0x867f, 0x867f, 0x867f, 0x867f,
  0x867f, 0x867f, 0x867f, 0x867f, 0x867f, 0x867f, 0x867f, 0x869f, 0x869f, 0x867f, 0x867f, 0x867f,
  0x867f, 0x867f, 0x867f, 0x867f, 0x867f, 0x867f, 0x867f, 0x867f, 0x867f, 0x867f, 0x867f, 0x867f,
  0x867f, 0x867f, 0x867f, 0x867f, 0x867f, 0x867f, 0x867f, 0x867f, 0x867f, 0x867f, 0x867f, 0x867f,
  0x867f, 0x867f, 0x867f, 0x867f, 0x867f, 0x867f, 0x867f, 0x867f, 0x867f, 0x867f, 0x867f, 0x867f,
  0x867f, 0x867f, 0x867f, 0x867f, 0x867f, 0x867f, 0x867f, 0x867f, 0x867f, 0x8e9f, 0x8e9f, 0x8e7f,
  0x8e9f, 0x8e7f, 0x867f, 0x867f, 0x867f, 0x867f, 0x867f, 0x867f, 0x867f, 0x867f, 0x867f, 0x867f,
  0x867f, 0x8e9f, 0x869f, 0x8e9f, 0x869f, 0x869f, 0x867f, 0x867f, 0x867f, 0x867f, 0x867f, 0x867f,
  0x867f, 0x867f, 0x867f, 0x867f, 0x867f, 0x867f, 0x867f, 0x867f, 0x867f, 0x867f, 0x867f, 0x867f,
  0x867f, 0x867f, 0x867f, 0x867f, 0x867f, 0x867f, 0x869f, 0x869f, 0x867f, 0x867f, 0x867f, 0x867f,
  0x867f, 0x867f, 0x867f, 0x867f, 0x867f, 0x867f, 0x867f, 0x867f, 0x867f, 0x867f, 0x867f, 0x867f,
  0x867f, 0x867f, 0x867f, 0x867f, 0x867f, 0x867f, 0x867f, 0x867f, 0x867f, 0x867f, 0x867f, 0x867f,
  0x867f, 0x867f, 0x867f, 0x867f, 0x867f, 0x867f, 0x867f, 0x867f, 0x867f, 0x867f, 0x867f, 0x867f,
  0x867f, 0x867f, 0x867f, 0x867f, 0x867f, 0x867f, 0x867f, 0x867f, 0x867f, 0x867f, 0x867f, 0x867f,
  0x867f, 0x867f, 0x867f, 0x867f, 0x867f, 0x867f, 0x867f, 0x867f, 0x867f, 0x867f, 0x867f, 0x867f,
  0x867f, 0x867f, 0x867f, 0x867f, 0x867f, 0x867f, 0x867f, 0x867f, 0x867f, 0x867f, 0x867f, 0x867f,
  0x867f, 0x867f, 0x867f, 0x867f, 0x867f, 0x867f, 0x867f, 0x867f, 0x867f, 0x867f, 0x867f, 0x867f,
  0x867f, 0x867f, 0x867f, 0x867f, 0x867f, 0x867f, 0x867f, 0x867f, 0x867f, 0x867f, 0x867f, 0x867f,
  0x867f, 0x867f, 0x867f, 0x867f, 0x867f, 0x867f, 0x867f, 0x867f, 0x867f, 0x867f, 0x867f, 0x867f,
  0x867f, 0x867f, 0x867f, 0x867f, 0x867f, 0x867f, 0x867f, 0x867f, 0x867f, 0x867f, 0x867f, 0x867f,
  0x867f, 0x867f, 0x867f, 0x867f, 0x867f, 0x867f, 0x867f, 0x867f, 0x867f, 0x867f, 0x867f, 0x867f,
  0x867f, 0x867f, 0x867f, 0x867f, 0x867f, 0x867f, 0x867f, 0x867f, 0x867f, 0x867f, 0x867f, 0x867f,
  0x867f, 0x867f, 0x867f, 0x867f, 0x867f, 0x867f, 0x867f, 0x867f, 0x867f, 0x867f, 0x867f, 0x867f,
  0x867f, 0x867f, 0x867f, 0x867f, 0x867f, 0x8e7f, 0x867f, 0x867f, 0x867f, 0x867f, 0x867f, 0x867f,
  0x867f, 0x869f, 0x867f, 0x8e7f, 0x867f, 0x867f, 0x867f, 0x867f, 0x869f, 0x8e7f, 0x867f, 0x867f,
  0x867f, 0x867f, 0x867f, 0x867f, 0x8e7f, 0x867f, 0x869f, 0x867f, 0x8e9f, 0x8e9f, 0x8e9f, 0x8e7f,
  0x8e9f, 0x8e9f, 0x8e7f, 0x8e7f, 0x8e7f, 0x867f, 0x8e7f, 0x8e7f, 0x8e7f, 0x8e7f, 0x8e7f, 0x8e7f,
  0x8e9f, 0x8e9f, 0x8e9f, 0x8e9f, 0x8e9f, 0x869f, 0x867f, 0x867f, 0x867f, 0x869f, 0x867f, 0x867f,
  0x867f, 0x867f, 0x8e9f, 0x867f, 0x867f, 0x867f, 0x867f, 0x867f, 0x867f, 0x867f, 0x867f, 0x867f,
  0x867f, 0x867f, 0x867f, 0x867f, 0x867f, 0x867f, 0x869f, 0x867f, 0x867f, 0x867f, 0x867f, 0x867f,
  0x867f, 0x867f, 0x867f, 0x867f, 0x867f, 0x867f, 0x867f, 0x867f, 0x867f, 0x867f, 0x867f, 0x867f,
  0x867f, 0x867f, 0x867f, 0x867f, 0x867f, 0x867f, 0x867f, 0x867f, 0x867f, 0x867f, 0x867f, 0x867f,
  0x867f, 0x867f, 0x867f, 0x867f, 0x867f, 0x867f, 0x867f, 0x867f, 0x867f, 0x867f, 0x867f, 0x867f,
  0x867f, 0x867f, 0x867f, 0x867f, 0x867f, 0x867f, 0x867f, 0x867f, 0x867f, 0x867f, 0x867f, 0x867f,
  0x867f, 0x867f, 0x867f, 0x867f, 0x867f, 0x867f, 0x867f, 0x867f, 0x867f, 0x867f, 0x867f, 0x867f,
  0x867f, 0x867f, 0x867f, 0x867f, 0x867f, 0x867f, 0x867f, 0x867f, 0x867f, 0x867f, 0x867f, 0x867f,
  0x867f, 0x867f, 0x867f, 0x867f, 0x867f, 0x867f, 0x867f, 0x867f, 0x867f, 0x867f, 0x867f, 0x867f,
  0x867f, 0x867f, 0x867f, 0x867f, 0x867f, 0x867f, 0x867f, 0x867f, 0x867f, 0x867f, 0x867f, 0x867f,
  0x867f, 0x867f, 0x867f, 0x867f, 0x867f, 0x867f, 0x867f, 0x867f, 0x8e7f, 0x8e9f, 0x867f, 0x867f,
  0x867f, 0x867f, 0x869f, 0x867f, 0x867f, 0x867f, 0x867f, 0x867f, 0x867f, 0x867f, 0x867f, 0x869f,
  0x8e7f, 0x8e7f, 0x867f, 0x867f, 0x8e7f, 0x8e7f, 0x8e7f, 0x8e7f, 0x8e9f, 0x8e9f, 0x8e7f, 0x8e7f,
  0x8e7f, 0x867f, 0x867f, 0x867f, 0x867f, 0x8e9f, 0x8e7f, 0x867f, 0x867f, 0x867f, 0x867f, 0x867f,
  0x8e7f, 0x867f, 0x867f, 0x8e7f, 0x8e7f, 0x867f, 0x8e9f, 0x867f, 0x867f, 0x8e9f, 0x869f, 0x8e7f,
  0x8e9f, 0x8e9f, 0x8e7f, 0x8e7f, 0x8e7f, 0x8e9f, 0x8e7f, 0x8e7f, 0x8e7f, 0x8e7f, 0x8e9f, 0x8e9f,
  0x8e9f, 0x8e9f, 0x8e9f, 0x8e9f, 0x8e9f, 0x8e9f, 0x8e9f, 0x8e9f, 0x8e9f, 0x8e9f, 0x8e7f, 0x8e9f,
  0x8e7f, 0x8e9f, 0x8e9f, 0x8e9f, 0x8e7f, 0x8e7f, 0x8e9f, 0x8e9f, 0x8e9f, 0x8e9f, 0x8e9f, 0x8e9f,
  0x8e9f, 0x8e9f, 0x8e9f, 0x8e9f, 0x8e7f, 0x8e7f, 0x8e7f, 0x8e9f, 0x8e9f, 0x8e7f, 0x8e9f, 0x8e9f,
  0x8e9f, 0x8e9f, 0x8e9f, 0x8e9f, 0x8e9f, 0x8e9f, 0x8e7f, 0x867f, 0x8e7f, 0x8e9f, 0x8e9f, 0x8e9f,
  0x8e7f, 0x8e9f, 0x8e9f, 0x8e9f, 0x8e7f, 0x8e7f, 0x867f, 0x867f, 0x8e7f, 0x867f, 0x8e7f, 0x8e9f,
  0x8e9f, 0x867f, 0x867f, 0x8e9f, 0x8e9f, 0x8e9f, 0x8e9f, 0x869f, 0x867f, 0x867f, 0x867f, 0x867f,
  0x867f, 0x867f, 0x867f, 0x867f, 0x867f, 0x867f, 0x867f, 0x867f, 0x867f, 0x867f, 0x867f, 0x867f,
  0x867f, 0x867f, 0x867f, 0x867f, 0x867f, 0x867f, 0x867f, 0x867f, 0x867f, 0x8e7f, 0x867f, 0x867f,
  0x867f, 0x867f, 0x867f, 0x867f, 0x867f, 0x867f, 0x8e9f, 0x8e7f, 0x867f, 0x867f, 0x867f, 0x867f,
  0x867f, 0x867f, 0x867f, 0x867f, 0x869f, 0x869f, 0x869f, 0x8e9f, 0x8e9f, 0x869f, 0x8e9f, 0x869f,
  0x867f, 0x8e7f, 0x867f, 0x8e7f, 0x869f, 0x8e7f, 0x8e7f, 0x8e7f, 0x867f, 0x867f, 0x867f, 0x867f,
  0x867f, 0x867f, 0x867f, 0x867f, 0x867f, 0x867f, 0x867f, 0x867f, 0x867f, 0x8e9f, 0x867f, 0x867f,
  0x8e9f, 0x8e7f, 0x8e7f, 0x8e9f, 0x8e9f, 0x8e9f, 0x8e9f, 0x8e9f, 0x8e9f, 0x8e9f, 0x8e9f, 0x8e9f,
  0x8e9f, 0x8e9f, 0x8e9f, 0x867f, 0x8e9f, 0x8e9f, 0x869f, 0x8e9f, 0x869f, 0x869f, 0x8e9f, 0x8e9f,
  0x869f, 0x867f, 0x8e9f, 0x8e9f, 0x867f, 0x867f, 0x867f, 0x8e7f, 0x8e9f, 0x8e9f, 0x8e9f, 0x8e9f,
  0x8e9f, 0x8e9f, 0x8e9f, 0x8e9f, 0x869f, 0x869f, 0x869f, 0x869f, 0x8e9f, 0x8e9f, 0x8e9f, 0x8e9f,
  0x8e9f, 0x8e9f, 0x8e9f, 0x8e7f, 0x8e9f, 0x8e9f, 0x8e9f, 0x8e9f, 0x8e9f, 0x8e9f, 0x8e9f, 0x8e9f,
  0x8e9f, 0x8e9f, 0x8e9f, 0x8e9f, 0x8e9f, 0x8e9f, 0x8e7f, 0x8e9f, 0x8e7f, 0x8e9f, 0x8e9f, 0x8e9f,
  0x8e9f, 0x8e9f, 0x8e9f, 0x8e9f, 0x8e9f, 0x8e9f, 0x8e9f, 0x8e9f, 0x8e9f, 0x8e9f, 0x8e9f, 0x8e9f,
  0x8e9f, 0x8e9f, 0x8e9f, 0x8e9f, 0x8e9f, 0x8e9f, 0x8e9f, 0x8e9f, 0x8e9f, 0x8e9f, 0x8e9f, 0x8e9f,
  0x8e9f, 0x8e9f, 0x8e9f, 0x8e9f, 0x8e9f, 0x8e9f, 0x8e9f, 0x8e9f, 0x8e9f, 0x8e9f, 0x8e9f, 0x8e9f,
  0x8e9f, 0x8e9f, 0x8e9f, 0x8e9f, 0x8e9f, 0x8e9f, 0x8e9f, 0x8e9f, 0x8e9f, 0x8e9f, 0x8e9f, 0x8e9f,
  0x8e9f, 0x8e9f, 0x8e9f, 0x8e9f, 0x8e9f, 0x8e9f, 0x8e9f, 0x8e9f, 0x8e9f, 0x8e9f, 0x8e9f, 0x8e9f,
  0x8e9f, 0x8e9f, 0x8e9f, 0x8e9f, 0x8e9f, 0x8e9f, 0x8e9f, 0x8e9f, 0x8e9f, 0x8e9f, 0x8e9f, 0x8e9f,
  0x8e9f, 0x8e9f, 0x8e9f, 0x8e9f, 0x8e9f, 0x8e9f, 0x8e9f, 0x8e7f, 0x8e9f, 0x8e9f, 0x8e9f, 0x8e9f,
  0x8e9f, 0x8e9f, 0x8e9f, 0x8e9f, 0x8e9f, 0x8e9f, 0x8e9f, 0x8e9f, 0x8e9f, 0x8e9f, 0x869f, 0x869f,
  0x8e9f, 0x8e9f, 0x8e7f, 0x8e7f, 0x8e7f, 0x867f, 0x867f, 0x867f, 0x867f, 0x867f, 0x8e9f, 0x8e9f,
  0x8e7f, 0x8e9f, 0x8e7f, 0x8e7f, 0x8e9f, 0x8e9f, 0x8e9f, 0x8e9f, 0x8e9f, 0x8e9f, 0x8e9f, 0x869f,
  0x867f, 0x867f, 0x8e9f, 0x8e9f, 0x8e9f, 0x8e9f, 0x8e9f, 0x8e9f, 0x8e9f, 0x8e9f, 0x867f, 0x867f,
  0x867f, 0x867f, 0x869f, 0x8e9f, 0x8e9f, 0x8e9f, 0x8e9f, 0x8e9f, 0x8e9f, 0x8e9f, 0x8e9f, 0x8e9f,
  0x8e9f, 0x8e9f, 0x8e9f, 0x8e9f, 0x8e9f, 0x8e9f, 0x8e9f, 0x8e9f, 0x8e9f, 0x869f, 0x869f, 0x8e9f,
  0x8e9f, 0x8e9f, 0x8e9f, 0x8e9f, 0x8e9f, 0x8e9f, 0x8e9f, 0x8e9f, 0x8e9f, 0x8e9f, 0x8e9f, 0x8e9f,
  0x8e9f, 0x8e9f, 0x8e9f, 0x8e9f, 0x8e9f, 0x8e9f, 0x8e9f, 0x8e9f, 0x8e9f, 0x8e9f, 0x8e9f, 0x8e9f,
  0x8e9f, 0x8e9f, 0x8e9f, 0x8e9f, 0x8e9f, 0x8e9f, 0x8e9f, 0x8e9f, 0x8e9f, 0x8e9f, 0x8e9f, 0x8e9f,
  0x8e9f, 0x8e9f, 0x8e9f, 0x8e9f, 0x8e7f, 0x8e9f, 0x8e9f, 0x8e9f, 0x8e9f, 0x8e9f, 0x8e9f, 0x8e9f,
  0x8e9f, 0x8e9f, 0x8e9f, 0x8e9f, 0x8e9f, 0x8e9f, 0x8e9f, 0x8e9f, 0x8e9f, 0x8e9f, 0x8e9f, 0x8e9f,
  0x8e9f, 0x8e9f, 0x8e9f, 0x8e9f, 0x8e9f, 0x8e9f, 0x8e9f, 0x8e9f, 0x8e9f, 0x8e9f, 0x8e9f, 0x8e9f,
  0x8e9f, 0x8e9f, 0x8e9f, 0x8e9f, 0x8e9f, 0x8e9f, 0x8e9f, 0x8e9f, 0x8e9f, 0x8e9f, 0x8e9f, 0x8e9f,
  0x8e9f, 0x8e9f, 0x8e9f, 0x8e9f, 0x8e9f, 0x8e9f, 0x8e9f, 0x8e9f, 0x8e9f, 0x8e9f, 0x8e9f, 0x8e9f,
  0x8e9f, 0x8e9f, 0x8e9f, 0x8e9f, 0x8e9f, 0x8e9f, 0x8e9f, 0x8e9f, 0x8e9f, 0x8e9f, 0x8e9f, 0x8e9f,
  0x8e9f, 0x8e9f, 0x8e9f, 0x8e9f, 0x8e9f, 0x8e9f, 0x8e9f, 0x8e9f, 0x8e9f, 0x8e9f, 0x8e9f, 0x8e9f,
  0x8e9f, 0x8e9f, 0x8e9f, 0x8e9f, 0x8e9f, 0x8e9f, 0x8e9f, 0x8e9f, 0x8e9f, 0x8e9f, 0x8e9f, 0x8e9f,
  0x8e9f, 0x8e9f, 0x8e9f, 0x8e9f, 0x8e9f, 0x8e9f, 0x8e9f, 0x8e9f, 0x8e9f, 0x8e9f, 0x8e9f, 0x8e9f,
  0x8e9f, 0x8e9f, 0x8e9f, 0x8e9f, 0x8e9f, 0x8e9f, 0x8e9f, 0x8e9f, 0x8e9f, 0x8e9f, 0x8e9f, 0x8e9f,
  0x8e9f, 0x8e9f, 0x8e9f, 0x8e9f, 0x8e9f, 0x8e9f, 0x8e9f, 0x8e9f, 0x8e9f, 0x8e9f, 0x8e9f, 0x8e9f,
  0x8e9f, 0x8e9f, 0x8e9f, 0x8e9f, 0x8e9f, 0x8e9f, 0x8e9f, 0x8e9f, 0x8e9f, 0x8e9f, 0x8e9f, 0x8e9f,
  0x8e9f, 0x8e9f, 0x8e9f, 0x8e9f, 0x8e9f, 0x8e9f, 0x8e9f, 0x8e7f, 0x8e9f, 0x8e9f, 0x8e9f, 0x8e9f,
  0x8e9f, 0x8e9f, 0x8e9f, 0x8e9f, 0x8e9f, 0x8e9f, 0x8e9f, 0x8e9f, 0x8e9f, 0x8e9f, 0x8e9f, 0x8e9f,
  0x869f, 0x8e9f, 0x8e9f, 0x8e9f, 0x8e9f, 0x8e9f, 0x8e9f, 0x8e9f, 0x8e9f, 0x8e9f, 0x8e9f, 0x8e9f,
  0x8e9f, 0x8e9f, 0x8e9f, 0x8e9f, 0x8e9f, 0x8e9f, 0x8e9f, 0x8e9f, 0x8e9f, 0x8e9f, 0x8e9f, 0x8e9f,
  0x8e9f, 0x8e9f, 0x8e9f, 0x8e9f, 0x8e9f, 0x8e9f, 0x8e9f, 0x8e9f, 0x8e9f, 0x8e9f, 0x8e9f, 0x8e9f,
  0x8e9f, 0x8e9f, 0x8e9f, 0x8e9f, 0x8e9f, 0x8e9f, 0x8e9f, 0x8e9f, 0x8e9f, 0x8e9f, 0x8e9f, 0x8e9f,
  0x8ebf, 0x969f, 0x8e9e, 0xdf7f, 0xe79f, 0xe79f, 0xdf9f, 0xbf1f, 0x96bf, 0x8e9f, 0x8e9f, 0x8e9f,
  0x8e9f, 0x8e9f, 0x8e9f, 0x8e9f, 0x8e9f, 0x8e9f, 0x8e9f, 0x8e9f, 0x8e9f, 0x8e9f, 0x8e9f, 0x8e9f,
  0x8e9f, 0x8e9f, 0x8e9f, 0x8e9f, 0x8e9f, 0x8e9f, 0x8e9f, 0x8e9f, 0x8e9f, 0x8e9f, 0x8e9f, 0x8e9f,
  0x8e9f, 0x8e9f, 0x8e9f, 0x8e9f, 0x8e9f, 0x8e9f, 0x8e9f, 0x8e9f, 0x8e9f, 0x8e9f, 0x8e9f, 0x8e9f,
  0x8e9f, 0x8e9f, 0x8e9f, 0x8e9f, 0x8e9f, 0x8e9f, 0x8e9f, 0x8e9f, 0x8e9f, 0x8e9f, 0x8e9f, 0x8e9f,
  0x8e9f, 0x8e9f, 0x8e9f, 0x8e9f, 0x8e9f, 0x8e9f, 0x8e9f, 0x8e9f, 0x8e9f, 0x8e9f, 0x8e9f, 0x8e9f,
  0x8e9f, 0x8e9f, 0x8e9f, 0x8e9f, 0x8e9f, 0x8e9f, 0x8e9f, 0x8e9f, 0x8e9f, 0x8e9f, 0x8e9f, 0x8e9f,
  0x8e9f, 0x8e9f, 0x8e9f, 0x8e9f, 0x8e9f, 0x8e9f, 0x8e9f, 0x8e9f, 0x8e9f, 0x8e9f, 0x8e9f, 0x969f,
  0x8e9f, 0x8e9f, 0x8e9f, 0x8e9f, 0x8e9f, 0x8e9f, 0x8e9f, 0x8e9f, 0x8e9f, 0x8e9f, 0x8e9f, 0x8e9f,
  0x8e9f, 0x8e9f, 0x8e9f, 0x8e9f, 0x8e9f, 0x8e9f, 0x8e9f, 0x8e9f, 0x8e9f, 0x8e9f, 0x8e9f, 0x8e9f,
  0x8e9f, 0x8e9f, 0x8e9f, 0x8e9f, 0x8e9f, 0x8e9f, 0x8e9f, 0x8e9f, 0x8e9f, 0x8e9f, 0x8e9f, 0x8e9f,
  0x8e9f, 0x8e9f, 0x8e9f, 0x8e9f, 0x8e9f, 0x8e9f, 0x8e9f, 0x8e9f, 0x8e9f, 0x8e9f, 0x8e9f, 0x8e9f,
  0x8e9f, 0x8e9f, 0x8e9f, 0x8e9f, 0x8e9f, 0x8e9f, 0x8e9f, 0x8e9f, 0x8e9f, 0x8e9f, 0x8e9f, 0x8e9f,
  0x8e9f, 0x8e9f, 0x8e9f, 0x8e9f, 0x8e9f, 0x8e9f, 0x8e9f, 0x8e9f, 0x8e9f, 0x8e9f, 0x8e9f, 0x8e9f,
  0x8e9f, 0x8e9f, 0x8e9f, 0x8e9f, 0x8e9f, 0x8e9f, 0x8e9f, 0x8e7f, 0x8e9f, 0x8e9f, 0x8e9f, 0x8e9f,
  0x8e9f, 0x8e9f, 0x8e9f, 0x8e7f, 0x8e9f, 0x8e9f, 0x8e9f, 0x8e9f, 0x8e9f, 0x8e9f, 0x8e9f, 0x8e9f,
  0x8e9f, 0x8e9f, 0x8e9f, 0x8e9f, 0x8e9f, 0x8e9f, 0x8e9f, 0x8e9f, 0x8e9f, 0x8e9f, 0x8e9f, 0x8e9f,
  0x8e9f, 0x8e9f, 0x8e9f, 0x8e9f, 0x8e9f, 0x8e9f, 0x969f, 0x969f, 0x8e9f, 0x8e9f, 0x8e9f, 0x8e9f,
  0x8e9f, 0x8e9f, 0x8e9f, 0x8e9f, 0x8e9f, 0x8e9f, 0x8e9f, 0x8e9f, 0x8e9f, 0x8e9f, 0x8e9f, 0x8e9f,
  0x8e9f, 0x8e9f, 0x8e9f, 0x8e9f, 0x8e9f, 0x8e9f, 0x8e9f, 0x8e9f, 0x8e9f, 0x8e9f, 0x8e9f, 0x8e9f,
  0xcf3f, 0xefbf, 0xe7bf, 0xffff, 0xffff, 0xffff, 0xffff, 0xf7df, 0xd75f, 0x9ebf, 0x96bf, 0x8e9f,
  0x8e9f, 0x8e9f, 0x8e9f, 0x8e9f, 0x8e9f, 0x8e9f, 0x8e9f, 0x8e9f, 0x8e9f, 0x969f, 0x8e9f, 0x8e9f,
  0x8e9f, 0x8e9f, 0x8e9f, 0x8e9f, 0x8e9f, 0x8e9f, 0x8e9f, 0x8e9f, 0x8e9f, 0x8e9f, 0x8e9f, 0x8e9f,
  0x8e9f, 0x8e9f, 0x8e9f, 0x8e9f, 0x8e9f, 0x8e9f, 0x8e9f, 0x8e9f, 0x8e9f, 0x8e9f, 0x8e9f, 0x8e9f,
  0x8e9f, 0x8e9f, 0x8e9f, 0x8e9f, 0x8e9f, 0x8e9f, 0x8e9f, 0x8e9f, 0x8e9f, 0x8e9f, 0x8e9f, 0x8e9f,
  0x8e9f, 0x8e9f, 0x8e9f, 0x8e9f, 0x8e9f, 0x8e9f, 0x8e9f, 0x8e9f, 0x8e9f, 0x8e9f, 0x8e9f, 0x8e9f,
  0x8e9f, 0x8e9f, 0x8e9f, 0x8e9f, 0x8e9f, 0x8e9f, 0x8e9f, 0x8e9f, 0x8e9f, 0x8e9f, 0x8e9f, 0x8e9f,
  0x8e9f, 0x8e9f, 0x8e9f, 0x8e9f, 0x8e9f, 0x8e9f, 0x8e9f, 0x969f, 0x969f, 0x8e9f, 0x969f, 0x969f,
  0x969f, 0x969f, 0x8e9f, 0x8e9f, 0x8e9f, 0x8e9f, 0x8e9f, 0x8e9f, 0x8e9f, 0x8e9f, 0x8e9f, 0x8e9f,
  0x8e9f, 0x8e9f, 0x8e9f, 0x969f, 0x969f, 0x8e9f, 0x8e9f, 0x8e9f, 0x8e9f, 0x8e9f, 0x969f, 0x969f,
  0x969f, 0x969f, 0x969f, 0x969f, 0x8e9f, 0x969f, 0x8e9f, 0x8e9f, 0x8e9f, 0x8e9f, 0x8e9f, 0x8e9f,
  0x8e9f, 0x8e9f, 0x8e9f, 0x8e9f, 0x8e9f, 0x8e9f, 0x8e9f, 0x8e9f, 0x8e9f, 0x8e9f, 0x8e9f, 0x8e9f,
  0x8e9f, 0x8e9f, 0x8e9f, 0x8e9f, 0x8e9f, 0x8e9f, 0x8e9f, 0x969f, 0x8e9f, 0x8e9f, 0x8e9f, 0x8e9f,
  0x8e9f, 0x8e9f, 0x8e9f, 0x8e9f, 0x8e9f, 0x8e9f, 0x8e9f, 0x8e9f, 0x8e9f, 0x8e9f, 0x8e9f, 0x8e9f,
  0x8e9f, 0x8e9f, 0x8e9f, 0x8e9f, 0x8e9f, 0x8e9f, 0x8e9f, 0x8e9f, 0x8e9f, 0x8e9f, 0x8e9f, 0x8e9f,
  0x8e9f, 0x8e9f, 0x8e9f, 0x8e9f, 0x8e9f, 0x8e9f, 0x8e9f, 0x8e9f, 0x8e9f, 0x8e9f, 0x8e9f, 0x8e9f,
  0x8e9f, 0x8e9f, 0x8e9f, 0x8e9f, 0x8e9f, 0x8e9f, 0x8e9f, 0x8e9f, 0x8e9f, 0x8e9f, 0x8e9f, 0x8e9f,
  0x8e9f, 0xcf3e, 0xd77f, 0xd77f, 0xcf5f, 0x9ebf, 0x969f, 0x96bf, 0x969f, 0x8e9f, 0x8ebf, 0x8ebf,
  0x8ebf, 0x8e9f, 0x8e9f, 0x8e9f, 0x8e9f, 0x8e9f, 0x8e9f, 0x8e9f, 0x8e9f, 0x8e9f, 0x8e9f, 0x8e9f,
  0x8e9f, 0x8e9f, 0x8e9f, 0x8e9f, 0x8e9f, 0x8e9f, 0x8e9f, 0x8e9f, 0x8e9f, 0x8e9f, 0x8e9f, 0x8e9f,
  0xe77f, 0xefbf, 0xf7df, 0xefbf, 0xf7df, 0xffff, 0xffff, 0xffff, 0xffff, 0xaeff, 0x96bf, 0x96bf,
  0x96bf, 0x8ebf, 0x8ebf, 0x969f, 0x96bf, 0x96bf, 0x96bf, 0x96bf, 0x96bf, 0x96bf, 0x96bf, 0x969f,
  0x969f, 0x969f, 0x969f, 0x969f, 0x969f, 0x969f, 0x969f, 0x969f, 0x969f, 0x96bf, 0x969f, 0x969f,
  0x969f, 0x969f, 0x969f, 0x969f, 0x969f, 0x969f, 0x969f, 0x969f, 0x969f, 0x969f, 0x969f, 0x969f,
  0x969f, 0x969f, 0x969f, 0x969f, 0x969f, 0x96bf, 0x969f, 0x969f, 0x96bf, 0x969f, 0x96bf, 0x969f,
  0x969f, 0x969f, 0x969f, 0x969f, 0x969f, 0x969f, 0x969f, 0x969f, 0x969f, 0x969f, 0x969f, 0x969f,
  0x969f, 0x969f, 0x969f, 0x969f, 0x969f, 0x8e9f, 0x8e9f, 0x8e9f, 0x8e9f, 0x969f, 0x969f, 0x8e9f,
  0x8e9f, 0x969f, 0x969f, 0x969f, 0x969f, 0x969f, 0x969f, 0x969f, 0x969f, 0x969f, 0x96bf, 0x96bf,
  0x96bf, 0x96bf, 0x969f, 0x969f, 0x8e9f, 0x8e9f, 0x8e9f, 0x969f, 0x969f, 0x969f, 0x969f, 0x969f,
  0x969f, 0x969f, 0x969f, 0x96bf, 0x96bf, 0x969f, 0x969f, 0x969f, 0x96bf, 0x969f, 0x969f, 0x969f,
  0x96bf, 0x96bf, 0x969f, 0x969f, 0x969f, 0x969f, 0x969f, 0x969f, 0x969f, 0x969f, 0x969f, 0x969f,
  0x969f, 0x969f, 0x8e9f, 0x969f, 0x8e9f, 0x8e9f, 0x8e9f, 0x8e9f, 0x8e9f, 0x8e9f, 0x969f, 0x969f,
  0x8e9f, 0x8e9f, 0x969f, 0x969f, 0x969f, 0x969f, 0x96bf, 0x96bf, 0x96bf, 0x96bf, 0x8e9f, 0x969f,
  0x8e9f, 0x969f, 0x8e9f, 0x8e9f, 0x8e9f, 0x8e9f, 0x8e9f, 0x8e9f, 0x8e9f, 0x8e9f, 0x8e9f, 0x8e9f,
  0x8e9f, 0x8e9f, 0x969f, 0x8e9f, 0x8e9f, 0x8e9f, 0x8e9f, 0x8e9f, 0x8e9f, 0x8e9f, 0x969f, 0x8e9f,
  0x8e9f, 0x969f, 0x8e9f, 0x969f, 0x8e9f, 0x8e9f, 0x8e9f, 0x8e9f, 0x8e9f, 0x8e9f, 0x8e9f, 0x8e9f,
  0x8e9f, 0x8e9f, 0x8e9f, 0x8e9f, 0x8e9f, 0x8e9f, 0x8e9f, 0x8e9f, 0x969f, 0x96bf, 0x96bf, 0xaeff,
  0xefdf, 0xffff, 0xffff, 0xffff, 0xffff, 0xefbf, 0xa6df, 0x96bf, 0x96bf, 0x96bf, 0x96bf, 0x96bf,
  0x96bf, 0x96bf, 0x96bf, 0x96bf, 0x96bf, 0x96bf, 0x96bf, 0x96bf, 0x96bf, 0x96bf, 0x96bf, 0x96bf,
  0x96bf, 0x96bf, 0x96bf, 0x96bf, 0x96bf, 0x96bf, 0x96bf, 0x96bf, 0x96bf, 0x96bf, 0x96bf, 0x9edf,
  0xdf7f, 0xdf7f, 0xdf7f, 0xdf7f, 0xe79f, 0xef9f, 0xf7bf, 0xffff, 0xffff, 0xe7bf, 0xa6df, 0x96bf,
  0x96bf, 0x96bf, 0x96bf, 0x96bf, 0x96bf, 0x96bf, 0x96bf, 0x96bf, 0x96bf, 0x96bf, 0x96bf, 0x96bf,
  0x96bf, 0x969f, 0x96bf, 0x96bf, 0x96bf, 0x96bf, 0x96bf, 0x969f, 0x96bf, 0x96bf, 0x96bf, 0x96bf,
  0x96bf, 0x96bf, 0x96bf, 0x96bf, 0x96bf, 0x969f, 0x969f, 0x96bf, 0x96bf, 0x96bf, 0x96bf, 0x96bf,
  0x96bf, 0x96bf, 0x969f, 0x96bf, 0x96bf, 0x96bf, 0x96bf, 0x96bf, 0x96bf, 0x96bf, 0x96bf, 0x96bf,
  0x96bf, 0x96bf, 0x96bf, 0x969f, 0x969f, 0x96bf, 0x96bf, 0x969f, 0x96bf, 0x96bf, 0x96bf, 0x96bf,
  0x969f, 0x969f, 0x969f, 0x969f, 0x96bf, 0x96bf, 0x96bf, 0x96bf, 0x96bf, 0x96bf, 0x969f, 0x969f,
  0x969f, 0x96bf, 0x96bf, 0x96bf, 0x96bf, 0x96bf, 0x96bf, 0x96bf, 0x969f, 0x969f, 0x96bf, 0x96bf,
  0x96bf, 0x96bf, 0x96bf, 0x96bf, 0x96bf, 0x96bf, 0x969f, 0x969f, 0x969f, 0x969f, 0x96bf, 0x96bf,
  0x96bf, 0x96bf, 0x96bf, 0x96bf, 0x96bf, 0x96bf, 0x96bf, 0x96bf, 0x96bf, 0x96bf, 0x96bf, 0x96bf,
  0x96bf, 0x96bf, 0x96bf, 0x96bf, 0x96bf, 0x969f, 0x96bf, 0x96bf, 0x969f, 0x96bf, 0x96bf, 0x96bf,
  0x96bf, 0x969f, 0x969f, 0x969f, 0x969f, 0x969f, 0x969f, 0x96bf, 0x96bf, 0x96bf, 0x96bf, 0x96bf,
  0x96bf, 0x96bf, 0x96bf, 0x96bf, 0x969f, 0x96bf, 0x96bf, 0x96bf, 0x96bf, 0x96bf, 0x96bf, 0x96bf,
  0x96bf, 0x969f, 0x969f, 0x96bf, 0x969f, 0x969f, 0x969f, 0x969f, 0x969f, 0x969f, 0x96bf, 0x969f,
  0x969f, 0x96bf, 0x969f, 0x969f, 0x969f, 0x969f, 0x8e9f, 0x969f, 0x969f, 0x969f, 0x96bf, 0x96bf,
  0x969f, 0x969f, 0x96bf, 0x969f, 0x969f, 0x969f, 0x969f, 0x969f, 0x8e9f, 0x969f, 0x969f, 0x96bf,
  0x96bf, 0x969f, 0x96bf, 0x96bf, 0x96bf, 0x969f, 0x96bf, 0x96bf, 0x96bf, 0x96bf, 0x96bf, 0xdf7f,
  0xffff, 0xffff, 0xffff, 0xffff, 0xffdf, 0xf7df, 0xd75f, 0xaeff, 0x96bf, 0x96df, 0x96df, 0x96bf,
  0x96bf, 0x96bf, 0x96bf, 0x96bf, 0x96bf, 0x96bf, 0x96bf, 0x96bf, 0x96bf, 0x96bf, 0x96bf, 0x96bf,
  0x96bf, 0x96bf, 0x96bf, 0x96bf, 0x96bf, 0x96bf, 0x96bf, 0x96bf, 0x96bf, 0x96bf, 0xaeff, 0xf7ff,
  0xcf5f, 0xd75f, 0xdf7f, 0xdf5f, 0xd75f, 0xdf5f, 0xe79f, 0xefbf, 0xf7df, 0xdf7f, 0x96bf, 0x96bf,
  0x96bf, 0x96bf, 0x96bf, 0x96bf, 0x96bf, 0x96bf, 0x96bf, 0x96bf, 0x96bf, 0x96bf, 0x96bf, 0x96bf,
  0x96bf, 0x96bf, 0x96bf, 0x96bf, 0x96bf, 0x96bf, 0x96bf, 0x96bf, 0x96bf, 0x96bf, 0x96bf, 0x96bf,
  0x96bf, 0x96bf, 0x96bf, 0x96bf, 0x96bf, 0x96bf, 0x96bf, 0x96bf, 0x96bf, 0x96bf, 0x96bf, 0x96bf,
  0x96bf, 0x96bf, 0x96bf, 0x96bf, 0x96bf, 0x96bf, 0x96bf, 0x96bf, 0x96bf, 0x96bf, 0x96bf, 0x96bf,
  0x96bf, 0x96bf, 0x96bf, 0x96bf, 0x96bf, 0x96bf, 0x96bf, 0x96bf, 0x96bf, 0x96bf, 0x96bf, 0x96bf,
  0x96bf, 0x96bf, 0x96bf, 0x96bf, 0x96bf, 0x96bf, 0x96bf, 0x96bf, 0x96bf, 0x96bf, 0x96bf, 0x969f,
  0x96bf, 0x96bf, 0x96bf, 0x96bf, 0x96bf, 0x96bf, 0x96bf, 0x96bf, 0x96bf, 0x96bf, 0x96bf, 0x96bf,
  0x96bf, 0x96bf, 0x96bf, 0x96bf, 0x96bf, 0x96bf, 0x96bf, 0x96bf, 0x96bf, 0x96bf, 0x96bf, 0x96bf,
  0x96bf, 0x96bf, 0x96bf, 0x96bf, 0x96bf, 0x96bf, 0x96bf, 0x96bf, 0x96bf, 0x96bf, 0x96bf, 0x96bf,
  0x96bf, 0x96bf, 0x96bf, 0x96bf, 0x96bf, 0x96bf, 0x96bf, 0x96bf, 0x96bf, 0x96bf, 0x96bf, 0x96bf,
  0x96bf, 0x96bf, 0x969f, 0x96bf, 0x96bf, 0x96bf, 0x96bf, 0x96bf, 0x96bf, 0x96bf, 0x96bf, 0x96bf,
  0x96bf, 0x96bf, 0x96bf, 0x96bf, 0x96bf, 0x96bf, 0x96bf, 0x96bf, 0x96bf, 0x96bf, 0x96bf, 0x96bf,
  0x96bf, 0x96bf, 0x96bf, 0x96bf, 0x96bf, 0x969f, 0x96bf, 0x969f, 0x969f, 0x96bf, 0x96bf, 0x96bf,
  0x96bf, 0x96bf, 0x969f, 0x969f, 0x969f, 0x969f, 0x969f, 0x96bf, 0x96bf, 0x96bf, 0x96bf, 0x96bf,
  0x96bf, 0x96bf, 0x96bf, 0x96bf, 0x969f, 0x96bf, 0x96bf, 0x96bf, 0x96bf, 0x969f, 0x969f, 0x96bf,
  0x96bf, 0x96bf, 0x96bf, 0x96bf, 0x96bf, 0x96bf, 0x96bf, 0x96bf, 0x96bf, 0xaeff, 0xcf5f, 0xf7df,
  0xffff, 0xf7df, 0xffff, 0xf7df, 0xefbf, 0xefbf, 0xf7bf, 0xefbf, 0xb6ff, 0x96df, 0x9edf, 0xa6ff,
  0xa6ff, 0xa6df, 0x9edf, 0x96bf, 0x96bf, 0x96bf, 0x96bf, 0x96df, 0x96bf, 0x96bf, 0x96bf, 0x96bf,
  0x9edf, 0xb71f, 0xbf3f, 0xc73f, 0xa6df, 0x9edf, 0x96df, 0x96bf, 0x96bf, 0x96bf, 0xefbf, 0xffff,
  0x9ebf, 0x9edf, 0xbf1f, 0xd75f, 0xd75f, 0xdf7f, 0xdf7f, 0xd75f, 0xcf3f, 0x9ebf, 0x96bf, 0x96bf,
  0x96df, 0x96bf, 0x96bf, 0x96bf, 0x96bf, 0x96bf, 0x96bf, 0x96df, 0x9edf, 0x9edf, 0x9edf, 0x9edf,
  0x9edf, 0x96bf, 0x96bf, 0x96bf, 0x96bf, 0x96bf, 0x96bf, 0x96bf, 0x96bf, 0x96df, 0x96bf, 0x96bf,
  0x96df, 0x96bf, 0x96df, 0x96df, 0x96bf, 0x96bf, 0x96bf, 0x96bf, 0x96bf, 0x96bf, 0x96bf, 0x96bf,
  0x96bf, 0x96bf, 0x96bf, 0x96bf, 0x96df, 0x96df, 0x96bf, 0x96df, 0x96bf, 0x96bf, 0x96bf, 0x96bf,
  0x96bf, 0x96bf, 0x96bf, 0x96bf, 0x96bf, 0x96bf, 0x96bf, 0x96bf, 0x96bf, 0x96bf, 0x96bf, 0x96bf,
  0x96bf, 0x96bf, 0x96bf, 0x96bf, 0x96bf, 0x96bf, 0x96bf, 0x96bf, 0x96bf, 0x96bf, 0x96bf, 0x96bf,
  0x96bf, 0x96bf, 0x96bf, 0x96bf, 0x96bf, 0x96bf, 0x96bf, 0x96bf, 0x96bf, 0x96bf, 0x96df, 0x96df,
  0x96bf, 0x96df, 0x96bf, 0x96bf, 0x96bf, 0x96bf, 0x96bf, 0x96bf, 0x96bf, 0x96bf, 0x96bf, 0x96bf,
  0x96bf, 0x96bf, 0x96bf, 0x96bf, 0x96bf, 0x96bf, 0x96bf, 0x96bf, 0x96bf, 0x96bf, 0x96bf, 0x96bf,
  0x96bf, 0x96bf, 0x96bf, 0x96bf, 0x96bf, 0x96bf, 0x96bf, 0x96bf, 0x96bf, 0x96bf, 0x96bf, 0x96bf,
  0x96bf, 0x96bf, 0x96bf, 0x96bf, 0x96bf, 0x96bf, 0x96bf, 0x96bf, 0x96bf, 0x96bf, 0x96bf, 0x96bf,
  0x96bf, 0x96bf, 0x96bf, 0x96bf, 0x96bf, 0x96bf, 0x96bf, 0x96bf, 0x96bf, 0x96bf, 0x96bf, 0x96bf,
  0x96bf, 0x96bf, 0x96bf, 0x96bf, 0x96bf, 0x96bf, 0x96bf, 0x96bf, 0x96bf, 0x96bf, 0x96bf, 0x96bf,
  0x96bf, 0x96bf, 0x96bf, 0x96bf, 0x96bf, 0x96bf, 0x96bf, 0x96bf, 0x96bf, 0x96bf, 0x96bf, 0x96bf,
  0x96bf, 0x96bf, 0x96bf, 0x96bf, 0x96bf, 0x96bf, 0x96bf, 0x96bf, 0x96bf, 0x96bf, 0x96bf, 0x96bf,
  0x96bf, 0x96bf, 0x96bf, 0x96bf, 0x96bf, 0x96bf, 0x96bf, 0x96bf, 0x96bf, 0xe79f, 0xffff, 0xffff,
  0xffff, 0xef9f, 0xf7df, 0xefbf, 0xf7df, 0xe79f, 0xef9f, 0xffdf, 0xe79f, 0xa6ff, 0xc75f, 0xffff,
  0xffff, 0xffff, 0xe79f, 0xb71f, 0x96bf, 0x9edf, 0x96bf, 0xb71f, 0x9edf, 0x96df, 0x96df, 0x96df,
  0xb71f, 0xd77f, 0xcf5f, 0x9edf, 0xcf7f, 0xaf1f, 0x9edf, 0x9edf, 0x96df, 0xb71f, 0xffff, 0xffff,
  0xd75f, 0xb6ff, 0x9edf, 0xa6df, 0xa6df, 0xaeff, 0xaeff, 0x9edf, 0x9edf, 0x9edf, 0x9edf, 0x9edf,
  0x96df, 0x9edf, 0xcf5f, 0xd75f, 0xcf5f, 0xb71f, 0x96df, 0x9edf, 0x9edf, 0x9edf, 0x9edf, 0x9edf,
  0x9edf, 0x9edf, 0x9edf, 0x9ebf, 0x9ebf, 0x9ebf, 0x9ebf, 0x9edf, 0x9edf, 0x9ebf, 0x9ebf, 0x9edf,
  0x9edf, 0x9edf, 0x9edf, 0x96df, 0x96df, 0x96df, 0x96df, 0x96df, 0x96df, 0x9edf, 0x96df, 0x96df,
  0x96bf, 0x96bf, 0x96bf, 0x96bf, 0x9edf, 0x9edf, 0x9edf, 0x9edf, 0x9edf, 0x96df, 0x96bf, 0x96bf,
  0x96bf, 0x96bf, 0x96bf, 0x96bf, 0x96bf, 0x96bf, 0x96bf, 0x96bf, 0x96bf, 0x96bf, 0x96bf, 0x96bf,
  0x96bf, 0x96bf, 0x96bf, 0x96bf, 0x96bf, 0x96bf, 0x96df, 0x96df, 0x96bf, 0x96bf, 0x96bf, 0x96bf,
  0x96bf, 0x96bf, 0x96bf, 0x96bf, 0x96bf, 0x96bf, 0x96bf, 0x96bf, 0x96bf, 0x96bf, 0x96bf, 0x9edf,
  0x9edf, 0x96df, 0x96df, 0x96bf, 0x96bf, 0x96bf, 0x96bf, 0x96bf, 0x96bf, 0x96bf, 0x96bf, 0x9ebf,
  0x9ebf, 0x96bf, 0x96bf, 0x96bf, 0x96bf, 0x96bf, 0x9ebf, 0x96bf, 0x96bf, 0x96bf, 0x96bf, 0x96bf,
  0x96bf, 0x96bf, 0x96bf, 0x96bf, 0x96bf, 0x96bf, 0x96bf, 0x96bf, 0x96bf, 0x96bf, 0x96bf, 0x96bf,
  0x96bf, 0x96bf, 0x96bf, 0x96bf, 0x96bf, 0x96bf, 0x96bf, 0x96bf, 0x96bf, 0x96bf, 0x96bf, 0x96bf,
  0x96bf, 0x96bf, 0x96bf, 0x96bf, 0x96bf, 0x96bf, 0x96bf, 0x96bf, 0x96bf, 0x96bf, 0x96bf, 0x96bf,
  0x96bf, 0x96bf, 0x96bf, 0x96bf, 0x96bf, 0x96bf, 0x96bf, 0x96bf, 0x96bf, 0x96bf, 0x96bf, 0x96bf,
  0x96bf, 0x96bf, 0x96bf, 0x96bf, 0x96bf, 0x96bf, 0x96bf, 0x96bf, 0x96bf, 0x96bf, 0x96bf, 0x96bf,
  0x96bf, 0x96bf, 0x96bf, 0x96bf, 0x96bf, 0x96bf, 0x96bf, 0x96bf, 0x96bf, 0x96bf, 0x96bf, 0x96bf,
  0x96bf, 0x96bf, 0x9edf, 0xcf5f, 0xbf3f, 0x9edf, 0x9ebf, 0x9edf, 0x9edf, 0xdf9f, 0xffff, 0xffff,
  0xf7bf, 0xf7bf, 0xefbf, 0xe79f, 0xe79f, 0xe79f, 0xefbf, 0xefbf, 0xdf7f, 0xc73f, 0xffff, 0xffff,
  0xef9f, 0xf7df, 0xffdf, 0xf7df, 0xcf5f, 0xa6ff, 0xaeff, 0xa6ff, 0x9edf, 0x9edf, 0x9edf, 0x9edf,
  0x96df, 0x96df, 0x9edf, 0x9edf, 0x9edf, 0x9edf, 0x9edf, 0x9edf, 0x9edf, 0xcf5f, 0xffff, 0xffff,
  0xa6ff, 0x9eff, 0x9eff, 0x9edf, 0x9eff, 0x9eff, 0x9eff, 0x9edf, 0x9edf, 0x9eff, 0x9eff, 0xb73f,
  0xbf3f, 0xc75f, 0xefbf, 0xf7df, 0xffff, 0xf7df, 0xc73f, 0x9edf, 0x9eff, 0x9edf, 0x9edf, 0x9edf,
  0x9edf, 0x9edf, 0x9edf, 0x9edf, 0x9ebf, 0x9edf, 0x9edf, 0x9edf, 0x9edf, 0x9edf, 0x9edf, 0x9edf,
  0x9edf, 0x9edf, 0x9edf, 0x9edf, 0x9edf, 0x9edf, 0x9edf, 0x9edf, 0x9edf, 0x9edf, 0x9edf, 0x9edf,
  0x9edf, 0x9ebf, 0x9edf, 0x9edf, 0x9edf, 0x9edf, 0x9edf, 0x9edf, 0x9edf, 0x9edf, 0x9edf, 0x9edf,
  0x96bf, 0x96bf, 0x96df, 0x96bf, 0x96bf, 0x9ebf, 0x96bf, 0x96bf, 0x96bf, 0x9edf, 0x9ebf, 0x9edf,
  0x9edf, 0x96bf, 0x96bf, 0x9edf, 0x9edf, 0x9edf, 0x9edf, 0x9edf, 0x9edf, 0x9edf, 0x9edf, 0x9edf,
  0x9edf, 0x9edf, 0x96df, 0x96df, 0x96df, 0x9edf, 0x96bf, 0x9ebf, 0x9ebf, 0x9edf, 0x9edf, 0x9edf,
  0x9edf, 0x9edf, 0x9edf, 0x9edf, 0x9edf, 0x9edf, 0x96bf, 0x9edf, 0x9edf, 0x9edf, 0x9edf, 0x9edf,
  0x9edf, 0x9edf, 0x9edf, 0x96bf, 0x9ebf, 0x9edf, 0x9edf, 0x9ebf, 0x96bf, 0x96bf, 0x96bf, 0x96bf,
  0x96bf, 0x96bf, 0x9ebf, 0x9ebf, 0x9ebf, 0x9ebf, 0x9ebf, 0x9ebf, 0x9ebf, 0x9edf, 0x9ebf, 0x96bf,
  0x96bf, 0x96bf, 0x9edf, 0x96bf, 0x96bf, 0x96bf, 0x96bf, 0x96bf, 0x96bf, 0x96bf, 0x96bf, 0x96bf,
  0x96bf, 0x96bf, 0x96bf, 0x96bf, 0x96bf, 0x96bf, 0x96bf, 0x96bf, 0x96bf, 0x96bf, 0x96bf, 0x96bf,
  0x96bf, 0x96bf, 0x96bf, 0x96bf, 0x96bf, 0x96bf, 0x9ebf, 0x9edf, 0x9ebf, 0x9ebf, 0x9ebf, 0x9edf,
  0x9edf, 0x96bf, 0x96bf, 0x96bf, 0x96bf, 0x96bf, 0x96bf, 0x96bf, 0x96bf, 0x96bf, 0x96bf, 0x96bf,
  0x96bf, 0x96bf, 0x96bf, 0x96bf, 0x96bf, 0x96bf, 0x96bf, 0x96bf, 0x96bf, 0x96bf, 0x96bf, 0x9edf,
  0x9edf, 0xaeff, 0xefdf, 0xffff, 0xffff, 0xf7ff, 0xaeff, 0xe7bf, 0xf7df, 0xf7ff, 0xf7df, 0xf7bf,
  0xf7df, 0xffdf, 0xe79f, 0xdf7f, 0xf7df, 0xf7df, 0xefbf, 0xdf7f, 0xdf7f, 0xf7bf, 0xf7bf, 0xef9f,
  0xdf7f, 0xe79f, 0xef9f, 0xef9f, 0xe79f, 0xa6ff, 0x9edf, 0x96df, 0x9edf, 0x9eff, 0x9eff, 0xa71f,
  0xb73f, 0xb71f, 0xaf1f, 0x9edf, 0x9edf, 0x9edf, 0x9eff, 0x9edf, 0x9edf, 0xa6ff, 0xcf5f, 0xf7df,
  0xa71f, 0xa71f, 0xa6ff, 0xa6ff, 0xa6ff, 0x9eff, 0x9eff, 0x9eff, 0x9eff, 0x9eff, 0xa6ff, 0xa6ff,
  0xa6ff, 0xaf1f, 0xbf3f, 0xbf3f, 0xc73f, 0xc73f, 0xcf5f, 0xa6ff, 0xaf1f, 0xaeff, 0x9edf, 0x9edf,
  0x9edf, 0x9edf, 0x9edf, 0x9edf, 0x9edf, 0x9edf, 0x9edf, 0x9edf, 0x9edf, 0x9edf, 0x9edf, 0x9edf,
  0x9edf, 0x9edf, 0x9edf, 0x9edf, 0x9edf, 0x9edf, 0x9edf, 0x9edf, 0x9edf, 0x9edf, 0x9edf, 0x9edf,
  0x9edf, 0x9edf, 0x9edf, 0x9edf, 0x9edf, 0x9edf, 0x9edf, 0x9edf, 0x9edf, 0x9edf, 0x9edf, 0x9edf,
  0x9edf, 0x9edf, 0x9ebf, 0x9edf, 0x9edf, 0x9edf, 0x9edf, 0x9edf, 0x9edf, 0x9edf, 0x9edf, 0x9edf,
  0x9edf, 0x9edf, 0x9edf, 0x9edf, 0x9edf, 0x9edf, 0x9edf, 0x9edf, 0x9edf, 0x9edf, 0x9edf, 0x9edf,
  0x9edf, 0x9edf, 0x9edf, 0x9edf, 0x9edf, 0x9edf, 0x9edf, 0x9edf, 0x9edf, 0x9edf, 0x9edf, 0x9edf,
  0x9edf, 0x9edf, 0x9edf, 0x9edf, 0x9edf, 0x9edf, 0x9edf, 0x9edf, 0x9edf, 0x9edf, 0x9edf, 0x9edf,
  0x9edf, 0x9edf, 0x9edf, 0x9edf, 0x9edf, 0x9edf, 0x9edf, 0x9edf, 0x9ebf, 0x9ebf, 0x9edf, 0x9edf,
  0x9edf, 0x9edf, 0x9edf, 0x9edf, 0x9edf, 0x9edf, 0x9edf, 0x9edf, 0x9edf, 0x9edf, 0x9edf, 0x9edf,
  0x9ebf, 0x9edf, 0x9edf, 0x9ebf, 0x9edf, 0x9edf, 0x9ebf, 0x9ebf, 0x96bf, 0x9ebf, 0x96bf, 0x9ebf,
  0x9ebf, 0x9ebf, 0x9edf, 0x9ebf, 0x96bf, 0x96bf, 0x96bf, 0x96bf, 0x9edf, 0x96df, 0x9edf, 0x9edf,
  0x9edf, 0x96bf, 0x9edf, 0x9edf, 0x9edf, 0x9edf, 0x9edf, 0x9edf, 0x9edf, 0x9edf, 0x9edf, 0x9edf,
  0x9edf, 0x9edf, 0x96df, 0x96bf, 0x9edf, 0x96bf, 0x96bf, 0x96bf, 0x96df, 0x96bf, 0x9edf, 0x9edf,
  0x9edf, 0x9edf, 0x9edf, 0x9edf, 0x96df, 0x96bf, 0x96bf, 0x96bf, 0x96bf, 0x96bf, 0x96bf, 0x9edf,
  0x9edf, 0xefdf, 0xffff, 0xffff, 0xffff, 0xffff, 0xe7bf, 0xffff, 0xffff, 0xf7df, 0xefbf, 0xefbf,
  0xef9f, 0xefbf, 0xe79f, 0xe77f, 0xf7df, 0xf7df, 0xefbf, 0xe7bf, 0xefbf, 0xefbf, 0xe79f, 0xe77f,
  0xe77f, 0xdf7f, 0xe79f, 0xe79f, 0xe79f, 0xd77f, 0xe79f, 0xc73f, 0xa6df, 0xa6ff, 0xe79f, 0xf7df,
  0xffff, 0xffff, 0xefdf, 0xd75f, 0xd75f, 0xb71f, 0xa6ff, 0x9eff, 0x9eff, 0xa6ff, 0xcf5f, 0xefbf,
  0xa6ff, 0xa6ff, 0xa6ff, 0xa6ff, 0xa6ff, 0xa6ff, 0xa6ff, 0x9eff, 0x9eff, 0xa6ff, 0xa6ff, 0xa6ff,
  0xa6ff, 0xa6ff, 0xa6ff, 0xa6ff, 0xa6ff, 0xa6ff, 0xa6ff, 0xa6ff, 0xa6ff, 0xa6ff, 0x9edf, 0x9edf,
  0x9edf, 0x9edf, 0x9edf, 0x9edf, 0x9edf, 0x9edf, 0x9edf, 0x9edf, 0x9edf, 0x9edf, 0x9edf, 0x9edf,
  0x9edf, 0x9edf, 0x9edf, 0x9edf, 0x9edf, 0x9edf, 0x9eff, 0x9eff, 0x9edf, 0x9eff, 0x9eff, 0x9edf,
  0x9edf, 0x9edf, 0x9edf, 0x9edf, 0x9edf, 0x9edf, 0x9edf, 0x9edf, 0x9edf, 0x9edf, 0x9edf, 0x9edf,
  0x9edf, 0x9edf, 0x9edf, 0x9edf, 0x9edf, 0x9edf, 0x9edf, 0x9edf, 0x9edf, 0x9edf, 0x9edf, 0x9edf,
  0x9edf, 0x9edf, 0x9edf, 0x9edf, 0x9edf, 0x9edf, 0x9edf, 0x9edf, 0x9edf, 0x9edf, 0x9edf, 0x9edf,
  0x9edf, 0x9edf, 0x9edf, 0x9edf, 0x9edf, 0x9edf, 0x9edf, 0x9edf, 0x9edf, 0x9edf, 0x9edf, 0x9edf,
  0x9edf, 0x9edf, 0x9edf, 0x9edf, 0x9edf, 0x9edf, 0x9edf, 0x9edf, 0x9edf, 0x9edf, 0x9edf, 0x9edf,
  0x9edf, 0x9edf, 0x9edf, 0x9edf, 0x9edf, 0x9edf, 0x9edf, 0x9edf, 0x9edf, 0x9edf, 0x9edf, 0x9edf,
  0x9edf, 0x9edf, 0x9edf, 0x9edf, 0x9edf, 0x9edf, 0x9edf, 0x9edf, 0x9edf, 0x9edf, 0x9edf, 0x9edf,
  0x9edf, 0x9edf, 0x9edf, 0x9edf, 0x9edf, 0x9edf, 0x9edf, 0x9edf, 0x9edf, 0x9edf, 0x9edf, 0x9edf,
  0x9edf, 0x9edf, 0x9edf, 0x9edf, 0x9edf, 0x9edf, 0x9edf, 0x9ebf, 0x9ebf, 0x9edf, 0x9ebf, 0x9edf,
  0x9edf, 0x9edf, 0x9edf, 0x9edf, 0x9edf, 0x9edf, 0x9edf, 0x9edf, 0x9edf, 0x9edf, 0x9edf, 0x9edf,
  0x9edf, 0x9edf, 0x9edf, 0x9edf, 0x9edf, 0x9edf, 0x9edf, 0x9edf, 0x9edf, 0x9ebf, 0x9edf, 0x9edf,
  0x9edf, 0x9edf, 0x9edf, 0x9edf, 0x9edf, 0x96bf, 0x96bf, 0x96bf, 0x96bf, 0x9edf, 0x9edf, 0x9edf,
  0xbf3f, 0xffff, 0xffdf, 0xffff, 0xffff, 0xf7df, 0xf7df, 0xffff, 0xf7df, 0xef9f, 0xf7df, 0xef9f,
  0xe79f, 0xe79f, 0xcf3f, 0xef9f, 0xf7df, 0xefbf, 0xdf7f, 0xe79f, 0xe79f, 0xef9f, 0xef9f, 0xef9f,
  0xe79f, 0xd73f, 0xdf7f, 0xd75f, 0xd75f, 0xdf7f, 0xdf7f, 0xbf1f, 0xcf3f, 0xd77f, 0xcf5f, 0xdf9f,
  0xefbf, 0xd77f, 0xc75f, 0xe79f, 0xcf5f, 0xbf3f, 0xb71f, 0xa6ff, 0xa6ff, 0xcf5f, 0xe79f, 0xe79f,
  0xaf1f, 0xaf1f, 0xa6ff, 0xaf1f, 0xc73f, 0xa6ff, 0xa6ff, 0xa6ff, 0xa6ff, 0xa6ff, 0xaf1f, 0xaf1f,
  0xa71f, 0xa71f, 0xa71f, 0xa6ff, 0xa6ff, 0xa6ff, 0xa6ff, 0xa6ff, 0xa6ff, 0xa6ff, 0x9edf, 0x9edf,
  0x9edf, 0x9edf, 0x9edf, 0x9edf, 0x9edf, 0xa6df, 0xa6df, 0x9edf, 0x9edf, 0x9edf, 0x9edf, 0x9eff,
  0x9eff, 0xa6ff, 0xa6ff, 0xa6ff, 0x9eff, 0x9eff, 0xa6ff, 0xa6ff, 0x9eff, 0xa6ff, 0xa6ff, 0x9edf,
  0x9edf, 0x9edf, 0x9edf, 0x9edf, 0x9edf, 0x9edf, 0x9edf, 0x9edf, 0x9edf, 0x9edf, 0x9edf, 0x9edf,
  0x9edf, 0x9edf, 0x9edf, 0x9edf, 0x9edf, 0x9edf, 0x9edf, 0x9edf, 0x9edf, 0x9edf, 0x9edf, 0x9edf,
  0x9edf, 0x9edf, 0x9edf, 0x9edf, 0x9edf, 0x9edf, 0x9edf, 0x9edf, 0x9edf, 0x9edf, 0x9edf, 0x9edf,
  0x9edf, 0x9edf, 0x9edf, 0x9edf, 0x9edf, 0x9edf, 0x9edf, 0x9edf, 0x9edf, 0x9edf, 0x9edf, 0x9edf,
  0x9edf, 0x9edf, 0x9edf, 0x9edf, 0x9edf, 0x9edf, 0x9edf, 0x9edf, 0x9edf, 0x9edf, 0x9edf, 0x9edf,
  0x9edf, 0x9edf, 0x9edf, 0x9edf, 0x9edf, 0x9edf, 0x9edf, 0x9edf, 0x9edf, 0x9edf, 0x9edf, 0x9edf,
  0x9edf, 0x9edf, 0x9edf, 0x9edf, 0x9edf, 0x9edf, 0x9edf, 0x9edf, 0x9edf, 0x9edf, 0x9edf, 0x9edf,
  0x9edf, 0x9edf, 0x9edf, 0x9edf, 0x9edf, 0x9edf, 0x9edf, 0x9edf, 0x9edf, 0x9edf, 0x9edf, 0x9edf,
  0x9edf, 0x9edf, 0x9edf, 0x9edf, 0x9edf, 0x9edf, 0x9edf, 0x9edf, 0x9edf, 0x9edf, 0x9edf, 0x9edf,
  0x9edf, 0x9edf, 0x9edf, 0x9edf, 0x9edf, 0x9edf, 0x9edf, 0x9edf, 0x9edf, 0x9edf, 0x9edf, 0x9edf,
  0x9edf, 0x9edf, 0x9edf, 0x9edf, 0x9edf, 0x9edf, 0x9edf, 0x9edf, 0x9edf, 0x9edf, 0x9edf, 0x9edf,
  0x9edf, 0x9edf, 0x9edf, 0x9edf, 0x9edf, 0x9edf, 0x9edf, 0x9edf, 0x9edf, 0x9edf, 0x9edf, 0x9edf,
  0xa6ff, 0xdf7f, 0xefbf, 0xf7df, 0xefbf, 0xe77f, 0xe77f, 0xefbf, 0xef9f, 0xef9f, 0xdf7f, 0xdf7f,
  0xd75f, 0xcf3f, 0xc71f, 0xcf5f, 0xd75f, 0xcf5f, 0xcf5f, 0xcf5f, 0xd75f, 0xdf7f, 0xdf7f, 0xdf7f,
  0xd75f, 0xd75f, 0xcf5f, 0xbf3f, 0xaeff, 0xaeff, 0xaeff, 0xbf3f, 0xcf5f, 0xbf1f, 0xa6ff, 0xa6ff,
  0xaf1f, 0xa6ff, 0xa6ff, 0xaeff, 0xa6ff, 0xa6ff, 0xa6ff, 0xa6ff, 0xaf1f, 0xb71f, 0xbf3f, 0xb73f,
  0xd77f, 0xaf1f, 0xaf1f, 0xbf3f, 0xdf9f, 0xaf1f, 0xa6ff, 0xaf1f, 0xdf7f, 0xbf3f, 0xefbf, 0xf7df,
  0xc73f, 0xb71f, 0xaf1f, 0xa71f, 0xa71f, 0xa6ff, 0xa6ff, 0xa6ff, 0xa6ff, 0xa6ff, 0xa6ff, 0xa6ff,
  0xa6ff, 0xa6ff, 0xa6ff, 0xa6ff, 0xa6ff, 0xa6ff, 0xa6ff, 0xa6ff, 0xa6ff, 0xa6ff, 0xa6ff, 0xa6ff,
  0xa6ff, 0xaf1f, 0xaf1f, 0xaf1f, 0xa6ff, 0xa6ff, 0xa6ff, 0xa6ff, 0xa6ff, 0xa6ff, 0xa6ff, 0xa6ff,
  0xa6ff, 0xa6ff, 0xa6ff, 0xa6ff, 0xa6ff, 0xa6df, 0xa6df, 0xa6ff, 0xa6ff, 0xa6ff, 0xa6ff, 0x9edf,
  0x9edf, 0x9edf, 0x9edf, 0x9edf, 0x9edf, 0x9edf, 0x9edf, 0x9edf, 0x9edf, 0x9edf, 0x9edf, 0x9edf,
  0xa6ff, 0xa6df, 0x9edf, 0x9edf, 0x9edf, 0x9edf, 0x9edf, 0x9edf, 0x9edf, 0x9edf, 0x9edf, 0x9eff,
  0x9edf, 0xa6ff, 0x9edf, 0x9edf, 0xa6ff, 0xa6ff, 0x9eff, 0x9edf, 0x9eff, 0x9edf, 0x9edf, 0x9eff,
  0x9edf, 0x9edf, 0x9edf, 0x9edf, 0x9edf, 0x9edf, 0x9edf, 0x9edf, 0x9edf, 0x9edf, 0x9edf, 0x9edf,
  0x9edf, 0x9edf, 0x9edf, 0x9edf, 0x9edf, 0x9edf, 0x9edf, 0x9edf, 0x9edf, 0x9edf, 0x9edf, 0x9edf,
  0x9edf, 0x9edf, 0x9edf, 0x9edf, 0x9edf, 0x9edf, 0x9edf, 0x9edf, 0x9edf, 0x9edf, 0x9edf, 0x9edf,
  0x9edf, 0x9edf, 0x9edf, 0x9edf, 0x9edf, 0x9edf, 0x9edf, 0x9edf, 0x9edf, 0x9edf, 0x9edf, 0x9edf,
  0x9edf, 0x9edf, 0x9edf, 0x9edf, 0x9edf, 0x9edf, 0x9edf, 0x9edf, 0x9edf, 0x9edf, 0x9edf, 0x9edf,
  0x9edf, 0x9edf, 0x9edf, 0x9edf, 0x9edf, 0x9edf, 0x9edf, 0x9edf, 0x9edf, 0x9edf, 0x9edf, 0x9edf,
  0x9edf, 0x9edf, 0x9edf, 0x9edf, 0x9edf, 0x9edf, 0x9edf, 0x9edf, 0x9edf, 0x9edf, 0x9edf, 0x9edf,
  0x9edf, 0x9edf, 0x9edf, 0x9edf, 0x9edf, 0xaedf, 0xe7bf, 0xefbf, 0xe79f, 0xcf7f, 0xbf3f, 0x9edf,
  0x9edf, 0xa6ff, 0xcf5f, 0xd75f, 0xdf7f, 0xdf5f, 0xd75f, 0xdf7f, 0xe79f, 0xdf7f, 0xdf7f, 0xd75f,
  0xcf3f, 0xcf3f, 0xc73f, 0xcf3f, 0xcf5f, 0xcf5f, 0xcf5f, 0xcf5f, 0xcf3f, 0xcf3f, 0xbf3f, 0xc73f,
  0xc73f, 0xc73f, 0xaf1f, 0xa6ff, 0xa6ff, 0xa6ff, 0xa6ff, 0xa6ff, 0xa6ff, 0xa6ff, 0xa6ff, 0xa6ff,
  0xa71f, 0xa71f, 0xa71f, 0xaeff, 0xb71f, 0xbf3f, 0xaf1f, 0xc75f, 0xefdf, 0xd79f, 0xaf1f, 0xaf1f,
  0xffff, 0xcf5f, 0xa71f, 0xa71f, 0xa6ff, 0xa6ff, 0xa6ff, 0xaf1f, 0xefdf, 0xe7bf, 0xb73f, 0xefdf,
  0xffff, 0xf7df, 0xc75f, 0xaf1f, 0xa71f, 0xa6ff, 0xa6ff, 0xa6ff, 0xa71f, 0xa6ff, 0xa6ff, 0xa6ff,
  0xa6ff, 0xa6ff, 0xa6ff, 0xa6ff, 0xa6ff, 0xa6ff, 0xa6ff, 0xa6ff, 0xa6ff, 0xa6ff, 0xa6ff, 0xbf3f,
  0xc75f, 0xefdf, 0xffff, 0xffff, 0xe7bf, 0xcf5f, 0xbf3f, 0xa71f, 0xa6ff, 0xa6ff, 0xa6ff, 0xa6ff,
  0xa6ff, 0xa6ff, 0xa6ff, 0xa6ff, 0xa6ff, 0xa6ff, 0xa6ff, 0xa6ff, 0xa6ff, 0xa6ff, 0xa6ff, 0xa6ff,
  0xa6ff, 0xa6ff, 0x9edf, 0x9edf, 0x9eff, 0xa6ff, 0x9edf, 0xa6ff, 0xa6ff, 0xa6ff, 0x9eff, 0xa6ff,
  0xa6ff, 0xa6ff, 0xa6ff, 0xa6ff, 0xa6ff, 0xa6df, 0x9eff, 0x9edf, 0x9edf, 0x9eff, 0x9eff, 0x9eff,
  0xa6ff, 0xa6ff, 0xa6ff, 0xa6ff, 0xa6ff, 0xa6ff, 0xa6ff, 0xa6ff, 0xa6ff, 0xa6ff, 0xa6ff, 0xa6ff,
  0xa6ff, 0xa6ff, 0xa6ff, 0xa6ff, 0xa6df, 0x9edf, 0xa6ff, 0xa6ff, 0xa6ff, 0xa6ff, 0xa6ff, 0xa6ff,
  0xa6df, 0xa6df, 0xa6ff, 0xa6ff, 0x9edf, 0x9eff, 0x9eff, 0xa6ff, 0xa6ff, 0xa6ff, 0x9edf, 0x9edf,
  0x9edf, 0xa6df, 0x9edf, 0x9edf, 0x9edf, 0x9edf, 0x9edf, 0xa6ff, 0xa6df, 0x9edf, 0x9edf, 0x9edf,
  0xa6df, 0xa6ff, 0x9edf, 0x9eff, 0x9eff, 0x9edf, 0x9edf, 0x9eff, 0x9eff, 0x9edf, 0x9edf, 0x9edf,
  0x9edf, 0x9edf, 0x9edf, 0x9edf, 0x9edf, 0x9edf, 0x9edf, 0x9edf, 0x9edf, 0x9edf, 0x9edf, 0x9edf,
  0x9edf, 0x9edf, 0x9edf, 0x9edf, 0x9edf, 0x9edf, 0x9edf, 0x9eff, 0x9edf, 0xa6ff, 0x9eff, 0x9edf,
  0x9edf, 0x9edf, 0x9edf, 0x9edf, 0x9edf, 0x9edf, 0x9edf, 0x9edf, 0x9edf, 0x9edf, 0x9edf, 0xaf1f,
  0xc73f, 0x9edf, 0xbf3f, 0xbf1f, 0xbf1f, 0xcf5f, 0xdf7f, 0xdf7f, 0xd77f, 0xd75f, 0x9eff, 0x9eff,
  0xc75f, 0xa6ff, 0xa6ff, 0xa6ff, 0xcf3f, 0xd75f, 0xd77f, 0xd77f, 0xd77f, 0xdf7f, 0xdf7f, 0xdf7f,
  0xd75f, 0xb71f, 0xb71f, 0xb71f, 0xb71f, 0xcf5f, 0xcf5f, 0xc73f, 0xcf5f, 0xcf5f, 0xaf1f, 0xa71f,
  0xa71f, 0xa6ff, 0xa6ff, 0xa6ff, 0xa6ff, 0xa6ff, 0xa6ff, 0xa6ff, 0xa6ff, 0xa71f, 0xa71f, 0xa71f,
  0xa71f, 0xaf1f, 0xbf3f, 0xe79f, 0xe79f, 0xe7bf, 0xcf5f, 0xefdf, 0xe79f, 0xbf3f, 0xaf1f, 0xd79f,
  0xffff, 0xefbf, 0xaf1f, 0xaf1f, 0xa6ff, 0xa6ff, 0xa6ff, 0xa6ff, 0xa6ff, 0xa71f, 0xaf1f, 0xb73f,
  0xe79f, 0xefbf, 0xe7bf, 0xb73f, 0xb71f, 0xe7bf, 0xbf3f, 0xa71f, 0xa71f, 0xa71f, 0xa6ff, 0xa6ff,
  0xa6ff, 0xa6ff, 0xa6ff, 0xa71f, 0xa6ff, 0xa71f, 0xa71f, 0xa71f, 0xa6ff, 0xa71f, 0xb73f, 0xf7df,
  0xffff, 0xffff, 0xffff, 0xffff, 0xffff, 0xffff, 0xf7df, 0xb73f, 0xa71f, 0xa71f, 0xa6ff, 0xa6ff,
  0xa6ff, 0xa6ff, 0xa6ff, 0xa6ff, 0xa6ff, 0xa6ff, 0xa6ff, 0xa6ff, 0xa6ff, 0xa6ff, 0xa6ff, 0xa6ff,
  0xa6ff, 0xa6ff, 0xa6ff, 0xa6ff, 0xa6ff, 0xa6ff, 0xa6ff, 0xa6ff, 0xa6ff, 0xa6ff, 0xa6ff, 0xa6ff,
  0xa6ff, 0xa6ff, 0xa6ff, 0xa6ff, 0xa6ff, 0xa6df, 0xa6ff, 0x9edf, 0x9edf, 0x9edf, 0xa6ff, 0xa6ff,
  0xa6ff, 0xa6ff, 0xa6ff, 0xa6ff, 0xa6ff, 0xa6ff, 0xa6ff, 0xa6ff, 0xa6ff, 0xa6ff, 0xa6ff, 0xa6ff,
  0xa6ff, 0xa6ff, 0xa6ff, 0xa6ff, 0xa6df, 0xa6df, 0xa6df, 0xa6ff, 0xa6ff, 0xa6ff, 0xa6df, 0xa6df,
  0xa6df, 0xa6df, 0xa6ff, 0xa6df, 0xa6df, 0x9edf, 0x9edf, 0xa6ff, 0xa6ff, 0xa6ff, 0xa6ff, 0xa6ff,
  0xa6df, 0xa6df, 0x9edf, 0xa6df, 0xa6df, 0xa6df, 0xa6df, 0xa6df, 0xa6df, 0xa6df, 0xa6ff, 0xa6df,
  0xa6df, 0xa6df, 0xa6df, 0xa6ff, 0xa6df, 0xa6ff, 0xa6df, 0xa6ff, 0xa6df, 0xa6df, 0xa6df, 0x9edf,
  0x9edf, 0x9edf, 0x9edf, 0x9edf, 0x9edf, 0xa6df, 0xa6df, 0xa6df, 0xa6df, 0xa6df, 0x9edf, 0x9edf,
  0x9edf, 0x9edf, 0x9edf, 0x9edf, 0x9edf, 0x9eff, 0x9edf, 0xa6df, 0xa6ff, 0xa6ff, 0xa6ff, 0xa6df,
  0xa6ff, 0xa6ff, 0xa6ff, 0xa6df, 0x9edf, 0xa6df, 0xa6df, 0xa6df, 0xa6df, 0xa6df, 0xa6df, 0xa6ff,
  0xa6ff, 0xa6ff, 0xa6df, 0xa6ff, 0xa6ff, 0xa6ff, 0xa6ff, 0xa6ff, 0xa6ff, 0xa6ff, 0xa6ff, 0xa6ff,
  0xa6ff, 0xa6ff, 0xa6ff, 0xa6ff, 0xa6ff, 0xa6ff, 0xa6ff, 0xa6ff, 0xaf1f, 0xbf3f, 0xbf3f, 0xbf3f,
  0xaf1f, 0xa6ff, 0xa6ff, 0xa71f, 0xa71f, 0xaf1f, 0xaf1f, 0xaf1f, 0xaf1f, 0xaf1f, 0xaf1f, 0xaf1f,
  0xa71f, 0xa71f, 0xa71f, 0xa71f, 0xa71f, 0xa71f, 0xa71f, 0xa71f, 0xaf1f, 0xaf1f, 0xaf1f, 0xaf1f,
  0xaf1f, 0xaf1f, 0xaf1f, 0xaf1f, 0xaf3f, 0xaf3f, 0xaf1f, 0xcf7f, 0xdf9f, 0xcf7f, 0xd79f, 0xffff,
  0xffff, 0xdf9f, 0xaf1f, 0xaf1f, 0xaf1f, 0xa6ff, 0xa6ff, 0xa6ff, 0xaf1f, 0xaf1f, 0xaf1f, 0xaf1f,
  0xaf1f, 0xaf1f, 0xcf7f, 0xf7ff, 0xdf7f, 0xb71f, 0xb73f, 0xaf1f, 0xaf1f, 0xa71f, 0xa6ff, 0xa71f,
  0xaf1f, 0xa71f, 0xaf1f, 0xaf1f, 0xaf1f, 0xaf1f, 0xaf1f, 0xaf1f, 0xaf1f, 0xaf1f, 0xcf5f, 0xf7df,
  0xffff, 0xffff, 0xffff, 0xffff, 0xffff, 0xffff, 0xffff, 0xe7bf, 0xaf1f, 0xaf1f, 0xaf1f, 0xa6ff,
  0xa6ff, 0xa6ff, 0xa6ff, 0xa6ff, 0xa6ff, 0xa6ff, 0xa6ff, 0xa6ff, 0xa6ff, 0xa6ff, 0xa6ff, 0xa6ff,
  0xa6ff, 0xa6ff, 0xa6ff, 0xa6ff, 0xa6ff, 0xa6ff, 0xa6ff, 0xa6ff, 0xa6ff, 0xa6ff, 0xa6ff, 0xa6ff,
  0xa6ff, 0xa6ff, 0xa6ff, 0xa6ff, 0xa6ff, 0xa6ff, 0xa6ff, 0xa6df, 0xa6df, 0xa6ff, 0xa6ff, 0xa6ff,
  0xa6ff, 0xa6ff, 0xa6ff, 0xa6ff, 0xa6ff, 0xa6ff, 0xa6ff, 0xa6ff, 0xa6ff, 0xa6ff, 0xa6ff, 0xa6ff,
  0xa6ff, 0xa6ff, 0xa6ff, 0xa6ff, 0xa6ff, 0xa6df, 0xa6df, 0xa6ff, 0xa6ff, 0xa6ff, 0xa6df, 0xa6ff,
  0xa6ff, 0xa6ff, 0xa6ff, 0xa6ff, 0xa6df, 0xa6df, 0xa6ff, 0xa6ff, 0xa6ff, 0xa6ff, 0xa6ff, 0xa6ff,
  0xa6df, 0xa6df, 0xa6df, 0xa6df, 0xa6df, 0xa6df, 0xa6df, 0xa6df, 0xa6ff, 0xa6ff, 0xa6ff, 0xa6df,
  0xa6df, 0xa6df, 0xa6df, 0xa6ff, 0xa6df, 0xa6ff, 0xa6ff, 0xa6ff, 0xa6ff, 0xa6df, 0xa6df, 0xa6ff,
  0xa6df, 0xa6df, 0xa6df, 0xa6df, 0xa6df, 0xa6df, 0xa6df, 0xa6df, 0xa6ff, 0xa6ff, 0xa6df, 0xa6df,
  0xa6df, 0xa6df, 0xa6df, 0xa6ff, 0xa6df, 0xa6ff, 0xa6ff, 0xa6ff, 0xa6ff, 0xa6ff, 0xa6ff, 0xa6ff,
  0xa6df, 0xa6ff, 0xa6ff, 0xa6ff, 0xa6ff, 0xa6df, 0xa6ff, 0xa6df, 0xa6df, 0xa6ff, 0xa6ff, 0xa6ff,
  0xa6ff, 0xa6ff, 0xa6ff, 0xa6ff, 0xa6ff, 0xa6ff, 0xa6ff, 0xa6ff, 0xa6ff, 0xa6ff, 0xa6ff, 0xa6ff,
  0xa6ff, 0xa6ff, 0xa6ff, 0xa6ff, 0xa6ff, 0xa6ff, 0xa6ff, 0xa6ff, 0xa6ff, 0xa71f, 0xa71f, 0xa6ff,
  0xa6ff, 0xa6ff, 0xa6ff, 0xa71f, 0xaf1f, 0xaf1f, 0xaf1f, 0xaf1f, 0xaf1f, 0xaf1f, 0xaf1f, 0xaf1f,
  0xaf1f, 0xaf1f, 0xaf1f, 0xb71f, 0xd77f, 0xe7bf, 0xe7bf, 0xe7bf, 0xdf9f, 0xcf5f, 0xbf3f, 0xaf1f,
  0xaf1f, 0xaf3f, 0xaf3f, 0xaf3f, 0xb73f, 0xbf3f, 0xdf9f, 0xffff, 0xffff, 0xffff, 0xffff, 0xffff,
  0xdf9f, 0xbf3f, 0xbf5f, 0xd77f, 0xf7df, 0xf7df, 0xefdf, 0xcf5f, 0xb73f, 0xaf1f, 0xaf1f, 0xaf1f,
  0xaf1f, 0xaf1f, 0xb73f, 0xcf7f, 0xc75f, 0xaf3f, 0xaf1f, 0xaf1f, 0xb73f, 0xb73f, 0xbf3f, 0xb71f,
  0xb71f, 0xaf1f, 0xaf1f, 0xaf1f, 0xaf1f, 0xaf1f, 0xcf7f, 0xe79f, 0xbf3f, 0xefdf, 0xf7df, 0xf7df,
  0xffff, 0xffff, 0xffff, 0xffff, 0xffff, 0xffff, 0xffff, 0xf7df, 0xb73f, 0xaf1f, 0xaf1f, 0xaf1f,
  0xa71f, 0xa71f, 0xa71f, 0xa71f, 0xa71f, 0xa6ff, 0xa6ff, 0xa6ff, 0xa6ff, 0xa6ff, 0xa6ff, 0xa6ff,
  0xa6ff, 0xa6ff, 0xa6ff, 0xa6ff, 0xa6ff, 0xa6ff, 0xa6ff, 0xa6ff, 0xa6ff, 0xa6ff, 0xa6ff, 0xa6ff,
  0xa6ff, 0xa6ff, 0xa6ff, 0xa6ff, 0xa6ff, 0xa6ff, 0xa6ff, 0xa6ff, 0xa6ff, 0xa6ff, 0xa6ff, 0xa6ff,
  0xa6ff, 0xa6ff, 0xa6ff, 0xa6ff, 0xa6ff, 0xa6ff, 0xa6ff, 0xa6ff, 0xa6ff, 0xa6ff, 0xa6ff, 0xa6ff,
  0xa6ff, 0xa6ff, 0xa6ff, 0xa6ff, 0xa6ff, 0xa6ff, 0xa6ff, 0xa6ff, 0xa6ff, 0xa6ff, 0xa6ff, 0xa6ff,
  0xa6ff, 0xa6ff, 0xa6ff, 0xa6ff, 0xa6ff, 0xa6ff, 0xa6ff, 0xa6ff, 0xa6ff, 0xa6ff, 0xa6ff, 0xa6ff,
  0xa6ff, 0xa6ff, 0xa6ff, 0xa6ff, 0xa6ff, 0xa6ff, 0xa6ff, 0xa6ff, 0xa6ff, 0xa6ff, 0xa6ff, 0xa6ff,
  0xa6ff, 0xa6ff, 0xa6ff, 0xa6ff, 0xa6ff, 0xa6ff, 0xa6ff, 0xa6ff, 0xa6ff, 0xa6ff, 0xa6ff, 0xa6ff,
  0xa6ff, 0xa6ff, 0xa6ff, 0xa6ff, 0xa6ff, 0xa6ff, 0xa6ff, 0xa6ff, 0xa6ff, 0xa6ff, 0xa6ff, 0xa6ff,
  0xa6ff, 0xa6ff, 0xa6ff, 0xa6ff, 0xa6ff, 0xa6ff, 0xa6ff, 0xa6ff, 0xa6ff, 0xa6ff, 0xa6ff, 0xa6ff,
  0xa6ff, 0xa6ff, 0xa6ff, 0xa6ff, 0xa6ff, 0xa6ff, 0xa6ff, 0xa6ff, 0xa6ff, 0xa6ff, 0xa6ff, 0xa6ff,
  0xa6ff, 0xa6ff, 0xa6ff, 0xa6ff, 0xa6ff, 0xa6ff, 0xa6ff, 0xa6ff, 0xa6ff, 0xa6ff, 0xa6ff, 0xa6ff,
  0xa6ff, 0xa6ff, 0xa6ff, 0xaf1f, 0xa71f, 0xa6ff, 0xa71f, 0xaf1f, 0xaf1f, 0xaf1f, 0xaf1f, 0xaf1f,
  0xaf1f, 0xaf1f, 0xaf1f, 0xaf1f, 0xaf1f, 0xaf1f, 0xaf1f, 0xaf1f, 0xaf1f, 0xaf1f, 0xaf1f, 0xaf1f,
  0xaf1f, 0xaf1f, 0xc75f, 0xf7df, 0xffff, 0xffff, 0xffff, 0xffff, 0xffff, 0xffff, 0xefbf, 0xbf5f,
  0xb73f, 0xaf3f, 0xaf3f, 0xb73f, 0xc75f, 0xf7df, 0xffff, 0xffff, 0xffff, 0xffff, 0xffff, 0xffff,
  0xf7df, 0xe79f, 0xf7df, 0xffff, 0xffff, 0xffff, 0xffff, 0xffff, 0xffff, 0xdf9f, 0xb73f, 0xaf1f,
  0xaf3f, 0xaf3f, 0xaf3f, 0xaf3f, 0xb73f, 0xaf3f, 0xaf3f, 0xbf3f, 0xffff, 0xffff, 0xffff, 0xffff,
  0xf7df, 0xd77f, 0xd79f, 0xc75f, 0xc75f, 0xaf1f, 0xefbf, 0xffff, 0xffff, 0xf7df, 0xf7df, 0xf7df,
  0xf7df, 0xffff, 0xffff, 0xffff, 0xffff, 0xffff, 0xffff, 0xffff, 0xffff, 0xefdf, 0xb71f, 0xaf1f,
  0xaf1f, 0xaf1f, 0xa71f, 0xa71f, 0xa71f, 0xa71f, 0xa6ff, 0xa6ff, 0xa6ff, 0xa6ff, 0xa6ff, 0xa6ff,
  0xa71f, 0xa71f, 0xa71f, 0xa71f, 0xa6ff, 0xa6ff, 0xaeff, 0xa71f, 0xaf1f, 0xa71f, 0xa71f, 0xa71f,
  0xa71f, 0xa71f, 0xa6ff, 0xa71f, 0xa6ff, 0xa6ff, 0xa6ff, 0xa6ff, 0xa6ff, 0xa6ff, 0xa6ff, 0xa6ff,
  0xa6ff, 0xa6ff, 0xa6ff, 0xa6ff, 0xa6ff, 0xa6ff, 0xa6ff, 0xa6ff, 0xa6ff, 0xa6ff, 0xa6ff, 0xa6ff,
  0xa6ff, 0xa6ff, 0xa6ff, 0xa6ff, 0xa6ff, 0xa6ff, 0xa6ff, 0xa6ff, 0xa6ff, 0xa6ff, 0xa6ff, 0xa6ff,
  0xa6ff, 0xa6ff, 0xa6ff, 0xa6ff, 0xa6ff, 0xa6ff, 0xa71f, 0xa71f, 0xa71f, 0xa71f, 0xa71f, 0xa71f,
  0xa6ff, 0xa71f, 0xa6ff, 0xa6ff, 0xa6ff, 0xa6ff, 0xa6ff, 0xa6ff, 0xa6ff, 0xa6ff, 0xa6ff, 0xa6ff,
  0xa71f, 0xa6ff, 0xa6ff, 0xa6ff, 0xa6ff, 0xa6ff, 0xa6ff, 0xa6ff, 0xa6ff, 0xa6ff, 0xa6ff, 0xa6ff,
  0xa6ff, 0xa6ff, 0xa6ff, 0xa6ff, 0xa6ff, 0xa6ff, 0xa6ff, 0xa6ff, 0xa6ff, 0xa6ff, 0xa6ff, 0xa6ff,
  0xa6ff, 0xa6ff, 0xa6ff, 0xa6ff, 0xa6ff, 0xa6ff, 0xa6ff, 0xa6ff, 0xa6ff, 0xa6ff, 0xa6ff, 0xa6ff,
  0xa6ff, 0xa6ff, 0xa6ff, 0xa6ff, 0xa6ff, 0xa6ff, 0xa6ff, 0xa6ff, 0xa6ff, 0xa6ff, 0xa6ff, 0xa6ff,
  0xa6ff, 0xa6ff, 0xa6ff, 0xa6ff, 0xa6ff, 0xa6ff, 0xa6ff, 0xaeff, 0xaeff, 0xa6ff, 0xaeff, 0xaf1f,
  0xaf1f, 0xaf1f, 0xaf1f, 0xaf1f, 0xaf1f, 0xaf1f, 0xaf1f, 0xaf1f, 0xaf1f, 0xaf1f, 0xaf1f, 0xaf1f,
  0xaf1f, 0xaf1f, 0xaf1f, 0xaf1f, 0xaf1f, 0xaf1f, 0xaf1f, 0xaf1f, 0xaf1f, 0xaf1f, 0xaf1f, 0xaf1f,
  0xaf3f, 0xbf3f, 0xffff, 0xffff, 0xffff, 0xffff, 0xffff, 0xffff, 0xffff, 0xffdf, 0xffff, 0xdf9f,
  0xd79f, 0xbf5f, 0xb73f, 0xb73f, 0xd79f, 0xffff, 0xffff, 0xffff, 0xffff, 0xffff, 0xffff, 0xf7df,
  0xffff, 0xffff, 0xffff, 0xffff, 0xffff, 0xffff, 0xffff, 0xffff, 0xffff, 0xf7ff, 0xb73f, 0xb73f,
  0xaf3f, 0xaf3f, 0xb73f, 0xb73f, 0xb73f, 0xb73f, 0xc75f, 0xffff, 0xffff, 0xffff, 0xffff, 0xffff,
  0xffff, 0xffff, 0xffff, 0xffff, 0xd79f, 0xdf9f, 0xf7df, 0xefbf, 0xdf5e, 0xdf5e, 0xf7df, 0xf7df,
  0xf7df, 0xf7df, 0xffff, 0xffff, 0xffff, 0xffff, 0xffff, 0xffff, 0xffff, 0xffff, 0xefdf, 0xf7df,
  0xd77f, 0xaf1f, 0xaf1f, 0xaf1f, 0xaf1f, 0xaf1f, 0xaeff, 0xa6ff, 0xa6ff, 0xa6ff, 0xa6ff, 0xa71f,
  0xaeff, 0xaf1f, 0xaf1f, 0xaf1f, 0xaf1f, 0xaf1f, 0xaeff, 0xaeff, 0xaf1f, 0xaf1f, 0xa6ff, 0xa6ff,
  0xa6ff, 0xa6ff, 0xa6ff, 0xa6ff, 0xa6ff, 0xa6ff, 0xa6ff, 0xa6ff, 0xaeff, 0xaeff, 0xaeff, 0xa6ff,
  0xa6ff, 0xa6ff, 0xa6ff, 0xa6ff, 0xaeff, 0xa6ff, 0xaeff, 0xa6ff, 0xaeff, 0xaeff, 0xa6ff, 0xa6ff,
  0xa6ff, 0xa6ff, 0xa6ff, 0xa6ff, 0xa6ff, 0xaeff, 0xaeff, 0xaeff, 0xaeff, 0xaeff, 0xaeff, 0xaeff,
  0xaeff, 0xaeff, 0xaeff, 0xaeff, 0xa6ff, 0xa6ff, 0xaeff, 0xa6ff, 0xa6ff, 0xa6ff, 0xa6ff, 0xa6ff,
  0xa6ff, 0xa6ff, 0xa6ff, 0xa6ff, 0xa6ff, 0xa6ff, 0xa6ff, 0xa6ff, 0xa6ff, 0xa6ff, 0xa6ff, 0xa6ff,
  0xa6ff, 0xa6ff, 0xa6ff, 0xa6ff, 0xa6ff, 0xa6ff, 0xa6ff, 0xa6ff, 0xa6ff, 0xa6ff, 0xa6ff, 0xa6ff,
  0xa6ff, 0xa6ff, 0xa6ff, 0xa6ff, 0xa6ff, 0xa6ff, 0xa6ff, 0xa6ff, 0xa6ff, 0xa6ff, 0xa6ff, 0xa6ff,
  0xa6ff, 0xa6ff, 0xa6ff, 0xa6ff, 0xa6ff, 0xa6ff, 0xa6ff, 0xa6ff, 0xa6ff, 0xa6ff, 0xa6ff, 0xa6ff,
  0xa6ff, 0xa6ff, 0xa6ff, 0xa6ff, 0xa6ff, 0xa6ff, 0xa6ff, 0xa6ff, 0xa6ff, 0xa6ff, 0xa6ff, 0xa6ff,
  0xaeff, 0xa6ff, 0xa6ff, 0xa6ff, 0xa6ff, 0xa6ff, 0xaeff, 0xaeff, 0xaeff, 0xaeff, 0xaeff, 0xaf1f,
  0xaf1f, 0xaf1f, 0xaf1f, 0xaf1f, 0xaf1f, 0xaf1f, 0xaf1f, 0xaf1f, 0xaf1f, 0xaf1f, 0xaf1f, 0xaf1f,
  0xaf1f, 0xaf1f, 0xaf1f, 0xaf1f, 0xaf1f, 0xaf1f, 0xaf1f, 0xaf1f, 0xaf1f, 0xaf1f, 0xaf3f, 0xaf3f,
  0xaf3f, 0xd77f, 0xffff, 0xffff, 0xffff, 0xffff, 0xffff, 0xffff, 0xf7df, 0xf7df, 0xf7df, 0xffff,
  0xffff, 0xefdf, 0xf7df, 0xc75f, 0xd77f, 0xffff, 0xffff, 0xffff, 0xffff, 0xffff, 0xf7df, 0xefbf,
  0xf7df, 0xffff, 0xffff, 0xffff, 0xffff, 0xffff, 0xffff, 0xffff, 0xffff, 0xffff, 0xbf3f, 0xb73f,
  0xb73f, 0xb73f, 0xb73f, 0xb73f, 0xb75f, 0xcf7f, 0xdf9f, 0xf7df, 0xf7df, 0xf7df, 0xefbf, 0xffff,
  0xffff, 0xffff, 0xffff, 0xffff, 0xffff, 0xffff, 0xf7df, 0xa65d, 0x6d5c, 0xd73e, 0xf7df, 0xf7df,
  0xf7df, 0xf7df, 0xf7df, 0xf7df, 0xf7df, 0xffff, 0xffff, 0xffff, 0xffff, 0xffff, 0xffff, 0xffff,
  0xefbf, 0xaf1f, 0xaf1f, 0xaf1f, 0xaf1f, 0xaf1f, 0xaf1f, 0xaeff, 0xa6ff, 0xa6ff, 0xa71f, 0xaf1f,
  0xaf1f, 0xaf1f, 0xaf1f, 0xaf1f, 0xaf1f, 0xaf1f, 0xaf1f, 0xaf1f, 0xaf1f, 0xaf1f, 0xaeff, 0xaeff,
  0xaeff, 0xaeff, 0xaeff, 0xaeff, 0xaeff, 0xaeff, 0xaeff, 0xaeff, 0xaeff, 0xaeff, 0xaf1f, 0xaeff,
  0xaeff, 0xaeff, 0xaeff, 0xaeff, 0xaeff, 0xaeff, 0xaeff, 0xaeff, 0xaeff, 0xaeff, 0xaeff, 0xaeff,
  0xaeff, 0xaf1f, 0xaf1f, 0xaeff, 0xaeff, 0xaeff, 0xaeff, 0xaeff, 0xaeff, 0xaeff, 0xaeff, 0xaeff,
  0xaeff, 0xaeff, 0xaeff, 0xaeff, 0xaf1f, 0xaeff, 0xaeff, 0xaeff, 0xaeff, 0xa6ff, 0xaeff, 0xa6ff,
  0xaeff, 0xaeff, 0xaeff, 0xaeff, 0xaeff, 0xaeff, 0xaeff, 0xaeff, 0xaeff, 0xaeff, 0xaeff, 0xaeff,
  0xaeff, 0xaeff, 0xaeff, 0xaeff, 0xaeff, 0xaeff, 0xaeff, 0xa6ff, 0xa6ff, 0xa6ff, 0xa6ff, 0xaeff,
  0xaeff, 0xa6ff, 0xa6ff, 0xaeff, 0xaeff, 0xa6ff, 0xa6ff, 0xa6ff, 0xaeff, 0xaeff, 0xaeff, 0xaeff,
  0xaeff, 0xaf1f, 0xaeff, 0xaeff, 0xaeff, 0xa6ff, 0xa6ff, 0xa6ff, 0xa6ff, 0xa6ff, 0xaeff, 0xa6ff,
  0xa6ff, 0xa6ff, 0xa6ff, 0xa6ff, 0xa6ff, 0xa6ff, 0xa6ff, 0xaeff, 0xaeff, 0xaeff, 0xaeff, 0xaeff,
  0xaeff, 0xaf1f, 0xaf1f, 0xaeff, 0xaeff, 0xaeff, 0xaeff, 0xaeff, 0xaeff, 0xaeff, 0xaeff, 0xaf1f,
  0xaf1f, 0xaf1f, 0xaf1f, 0xaf1f, 0xaf1f, 0xaf1f, 0xaf1f, 0xaf1f, 0xaf1f, 0xaf1f, 0xaf1f, 0xaf1f,
  0xaf1f, 0xaf1f, 0xaf1f, 0xaf1f, 0xb73f, 0xb73f, 0xb73f, 0xaf1f, 0xaf1f, 0xaf1f, 0xaf3f, 0xb73f,
  0xcf7f, 0xf7df, 0xffff, 0xffff, 0xffff, 0xffff, 0xffff, 0xffdf, 0xf7df, 0xf7df, 0xffff, 0xffff,
  0xffff, 0xf7df, 0xf7df, 0xf7df, 0xffff, 0xffff, 0xffff, 0xffff, 0xffff, 0xf7df, 0xefbf, 0xefbf,
  0xf7df, 0xffff, 0xffff, 0xffff, 0xffff, 0xffff, 0xffff, 0xffff, 0xffff, 0xffff, 0xdf9f, 0xbf3f,
  0xbf3f, 0xc75f, 0xbf5f, 0xb73f, 0xbf5f, 0xdf9f, 0xe7bf, 0xefbf, 0xefbf, 0xf7df, 0xf7bf, 0xffff,
  0xffff, 0xffff, 0xffff, 0xffff, 0xf7bf, 0xdf3e, 0x95fc, 0x653c, 0x8dfd, 0xcefe, 0xf7bf, 0xf7df,
  0xf7df, 0xf7df, 0xf7df, 0xefbf, 0xefbf, 0xf7df, 0xffff, 0xffff, 0xffff, 0xffff, 0xffff, 0xffff,
  0xdf9f, 0xbf3f, 0xb73f, 0xaf1f, 0xaf1f, 0xaf1f, 0xb71f, 0xb71f, 0xaeff, 0xaeff, 0xaf1f, 0xaf1f,
  0xaf1f, 0xaf1f, 0xaf1f, 0xaf1f, 0xaf1f, 0xaf1f, 0xaf1f, 0xaf1f, 0xaf1f, 0xaf1f, 0xaf1f, 0xaf1f,
  0xaeff, 0xaf1f, 0xaf1f, 0xaf1f, 0xaf1f, 0xaf1f, 0xaf1f, 0xaf1f, 0xaf1f, 0xaf1f, 0xaf1f, 0xaf1f,
  0xaf1f, 0xaf1f, 0xaeff, 0xaf1f, 0xaf1f, 0xaf1f, 0xaf1f, 0xaf1f, 0xaf1f, 0xaf1f, 0xaf1f, 0xaf1f,
  0xaf1f, 0xaf1f, 0xaf1f, 0xaf1f, 0xaf1f, 0xaf1f, 0xaf1f, 0xaf1f, 0xaeff, 0xaeff, 0xaf1f, 0xaf1f,
  0xaf1f, 0xaf1f, 0xaf1f, 0xaf1f, 0xaf1f, 0xaf1f, 0xaf1f, 0xaf1f, 0xaf1f, 0xaf1f, 0xaf1f, 0xaeff,
  0xaeff, 0xaf1f, 0xaf1f, 0xaf1f, 0xaeff, 0xaf1f, 0xaf1f, 0xaf1f, 0xaeff, 0xaf1f, 0xaf1f, 0xaf1f,
  0xaf1f, 0xaf1f, 0xaf1f, 0xaf1f, 0xaf1f, 0xaf1f, 0xaf1f, 0xaf1f, 0xaf1f, 0xaf1f, 0xaf1f, 0xaeff,
  0xaeff, 0xaeff, 0xaeff, 0xaf1f, 0xaeff, 0xaf1f, 0xaeff, 0xaf1f, 0xaf1f, 0xaf1f, 0xaf1f, 0xaf1f,
  0xaf1f, 0xaf1f, 0xaf1f, 0xaf1f, 0xaf1f, 0xaf1f, 0xaf1f, 0xaf1f, 0xaf1f, 0xaf1f, 0xaf1f, 0xaf1f,
  0xaeff, 0xa71f, 0xaf1f, 0xaf1f, 0xaf1f, 0xaf1f, 0xaeff, 0xaf1f, 0xaf1f, 0xaf1f, 0xaf1f, 0xaf1f,
  0xaf1f, 0xaf1f, 0xaf1f, 0xaf1f, 0xaf1f, 0xaf1f, 0xaf1f, 0xaf1f, 0xaf1f, 0xaf1f, 0xaf1f, 0xaf1f,
  0xaf1f, 0xaf1f, 0xaf1f, 0xaf3f, 0xaf3f, 0xb73f, 0xb73f, 0xb73f, 0xb73f, 0xb73f, 0xaf1f, 0xaf1f,
  0xaf3f, 0xb73f, 0xb73f, 0xb73f, 0xb73f, 0xb73f, 0xb73f, 0xb73f, 0xaf3f, 0xaf1f, 0xaf1f, 0xb73f,
  0xf7ff, 0xffff, 0xffff, 0xffff, 0xffff, 0xffff, 0xffff, 0xf7ff, 0xffff, 0xffff, 0xffff, 0xffff,
  0xf7df, 0xefbf, 0xefbf, 0xf7df, 0xffff, 0xf7df, 0xffff, 0xffff, 0xf7df, 0xefbf, 0xefbf, 0xefbf,
  0xf7bf, 0xf7df, 0xefbf, 0xefbf, 0xffdf, 0xffff, 0xffff, 0xffff, 0xffff, 0xffff, 0xefdf, 0xefdf,
  0xffff, 0xffff, 0xd79f, 0xcf7f, 0xcf7f, 0xbf5f, 0xdf9f, 0xefbf, 0xefbf, 0xefbf, 0xefbf, 0xf7bf,
  0xffff, 0xffff, 0xffff, 0xe77e, 0x9e1d, 0x6d5c, 0x651c, 0x653c, 0x963d, 0xc6fe, 0xdf5e, 0xe77f,
  0xefbf, 0xf7df, 0xefbf, 0xefbf, 0xefbf, 0xefbf, 0xf7df, 0xffff, 0xffff, 0xffff, 0xffff, 0xffff,
  0xe79f, 0xffff, 0xf7df, 0xbf3f, 0xaf1f, 0xbf3f, 0xf7df, 0xffff, 0xf7df, 0xf7df, 0xf7df, 0xc77f,
  0xaf1f, 0xaf1f, 0xaf1f, 0xaf1f, 0xaf1f, 0xaf1f, 0xaf1f, 0xaf1f, 0xaf1f, 0xaf1f, 0xaf1f, 0xaf1f,
  0xaf1f, 0xaf1f, 0xaf1f, 0xaf1f, 0xaf1f, 0xaf1f, 0xaf1f, 0xaf1f, 0xaf1f, 0xaf1f, 0xaf1f, 0xaf1f,
  0xaf1f, 0xaf1f, 0xaf1f, 0xaf1f, 0xaf1f, 0xaf1f, 0xaf1f, 0xaf1f, 0xaf1f, 0xaf1f, 0xaf1f, 0xaf1f,
  0xaf1f, 0xaf1f, 0xaf1f, 0xaf1f, 0xaf1f, 0xaf1f, 0xaf1f, 0xaf1f, 0xaf1f, 0xaf1f, 0xaf1f, 0xaf1f,
  0xaf1f, 0xaf1f, 0xaf1f, 0xaf1f, 0xaf1f, 0xaf1f, 0xaf1f, 0xaf1f, 0xaf1f, 0xaf1f, 0xaf1f, 0xaf1f,
  0xaf1f, 0xaf1f, 0xaf1f, 0xaf1f, 0xaf1f, 0xaf1f, 0xaf1f, 0xaf1f, 0xaf1f, 0xaf1f, 0xaf1f, 0xaf1f,
  0xaf1f, 0xaf1f, 0xaf1f, 0xaf1f, 0xaf1f, 0xaf1f, 0xaf1f, 0xaf1f, 0xaf1f, 0xaf1f, 0xaf1f, 0xaf1f,
  0xaf1f, 0xaf1f, 0xaf1f, 0xaf1f, 0xaf1f, 0xaf1f, 0xaf1f, 0xaf1f, 0xaf1f, 0xaf1f, 0xaf1f, 0xaf1f,
  0xaf1f, 0xaf1f, 0xaf1f, 0xaf1f, 0xaf1f, 0xaf1f, 0xaf1f, 0xaf1f, 0xaf1f, 0xaf1f, 0xaf1f, 0xaf1f,
  0xaf1f, 0xaf1f, 0xaf1f, 0xaf1f, 0xaf1f, 0xaf1f, 0xaf1f, 0xaf1f, 0xaf1f, 0xaf1f, 0xaf1f, 0xaf1f,
  0xaf1f, 0xaf1f, 0xaf1f, 0xaf1f, 0xaf1f, 0xaf1f, 0xaf1f, 0xaf1f, 0xaf1f, 0xaf1f, 0xaf1f, 0xaf1f,
  0xaf3f, 0xb73f, 0xb73f, 0xb73f, 0xb73f, 0xb73f, 0xc75f, 0xb73f, 0xb73f, 0xb73f, 0xb73f, 0xb73f,
  0xb73f, 0xb73f, 0xb73f, 0xb73f, 0xb73f, 0xb73f, 0xb73f, 0xb73f, 0xb73f, 0xdf9f, 0xf7df, 0xf7df,
  0xffff, 0xffff, 0xffff, 0xffff, 0xffff, 0xffff, 0xefbf, 0xd73e, 0xe77e, 0xffff, 0xffdf, 0xf7bf,
  0xefbf, 0xefbf, 0xefbf, 0xefbf, 0xf7df, 0xf7df, 0xf7df, 0xf7df, 0xf7df, 0xefbf, 0xf7df, 0xefbf,
  0xefbf, 0xefbf, 0xefbf, 0xefbf, 0xefbf, 0xf7df, 0xf7df, 0xffff, 0xffff, 0xffff, 0xffff, 0xffff,
  0xffff, 0xffff, 0xffff, 0xffff, 0xdf9f, 0xbf5f, 0xcf7f, 0xe79f, 0xefbf, 0xef9f, 0xefbf, 0xefbf,
  0xf7bf, 0xef9f, 0xbebd, 0x6d3c, 0x7d9d, 0x6d3c, 0x651c, 0x653c, 0x963e, 0xb6be, 0xcefe, 0xae7d,
  0xef9f, 0xe79f, 0xefbf, 0xefbf, 0xefbf, 0xefbf, 0xefbf, 0xefbf, 0xf7df, 0xefbf, 0xefbf, 0xf7bf,
  0xffff, 0xffff, 0xffff, 0xdf9f, 0xe79f, 0xf7df, 0xffff, 0xffff, 0xffff, 0xffff, 0xffff, 0xf7df,
  0xd77f, 0xaf1f, 0xaf1f, 0xaf1f, 0xaf1f, 0xaf1f, 0xaf1f, 0xaf1f, 0xaf1f, 0xaf1f, 0xaf1f, 0xaf1f,
  0xaf1f, 0xaf1f, 0xaf1f, 0xaf1f, 0xaf1f, 0xaf1f, 0xaf1f, 0xaf1f, 0xaf1f, 0xaf1f, 0xaf1f, 0xaf1f,
  0xaf1f, 0xaf1f, 0xaf1f, 0xaf1f, 0xaf1f, 0xaf1f, 0xaf1f, 0xaf1f, 0xaf1f, 0xaf1f, 0xaf1f, 0xaf1f,
  0xaf1f, 0xaf1f, 0xaf1f, 0xaf1f, 0xaf1f, 0xaf1f, 0xaf1f, 0xaf1f, 0xaf1f, 0xaf1f, 0xaf1f, 0xaf1f,
  0xaf1f, 0xaf1f, 0xaf1f, 0xaf1f, 0xaf1f, 0xaf1f, 0xaf1f, 0xaf1f, 0xaf1f, 0xaf1f, 0xaf1f, 0xaf1f,
  0xaf1f, 0xaf1f, 0xaf1f, 0xaf1f, 0xaf1f, 0xaf1f, 0xaf1f, 0xaf1f, 0xaf1f, 0xaf1f, 0xaf1f, 0xaf1f,
  0xaf1f, 0xaf1f, 0xaf1f, 0xaf1f, 0xaf1f, 0xaf1f, 0xaf1f, 0xaf1f, 0xaf1f, 0xaf1f, 0xaf1f, 0xaf1f,
  0xaf1f, 0xaf1f, 0xaf1f, 0xaf1f, 0xaf1f, 0xaf1f, 0xaf1f, 0xaf1f, 0xaf1f, 0xaf1f, 0xaf1f, 0xaf1f,
  0xaf1f, 0xaf1f, 0xaf1f, 0xaf1f, 0xaf1f, 0xaf1f, 0xaf1f, 0xaf1f, 0xaf1f, 0xaf1f, 0xaf1f, 0xaf1f,
  0xaf1f, 0xaf1f, 0xaf1f, 0xaf1f, 0xaf1f, 0xaf1f, 0xaf1f, 0xaf1f, 0xaf1f, 0xaf1f, 0xaf1f, 0xaf1f,
  0xaf1f, 0xaf1f, 0xaf1f, 0xaf1f, 0xaf1f, 0xaf1f, 0xaf1f, 0xaf1f, 0xaf1f, 0xaf1f, 0xaf1f, 0xaf1f,
  0xb73f, 0xb73f, 0xb73f, 0xb73f, 0xb73f, 0xb73f, 0xb73f, 0xb73f, 0xb73f, 0xb73f, 0xb73f, 0xb73f,
  0xb73f, 0xb73f, 0xb73f, 0xb73f, 0xb73f, 0xbf5f, 0xbf5f, 0xbf3f, 0xcf7f, 0xffff, 0xffff, 0xffff,
  0xffff, 0xffff, 0xffff, 0xffff, 0xffff, 0xf7df, 0xcf1e, 0xb6be, 0x6d5c, 0xae7d, 0xefbf, 0xf7bf,
  0xf7bf, 0xefbf, 0xefbf, 0xefbf, 0xefdf, 0xf7df, 0xf7df, 0xefbf, 0xefbf, 0xefbf, 0xf7bf, 0xffdf,
  0xefbf, 0xf7bf, 0xefbf, 0xefbf, 0xefbf, 0xefbf, 0xefbf, 0xf7df, 0xffdf, 0xffff, 0xefbf, 0xffff,
  0xffff, 0xffff, 0xffff, 0xffff, 0xefdf, 0xdf9f, 0xcf7f, 0xdf9f, 0xefbf, 0xe7bf, 0xefbf, 0xae7d,
  0xa65d, 0xcf3f, 0x653c, 0x6d5c, 0x757c, 0x6d3c, 0x6d3c, 0x5d3c, 0x85dd, 0x9e5e, 0xb6be, 0x9e3e,
  0xcefe, 0xdf7f, 0xef9f, 0xefbf, 0xefbf, 0xefbf, 0xefbf, 0xdf9f, 0xefbf, 0xf7df, 0xf7bf, 0xefbf,
  0xf7df, 0xf7bf, 0xffdf, 0xffff, 0xffff, 0xffff, 0xf7df, 0xffff, 0xffff, 0xffff, 0xffff, 0xffff,
  0xf7df, 0xc75f, 0xb73f, 0xb73f, 0xaf3f, 0xb73f, 0xaf1f, 0xaf1f, 0xaf1f, 0xaf1f, 0xaf1f, 0xaf1f,
  0xaf1f, 0xaf1f, 0xaf1f, 0xaf1f, 0xaf1f, 0xaf1f, 0xb73f, 0xb71f, 0xb71f, 0xb73f, 0xb71f, 0xb71f,
  0xb71f, 0xaf1f, 0xaf1f, 0xb71f, 0xb71f, 0xb71f, 0xb71f, 0xb71f, 0xb71f, 0xb71f, 0xb71f, 0xb71f,
  0xaf1f, 0xaf1f, 0xaf1f, 0xaf1f, 0xb71f, 0xb71f, 0xb71f, 0xb71f, 0xb71f, 0xb71f, 0xb71f, 0xb71f,
  0xaf1f, 0xaf1f, 0xb71f, 0xaf1f, 0xaf1f, 0xaf1f, 0xb71f, 0xaf1f, 0xaf1f, 0xaf1f, 0xaf1f, 0xaf1f,
  0xaf1f, 0xaf1f, 0xaf1f, 0xaf1f, 0xaf1f, 0xaf1f, 0xaf1f, 0xaf1f, 0xaf1f, 0xaf1f, 0xaf1f, 0xaf1f,
  0xaf1f, 0xaf1f, 0xaf1f, 0xaf1f, 0xaf1f, 0xaf1f, 0xaf1f, 0xaf1f, 0xaf1f, 0xaf1f, 0xaf1f, 0xaf1f,
  0xaf1f, 0xaf1f, 0xaf1f, 0xaf1f, 0xaf1f, 0xaf1f, 0xaf1f, 0xaf1f, 0xaf1f, 0xaf1f, 0xaf1f, 0xaf1f,
  0xaf1f, 0xaf1f, 0xaf1f, 0xaf1f, 0xaf1f, 0xaf1f, 0xaf1f, 0xaf1f, 0xaf1f, 0xaf1f, 0xaf1f, 0xaf1f,
  0xaf1f, 0xaf1f, 0xaf1f, 0xaf1f, 0xaf1f, 0xaf1f, 0xaf1f, 0xaf1f, 0xaf1f, 0xaf1f, 0xaf1f, 0xaf1f,
  0xaf1f, 0xaf1f, 0xaf1f, 0xaf1f, 0xaf1f, 0xaf1f, 0xaf1f, 0xb73f, 0xb73f, 0xb71f, 0xb71f, 0xb73f,
  0xb73f, 0xb73f, 0xb73f, 0xb73f, 0xb73f, 0xb73f, 0xbf5f, 0xb75f, 0xb73f, 0xb73f, 0xb73f, 0xbf5f,
  0xcf7f, 0xcf5f, 0xefbf, 0xdf9f, 0xcf7f, 0xf7df, 0xffff, 0xe7bf, 0xdf9f, 0xffff, 0xffff, 0xffff,
  0xffff, 0xf7df, 0xf7df, 0xffff, 0xffff, 0xe79f, 0xb6be, 0xd73f, 0x653c, 0x655c, 0x85dc, 0xd73e,
  0xefbf, 0xefbf, 0xefbf, 0xefbf, 0xf7df, 0xf7df, 0xefbf, 0xefbf, 0xefbf, 0xf7df, 0xffff, 0xffff,
  0xf7bf, 0xf7bf, 0xefbf, 0xefbf, 0xefbf, 0xefbf, 0xefbf, 0xefbf, 0xefbf, 0xf7bf, 0xefbf, 0xf7df,
  0xffdf, 0xffff, 0xffff, 0xffff, 0xffff, 0xffdf, 0xefbf, 0xe7bf, 0xe79f, 0xae7d, 0x7dbd, 0x5d1b,
  0x7d9c, 0x9e3e, 0x653c, 0x653c, 0x653c, 0x755c, 0x8ddd, 0x653c, 0x8dfd, 0x963e, 0xbede, 0x95fd,
  0xae7e, 0xdf5f, 0xdf5f, 0xe77f, 0xefbf, 0xe79f, 0xdf7f, 0xdf7f, 0xe79f, 0xefbf, 0xf7df, 0xf7df,
  0xf7df, 0xf7df, 0xefbf, 0xefbf, 0xf7df, 0xf7df, 0xf7df, 0xffdf, 0xf7df, 0xffff, 0xf7df, 0xf7df,
  0xffff, 0xefbf, 0xc75f, 0xb73f, 0xb73f, 0xb73f, 0xaf3f, 0xb73f, 0xb73f, 0xb73f, 0xb73f, 0xb73f,
  0xb73f, 0xb73f, 0xb73f, 0xb73f, 0xb73f, 0xb73f, 0xb73f, 0xb73f, 0xb73f, 0xb73f, 0xb73f, 0xb73f,
  0xb73f, 0xb73f, 0xb73f, 0xb73f, 0xb73f, 0xb73f, 0xb73f, 0xb71f, 0xb71f, 0xb73f, 0xb73f, 0xb73f,
  0xb71f, 0xb73f, 0xb71f, 0xb73f, 0xb73f, 0xb73f, 0xb73f, 0xb73f, 0xb73f, 0xb73f, 0xb73f, 0xb73f,
  0xb73f, 0xb73f, 0xb73f, 0xb73f, 0xb73f, 0xb73f, 0xb73f, 0xb73f, 0xb71f, 0xb73f, 0xb71f, 0xb71f,
  0xb73f, 0xb71f, 0xb71f, 0xb73f, 0xb73f, 0xb73f, 0xb73f, 0xb73f, 0xb71f, 0xb73f, 0xb73f, 0xb73f,
  0xb71f, 0xb73f, 0xaf1f, 0xaf1f, 0xb71f, 0xb73f, 0xb73f, 0xb73f, 0xb73f, 0xb73f, 0xb73f, 0xaf1f,
  0xb71f, 0xb71f, 0xb71f, 0xb71f, 0xb73f, 0xb71f, 0xb73f, 0xb71f, 0xb73f, 0xb73f, 0xaf1f, 0xaf1f,
  0xaf1f, 0xb73f, 0xaf1f, 0xb73f, 0xb73f, 0xb73f, 0xb73f, 0xaf3f, 0xaf1f, 0xaf1f, 0xaf1f, 0xaf1f,
  0xaf1f, 0xaf3f, 0xb73f, 0xb73f, 0xb73f, 0xaf1f, 0xaf3f, 0xaf3f, 0xaf3f, 0xaf3f, 0xaf3f, 0xb73f,
  0xb73f, 0xb73f, 0xb73f, 0xb73f, 0xb73f, 0xb73f, 0xc77f, 0xe7bf, 0xe7bf, 0xe79f, 0xbf3f, 0xb73f,
  0xb73f, 0xb73f, 0xb73f, 0xbf3f, 0xbf5f, 0xbf5f, 0xbf5f, 0xbf5f, 0xbf5f, 0xbf5f, 0xc75f, 0xe7bf,
  0xffff, 0xffff, 0xffff, 0xffff, 0xffff, 0xffff, 0xffff, 0xffff, 0xf7df, 0xf7df, 0xffff, 0xffff,
  0xf7df, 0xefbf, 0xefbf, 0xf7df, 0xf7bf, 0xc6ff, 0xae7e, 0xd75f, 0x6d5c, 0x655c, 0x6d5c, 0x7dbc,
  0xa65d, 0xbebe, 0xefbf, 0xefbf, 0xf7df, 0xefbf, 0xefbf, 0xffff, 0xffff, 0xffff, 0xffff, 0xf7df,
  0xe79f, 0xf7df, 0xf7df, 0xef9f, 0xefbf, 0xefbf, 0xefbf, 0xefbf, 0xe79f, 0xe79f, 0xefbf, 0xefbf,
  0xefbf, 0xefbf, 0xf7bf, 0xefbf, 0xef9f, 0xd71e, 0xae5d, 0xae5d, 0x757d, 0x757d, 0x655c, 0x6d5c,
  0x7dbd, 0x653c, 0x6d5c, 0x653c, 0x653c, 0x6d5c, 0x8ddd, 0x759c, 0x6d5c, 0xae7e, 0xc6fe, 0x85bd,
  0xa63e, 0xcefe, 0xd71f, 0xcf1f, 0xd73f, 0xdf7f, 0xe79f, 0xdf9f, 0xdf9f, 0xe79f, 0xefbf, 0xf7df,
  0xefbf, 0xdf7f, 0xdf7f, 0xefbf, 0xefbf, 0xefbf, 0xefbf, 0xefbf, 0xf7bf, 0xefbf, 0xefbf, 0xefbf,
  0xefbf, 0xcf7f, 0xbf5f, 0xb73f, 0xb73f, 0xc77f, 0xcf5f, 0xc75f, 0xbf3f, 0xb73f, 0xb73f, 0xb73f,
  0xb73f, 0xb73f, 0xb73f, 0xb73f, 0xb73f, 0xb71f, 0xb73f, 0xb73f, 0xb73f, 0xb73f, 0xb73f, 0xb73f,
  0xb73f, 0xb73f, 0xb73f, 0xb73f, 0xb73f, 0xb73f, 0xb73f, 0xb73f, 0xb73f, 0xb73f, 0xb73f, 0xb73f,
  0xb73f, 0xb73f, 0xb73f, 0xb73f, 0xb73f, 0xb73f, 0xb73f, 0xb73f, 0xb73f, 0xb73f, 0xb73f, 0xb73f,
  0xb73f, 0xb73f, 0xb73f, 0xb73f, 0xb73f, 0xb73f, 0xb73f, 0xb73f, 0xb73f, 0xb73f, 0xb71f, 0xb73f,
  0xb73f, 0xb73f, 0xb73f, 0xb73f, 0xb73f, 0xb73f, 0xb73f, 0xb73f, 0xb73f, 0xb73f, 0xb73f, 0xb73f,
  0xb73f, 0xb73f, 0xb73f, 0xaf3f, 0xb71f, 0xb73f, 0xb73f, 0xb73f, 0xb73f, 0xb73f, 0xb73f, 0xb73f,
  0xb71f, 0xb73f, 0xb73f, 0xb73f, 0xb73f, 0xb73f, 0xb73f, 0xb73f, 0xb73f, 0xb73f, 0xb73f, 0xb73f,
  0xb73f, 0xb73f, 0xb73f, 0xb73f, 0xb73f, 0xb73f, 0xaf3f, 0xaf3f, 0xaf1f, 0xaf1f, 0xaf1f, 0xaf1f,
  0xbf3f, 0xdf9f, 0xe7bf, 0xffff, 0xffff, 0xd77f, 0xb73f, 0xb73f, 0xb73f, 0xb73f, 0xb73f, 0xb73f,
  0xb73f, 0xb73f, 0xb73f, 0xb73f, 0xcf7f, 0xffff, 0xffff, 0xffff, 0xffff, 0xffff, 0xffff, 0xe7bf,
  0xbf3f, 0xbf3f, 0xbf3f, 0xbf3f, 0xbf5f, 0xbf5f, 0xbf5f, 0xbf5f, 0xbf5f, 0xdf9f, 0xffff, 0xffff,
  0xffff, 0xffff, 0xffff, 0xffff, 0xffff, 0xffff, 0xffff, 0xffff, 0xf7df, 0xf7df, 0xf7df, 0xefdf,
  0xefbf, 0xefbf, 0xefbf, 0xf7df, 0xdf7f, 0x9e5e, 0xa65e, 0xcf1e, 0x7d9c, 0x757c, 0x655c, 0x6d7c,
  0x759c, 0x7dbd, 0xc6de, 0xefbf, 0xf7bf, 0xefbf, 0xf7bf, 0xffff, 0xffff, 0xffff, 0xffdf, 0xefbf,
  0xdf7f, 0xdf9f, 0xefbf, 0xefbf, 0xe79f, 0xefbf, 0xe79f, 0xdf7f, 0xdf7f, 0xe79f, 0xe79f, 0xdf5f,
  0xd73e, 0xe79f, 0xe77f, 0xc6fe, 0xae9e, 0xb69e, 0x759d, 0x653c, 0x6d5c, 0x759d, 0x653c, 0x6d5c,
  0x653c, 0x653c, 0x757c, 0x653c, 0x653c, 0x653c, 0x9e1e, 0x8dfd, 0x655c, 0x9e3e, 0xc6fe, 0x961d,
  0x9e1d, 0xbede, 0xe77f, 0xd75f, 0xbedf, 0xd73f, 0xefbf, 0xe79f, 0xe79f, 0xe79f, 0xe79f, 0xe79f,
  0xe79f, 0xdf7f, 0xdf7f, 0xe79f, 0xe79f, 0xe79f, 0xe79f, 0xe7bf, 0xe7bf, 0xefbf, 0xefbf, 0xe79f,
  0xc75f, 0xb73f, 0xb73f, 0xb75f, 0xcf7f, 0xefdf, 0xffff, 0xffff, 0xf7df, 0xd77f, 0xcf5f, 0xbf3f,
  0xb73f, 0xb73f, 0xb73f, 0xb73f, 0xb73f, 0xb73f, 0xb73f, 0xb73f, 0xb73f, 0xb73f, 0xb73f, 0xb73f,
  0xb73f, 0xb73f, 0xb73f, 0xb73f, 0xb73f, 0xb73f, 0xb73f, 0xb73f, 0xb73f, 0xb73f, 0xb73f, 0xb73f,
  0xb73f, 0xb73f, 0xb73f, 0xb73f, 0xb73f, 0xb73f, 0xb73f, 0xb73f, 0xb73f, 0xb73f, 0xb73f, 0xb73f,
  0xb73f, 0xb73f, 0xb73f, 0xb73f, 0xb73f, 0xb73f, 0xb73f, 0xb73f, 0xb73f, 0xb73f, 0xb73f, 0xb73f,
  0xb73f, 0xb73f, 0xb73f, 0xb73f, 0xb73f, 0xb73f, 0xb73f, 0xb73f, 0xb73f, 0xb73f, 0xb73f, 0xb73f,
  0xb73f, 0xb73f, 0xb73f, 0xb73f, 0xb73f, 0xb73f, 0xb73f, 0xb73f, 0xb73f, 0xb73f, 0xb73f, 0xb73f,
  0xb73f, 0xb73f, 0xb73f, 0xb73f, 0xb73f, 0xb73f, 0xb73f, 0xb73f, 0xb73f, 0xb73f, 0xb73f, 0xb73f,
  0xb73f, 0xb73f, 0xb73f, 0xb73f, 0xb73f, 0xb73f, 0xaf3f, 0xb73f, 0xb73f, 0xb73f, 0xb73f, 0xcf5f,
  0xefbf, 0xf7df, 0xffff, 0xf7df, 0xf7df, 0xf7df, 0xe7bf, 0xb75f, 0xc75f, 0xd79f, 0xdf9f, 0xdf9f,
  0xb73f, 0xb73f, 0xb73f, 0xc75f, 0xffff, 0xffff, 0xffff, 0xffff, 0xffff, 0xffff, 0xffff, 0xffff,
  0xdf9f, 0xefbf, 0xc75f, 0xbf5f, 0xcf7f, 0xdfbf, 0xcf7f, 0xbf5f, 0xbf5f, 0xe7bf, 0xffff, 0xffff,
  0xffff, 0xffdf, 0xffff, 0xffff, 0xffff, 0xf7df, 0xffff, 0xffdf, 0xefbf, 0xefbf, 0xefbf, 0xefbf,
  0xefbf, 0xf7bf, 0xefbf, 0xf7df, 0xae9e, 0x963e, 0xae9e, 0xb67e, 0x8ddd, 0x7dbc, 0x6d5c, 0x653c,
  0x6d5c, 0x7dbd, 0x6d9d, 0xbe9d, 0xdf5f, 0xd73e, 0xdf5f, 0xf7df, 0xf7df, 0xf7bf, 0xefbf, 0xefbf,
  0xd75f, 0xd75f, 0xdf7f, 0xe79f, 0xe77f, 0xe77f, 0xe79f, 0xe79f, 0xe79f, 0xdf7f, 0xc6fe, 0x95fc,
  0x95fd, 0x85bc, 0x857c, 0x9e3d, 0xb6be, 0x8dfd, 0x6d7d, 0x653c, 0x759c, 0x653c, 0x653c, 0x653c,
  0x653c, 0x655c, 0x7d9d, 0x655c, 0x6d5c, 0x961d, 0x9e3e, 0x95fd, 0x7dbd, 0x85dd, 0xae7e, 0x8ddd,
  0x85dd, 0xae9e, 0xdf5e, 0xefbf, 0xbede, 0xb6bf, 0xe77f, 0xe79f, 0xdf9f, 0xdf9f, 0xdf9f, 0xdf9f,
  0xe79f, 0xe79f, 0xe79f, 0xdf9f, 0xe79f, 0xe79f, 0xe79f, 0xe79f, 0xe79f, 0xd77f, 0xcf5f, 0xcf7f,
  0xb73f, 0xb73f, 0xcf5f, 0xcf7f, 0xc75f, 0xdf7f, 0xe79f, 0xe79f, 0xdf9f, 0xdf9f, 0xdf9f, 0xd77f,
  0xb73f, 0xcf7f, 0xcf7f, 0xc75f, 0xcf5f, 0xbf3f, 0xb73f, 0xb73f, 0xb73f, 0xb73f, 0xb73f, 0xb73f,
  0xb73f, 0xb73f, 0xb73f, 0xb73f, 0xb73f, 0xb73f, 0xb73f, 0xb73f, 0xb73f, 0xbf3f, 0xb73f, 0xb73f,
  0xb73f, 0xb73f, 0xb73f, 0xbf3f, 0xb73f, 0xb73f, 0xb73f, 0xb73f, 0xb73f, 0xb73f, 0xb73f, 0xb73f,
  0xb73f, 0xb73f, 0xbf3f, 0xb73f, 0xb73f, 0xbf3f, 0xbf3f, 0xbf3f, 0xb73f, 0xb73f, 0xb73f, 0xb73f,
  0xb73f, 0xb73f, 0xb73f, 0xb73f, 0xb73f, 0xb73f, 0xb73f, 0xb73f, 0xb73f, 0xb73f, 0xbf3f, 0xb73f,
  0xb73f, 0xb73f, 0xb73f, 0xb73f, 0xb73f, 0xb73f, 0xb73f, 0xb73f, 0xb73f, 0xb73f, 0xb73f, 0xb73f,
  0xb73f, 0xb73f, 0xb73f, 0xb73f, 0xb73f, 0xb73f, 0xb73f, 0xb73f, 0xb73f, 0xb73f, 0xb73f, 0xb73f,
  0xb73f, 0xb73f, 0xb73f, 0xb73f, 0xbf3f, 0xc75f, 0xb73f, 0xcf7f, 0xbf5f, 0xcf7f, 0xd79f, 0xd77f,
  0xcf7f, 0xd77f, 0xdf7f, 0xd77f, 0xdf9f, 0xcf7f, 0xbf5f, 0xb75f, 0xbf5f, 0xbf5f, 0xbf5f, 0xbf5f,
  0xb75f, 0xb73f, 0xb73f, 0xe7bf, 0xffff, 0xffff, 0xffff, 0xffff, 0xffff, 0xffff, 0xffff, 0xffff,
  0xffff, 0xffff, 0xdf9f, 0xd79f, 0xdf9f, 0xcf7f, 0xc75f, 0xbf5f, 0xd79f, 0xe7bf, 0xf7df, 0xffff,
  0xffff, 0xf7df, 0xffdf, 0xffff, 0xffff, 0xf7df, 0xf7df, 0xf7df, 0xf7bf, 0xf7bf, 0xf7df, 0xf7df,
  0xf7bf, 0xf7df, 0xffff, 0xd75f, 0x9e5e, 0x8e1e, 0xb6be, 0xae7e, 0x8dfd, 0x8dfd, 0x6d5c, 0x653c,
  0x653c, 0x653c, 0x757c, 0x7d9c, 0x6d5c, 0x6d7c, 0x7dbc, 0xcf1e, 0xefbf, 0xefbf, 0xefbf, 0xefbf,
  0xcf3f, 0xcf3f, 0xd75f, 0xe79f, 0xe79f, 0xe79f, 0xe79f, 0xe79f, 0xb69d, 0x85bc, 0x6d3b, 0xa65d,
  0x9e1d, 0x961d, 0x755c, 0xae7e, 0x8dfd, 0x6d7d, 0x655c, 0x653c, 0x653c, 0x653c, 0x653c, 0x653c,
  0x653c, 0x653c, 0x6d5c, 0x6d5c, 0x6d5c, 0x961d, 0xae7e, 0x95fd, 0x85bd, 0x759c, 0x961d, 0x9e3d,
  0x7d9c, 0x961d, 0xa65e, 0xe79f, 0xdf5f, 0xbebf, 0xbeff, 0xdf7f, 0xd79f, 0xcf7f, 0xc77f, 0xc75f,
  0xc75f, 0xd77f, 0xd77f, 0xcf7f, 0xd77f, 0xd77f, 0xc75f, 0xc75f, 0xcf7f, 0xd77f, 0xcf7f, 0xd77f,
  0xc75f, 0xbf3f, 0xb73f, 0xbf5f, 0xbf5f, 0xbf5f, 0xbf5f, 0xbf5f, 0xbf5f, 0xbf5f, 0xbf5f, 0xbf5f,
  0xb75f, 0xb75f, 0xbf5f, 0xbf5f, 0xbf5f, 0xbf5f, 0xbf5f, 0xbf5f, 0xbf5f, 0xbf5f, 0xbf5f, 0xbf5f,
  0xbf5f, 0xb73f, 0xb73f, 0xb75f, 0xbf5f, 0xbf5f, 0xbf5f, 0xbf3f, 0xbf3f, 0xbf5f, 0xbf3f, 0xbf5f,
  0xbf5f, 0xbf5f, 0xbf5f, 0xbf5f, 0xbf5f, 0xbf3f, 0xb73f, 0xb73f, 0xb73f, 0xb73f, 0xb73f, 0xbf3f,
  0xbf3f, 0xbf3f, 0xbf5f, 0xbf5f, 0xbf5f, 0xbf5f, 0xbf5f, 0xbf5f, 0xbf5f, 0xbf5f, 0xbf5f, 0xbf5f,
  0xbf5f, 0xbf5f, 0xbf3f, 0xbf5f, 0xbf5f, 0xbf3f, 0xbf3f, 0xbf5f, 0xbf3f, 0xbf5f, 0xbf5f, 0xbf5f,
  0xbf5f, 0xbf5f, 0xbf5f, 0xb75f, 0xb73f, 0xb73f, 0xb73f, 0xb73f, 0xb73f, 0xb73f, 0xb73f, 0xb73f,
  0xbf3f, 0xbf3f, 0xb73f, 0xb73f, 0xb73f, 0xb73f, 0xbf3f, 0xbf3f, 0xbf5f, 0xb75f, 0xbf5f, 0xbf5f,
  0xbf3f, 0xbf5f, 0xbf3f, 0xbf3f, 0xbf3f, 0xb73f, 0xb73f, 0xb75f, 0xb73f, 0xbf5f, 0xbf5f, 0xbf5f,
  0xbf5f, 0xbf5f, 0xbf5f, 0xbf5f, 0xbf5f, 0xbf5f, 0xbf5f, 0xbf5f, 0xbf5f, 0xbf5f, 0xb75f, 0xb75f,
  0xb75f, 0xbf5f, 0xbf5f, 0xefdf, 0xffff, 0xffff, 0xffff, 0xffff, 0xffff, 0xffff, 0xffff, 0xf7df,
  0xffdf, 0xffff, 0xffff, 0xffff, 0xffff, 0xf7df, 0xffff, 0xd79f, 0xc77f, 0xc77f, 0xe79f, 0xefbf,
  0xffff, 0xf7df, 0xf7df, 0xf7df, 0xf7df, 0xefbf, 0xf7df, 0xefbf, 0xe79f, 0xefbf, 0xefbf, 0xef9f,
  0xcf1f, 0xc71f, 0xe79f, 0xae9e, 0xcf1f, 0x963e, 0xae9e, 0x961d, 0x759c, 0xae7d, 0x95fd, 0x653c,
  0x653c, 0x653c, 0x653c, 0x6d5c, 0x757c, 0x655c, 0x653c, 0x759c, 0x8dfd, 0xc6fe, 0xd73e, 0xd73e,
  0x653c, 0x963e, 0xc71f, 0xd73f, 0xe79f, 0xe79f, 0xcf1e, 0x961d, 0x759d, 0x85bc, 0x95fd, 0x85bc,
  0xae7e, 0x7dbc, 0xa67e, 0x961d, 0x6d5c, 0x653c, 0x653c, 0x653c, 0x653c, 0x653c, 0x653c, 0x653c,
  0x653c, 0x653c, 0x653c, 0x6d5c, 0x6d5c, 0x6d5c, 0xae7e, 0xc6ff, 0x6d7c, 0x759c, 0x961d, 0x9e3d,
  0x963d, 0x85dd, 0x9e5e, 0xc6ff, 0xcf1f, 0xb6bf, 0xbedf, 0xcf1f, 0xf7bf, 0xe79f, 0xdf9f, 0xc77f,
  0xc77f, 0xc75f, 0xc75f, 0xc75f, 0xbf5f, 0xbf7f, 0xc77f, 0xc77f, 0xc77f, 0xc75f, 0xbf5f, 0xbf5f,
  0xbf5f, 0xbf5f, 0xbf5f, 0xbf5f, 0xbf5f, 0xbf5f, 0xbf5f, 0xbf5f, 0xbf5f, 0xbf5f, 0xbf5f, 0xbf5f,
  0xbf5f, 0xbf5f, 0xbf5f, 0xbf5f, 0xbf5f, 0xbf5f, 0xbf5f, 0xbf5f, 0xbf5f, 0xbf5f, 0xbf5f, 0xbf5f,
  0xbf5f, 0xbf5f, 0xbf3f, 0xbf5f, 0xbf5f, 0xbf5f, 0xbf5f, 0xbf5f, 0xbf5f, 0xbf5f, 0xbf5f, 0xbf5f,
  0xbf5f, 0xbf5f, 0xbf5f, 0xbf5f, 0xbf5f, 0xbf5f, 0xbf3f, 0xb75f, 0xbf5f, 0xbf3f, 0xbf3f, 0xbf5f,
  0xbf5f, 0xbf5f, 0xbf5f, 0xbf5f, 0xbf5f, 0xbf5f, 0xbf5f, 0xbf5f, 0xbf5f, 0xbf5f, 0xbf5f, 0xbf5f,
  0xbf5f, 0xbf5f, 0xbf5f, 0xbf5f, 0xbf5f, 0xbf5f, 0xbf5f, 0xbf5f, 0xbf5f, 0xbf5f, 0xbf5f, 0xbf5f,
  0xbf5f, 0xbf5f, 0xbf5f, 0xbf5f, 0xbf5f, 0xbf5f, 0xbf3f, 0xbf3f, 0xbf5f, 0xb73f, 0xbf3f, 0xbf5f,
  0xbf5f, 0xbf5f, 0xbf5f, 0xbf5f, 0xbf3f, 0xbf3f, 0xbf5f, 0xbf5f, 0xbf5f, 0xbf5f, 0xbf5f, 0xbf5f,
  0xbf5f, 0xbf5f, 0xbf5f, 0xbf3f, 0xbf3f, 0xbf3f, 0xbf3f, 0xbf5f, 0xbf5f, 0xbf5f, 0xbf5f, 0xbf5f,
  0xbf5f, 0xbf5f, 0xbf5f, 0xbf5f, 0xbf5f, 0xbf5f, 0xbf5f, 0xbf5f, 0xbf5f, 0xbf5f, 0xbf5f, 0xbf5f,
  0xbf5f, 0xd79f, 0xf7ff, 0xffff, 0xffff, 0xffff, 0xffff, 0xffff, 0xffff, 0xffdf, 0xefbf, 0xefbf,
  0xf7df, 0xffdf, 0xffff, 0xffff, 0xffff, 0xffff, 0xffff, 0xffff, 0xf7df, 0xefdf, 0xcf7f, 0xdf9f,
  0xefbf, 0xefbf, 0xefbf, 0xefbf, 0xefbf, 0xefbf, 0xefbf, 0xe79f, 0xe79f, 0xefbf, 0xf7df, 0xd73f,
  0xbeff, 0xc6ff, 0xbede, 0xa67e, 0xb69e, 0x9e5e, 0x963e, 0x85dd, 0x759d, 0xcf1e, 0x8dfd, 0x653c,
  0x653c, 0x653c, 0x653c, 0x653c, 0x6d5c, 0x653c, 0x653c, 0x653c, 0x7dbc, 0x961d, 0x759d, 0x6d9d,
  0x5d1b, 0x653c, 0x7dbd, 0x8dfd, 0xbede, 0xb6be, 0x8dfd, 0x759d, 0x85dd, 0x85bc, 0x653c, 0x651b,
  0x7d9c, 0xae9e, 0xa65e, 0x7d9c, 0x6d5c, 0x653c, 0x653c, 0x653c, 0x653c, 0x653c, 0x653c, 0x653c,
  0x653c, 0x653c, 0x653c, 0x6d7c, 0x8dfd, 0x759c, 0x85dd, 0xcf1f, 0x961d, 0x6d5c, 0x85dd, 0x963d,
  0x963d, 0x9e5d, 0x963d, 0xb6be, 0xdf5f, 0xb69e, 0xb6be, 0xb6be, 0xc6fe, 0xae9e, 0xe79f, 0xdf7f,
  0xcf7f, 0xc77f, 0xc77f, 0xc77f, 0xc77f, 0xc77f, 0xc77f, 0xc77f, 0xc77f, 0xc77f, 0xc75f, 0xbf5f,
  0xbf5f, 0xbf5f, 0xbf5f, 0xbf5f, 0xbf5f, 0xbf5f, 0xbf5f, 0xbf5f, 0xbf5f, 0xbf5f, 0xbf5f, 0xbf5f,
  0xbf5f, 0xbf5f, 0xbf5f, 0xbf5f, 0xbf5f, 0xbf5f, 0xbf5f, 0xbf5f, 0xbf5f, 0xbf5f, 0xbf5f, 0xbf5f,
  0xbf5f, 0xbf5f, 0xbf5f, 0xbf5f, 0xbf5f, 0xbf5f, 0xbf5f, 0xbf5f, 0xbf5f, 0xbf5f, 0xbf5f, 0xbf5f,
  0xbf3f, 0xbf5f, 0xbf5f, 0xbf5f, 0xbf5f, 0xbf5f, 0xbf5f, 0xbf5f, 0xbf5f, 0xbf5f, 0xbf5f, 0xbf5f,
  0xbf5f, 0xbf5f, 0xbf5f, 0xbf5f, 0xbf5f, 0xbf5f, 0xbf5f, 0xbf5f, 0xbf5f, 0xbf5f, 0xbf5f, 0xbf5f,
  0xbf5f, 0xbf5f, 0xbf5f, 0xbf5f, 0xbf5f, 0xbf5f, 0xbf5f, 0xbf5f, 0xbf5f, 0xbf5f, 0xbf5f, 0xbf5f,
  0xbf5f, 0xbf5f, 0xbf5f, 0xbf5f, 0xbf5f, 0xbf5f, 0xbf5f, 0xbf5f, 0xbf5f, 0xbf3f, 0xbf5f, 0xbf5f,
  0xbf5f, 0xbf3f, 0xbf5f, 0xbf3f, 0xbf3f, 0xbf5f, 0xbf5f, 0xbf5f, 0xbf5f, 0xbf5f, 0xbf5f, 0xbf5f,
  0xbf5f, 0xbf5f, 0xbf5f, 0xbf5f, 0xbf5f, 0xbf5f, 0xbf5f, 0xbf5f, 0xbf5f, 0xbf5f, 0xbf5f, 0xbf5f,
  0xbf5f, 0xbf5f, 0xbf5f, 0xbf5f, 0xbf5f, 0xbf5f, 0xbf5f, 0xbf5f, 0xbf5f, 0xbf5f, 0xbf5f, 0xdf9f,
  0xefdf, 0xffff, 0xffff, 0xffff, 0xffff, 0xffff, 0xffff, 0xffff, 0xffff, 0xf7df, 0xf7df, 0xf7df,
  0xf7bf, 0xf7df, 0xf7df, 0xffdf, 0xf7df, 0xf7df, 0xf7df, 0xf7df, 0xefbf, 0xdfbf, 0xd79f, 0xd79f,
  0xdf9f, 0xdf9f, 0xdf9f, 0xdf9f, 0xdf9f, 0xdf9f, 0xe79f, 0xe79f, 0xe79f, 0xefbf, 0xcf3f, 0xbeff,
  0xaebf, 0xbefe, 0x9e5e, 0xa65e, 0xb69e, 0xae9e, 0x8e1d, 0x85fd, 0xa65d, 0xcf1e, 0x961e, 0x7dbd,
  0x653c, 0x653c, 0x653c, 0x653c, 0x653c, 0x653c, 0x653c, 0x5d1c, 0x653c, 0x7d9d, 0x759c, 0x6d5c,
  0x5d1b, 0x5d1b, 0x6d7c, 0xa65e, 0xa67e, 0x85dd, 0x6d7d, 0x759d, 0x7d9c, 0x5d1c, 0x5d1b, 0x757c,
  0x757c, 0x757c, 0x6d5c, 0x653c, 0x653c, 0x6d5c, 0x7d7c, 0x651c, 0x6d5c, 0x6d5c, 0x653c, 0x653c,
  0x653c, 0x653c, 0x655c, 0x655c, 0x7dbd, 0x7dbd, 0x85dd, 0xb69e, 0xb69e, 0x6d7c, 0x7dbc, 0x961d,
  0x8e1d, 0x8dfd, 0x963d, 0x9e3e, 0xd73f, 0xc6fe, 0xbede, 0xb6be, 0x85fd, 0x963e, 0xa67e, 0xbede,
  0xc6fe, 0xdf7f, 0xcf7f, 0xc77f, 0xcf7f, 0xdf9f, 0xc77f, 0xc77f, 0xc77f, 0xc77f, 0xc77f, 0xc77f,
  0xc75f, 0xbf5f, 0xbf5f, 0xbf5f, 0xbf5f, 0xc77f, 0xbf5f, 0xc75f, 0xc77f, 0xc77f, 0xbf7f, 0xbf5f,
  0xbf5f, 0xbf5f, 0xcf7f, 0xcf7f, 0xcf7f, 0xc75f, 0xbf5f, 0xbf5f, 0xbf5f, 0xbf5f, 0xbf5f, 0xbf5f,
  0xbf5f, 0xbf5f, 0xbf5f, 0xbf5f, 0xbf5f, 0xbf5f, 0xbf5f, 0xbf5f, 0xbf5f, 0xbf5f, 0xbf5f, 0xbf5f,
  0xbf5f, 0xbf5f, 0xbf5f, 0xbf5f, 0xbf5f, 0xbf5f, 0xbf5f, 0xbf5f, 0xbf5f, 0xbf5f, 0xbf5f, 0xbf5f,
  0xbf5f, 0xbf5f, 0xbf5f, 0xbf5f, 0xbf5f, 0xbf5f, 0xbf5f, 0xbf5f, 0xbf5f, 0xbf5f, 0xbf5f, 0xbf5f,
  0xbf5f, 0xbf5f, 0xbf5f, 0xbf5f, 0xbf5f, 0xbf5f, 0xbf5f, 0xbf5f, 0xbf5f, 0xbf5f, 0xbf5f, 0xbf5f,
  0xbf5f, 0xbf5f, 0xbf5f, 0xbf5f, 0xbf5f, 0xbf5f, 0xbf5f, 0xbf5f, 0xbf5f, 0xbf5f, 0xbf5f, 0xbf5f,
  0xbf5f, 0xbf5f, 0xbf5f, 0xbf5f, 0xbf5f, 0xbf5f, 0xbf5f, 0xbf5f, 0xbf5f, 0xbf5f, 0xbf5f, 0xbf5f,
  0xbf5f, 0xbf5f, 0xbf5f, 0xbf5f, 0xbf5f, 0xbf5f, 0xbf5f, 0xbf5f, 0xbf5f, 0xbf5f, 0xbf5f, 0xbf5f,
  0xbf5f, 0xbf5f, 0xbf5f, 0xbf5f, 0xbf5f, 0xbf5f, 0xbf7f, 0xbf5f, 0xbf5f, 0xbf5f, 0xcf7f, 0xffff,
  0xffff, 0xffff, 0xffff, 0xffff, 0xffff, 0xffff, 0xffff, 0xf7df, 0xf7df, 0xefdf, 0xefbf, 0xefbf,
  0xefbf, 0xf7df, 0xf7bf, 0xcf1f, 0xb69e, 0x759d, 0xae7d, 0xefdf, 0xefbf, 0xf7df, 0xffff, 0xefdf,
  0xe7bf, 0xefbf, 0xe7bf, 0xdf9f, 0xe7bf, 0xdf9f, 0xefbf, 0xf7bf, 0xf7bf, 0xcf1f, 0xa69e, 0xb6df,
  0xaebe, 0xd73f, 0xbede, 0xb6be, 0xcf1e, 0x9e5e, 0x85dd, 0x75bd, 0xb6be, 0xbede, 0x8dfd, 0x6d5c,
  0x653c, 0x653c, 0x653c, 0x653c, 0x653c, 0x653c, 0x653c, 0x5d1c, 0x5d1b, 0x759d, 0x6d3c, 0x6d5c,
  0x5d1b, 0x757c, 0xb69e, 0xb69e, 0x6d5c, 0x653c, 0x653c, 0x6d7c, 0x6d5c, 0x5cfb, 0x5d1b, 0x653c,
  0x5d1b, 0x5d1c, 0x651c, 0x653c, 0x653c, 0x7d9d, 0x6d7c, 0x651b, 0x757c, 0x653c, 0x653c, 0x6d5c,
  0x6d5c, 0x6d5c, 0x6d5c, 0x655c, 0x653c, 0x757c, 0x85fd, 0xa65d, 0xcefe, 0x85dd, 0x759c, 0x8dfd,
  0x85dd, 0x7dbd, 0x8dfd, 0x85dd, 0xa67e, 0xc6ff, 0xbeff, 0xbeff, 0xae7e, 0x85fd, 0x9e5e, 0xae9e,
  0xae9e, 0xae9d, 0xb6fe, 0xcf7f, 0xcf7f, 0xdf9f, 0xcf7f, 0xc77f, 0xc77f, 0xc77f, 0xcf7f, 0xf7df,
  0xf7df, 0xefdf, 0xbf5f, 0xcf7f, 0xcf7f, 0xc77f, 0xc77f, 0xc77f, 0xc77f, 0xc77f, 0xc77f, 0xc77f,
  0xe7bf, 0xefbf, 0xffff, 0xffff, 0xf7df, 0xdf9f, 0xc77f, 0xc77f, 0xc75f, 0xbf5f, 0xbf7f, 0xbf5f,
  0xbf5f, 0xbf5f, 0xbf5f, 0xbf5f, 0xbf5f, 0xbf5f, 0xbf5f, 0xbf5f, 0xbf5f, 0xbf5f, 0xbf5f, 0xbf5f,
  0xbf5f, 0xbf5f, 0xbf5f, 0xbf5f, 0xbf5f, 0xbf5f, 0xbf5f, 0xbf5f, 0xbf5f, 0xbf5f, 0xbf5f, 0xbf5f,
  0xbf5f, 0xbf5f, 0xbf5f, 0xbf5f, 0xbf5f, 0xbf5f, 0xbf5f, 0xbf5f, 0xbf5f, 0xbf5f, 0xbf5f, 0xbf5f,
  0xbf5f, 0xbf5f, 0xbf5f, 0xbf5f, 0xbf5f, 0xbf5f, 0xbf5f, 0xbf5f, 0xbf5f, 0xbf5f, 0xbf5f, 0xbf5f,
  0xbf5f, 0xbf5f, 0xbf5f, 0xbf5f, 0xbf5f, 0xbf5f, 0xbf5f, 0xbf5f, 0xbf5f, 0xbf5f, 0xbf5f, 0xbf5f,
  0xbf5f, 0xbf5f, 0xbf5f, 0xbf5f, 0xbf5f, 0xbf5f, 0xbf5f, 0xbf5f, 0xbf5f, 0xbf5f, 0xbf5f, 0xbf5f,
  0xbf5f, 0xbf5f, 0xbf5f, 0xbf5f, 0xbf5f, 0xbf5f, 0xbf5f, 0xbf5f, 0xbf5f, 0xcf7f, 0xcf7f, 0xd79f,
  0xcf7f, 0xc75f, 0xbf5f, 0xc75f, 0xc77f, 0xc75f, 0xc77f, 0xc77f, 0xc75f, 0xc75f, 0xcf7f, 0xf7df,
  0xffff, 0xffff, 0xffff, 0xffff, 0xffdf, 0xf7df, 0xf7df, 0xf7df, 0xf7df, 0xf7df, 0xefbf, 0xefbf,
  0xefbf, 0xf7df, 0xc6ff, 0xbede, 0xbebe, 0x6d7d, 0x759d, 0x85dd, 0xb69d, 0xefbf, 0xffff, 0xffff,
  0xffff, 0xffff, 0xefbf, 0xe7bf, 0xe7bf, 0xd75f, 0xc6fe, 0xbede, 0xbeff, 0xb6be, 0x963e, 0xb6de,
  0xe77f, 0xdf5f, 0xb6be, 0xae9e, 0x9e5e, 0x85dd, 0x759d, 0x961d, 0xbede, 0x8dfd, 0x7dbd, 0x653c,
  0x653c, 0x653c, 0x6d7c, 0x6d5c, 0x653c, 0x653c, 0x653c, 0x6d3c, 0x5d1c, 0x651c, 0x6d3c, 0x5cfb,
  0x757c, 0x8e1d, 0x85dd, 0x653c, 0x5cfb, 0x651c, 0x757c, 0x757c, 0x5cfb, 0x5cfb, 0x5cfb, 0x5d1b,
  0x655c, 0x653c, 0x651c, 0x651c, 0x653c, 0x7d9c, 0x757c, 0x653b, 0x653b, 0x6d5c, 0x653c, 0x75bc,
  0x6d9c, 0x8dfd, 0x85dd, 0x6d5c, 0x653c, 0x759c, 0x759d, 0x9e3d, 0xc6de, 0xa67d, 0x7dbc, 0x7dbd,
  0x7ddd, 0x6d7c, 0x85dd, 0x7ddd, 0x85fd, 0xae9e, 0xbede, 0xd73f, 0xcf1e, 0x8dfe, 0x85fd, 0x9e5e,
  0xae9e, 0x9e3d, 0x75bd, 0x9e7e, 0xd79f, 0xd79f, 0xcf9f, 0xcf9f, 0xcf9f, 0xcf9f, 0xefdf, 0xffff,
  0xffff, 0xffff, 0xf7df, 0xffff, 0xffff, 0xd79f, 0xcf7f, 0xd77f, 0xc77f, 0xcf7f, 0xcf7f, 0xe7bf,
  0xffff, 0xffff, 0xffff, 0xffff, 0xffff, 0xffff, 0xefdf, 0xcf7f, 0xc77f, 0xc77f, 0xc77f, 0xc77f,
  0xc77f, 0xc75f, 0xc75f, 0xc77f, 0xc77f, 0xc77f, 0xbf7f, 0xbf7f, 0xbf5f, 0xbf5f, 0xbf5f, 0xbf5f,
  0xbf5f, 0xc75f, 0xbf5f, 0xbf5f, 0xc75f, 0xc75f, 0xbf5f, 0xbf5f, 0xbf5f, 0xbf5f, 0xbf5f, 0xc75f,
  0xc75f, 0xc75f, 0xc75f, 0xbf5f, 0xbf5f, 0xbf5f, 0xbf5f, 0xbf5f, 0xbf5f, 0xbf5f, 0xbf5f, 0xbf5f,
  0xc75f, 0xc75f, 0xc75f, 0xc75f, 0xc75f, 0xc75f, 0xc75f, 0xbf5f, 0xc75f, 0xc75f, 0xbf5f, 0xbf5f,
  0xc75f, 0xc75f, 0xbf5f, 0xbf5f, 0xc75f, 0xc75f, 0xbf5f, 0xbf5f, 0xbf5f, 0xbf5f, 0xbf5f, 0xbf5f,
  0xbf5f, 0xbf5f, 0xbf5f, 0xbf5f, 0xbf5f, 0xbf5f, 0xbf5f, 0xbf5f, 0xbf5f, 0xbf5f, 0xc75f, 0xc75f,
  0xc75f, 0xbf5f, 0xbf5f, 0xbf5f, 0xbf5f, 0xbf5f, 0xbf5f, 0xc77f, 0xe7bf, 0xffff, 0xffff, 0xffff,
  0xffff, 0xd79f, 0xcf9f, 0xcf7f, 0xc77f, 0xc77f, 0xd79f, 0xe7bf, 0xf7ff, 0xf7df, 0xffff, 0xffff,
  0xffff, 0xffff, 0xffff, 0xf7df, 0xf7df, 0xefbf, 0xf7df, 0xf7df, 0xf7df, 0xf7df, 0xf7bf, 0xefbf,
  0xf7df, 0xe77f, 0xa67e, 0xae9e, 0xbede, 0x6d5c, 0x759d, 0x6d9d, 0x6d9d, 0xa65d, 0xf7df, 0xf7bf,
  0xefdf, 0xe7bf, 0xe7bf, 0xefbf, 0xd75f, 0xae9e, 0xa67e, 0xa69e, 0x965e, 0x963e, 0x963e, 0xdf7f,
  0xef9f, 0xa69e, 0x9e5e, 0x9e7e, 0x7ddd, 0x7dbd, 0x85fd, 0xbede, 0xc6de, 0x963d, 0x759d, 0x651c,
  0x653c, 0x7dbc, 0x6d7c, 0x7dbc, 0x653c, 0x653c, 0x653c, 0x653c, 0x5cfb, 0x653c, 0x651c, 0x5cfb,
  0x75bd, 0x85fd, 0x759d, 0x5cfb, 0x4c75, 0x5cd7, 0x759d, 0x5d1b, 0x5cfb, 0x5cfb, 0x5cfb, 0x653c,
  0x759c, 0x6d5c, 0x5d1c, 0x5d1c, 0x653c, 0x759c, 0x6d5c, 0x651b, 0x6d5b, 0x653c, 0x6d7c, 0x75bd,
  0x75bd, 0x961d, 0x961d, 0x7d9c, 0x653c, 0x6d7c, 0x7dbd, 0x7ddd, 0xa67d, 0xb69e, 0x9e3d, 0x759d,
  0x7dbd, 0x6d7d, 0x85fd, 0x85fd, 0x75bd, 0x8e3e, 0x9e5e, 0xae9e, 0xd73f, 0xc6de, 0x7ddd, 0x9e7e,
  0x963e, 0xa67d, 0x9e3d, 0x7dfd, 0xb6de, 0xd79f, 0xd79f, 0xd79f, 0xdfbf, 0xdfbf, 0xefdf, 0xffff,
  0xffff, 0xffff, 0xffff, 0xffff, 0xffff, 0xffff, 0xe7bf, 0xdf9f, 0xdf9f, 0xffff, 0xffdf, 0xf7df,
  0xffdf, 0xf7df, 0xffff, 0xffff, 0xffff, 0xffff, 0xffff, 0xe7bf, 0xcf7f, 0xc77f, 0xc77f, 0xc77f,
  0xc77f, 0xc77f, 0xc77f, 0xc77f, 0xc77f, 0xc77f, 0xc77f, 0xc77f, 0xc77f, 0xc77f, 0xc77f, 0xc77f,
  0xc77f, 0xc77f, 0xc77f, 0xc77f, 0xc77f, 0xc77f, 0xc75f, 0xc77f, 0xc75f, 0xc77f, 0xc77f, 0xc77f,
  0xc77f, 0xc77f, 0xc77f, 0xc75f, 0xc75f, 0xc75f, 0xc77f, 0xc75f, 0xc77f, 0xc77f, 0xc77f, 0xc77f,
  0xc77f, 0xc77f, 0xc77f, 0xc77f, 0xc77f, 0xc77f, 0xc75f, 0xc75f, 0xc75f, 0xc75f, 0xc77f, 0xc77f,
  0xc77f, 0xc77f, 0xc77f, 0xc77f, 0xc77f, 0xc77f, 0xc75f, 0xc77f, 0xc75f, 0xc75f, 0xc75f, 0xc75f,
  0xbf5f, 0xc75f, 0xc77f, 0xc77f, 0xc77f, 0xc77f, 0xc77f, 0xc77f, 0xc77f, 0xc77f, 0xc77f, 0xc77f,
  0xc77f, 0xc77f, 0xc77f, 0xc75f, 0xc75f, 0xc75f, 0xc77f, 0xdfbf, 0xffff, 0xffff, 0xffff, 0xffff,
  0xffff, 0xffff, 0xffff, 0xf7df, 0xcf7f, 0xcf7f, 0xffff, 0xffff, 0xffff, 0xffff, 0xffff, 0xffff,
  0xffff, 0xffff, 0xf7df, 0xffdf, 0xffff, 0xf7df, 0xefdf, 0xefdf, 0xefdf, 0xf7df, 0xf7df, 0xef9f,
  0xdf7f, 0xbedf, 0xae9e, 0x8e1e, 0xbede, 0x6d5c, 0x75bd, 0x6d9d, 0x6d9d, 0x85dd, 0x7d9c, 0x7d9c,
  0xcf3f, 0xe7bf, 0xe7bf, 0xc71e, 0x9e7e, 0xa67e, 0xa69e, 0x863e, 0x965e, 0x9e7e, 0xcefe, 0xd73e,
  0xa67e, 0x7ddd, 0x8e1d, 0x8dfd, 0x759d, 0x8dfd, 0xb6be, 0xcf1e, 0x9e5d, 0x85dd, 0x6d7c, 0x5d1b,
  0x759c, 0x8e1d, 0x7dbc, 0x7dbc, 0x653c, 0x757c, 0x651b, 0x5cfa, 0x5d1b, 0x6d5c, 0x6d5c, 0x5cfb,
  0x759d, 0x759d, 0x6d5c, 0x5cfc, 0x4413, 0x5cd4, 0x5cfb, 0x5cfb, 0x5cfb, 0x651b, 0x651c, 0x6d5c,
  0x6d7c, 0x653c, 0x5d1c, 0x5d1c, 0x651c, 0x653b, 0x6d5b, 0x755c, 0x651b, 0x651c, 0x6d5c, 0x759c,
  0x7ddd, 0x85dd, 0x961d, 0x961d, 0x6d3c, 0x653b, 0x6d5c, 0x7ddd, 0x8dfd, 0xb69e, 0xae9e, 0x7dbd,
  0x75bd, 0x6d9c, 0x75bd, 0x8dfd, 0x75bd, 0x75bd, 0x861e, 0x9e7e, 0xae9e, 0xc6de, 0xa67e, 0x7ddd,
  0x963e, 0x965e, 0xa67e, 0x8e1d, 0x8e3e, 0xbefe, 0xcf5f, 0xf7df, 0xffff, 0xf7df, 0xf7df, 0xf7df,
  0xf7df, 0xf7df, 0xf7df, 0xffff, 0xffff, 0xffff, 0xf7df, 0xf7df, 0xffff, 0xffff, 0xffff, 0xf7bf,
  0xf7bf, 0xf7df, 0xffff, 0xffff, 0xffff, 0xffff, 0xffff, 0xffff, 0xefdf, 0xdf9f, 0xdfbf, 0xc77f,
  0xc77f, 0xc77f, 0xc77f, 0xc77f, 0xc77f, 0xc77f, 0xc77f, 0xc77f, 0xc77f, 0xc77f, 0xc77f, 0xc77f,
  0xc77f, 0xc77f, 0xc77f, 0xc77f, 0xc77f, 0xc77f, 0xc77f, 0xc77f, 0xc77f, 0xc77f, 0xc77f, 0xc77f,
  0xc77f, 0xc77f, 0xc77f, 0xc77f, 0xc77f, 0xc77f, 0xc77f, 0xc77f, 0xc77f, 0xc77f, 0xc77f, 0xc77f,
  0xc77f, 0xc77f, 0xc77f, 0xc77f, 0xc77f, 0xc77f, 0xc77f, 0xc77f, 0xc77f, 0xc77f, 0xc77f, 0xc77f,
  0xc77f, 0xc77f, 0xc77f, 0xc77f, 0xc77f, 0xc77f, 0xc77f, 0xc77f, 0xc77f, 0xc77f, 0xc77f, 0xc77f,
  0xc77f, 0xc77f, 0xc77f, 0xc77f, 0xc77f, 0xc77f, 0xc77f, 0xc77f, 0xc77f, 0xc77f, 0xc77f, 0xc77f,
  0xc77f, 0xc77f, 0xc77f, 0xc77f, 0xe79f, 0xe7bf, 0xe7bf, 0xf7ff, 0xffff, 0xffff, 0xffff, 0xf7df,
  0xffff, 0xffff, 0xffff, 0xffdf, 0xffff, 0xefdf, 0xefbf, 0xffff, 0xffff, 0xffff, 0xffff, 0xf7bf,
  0xffff, 0xffff, 0xf7df, 0xffff, 0xf7df, 0xf7df, 0xefdf, 0xefdf, 0xefbf, 0xf7df, 0xefbf, 0xdf5f,
  0xb6be, 0xb69e, 0xae9e, 0xa69e, 0xb6be, 0x6d7d, 0x8e1e, 0x75bd, 0x6d7d, 0x6d7c, 0x6d5c, 0x6d5c,
  0x7dbd, 0xae7d, 0xa65e, 0x9e5e, 0x9e5e, 0x963e, 0x861e, 0x9e7e, 0xae9e, 0x9e7e, 0xbede, 0x965e,
  0x85fd, 0x6d9c, 0x85fd, 0x75bd, 0x759d, 0xae9e, 0xdf5f, 0xc6fe, 0x8e1d, 0x759c, 0x653b, 0x6d5b,
  0x8dfd, 0x8dfd, 0x85fd, 0x75bc, 0x653c, 0x653b, 0x4c56, 0x4414, 0x5cfb, 0x651c, 0x6d5c, 0x5cfb,
  0x5d1b, 0x759d, 0x651b, 0x4c37, 0x2b2c, 0x650e, 0x5cf9, 0x5cdb, 0x5cdb, 0x651b, 0x651b, 0x6d5c,
  0x653b, 0x5cfb, 0x5cfb, 0x5cfb, 0x5d1b, 0x651b, 0x6d5c, 0x6d5c, 0x653b, 0x651b, 0x653c, 0x6d5c,
  0x75bc, 0x7ddd, 0x85fd, 0x963d, 0x8dfd, 0x655c, 0x653b, 0x6d7c, 0x7ddd, 0x963d, 0xae9e, 0xc6de,
  0x8dfd, 0x6d9c, 0x6d9d, 0x7dbd, 0x8e1d, 0x6d9d, 0x75dd, 0x7dfd, 0xa67e, 0x9e7e, 0xb6be, 0x963e,
  0x8e1d, 0x963e, 0x963e, 0x861d, 0x8e3e, 0x963e, 0x7dfd, 0xaebd, 0xef9f, 0xf7df, 0xf7df, 0xf7df,
  0xf7df, 0xf7df, 0xf7df, 0xffff, 0xffff, 0xffdf, 0xffff, 0xffff, 0xffff, 0xffdf, 0xf7bf, 0xffdf,
  0xefbf, 0xf7df, 0xf7df, 0xefdf, 0xf7df, 0xffff, 0xffff, 0xffff, 0xffff, 0xffff, 0xffff, 0xefbf,
  0xcf7f, 0xcf7f, 0xc77f, 0xc77f, 0xc77f, 0xc77f, 0xcf7f, 0xc77f, 0xc77f, 0xc77f, 0xc77f, 0xc77f,
  0xc77f, 0xc77f, 0xc77f, 0xc77f, 0xc77f, 0xc77f, 0xc77f, 0xc77f, 0xc77f, 0xc77f, 0xc77f, 0xc77f,
  0xc77f, 0xc77f, 0xc77f, 0xc77f, 0xc77f, 0xc77f, 0xc77f, 0xc77f, 0xc77f, 0xc77f, 0xc77f, 0xc77f,
  0xc77f, 0xc77f, 0xc77f, 0xc77f, 0xc77f, 0xc77f, 0xc77f, 0xc77f, 0xc77f, 0xc77f, 0xc77f, 0xc77f,
  0xc77f, 0xc77f, 0xc77f, 0xc77f, 0xc77f, 0xc77f, 0xc77f, 0xc77f, 0xc77f, 0xc77f, 0xc77f, 0xc77f,
  0xc77f, 0xc77f, 0xc77f, 0xc77f, 0xc77f, 0xc77f, 0xc77f, 0xc77f, 0xc77f, 0xc77f, 0xc77f, 0xc77f,
  0xc77f, 0xcf7f, 0xcf7f, 0xefdf, 0xffff, 0xffff, 0xffff, 0xffff, 0xffff, 0xffff, 0xf7df, 0xefdf,
  0xf7df, 0xffdf, 0xf7df, 0xefbf, 0xffff, 0xffff, 0xf7df, 0xf7df, 0xf7df, 0xffdf, 0xf7df, 0xefbf,
  0xf7df, 0xf7bf, 0xf7df, 0xf7bf, 0xefbf, 0xefbf, 0xefbf, 0xefbf, 0xe79f, 0xe77f, 0xefbf, 0xbede,
  0xb6be, 0xb6be, 0xb6be, 0xbede, 0x963e, 0x95fd, 0x8e1d, 0x6d9d, 0x657d, 0x6d7d, 0x6d9c, 0x6d7c,
  0x759c, 0x757c, 0x653c, 0x759d, 0x9e7e, 0x85fd, 0xae9e, 0xb6be, 0x8e3e, 0x9e7e, 0x963e, 0x7ddd,
  0x75bd, 0x6d7c, 0x6d7c, 0x6d7c, 0xc6de, 0xef9f, 0xbede, 0x961d, 0x75bc, 0x655c, 0x653c, 0x7d9c,
  0x8e1d, 0x8dfd, 0x757c, 0x5d1b, 0x5cfb, 0x54ba, 0x6514, 0x3b90, 0x651c, 0x6d3c, 0x6d5c, 0x5cfb,
  0x5479, 0x653c, 0x54ba, 0x3b72, 0x226a, 0x4c2c, 0x5cf9, 0x5cda, 0x5cda, 0x5cda, 0x5cfb, 0x5cfb,
  0x5d1b, 0x5cfb, 0x5cfb, 0x5cfb, 0x5cfb, 0x5cfc, 0x651c, 0x6d7c, 0x653b, 0x653c, 0x6d7c, 0x655c,
  0x655c, 0x7ddd, 0x85fd, 0x85fd, 0x85fd, 0x6d9c, 0x655c, 0x655c, 0x6d7c, 0x759c, 0x7ddc, 0xa65d,
  0x861d, 0x861d, 0x75bd, 0x75bd, 0x85fd, 0x6d9d, 0x75bd, 0x7dfd, 0x8e1d, 0x9e7e, 0xa69e, 0x8e1d,
  0x8e1d, 0x8e3d, 0x8e3d, 0x861d, 0x7dfd, 0x965e, 0x861d, 0x75dd, 0x8e1d, 0xefbf, 0xf7df, 0xf7df,
  0xf7df, 0xf7df, 0xf7df, 0xefbf, 0xf7df, 0xffff, 0xffff, 0xf7df, 0xf7df, 0xf7bf, 0xefbf, 0xf7bf,
  0xefbf, 0xf7df, 0xf7df, 0xf7df, 0xf7df, 0xf7df, 0xffff, 0xffff, 0xffff, 0xffff, 0xffff, 0xffff,
  0xefdf, 0xd79f, 0xdf9f, 0xcf7f, 0xcf7f, 0xcf7f, 0xcf7f, 0xc77f, 0xc77f, 0xc77f, 0xcf7f, 0xd79f,
  0xdf9f, 0xcf7f, 0xcf9f, 0xcf9f, 0xcf9f, 0xc77f, 0xc77f, 0xc77f, 0xc77f, 0xc77f, 0xc77f, 0xc77f,
  0xc77f, 0xc77f, 0xc77f, 0xc77f, 0xc77f, 0xc77f, 0xc77f, 0xc77f, 0xc77f, 0xc77f, 0xc77f, 0xcf7f,
  0xcf7f, 0xcf7f, 0xc77f, 0xc77f, 0xc77f, 0xc77f, 0xc77f, 0xc77f, 0xc77f, 0xc77f, 0xc77f, 0xc77f,
  0xc77f, 0xcf7f, 0xcf7f, 0xc77f, 0xc77f, 0xc77f, 0xc77f, 0xc77f, 0xc77f, 0xc77f, 0xc77f, 0xc77f,
  0xc77f, 0xcf7f, 0xd79f, 0xd79f, 0xd79f, 0xc77f, 0xc79f, 0xc77f, 0xcf7f, 0xcf7f, 0xcf7f, 0xcf7f,
  0xcf7f, 0xdf9f, 0xf7df, 0xffff, 0xffff, 0xffff, 0xffff, 0xffff, 0xffff, 0xf7df, 0xf7df, 0xf7df,
  0xf7df, 0xf7df, 0xf7df, 0xf7bf, 0xf7df, 0xffdf, 0xf7df, 0xefbf, 0xffdf, 0xffdf, 0xf7df, 0xefbf,
  0xefbf, 0xf7df, 0xefbf, 0xe79f, 0xefbf, 0xefbf, 0xf7df, 0xe77f, 0xc71f, 0xefbf, 0xd73f, 0xb6be,
  0x9e5e, 0xb69e, 0xbede, 0x963d, 0x8dfd, 0xa65d, 0x9e1d, 0x8ddd, 0x6d7d, 0x75bd, 0x7ddd, 0x6d7c,
  0x6d5c, 0x6d7c, 0x655c, 0x655c, 0x75bd, 0x965e, 0x8dfd, 0x8e1d, 0x8e3e, 0x965d, 0x7ddd, 0x759c,
  0x759c, 0x6d9c, 0x759c, 0x963d, 0xbede, 0xa67e, 0x85fd, 0x7dbc, 0x6d5c, 0x653c, 0x6d5c, 0x85dc,
  0x8dfc, 0x7dbc, 0x651b, 0x5d1b, 0x5cfb, 0x54da, 0x548f, 0x3b6d, 0x653b, 0x653c, 0x6d3b, 0x54ba,
  0x4c57, 0x5cdb, 0x5499, 0x3351, 0x228c, 0x334a, 0x54b2, 0x5cda, 0x5cda, 0x5cdb, 0x5cdb, 0x5cdb,
  0x5cdb, 0x5cdb, 0x54da, 0x4414, 0x5cfb, 0x5cfb, 0x5cfb, 0x651b, 0x653b, 0x651b, 0x6d5c, 0x759c,
  0x653c, 0x6d7c, 0x7ddd, 0x7dfd, 0x85fd, 0x85fd, 0x75bc, 0x655c, 0x653b, 0x6d7c, 0x75bc, 0x85fd,
  0x85fd, 0x861d, 0x861d, 0x75bd, 0x6d9d, 0x6d9c, 0x6d9c, 0x7ddd, 0x861d, 0x8e3d, 0x965e, 0x861d,
  0x7dfd, 0x8e3d, 0x8e3d, 0x8e3d, 0x7dfd, 0x8e3e, 0x965e, 0x8e3e, 0x75dd, 0x9e5d, 0xe77f, 0xf7df,
  0xf7df, 0xffdf, 0xefbf, 0xdf9f, 0xe7bf, 0xf7df, 0xffff, 0xefbf, 0xf7bf, 0xf7df, 0xf7df, 0xf7df,
  0xf7df, 0xf7df, 0xf7df, 0xf7df, 0xf7df, 0xf7df, 0xf7df, 0xf7df, 0xf7df, 0xffff, 0xffff, 0xffff,
  0xffff, 0xffff, 0xffff, 0xe7bf, 0xcf9f, 0xcf9f, 0xcf9f, 0xd79f, 0xdf9f, 0xe7bf, 0xffff, 0xffff,
  0xffff, 0xffff, 0xefdf, 0xdfbf, 0xcf9f, 0xcf9f, 0xcf9f, 0xcf7f, 0xcf9f, 0xcf7f, 0xcf9f, 0xcf9f,
  0xcf9f, 0xcf9f, 0xcf9f, 0xcf7f, 0xcf7f, 0xcf7f, 0xcf7f, 0xcf7f, 0xcf7f, 0xcf7f, 0xcf7f, 0xcf7f,
  0xcf7f, 0xcf9f, 0xcf7f, 0xcf9f, 0xcf7f, 0xcf7f, 0xcf7f, 0xcf9f, 0xcf9f, 0xcf9f, 0xcf9f, 0xcf9f,
  0xcf9f, 0xcf9f, 0xcf9f, 0xcf9f, 0xcf9f, 0xcf7f, 0xcf7f, 0xcf7f, 0xcf7f, 0xc77f, 0xcf9f, 0xcf9f,
  0xefbf, 0xffff, 0xffff, 0xffff, 0xffff, 0xf7df, 0xe7bf, 0xefbf, 0xcf9f, 0xcf9f, 0xcf9f, 0xd79f,
  0xf7df, 0xffff, 0xffff, 0xffff, 0xffff, 0xffff, 0xf7df, 0xffdf, 0xf7df, 0xf7df, 0xf7df, 0xf7df,
  0xf7df, 0xf7df, 0xf7df, 0xf7df, 0xf7bf, 0xefbf, 0xefbf, 0xe79f, 0xefbf, 0xefbf, 0xf7bf, 0xefbf,
  0xe79f, 0xefbf, 0xe79f, 0xe7bf, 0xefbf, 0xefbf, 0xe79f, 0xb6df, 0xa6be, 0xefbf, 0xc6ff, 0xa67e,
  0x7ddd, 0xb6be, 0xb69e, 0x85bd, 0x85fd, 0x7d9c, 0xae7e, 0x95fd, 0x6d7d, 0x6d7d, 0x75bd, 0x6d7c,
  0x6d5c, 0x655c, 0x655c, 0x655c, 0x655c, 0x85fd, 0x85dd, 0x6d7c, 0x85fd, 0x75bc, 0x6d7c, 0x6d7c,
  0x6d5c, 0x757c, 0x8dfd, 0x8e1d, 0x965e, 0x7dfd, 0x759d, 0x6d7c, 0x653c, 0x655c, 0x757c, 0x85fc,
  0x85dc, 0x6d5c, 0x651b, 0x5cfb, 0x5cfb, 0x54da, 0x43ee, 0x2269, 0x43f5, 0x64fb, 0x5499, 0x4c59,
  0x2b2f, 0x54ba, 0x43f5, 0x336f, 0x226b, 0x440b, 0x6d32, 0x5cf8, 0x4c37, 0x54da, 0x5cdb, 0x5cdb,
  0x54db, 0x54db, 0x4c77, 0x3b6b, 0x6519, 0x5cfb, 0x5cfb, 0x5cfb, 0x653b, 0x651b, 0x5cfb, 0x759c,
  0x6d7c, 0x653c, 0x759c, 0x7dfd, 0x7dfd, 0x7ddd, 0x85fd, 0x655c, 0x653c, 0x655c, 0x6d9c, 0x75bc,
  0x75bc, 0x861d, 0x85fd, 0x7ddd, 0x75bd, 0x6d7c, 0x6d9c, 0x6d9d, 0x6dbd, 0x75dc, 0x8e3d, 0x861d,
  0x7dbd, 0x8e3d, 0x8e5d, 0x8e5d, 0x8e3d, 0x861d, 0x963d, 0x8e3d, 0x861d, 0x75dd, 0x963e, 0xb6be,
  0xbebd, 0xe79f, 0xdf7f, 0xdf7f, 0xdf7f, 0xdf9f, 0xdf9f, 0xefbf, 0xefbf, 0xe79f, 0xefbf, 0xefbf,
  0xf7bf, 0xf7df, 0xefbf, 0xe79f, 0xefbf, 0xf7df, 0xf7df, 0xffdf, 0xf7bf, 0xf7df, 0xffdf, 0xffdf,
  0xffff, 0xf7df, 0xf7df, 0xf7df, 0xefdf, 0xdf9f, 0xd79f, 0xffff, 0xffff, 0xffff, 0xffff, 0xffff,
  0xf7df, 0xffff, 0xffff, 0xffff, 0xdf9f, 0xcf9f, 0xcf9f, 0xcf9f, 0xcf9f, 0xcf9f, 0xcf9f, 0xcf9f,
  0xcf9f, 0xcf9f, 0xcf9f, 0xcf9f, 0xcf9f, 0xcf9f, 0xcf9f, 0xcf9f, 0xcf9f, 0xcf9f, 0xcf9f, 0xcf9f,
  0xcf7f, 0xcf7f, 0xcf7f, 0xcf9f, 0xcf9f, 0xcf9f, 0xcf9f, 0xcf9f, 0xcf9f, 0xcf9f, 0xcf9f, 0xcf9f,
  0xcf9f, 0xcf9f, 0xcf9f, 0xcf9f, 0xcf9f, 0xcf9f, 0xcf7f, 0xcf7f, 0xcf9f, 0xcf9f, 0xcf9f, 0xefdf,
  0xffff, 0xffff, 0xffff, 0xffff, 0xffff, 0xffff, 0xffff, 0xffff, 0xf7df, 0xefbf, 0xd79f, 0xd79f,
  0xe7bf, 0xffff, 0xf7df, 0xf7df, 0xffdf, 0xf7df, 0xefbf, 0xffdf, 0xf7df, 0xf7df, 0xf7df, 0xf7df,
  0xf7df, 0xf7df, 0xefbf, 0xefbf, 0xefbf, 0xefbf, 0xefbf, 0xefbf, 0xe79f, 0xe79f, 0xe79f, 0xdf9f,
  0xdf9f, 0xdf9f, 0xdf7f, 0xdf9f, 0xdf7f, 0xbede, 0xb6be, 0x9e7e, 0xc6fe, 0xcf3f, 0xaebe, 0x85fe,
  0xae9e, 0xbebe, 0x963e, 0x85dd, 0x759c, 0xae7e, 0xae7e, 0x7d9c, 0x6d7c, 0x6d7c, 0x6d7c, 0x6d7c,
  0x6d5c, 0x655c, 0x655c, 0x655c, 0x655c, 0x759c, 0x7d9c, 0x757c, 0x653c, 0x653c, 0x655c, 0x653c,
  0x755c, 0x8dfd, 0x85fd, 0x8e1d, 0x8e1d, 0x75bd, 0x6d7c, 0x5d3b, 0x54b6, 0x655c, 0x7ddc, 0x85fd,
  0x7ddc, 0x651b, 0x651b, 0x5cfb, 0x5cfb, 0x5497, 0x546c, 0x32ec, 0x5c96, 0x5c99, 0x4c58, 0x4418,
  0x2b2e, 0x4c98, 0x3bd3, 0x1a8a, 0x1a2a, 0x3b8b, 0x64ad, 0x5caf, 0x3371, 0x54ba, 0x5cdb, 0x54db,
  0x54bb, 0x54db, 0x4c77, 0x334b, 0x5cd3, 0x5cd9, 0x5cfb, 0x5cfb, 0x5cfb, 0x5cfb, 0x5cfb, 0x6d7c,
  0x75bc, 0x6d5c, 0x655c, 0x75bc, 0x7dfd, 0x7dfd, 0x7dfd, 0x7ddd, 0x6d9c, 0x6d7c, 0x6d7c, 0x6d9c,
  0x6d9c, 0x7dfd, 0x863d, 0x7ddd, 0x7ddd, 0x6d9c, 0x6d9c, 0x6d9d, 0x6d9d, 0x75bd, 0x7dfd, 0x75bd,
  0x75dd, 0x861d, 0x8e5d, 0x965e, 0x8e3d, 0x7dfd, 0x8e3d, 0x8e3d, 0x8e5e, 0x861d, 0x75dd, 0x861d,
  0x85fd, 0x9e5d, 0xdf9f, 0xdf7f, 0xdf7f, 0xdf9f, 0xdf7f, 0xdf9f, 0xdf9f, 0xefbf, 0xe7bf, 0xefbf,
  0xefbf, 0xdf9f, 0xdf9f, 0xdf9f, 0xe79f, 0xe79f, 0xe79f, 0xefbf, 0xefbf, 0xf7df, 0xf7df, 0xefbf,
  0xefbf, 0xefdf, 0xe7bf, 0xe7bf, 0xdf9f, 0xefbf, 0xe7bf, 0xefbf, 0xf7df, 0xf7df, 0xf7bf, 0xf7df,
  0xf7bf, 0xf7df, 0xffff, 0xffff, 0xdf9f, 0xd79f, 0xd79f, 0xd79f, 0xd79f, 0xdfbf, 0xd79f, 0xd79f,
  0xd79f, 0xd79f, 0xcf9f, 0xcf9f, 0xcf9f, 0xcf9f, 0xcf9f, 0xcf9f, 0xcf9f, 0xcf9f, 0xcf9f, 0xcf9f,
  0xcf9f, 0xcf9f, 0xcf9f, 0xcf9f, 0xcf9f, 0xcf9f, 0xcf9f, 0xcf9f, 0xcf9f, 0xdf9f, 0xdf9f, 0xd79f,
  0xcf9f, 0xcf9f, 0xcf9f, 0xcf9f, 0xcf9f, 0xdfbf, 0xdfbf, 0xd79f, 0xd79f, 0xcf9f, 0xd79f, 0xf7df,
  0xf7df, 0xf7df, 0xf7df, 0xf7df, 0xf7bf, 0xf7df, 0xffff, 0xf7df, 0xefbf, 0xe7bf, 0xe7bf, 0xd79f,
  0xdfbf, 0xe7bf, 0xe7bf, 0xefbf, 0xf7df, 0xefbf, 0xefbf, 0xefbf, 0xefbf, 0xf7df, 0xf7df, 0xefbf,
  0xe79f, 0xefdf, 0xefdf, 0xefbf, 0xefbf, 0xefbf, 0xe79f, 0xe79f, 0xdf9f, 0xdf9f, 0xdf9f, 0xdf9f,
  0xdf7f, 0xcf5f, 0xbede, 0xc6ff, 0xa69e, 0xaebe, 0xae9e, 0xb6be, 0xd73e, 0xa67e, 0x9e5e, 0x9e5e,
  0xa67e, 0x9e5e, 0x7dde, 0x7dbd, 0xa67e, 0xb6be, 0x7dbd, 0x757c, 0x85fd, 0x6d9c, 0x6d7c, 0x6d5c,
  0x655c, 0x6d7c, 0x655c, 0x655c, 0x655c, 0x6d5c, 0x655c, 0x6d5c, 0x653c, 0x653c, 0x653c, 0x6d7c,
  0x8e1d, 0x965d, 0x85dd, 0x965d, 0x75bc, 0x657c, 0x657c, 0x5d39, 0x3b8a, 0x64d8, 0x861d, 0x861d,
  0x6d5b, 0x651b, 0x54da, 0x54b9, 0x54d8, 0x6d32, 0x4c69, 0x3b6d, 0x3bad, 0x4c36, 0x4c57, 0x2b71,
  0x22ec, 0x4c77, 0x3bd2, 0x22ca, 0x1a2a, 0x336b, 0x43eb, 0x3bf2, 0x3bb2, 0x43f4, 0x54da, 0x54ba,
  0x54ba, 0x5499, 0x43f3, 0x22ca, 0x54b1, 0x5cd7, 0x5cfb, 0x5cfb, 0x5cfb, 0x5cfa, 0x54b9, 0x54d8,
  0x655b, 0x6d5c, 0x655c, 0x6d7c, 0x75dd, 0x7ddd, 0x75dc, 0x75bc, 0x75dc, 0x75bc, 0x6d9c, 0x6d9c,
  0x6d9c, 0x75dd, 0x75dd, 0x861d, 0x861d, 0x6d9c, 0x6d9d, 0x6d9d, 0x6dbd, 0x6dbd, 0x75bd, 0x6d9d,
  0x75dd, 0x7e1d, 0x8e3d, 0x8e5e, 0x8e3d, 0x75dd, 0x7dfc, 0x8e3d, 0x8e3d, 0x7e1d, 0x7dfd, 0x7ddd,
  0x861d, 0x8e3d, 0xa67e, 0xa67e, 0xc6fe, 0xc71f, 0xd75f, 0xdf9f, 0xe79f, 0xe79f, 0xdf9f, 0xdf9f,
  0xdf9f, 0xdf9f, 0xdf9f, 0xdf9f, 0xdf9f, 0xd79f, 0xd79f, 0xd79f, 0xd79f, 0xdf9f, 0xdf9f, 0xdfbf,
  0xdfbf, 0xe7bf, 0xdfbf, 0xdfbf, 0xd79f, 0xdfbf, 0xdfbf, 0xdfbf, 0xe7bf, 0xe7bf, 0xe7bf, 0xe7bf,
  0xefbf, 0xe7bf, 0xe7bf, 0xe7bf, 0xe7bf, 0xdfbf, 0xdf9f, 0xe7bf, 0xdfbf, 0xe7bf, 0xdfbf, 0xdfbf,
  0xd79f, 0xd79f, 0xd79f, 0xd79f, 0xd79f, 0xd79f, 0xcf9f, 0xcf9f, 0xcf9f, 0xcf9f, 0xcf9f, 0xcf9f,
  0xcf9f, 0xcf9f, 0xcf9f, 0xd79f, 0xd79f, 0xd79f, 0xd79f, 0xdf9f, 0xefbf, 0xffff, 0xffff, 0xffff,
  0xefdf, 0xdfbf, 0xd79f, 0xe7bf, 0xdfbf, 0xdfbf, 0xdfbf, 0xdfbf, 0xdfbf, 0xd79f, 0xd7bf, 0xd7bf,
  0xe7bf, 0xe7bf, 0xe7bf, 0xe7bf, 0xe7bf, 0xe7bf, 0xefbf, 0xe7bf, 0xe7bf, 0xdfbf, 0xdfbf, 0xd79f,
  0xe7bf, 0xe7bf, 0xd79f, 0xdfbf, 0xdfbf, 0xdfbf, 0xdfbf, 0xe7bf, 0xe7bf, 0xe7bf, 0xe7bf, 0xdfbf,
  0xdf9f, 0xdfbf, 0xe7bf, 0xdfbf, 0xdfbf, 0xdf9f, 0xdf9f, 0xdf9f, 0xdf9f, 0xdf9f, 0xe79f, 0xdf9f,
  0xb6de, 0x9e5e, 0xc6ff, 0x9e7e, 0x965e, 0xa69e, 0xbede, 0xc6fe, 0xa67e, 0x9e7e, 0x861e, 0x9e5e,
  0x9e5d, 0x7ddd, 0x7ddd, 0xa65e, 0xb6be, 0x8e1d, 0x6d9d, 0x8e1d, 0x965d, 0x85fd, 0x7ddd, 0x6d7c,
  0x655c, 0x655c, 0x6d7c, 0x6d7c, 0x655c, 0x6d7c, 0x759c, 0x655c, 0x655c, 0x655c, 0x653c, 0x653c,
  0x655c, 0x759c, 0x85fd, 0x7ddd, 0x75bc, 0x7ddc, 0x657c, 0x54d5, 0x3329, 0x64f7, 0x85fd, 0x7ddc,
  0x5cfa, 0x5cda, 0x5cda, 0x54b8, 0x4c70, 0x444d, 0x2aeb, 0x224a, 0x2aeb, 0x5cb8, 0x3bf3, 0x232c,
  0x22eb, 0x2b4d, 0x2acb, 0x22ca, 0x228a, 0x22ca, 0x3baa, 0x544e, 0x3baf, 0x3b93, 0x4c57, 0x54ba,
  0x54ba, 0x5498, 0x2acc, 0x22aa, 0x4c2d, 0x5cf7, 0x5cfa, 0x64fb, 0x651b, 0x4c56, 0x3bf0, 0x4474,
  0x5d1a, 0x655c, 0x655c, 0x655c, 0x657c, 0x6d7c, 0x657c, 0x6dbc, 0x75dc, 0x75dc, 0x75bc, 0x6d9c,
  0x6d9c, 0x6d7c, 0x6d9c, 0x7dfd, 0x7ddc, 0x861d, 0x75bd, 0x6dbd, 0x6dbd, 0x6dbd, 0x6dbd, 0x6d9d,
  0x75bd, 0x7dfd, 0x7e1d, 0x8e3d, 0x861d, 0x7dfd, 0x759c, 0x85fd, 0x7ddc, 0x863d, 0x861d, 0x7dfd,
  0x7dfd, 0x861d, 0x861d, 0x75bd, 0x6d9d, 0x759d, 0x8e1d, 0x963e, 0xc71e, 0xd75f, 0xd77f, 0xe79f,
  0xe79f, 0xcf3f, 0xcf3f, 0xcf3f, 0xcf3f, 0xdf7f, 0xf7ff, 0xd79f, 0xcf7f, 0xd79f, 0xdfbf, 0xdfbf,
  0xdfbf, 0xdfbf, 0xdfbf, 0xdfbf, 0xdfbf, 0xd7bf, 0xd7bf, 0xdfbf, 0xdfbf, 0xdfbf, 0xdfbf, 0xdfbf,
  0xdfbf, 0xdfbf, 0xdfbf, 0xdfbf, 0xdfbf, 0xdfbf, 0xd7bf, 0xd7bf, 0xd7bf, 0xdfbf, 0xd7bf, 0xd7bf,
  0xd7bf, 0xd79f, 0xd79f, 0xd79f, 0xd79f, 0xd79f, 0xd79f, 0xd79f, 0xd79f, 0xd79f, 0xdf9f, 0xd79f,
  0xd79f, 0xd79f, 0xe7bf, 0xdfbf, 0xe7bf, 0xd79f, 0xefbf, 0xf7df, 0xf7df, 0xefbf, 0xefbf, 0xefbf,
  0xf7bf, 0xefdf, 0xefbf, 0xe7bf, 0xdfbf, 0xdfbf, 0xe7bf, 0xdf9f, 0xd79f, 0xd79f, 0xd79f, 0xd79f,
  0xd7bf, 0xd7bf, 0xd7bf, 0xd7bf, 0xd7bf, 0xdfbf, 0xdfbf, 0xdfbf, 0xdfbf, 0xdfbf, 0xdfbf, 0xd7bf,
  0xd7bf, 0xd7bf, 0xd7bf, 0xd7bf, 0xd7bf, 0xd7bf, 0xdfbf, 0xdfbf, 0xdfbf, 0xdfbf, 0xd7bf, 0xdfbf,
  0xdfbf, 0xd7bf, 0xd7bf, 0xdfbf, 0xdfbf, 0xdfbf, 0xefdf, 0xe7bf, 0xdfbf, 0xdfbf, 0xbf1e, 0xb6de,
  0x863e, 0xbefe, 0x9e7e, 0x8e3e, 0x9e7e, 0x965e, 0xb69e, 0x963e, 0x963e, 0x85fd, 0x861d, 0x9e7e,
  0x8dfd, 0x759d, 0xb69e, 0xc6de, 0x9e3d, 0x7dbd, 0x75bd, 0x963e, 0x7ddd, 0x7dfd, 0x7ddd, 0x759c,
  0x759c, 0x6d5c, 0x653c, 0x759c, 0x6d5c, 0x655c, 0x6d7c, 0x6d7c, 0x6d7c, 0x653c, 0x655c, 0x653c,
  0x5cfa, 0x6d7c, 0x6d7c, 0x653b, 0x5d1b, 0x653b, 0x5d3b, 0x4cb4, 0x2b0a, 0x224b, 0x5476, 0x5cda,
  0x5cda, 0x5cda, 0x5cda, 0x54b9, 0x4451, 0x3bcb, 0x43cb, 0x2249, 0x334c, 0x4415, 0x3bf2, 0x234b,
  0x230b, 0x230c, 0x228a, 0x1a2a, 0x1a2a, 0x2b2b, 0x338b, 0x4c2c, 0x330d, 0x3351, 0x334e, 0x4c36,
  0x5499, 0x3bf2, 0x336c, 0x1a6a, 0x4c4e, 0x6516, 0x4c75, 0x64fb, 0x651b, 0x334f, 0x33ce, 0x3c31,
  0x4435, 0x653b, 0x653c, 0x655c, 0x655c, 0x655c, 0x655c, 0x5d19, 0x655a, 0x75bc, 0x6d9c, 0x6d7c,
  0x6d7c, 0x6d7c, 0x6d7c, 0x6d9c, 0x6dbc, 0x863d, 0x861d, 0x7dfd, 0x6dbd, 0x6d9d, 0x6dbd, 0x6d9d,
  0x6dbd, 0x6dbd, 0x75bd, 0x7e1d, 0x7e1d, 0x861d, 0x75bc, 0x7ddd, 0x75bc, 0x75bc, 0x863d, 0x863d,
  0x75bd, 0x75bd, 0x7dfd, 0x861d, 0x6d9c, 0x6d9c, 0x861d, 0x965e, 0x7e1e, 0x8e3e, 0x8e3e, 0xb6be,
  0xcf3f, 0x967e, 0x863e, 0x8e3e, 0x8e3e, 0xaebe, 0xd73f, 0xaebf, 0x969f, 0xc71f, 0xf7df, 0xefdf,
  0xefdf, 0xf7df, 0xdfbf, 0xdfbf, 0xdfbf, 0xdf9f, 0xdfbf, 0xdfbf, 0xdfbf, 0xdfbf, 0xdfbf, 0xdfbf,
  0xdfbf, 0xdfbf, 0xdfbf, 0xdfbf, 0xdfbf, 0xdfbf, 0xdfbf, 0xdfbf, 0xdfbf, 0xdfbf, 0xdfbf, 0xefdf,
  0xefdf, 0xffff, 0xf7df, 0xefdf, 0xe7bf, 0xdfbf, 0xd79f, 0xd79f, 0xd79f, 0xd79f, 0xd79f, 0xd79f,
  0xd79f, 0xd79f, 0xdf9f, 0xd7bf, 0xdfbf, 0xd7bf, 0xdfbf, 0xdfbf, 0xdf9f, 0xdf9f, 0xdfbf, 0xdfbf,
  0xdf9f, 0xdf9f, 0xd7bf, 0xd7bf, 0xdfbf, 0xdfbf, 0xdfbf, 0xd7bf, 0xd7bf, 0xd7bf, 0xd7bf, 0xd7bf,
  0xd7bf, 0xd7bf, 0xd7bf, 0xdfbf, 0xdfbf, 0xdfbf, 0xdfbf, 0xdfbf, 0xdfbf, 0xdfbf, 0xdfbf, 0xdfbf,
  0xdfbf, 0xd7bf, 0xe7bf, 0xf7df, 0xe7bf, 0xdfbf, 0xdfbf, 0xdfbf, 0xdfbf, 0xdfbf, 0xdfbf, 0xdfbf,
  0xdfbf, 0xd7bf, 0xefdf, 0xf7df, 0xe7bf, 0xdfbf, 0xe7bf, 0xe7bf, 0xcf5f, 0xa6be, 0x863e, 0x863e,
  0x9e9e, 0xa69e, 0x8e3e, 0x8e5e, 0x863e, 0x8e3d, 0x965d, 0x8e3d, 0x7ddd, 0x75dd, 0x965e, 0x861d,
  0x75bd, 0x961d, 0xc6fe, 0xa65d, 0x7ddd, 0x75bd, 0x75bd, 0x7dfd, 0x75bd, 0x7ddd, 0x75bc, 0x759c,
  0x6d7c, 0x6d5c, 0x653c, 0x6d7c, 0x6d7c, 0x6d5c, 0x653c, 0x6d7c, 0x6d7c, 0x653c, 0x655c, 0x653b,
  0x336e, 0x655c, 0x651b, 0x5cfb, 0x5cfb, 0x5cfb, 0x54fa, 0x3bcd, 0x334c, 0x43ef, 0x4453, 0x54b9,
  0x5cba, 0x54ba, 0x54b9, 0x5cd7, 0x4c8e, 0x3bec, 0x336b, 0x2aeb, 0x2b2b, 0x338f, 0x33ae, 0x2b6b,
  0x230b, 0x232b, 0x226a, 0x228a, 0x2aaa, 0x228a, 0x2b0b, 0x228b, 0x22ae, 0x2b2f, 0x2b4c, 0x3bf3,
  0x4c79, 0x22cc, 0x334d, 0x3b6c, 0x4c4d, 0x338c, 0x4c75, 0x651b, 0x64fa, 0x3370, 0x33ee, 0x2b6d,
  0x3bf2, 0x653b, 0x655c, 0x655c, 0x655c, 0x655c, 0x655c, 0x4414, 0x3bd0, 0x6dbd, 0x6d9c, 0x6d7c,
  0x6d7c, 0x6d7c, 0x6d7c, 0x657c, 0x6dbc, 0x7dfc, 0x75dd, 0x7dfd, 0x7dfd, 0x6d9d, 0x6d9d, 0x6dbd,
  0x6dbd, 0x6dbd, 0x6dbd, 0x75bd, 0x7dfd, 0x7dfd, 0x861d, 0x7dfd, 0x7dfd, 0x6d7c, 0x6d9c, 0x863d,
  0x7dfd, 0x6dbd, 0x7dfd, 0x861d, 0x861d, 0x7ddd, 0x759c, 0x85fd, 0x861e, 0x7e1e, 0x863e, 0x863e,
  0xa6bf, 0xa6bf, 0x863e, 0x863e, 0x967e, 0x9e7e, 0xaebf, 0xbedf, 0x967f, 0xaebf, 0xb6de, 0xdf7f,
  0xf7df, 0xffff, 0xf7df, 0xf7df, 0xffff, 0xffff, 0xffff, 0xf7df, 0xdfbf, 0xe7bf, 0xe7bf, 0xe7bf,
  0xdfbf, 0xdfbf, 0xe7bf, 0xe7df, 0xe7df, 0xe7bf, 0xdfbf, 0xdfbf, 0xdfbf, 0xe7bf, 0xffdf, 0xffff,
  0xffff, 0xffff, 0xffff, 0xffff, 0xffff, 0xffff, 0xefdf, 0xe7bf, 0xe7bf, 0xdfbf, 0xdfbf, 0xdfbf,
  0xdfbf, 0xdfbf, 0xdfbf, 0xdfbf, 0xdfbf, 0xdfbf, 0xdfbf, 0xdfbf, 0xdfbf, 0xdfbf, 0xdfbf, 0xdfbf,
  0xdfbf, 0xdfbf, 0xdfbf, 0xdfbf, 0xdfbf, 0xdfbf, 0xdfbf, 0xdfbf, 0xdfbf, 0xdfbf, 0xdfbf, 0xf7df,
  0xf7ff, 0xefdf, 0xe7bf, 0xe7bf, 0xdfbf, 0xdfbf, 0xdfbf, 0xdfbf, 0xe7bf, 0xdfbf, 0xe7bf, 0xffdf,
  0xffff, 0xf7df, 0xffff, 0xffff, 0xffff, 0xefdf, 0xf7ff, 0xffff, 0xffdf, 0xe7bf, 0xdfbf, 0xefdf,
  0xf7df, 0xe7bf, 0xdf9f, 0xffff, 0xffff, 0xf7df, 0xefbf, 0xbefe, 0x8e5e, 0x8e3e, 0x8e5e, 0x863e,
  0x8e5e, 0x8e5e, 0x8e3d, 0x863d, 0x7dfd, 0x8e3e, 0x8e3e, 0x85fd, 0x75dd, 0x7dfd, 0x7ddd, 0x8e1d,
  0x963e, 0xa69e, 0x965d, 0x85fd, 0x6d9c, 0x6d9c, 0x7ddd, 0x75bd, 0x75bc, 0x75dd, 0x75bc, 0x6d7c,
  0x75bc, 0x6d5c, 0x655c, 0x655c, 0x6d7d, 0x653a, 0x5d3b, 0x653c, 0x653c, 0x655c, 0x655c, 0x5d1a,
  0x2b4c, 0x5d1b, 0x5d1b, 0x4415, 0x5d1b, 0x5cfa, 0x4474, 0x3c0d, 0x2aec, 0x2b0c, 0x232c, 0x4c78,
  0x4c57, 0x33b1, 0x3c13, 0x3c0f, 0x340d, 0x3bad, 0x336d, 0x1a6a, 0x1a8a, 0x22ca, 0x2b8b, 0x2bab,
  0x1aaa, 0x338a, 0x228a, 0x226a, 0x226a, 0x2aea, 0x334b, 0x4c0b, 0x5cae, 0x43ce, 0x2b4c, 0x3bf3,
  0x4c78, 0x336d, 0x228a, 0x2aeb, 0x33ac, 0x338c, 0x54f6, 0x653b, 0x3bb1, 0x232c, 0x2b8d, 0x22ec,
  0x3bf1, 0x655c, 0x655c, 0x653b, 0x5d3b, 0x655c, 0x651b, 0x3390, 0x2b8d, 0x5d19, 0x657c, 0x655c,
  0x655c, 0x657c, 0x6d7c, 0x6d7c, 0x6d9c, 0x6d9c, 0x75dd, 0x6d9c, 0x6dbc, 0x75dd, 0x75dd, 0x6d9d,
  0x6dbd, 0x6dbd, 0x6dbd, 0x75bd, 0x75dd, 0x7e1d, 0x7e1d, 0x861d, 0x7dfd, 0x6d9c, 0x7dfd, 0x7dfd,
  0x75dd, 0x75dd, 0x75bc, 0x7ddd, 0x861d, 0x85fd, 0x861d, 0x75bd, 0x6dbd, 0x7dfe, 0x7e3e, 0x863e,
  0x863e, 0x8e5e, 0x7e3e, 0x863e, 0x8e5e, 0x967e, 0x9e9f, 0xaebf, 0x965e, 0xa69f, 0xaebf, 0xa6bf,
  0xb6de, 0xdf7f, 0xe79f, 0xf7bf, 0xf7df, 0xffff, 0xffdf, 0xffff, 0xffff, 0xffff, 0xffff, 0xffff,
  0xf7df, 0xf7ff, 0xefdf, 0xe7df, 0xe7bf, 0xf7df, 0xf7df, 0xe7bf, 0xdfbf, 0xe7bf, 0xf7df, 0xf7df,
  0xf7df, 0xf7df, 0xf7df, 0xf7df, 0xf7df, 0xffff, 0xffff, 0xf7df, 0xf7ff, 0xf7df, 0xdfbf, 0xe7df,
  0xe7bf, 0xdfbf, 0xdfbf, 0xdfbf, 0xdfbf, 0xdfbf, 0xdfbf, 0xdfbf, 0xdfbf, 0xdfbf, 0xdfbf, 0xdfbf,
  0xdfbf, 0xdfbf, 0xdfbf, 0xdfbf, 0xdfbf, 0xdfbf, 0xdfbf, 0xdfbf, 0xe7bf, 0xefdf, 0xffff, 0xffff,
  0xffff, 0xffff, 0xffff, 0xffff, 0xefbf, 0xe7bf, 0xe7bf, 0xefdf, 0xefbf, 0xe7bf, 0xf7df, 0xffff,
  0xffdf, 0xffff, 0xffff, 0xffff, 0xffff, 0xffff, 0xffff, 0xffff, 0xf7df, 0xefbf, 0xf7df, 0xffff,
  0xffff, 0xffdf, 0xf7df, 0xffff, 0xdf5e, 0xbefe, 0x7e1d, 0x7e1e, 0x863e, 0x8e5e, 0x8e5e, 0x7e1e,
  0x8e5e, 0x8e5e, 0x8e3d, 0x7e1d, 0x7e1d, 0x7dfd, 0x75dd, 0x75dd, 0x75dd, 0x861d, 0x861d, 0x965e,
  0x9e7e, 0x8e3d, 0x75dd, 0x6dbd, 0x6d9d, 0x6dbc, 0x75bc, 0x75bc, 0x75bc, 0x75dd, 0x75bc, 0x657c,
  0x6d7c, 0x653c, 0x655c, 0x655c, 0x6d7c, 0x3bb1, 0x4c14, 0x653c, 0x653c, 0x655c, 0x657c, 0x4c14,
  0x22ea, 0x5498, 0x54d9, 0x336f, 0x4c76, 0x551a, 0x33ee, 0x2b6c, 0x2aec, 0x2acb, 0x2b4c, 0x5cb9,
  0x4414, 0x2b6e, 0x43f0, 0x4c2f, 0x33cd, 0x2b2c, 0x2acb, 0x2acb, 0x2b0b, 0x228a, 0x2b2b, 0x2bab,
  0x1a6a, 0x2aea, 0x228b, 0x224a, 0x1a2a, 0x2b0b, 0x3bcb, 0x4c4b, 0x4c2b, 0x336b, 0x2b4b, 0x33b1,
  0x3bf4, 0x334c, 0x228b, 0x228b, 0x2b0b, 0x3c4e, 0x4470, 0x651a, 0x336f, 0x2b2c, 0x2b8d, 0x22cb,
  0x3bef, 0x657c, 0x5d1b, 0x4c56, 0x3bf1, 0x655b, 0x54b8, 0x22cb, 0x33ad, 0x54b5, 0x657c, 0x5cf9,
  0x4c76, 0x54d7, 0x6d7c, 0x6d9c, 0x6d9c, 0x6d7c, 0x6d7c, 0x655b, 0x6d9c, 0x6dbd, 0x75dd, 0x75dd,
  0x6dbd, 0x6dbd, 0x6dbd, 0x6dbd, 0x6dbd, 0x75dd, 0x7dfd, 0x75dd, 0x7dfd, 0x75bc, 0x75bc, 0x7dfd,
  0x861d, 0x75dd, 0x75bd, 0x6dbd, 0x75dd, 0x75dd, 0x861d, 0x861d, 0x75dd, 0x6dbd, 0x75dd, 0x7e1e,
  0x863e, 0x7e3e, 0x7e3e, 0x7e3e, 0x8e5e, 0x863e, 0x865e, 0x9e7e, 0x9e7e, 0x8e5e, 0xa69f, 0xaebf,
  0xa69f, 0x9e9e, 0x9e9e, 0xaede, 0xd75f, 0xefbf, 0xf7df, 0xf7df, 0xf7df, 0xf7df, 0xf7df, 0xffff,
  0xffff, 0xffff, 0xffff, 0xf7df, 0xefdf, 0xffff, 0xffff, 0xffff, 0xe7df, 0xe7bf, 0xe7bf, 0xe7bf,
  0xe7bf, 0xe7bf, 0xe7bf, 0xe7bf, 0xe7bf, 0xe7bf, 0xe7bf, 0xe7bf, 0xe7bf, 0xe7bf, 0xe7bf, 0xe7bf,
  0xe7bf, 0xdfbf, 0xe7bf, 0xe7bf, 0xe7bf, 0xdfbf, 0xdfbf, 0xdfbf, 0xdfbf, 0xdfbf, 0xe7bf, 0xe7bf,
  0xdfbf, 0xe7bf, 0xdfbf, 0xdfbf, 0xdfbf, 0xdfbf, 0xefbf, 0xf7df, 0xffff, 0xffff, 0xffff, 0xf7df,
  0xf7df, 0xffdf, 0xffdf, 0xf7df, 0xefbf, 0xefbf, 0xefbf, 0xefbf, 0xefdf, 0xefdf, 0xef9f, 0xd75f,
  0xc71f, 0xd75f, 0xefbf, 0xffff, 0xffff, 0xffff, 0xf7df, 0xdf7f, 0xf7bf, 0xf7df, 0xf7df, 0xf7df,
  0xffdf, 0xefbf, 0xefbf, 0xb6be, 0x861d, 0x75fd, 0x7dfd, 0x863e, 0x8e5e, 0x8e7e, 0x863e, 0x863d,
  0x8e5e, 0x8e5d, 0x861d, 0x75fd, 0x75dd, 0x75dd, 0x75dd, 0x75dd, 0x7dfd, 0x85fd, 0x7dfd, 0x8e1d,
  0x8e3d, 0x75bd, 0x6d9d, 0x6d9d, 0x6d9d, 0x75bd, 0x75bc, 0x75bc, 0x75bd, 0x75bc, 0x6d7c, 0x657c,
  0x657c, 0x54d7, 0x5d3a, 0x655c, 0x5d3a, 0x338d, 0x230c, 0x5d3b, 0x655c, 0x5d1a, 0x64f8, 0x5c94,
  0x22aa, 0x5496, 0x4c35, 0x2b2c, 0x3390, 0x4cb6, 0x3c2e, 0x2b8c, 0x2b0b, 0x22ab, 0x2b6c, 0x5497,
  0x3bd1, 0x2b6c, 0x6cce, 0x754e, 0x440c, 0x334b, 0x3b6b, 0x226a, 0x228a, 0x22aa, 0x2b4b, 0x232b,
  0x1a6a, 0x228a, 0x228b, 0x2b0b, 0x1a6a, 0x22aa, 0x2b0b, 0x2b2b, 0x2b4a, 0x338b, 0x2b2c, 0x2b2d,
  0x2b4c, 0x338c, 0x228b, 0x226b, 0x338c, 0x33ad, 0x33ad, 0x4c55, 0x2b0d, 0x2b2c, 0x2b4c, 0x22cb,
  0x2b6d, 0x4cb5, 0x4c55, 0x4c54, 0x3c0f, 0x5cf9, 0x5477, 0x22eb, 0x2b2c, 0x3bd0, 0x657c, 0x54b7,
  0x230c, 0x4c52, 0x6d7c, 0x6d7c, 0x6d7c, 0x657c, 0x657c, 0x5476, 0x6539, 0x6dbd, 0x6dbd, 0x6dbd,
  0x6dbd, 0x6dbd, 0x6dbd, 0x6dbd, 0x6dbd, 0x6ddd, 0x75dd, 0x75bd, 0x75dd, 0x6dbd, 0x6dbd, 0x6dbd,
  0x7dfd, 0x861d, 0x75bd, 0x75bd, 0x75dd, 0x863e, 0x75dd, 0x861d, 0x861d, 0x7dfd, 0x6dbd, 0x75bd,
  0x863e, 0x863e, 0x7e3e, 0x7e3e, 0x7e3e, 0x7e1e, 0x863e, 0x8e5e, 0x8e5e, 0x863e, 0x9e7e, 0xae9f,
  0xa6bf, 0x9e9f, 0x9e9e, 0xa6be, 0x9e9f, 0xcf3f, 0xdf7f, 0xf7df, 0xefdf, 0xefdf, 0xefdf, 0xefdf,
  0xf7df, 0xf7df, 0xffff, 0xf7df, 0xf7df, 0xf7df, 0xf7df, 0xffff, 0xf7df, 0xefdf, 0xefdf, 0xefdf,
  0xe7bf, 0xe7bf, 0xe7bf, 0xe7bf, 0xdfbf, 0xdfbf, 0xdfbf, 0xdfbf, 0xe7bf, 0xe7bf, 0xe7bf, 0xe7bf,
  0xe7bf, 0xe7bf, 0xe7bf, 0xe7df, 0xefdf, 0xe7df, 0xefdf, 0xefdf, 0xe7bf, 0xefdf, 0xffff, 0xffff,
  0xffff, 0xffff, 0xefdf, 0xe7bf, 0xe7bf, 0xf7df, 0xffff, 0xffff, 0xffff, 0xf7df, 0xf7df, 0xf7df,
  0xefbf, 0xefbf, 0xf7df, 0xefbf, 0xefbf, 0xefbf, 0xf7df, 0xe79f, 0xd75f, 0xbeff, 0xaebf, 0xa6bf,
  0x9e9f, 0x9e9f, 0x9e9f, 0xa6be, 0x9ebe, 0x9e9e, 0xb6fe, 0xbefe, 0x967e, 0x9e7e, 0xa69e, 0xd75f,
  0xd73e, 0x963d, 0x75dd, 0x7dfd, 0x75dd, 0x7e1d, 0x863d, 0x8e5e, 0x8e5e, 0x863e, 0x7e1d, 0x8e3d,
  0x8e5e, 0x863d, 0x7dfd, 0x75dd, 0x75dd, 0x75dd, 0x75dd, 0x75fd, 0x75dd, 0x861d, 0x863d, 0x8e3d,
  0x75dd, 0x6d9c, 0x6d9d, 0x6d9d, 0x6dbd, 0x6dbd, 0x6d9c, 0x6d7b, 0x6d7c, 0x6d7c, 0x6d7c, 0x6d7c,
  0x5d3a, 0x33ad, 0x4454, 0x5d1a, 0x54f8, 0x2b4c, 0x338d, 0x54b8, 0x655c, 0x5cf9, 0x5cd2, 0x54d0,
  0x22ab, 0x3baf, 0x3bf0, 0x2b2c, 0x2b2e, 0x338f, 0x3c2d, 0x2b6c, 0x22cb, 0x2b0c, 0x2b2b, 0x338f,
  0x33af, 0x2b6c, 0x338c, 0x444c, 0x3c2c, 0x3beb, 0x22ca, 0x22aa, 0x22aa, 0x22eb, 0x22ca, 0x22cb,
  0x1a6a, 0x22aa, 0x2aeb, 0x234b, 0x1aaa, 0x2b0b, 0x22aa, 0x22ea, 0x440b, 0x4c8d, 0x2b4c, 0x22eb,
  0x2b6c, 0x2b4c, 0x2acb, 0x226b, 0x2b2c, 0x334c, 0x3bcd, 0x338f, 0x2b0c, 0x2b0c, 0x2b0c, 0x22ab,
  0x336d, 0x33ee, 0x2b6d, 0x33ce, 0x3c2e, 0x4c94, 0x4413, 0x22ec, 0x2b0c, 0x3bcf, 0x651a, 0x4c14,
  0x2b2c, 0x444f, 0x6559, 0x657c, 0x657c, 0x657c, 0x655b, 0x4413, 0x54d5, 0x6dbd, 0x6dbd, 0x6dbd,
  0x6dbd, 0x6d9d, 0x6d9c, 0x6dbd, 0x6dbd, 0x6ddd, 0x75dd, 0x75bd, 0x75bd, 0x75bd, 0x6dbd, 0x75bd,
  0x75dd, 0x75dd, 0x75bd, 0x75fd, 0x7e1d, 0x75dd, 0x7e1d, 0x7ddd, 0x863d, 0x8e3d, 0x7dfd, 0x75dd,
  0x75fd, 0x75dd, 0x75fd, 0x7e3e, 0x7e3e, 0x7e3e, 0x863e, 0x8e7f, 0x7e3e, 0x7e3e, 0x865e, 0xa69f,
  0x967e, 0x9e9f, 0x9e9f, 0x9e9f, 0x9e9f, 0x9e9e, 0x9e9e, 0xd75f, 0xd77f, 0xefdf, 0xf7df, 0xefdf,
  0xf7df, 0xefbf, 0xefdf, 0xefdf, 0xf7df, 0xf7df, 0xffdf, 0xf7df, 0xefdf, 0xf7df, 0xffff, 0xffff,
  0xefdf, 0xe7bf, 0xe7bf, 0xe7bf, 0xe7bf, 0xe7bf, 0xdfbf, 0xdfbf, 0xe7bf, 0xe7bf, 0xe7bf, 0xe7bf,
  0xe7df, 0xe7df, 0xe7df, 0xe7df, 0xf7df, 0xefdf, 0xf7df, 0xf7df, 0xefdf, 0xf7df, 0xf7df, 0xffdf,
  0xffff, 0xffff, 0xffff, 0xefdf, 0xf7df, 0xf7df, 0xffff, 0xffdf, 0xf7df, 0xf7df, 0xefbf, 0xefbf,
  0xefbf, 0xefbf, 0xefdf, 0xefbf, 0xefbf, 0xdf9f, 0xdf7f, 0xbeff, 0xaebf, 0xa69e, 0xb6de, 0xa6bf,
  0xa69f, 0xa6bf, 0xa6bf, 0x9e9f, 0x8e7f, 0x8e7f, 0x8e7e, 0x865e, 0x863e, 0x863e, 0x861e, 0x8e3e,
  0x7dfd, 0x863d, 0x863e, 0x7e1d, 0x75dd, 0x861d, 0x8e5e, 0x861d, 0x861d, 0x861d, 0x863d, 0x863d,
  0x861d, 0x7dfd, 0x75fd, 0x75dd, 0x75dd, 0x75dd, 0x75dd, 0x863d, 0x863e, 0x967e, 0x7dfd, 0x75dd,
  0x6d9d, 0x6d9c, 0x6d9c, 0x6d9d, 0x6d9d, 0x6dbd, 0x6d7b, 0x54b6, 0x6d7c, 0x6d7c, 0x6d7c, 0x6d7c,
  0x54f6, 0x338c, 0x3bf0, 0x54f7, 0x54b6, 0x230b, 0x336c, 0x33af, 0x5d3b, 0x54f8, 0x444f, 0x2b6c,
  0x228b, 0x338d, 0x338d, 0x2b4c, 0x2b4e, 0x2b2e, 0x33cd, 0x2b6c, 0x2b0b, 0x22cb, 0x2b0c, 0x2b8e,
  0x2b6d, 0x2b6d, 0x2b4c, 0x2b4c, 0x338c, 0x33ac, 0x2b2b, 0x2b0b, 0x22ab, 0x22aa, 0x22cb, 0x22eb,
  0x2289, 0x336a, 0x22aa, 0x22cb, 0x226a, 0x2b0a, 0x2b6b, 0x338b, 0x33ab, 0x3c0c, 0x2b4b, 0x22aa,
  0x2b4b, 0x33ac, 0x334c, 0x226b, 0x22cb, 0x3bed, 0x446d, 0x442d, 0x336b, 0x22ab, 0x228b, 0x228b,
  0x22ab, 0x2b2c, 0x22ec, 0x33cd, 0x33ef, 0x3c2f, 0x338c, 0x2b0c, 0x2b2c, 0x3baf, 0x6518, 0x334e,
  0x2aec, 0x3bcd, 0x54f5, 0x655b, 0x655b, 0x657c, 0x5cf9, 0x2b0d, 0x442f, 0x6559, 0x6dbd, 0x6dbd,
  0x6dbd, 0x655b, 0x54b7, 0x6dbd, 0x75bd, 0x6dbd, 0x6dbd, 0x75bd, 0x75bd, 0x75bd, 0x75bd, 0x75bd,
  0x75bd, 0x75bd, 0x75dd, 0x75dd, 0x7dfd, 0x75dd, 0x75dd, 0x7e1d, 0x861d, 0x8e3d, 0x8e3d, 0x7dfd,
  0x75dd, 0x6d9c, 0x6d9c, 0x6ddd, 0x75fd, 0x7e3e, 0x865e, 0x865f, 0x863e, 0x7e3e, 0x7e3e, 0x8e5e,
  0x9e9e, 0x8e7e, 0x967e, 0x967e, 0x967e, 0x9e7e, 0x9e9e, 0xa6be, 0xa6be, 0xaefe, 0xd75f, 0xe7bf,
  0xe7bf, 0xe7bf, 0xefbf, 0xefbf, 0xefbf, 0xefbf, 0xefbf, 0xefbf, 0xefbf, 0xefdf, 0xefbf, 0xefbf,
  0xefbf, 0xf7df, 0xefdf, 0xf7df, 0xffff, 0xffff, 0xf7df, 0xefdf, 0xe7bf, 0xe7bf, 0xe7bf, 0xe7bf,
  0xe7df, 0xe7df, 0xe7df, 0xe7df, 0xe7df, 0xe7bf, 0xe7df, 0xe7df, 0xe7bf, 0xe7bf, 0xe7bf, 0xefdf,
  0xefdf, 0xefdf, 0xefdf, 0xefbf, 0xefdf, 0xefbf, 0xefdf, 0xefbf, 0xefbf, 0xefdf, 0xf7df, 0xefdf,
  0xefbf, 0xefbf, 0xefbf, 0xe79f, 0xcf3f, 0xa6bf, 0xb6df, 0xb6bf, 0xaebf, 0xa69e, 0xa6bf, 0x969f,
  0xa6bf, 0x9e9f, 0x969f, 0x969f, 0x967f, 0x8e7f, 0x8e7e, 0x865e, 0x7e1e, 0x75fd, 0x75dd, 0x75dd,
  0x861e, 0x8e5e, 0x7dfd, 0x863d, 0x863d, 0x861d, 0x7dfd, 0x7e1d, 0x7dfd, 0x7e1d, 0x863d, 0x861d,
  0x75dd, 0x75dd, 0x75dd, 0x75dd, 0x75dd, 0x7dfd, 0x863d, 0x7e1d, 0x7dfd, 0x75dd, 0x6dbd, 0x6dbd,
  0x6d9c, 0x6d9c, 0x6d9c, 0x6d9d, 0x6d9d, 0x6d9c, 0x6538, 0x3baf, 0x6519, 0x6d7c, 0x6d7c, 0x657c,
  0x4c73, 0x338c, 0x2b2d, 0x4433, 0x4c75, 0x2aeb, 0x2aeb, 0x33ae, 0x4476, 0x54d7, 0x4470, 0x338d,
  0x22cc, 0x2b0c, 0x2b4c, 0x2b2c, 0x232c, 0x3c0c, 0x3c2d, 0x232c, 0x2b0b, 0x2acb, 0x2b0b, 0x2b2c,
  0x336c, 0x4c4d, 0x6d0e, 0x3bec, 0x1aaa, 0x2b2b, 0x2b4b, 0x226a, 0x2b0b, 0x336b, 0x334b, 0x2b0a,
  0x3b8a, 0x440a, 0x332b, 0x1a4a, 0x1a2a, 0x1a29, 0x336b, 0x2b0a, 0x22aa, 0x338b, 0x2b8b, 0x234b,
  0x230a, 0x3bed, 0x22ab, 0x226b, 0x2b2c, 0x338c, 0x3bed, 0x3c2d, 0x3c0c, 0x2b4b, 0x228a, 0x2b0c,
  0x2b2c, 0x228b, 0x22cb, 0x33ad, 0x33ce, 0x33ed, 0x33cd, 0x22ec, 0x22cc, 0x2b8c, 0x2bad, 0x2b4d,
  0x2b0c, 0x3bed, 0x4cd3, 0x3c32, 0x5d3b, 0x4cb7, 0x4c34, 0x2aed, 0x3bee, 0x6559, 0x6539, 0x6d9c,
  0x6dbd, 0x4412, 0x3c30, 0x6d9b, 0x6dbd, 0x6dbd, 0x6dbd, 0x6dbd, 0x5cf8, 0x6d7b, 0x75bd, 0x75bd,
  0x75bd, 0x75bd, 0x75dd, 0x75dd, 0x75dd, 0x6dbd, 0x75bd, 0x75dd, 0x7e1d, 0x7e1d, 0x7dfd, 0x7e1d,
  0x7dfd, 0x6dbc, 0x6d9c, 0x6d9c, 0x6d9c, 0x75dd, 0x865e, 0x7e3e, 0x7e3e, 0x7e3e, 0x7e3e, 0x7e3e,
  0x8e5e, 0x969e, 0x865e, 0x865e, 0x967e, 0x863e, 0x9e7e, 0x9e9e, 0xa6bf, 0xa6be, 0x9e9e, 0x967e,
  0xaebe, 0xc73f, 0xbf1f, 0xc73f, 0xdf9f, 0xefbf, 0xefbf, 0xefbf, 0xefbf, 0xefdf, 0xe7df, 0xe7bf,
  0xe7bf, 0xefdf, 0xefdf, 0xf7df, 0xffff, 0xf7df, 0xf7df, 0xffdf, 0xf7df, 0xffff, 0xf7df, 0xefbf,
  0xe7df, 0xefdf, 0xefbf, 0xe7df, 0xe7df, 0xefdf, 0xefdf, 0xefdf, 0xf7df, 0xefdf, 0xefdf, 0xefdf,
  0xefdf, 0xefdf, 0xefdf, 0xefdf, 0xefdf, 0xefdf, 0xefdf, 0xefdf, 0xefdf, 0xefdf, 0xefdf, 0xefdf,
  0xefbf, 0xcf5f, 0xc73f, 0x9ebf, 0x9e9f, 0xaedf, 0xa6bf, 0xb6df, 0x9e9f, 0x8e7e, 0x9e9f, 0xa6bf,
  0x967f, 0x8e7f, 0x969f, 0x969f, 0x969f, 0x8e7f, 0x8e7e, 0x863e, 0x75dd, 0x75dd, 0x861e, 0x8e3e,
  0x861d, 0x7e1d, 0x861e, 0x861d, 0x75fd, 0x7e1d, 0x861d, 0x7dfd, 0x7dfd, 0x75dd, 0x75fd, 0x75dd,
  0x75dd, 0x75dd, 0x75dd, 0x75dd, 0x861d, 0x7dfd, 0x6dbd, 0x6dbd, 0x75bd, 0x6d9c, 0x6dbd, 0x657b,
  0x5d18, 0x653a, 0x6d9c, 0x6d9d, 0x6d9c, 0x657a, 0x3bed, 0x2b4c, 0x5496, 0x6519, 0x655a, 0x5517,
  0x442e, 0x2b4c, 0x2b4e, 0x3bef, 0x33ae, 0x2b0c, 0x2b2b, 0x33cd, 0x3c31, 0x3c51, 0x33cd, 0x2b4c,
  0x22cc, 0x2aec, 0x22ec, 0x33ac, 0x3c0c, 0x652d, 0x33ec, 0x230b, 0x22ab, 0x2acb, 0x33ed, 0x2b4c,
  0x444d, 0x5ced, 0x442c, 0x33cb, 0x2b2b, 0x338c, 0x2b2b, 0x224a, 0x2aca, 0x3bcc, 0x440c, 0x546b,
  0x3b8b, 0x2aeb, 0x2aaa, 0x1a29, 0x1a09, 0x22ea, 0x22aa, 0x22aa, 0x440c, 0x446c, 0x33eb, 0x2b8b,
  0x33cc, 0x338c, 0x228b, 0x224a, 0x22ab, 0x2b4b, 0x336c, 0x3c6d, 0x342c, 0x2b6c, 0x22ab, 0x2b6c,
  0x2b2c, 0x22ab, 0x2b0c, 0x33ad, 0x33ed, 0x3c0e, 0x3bed, 0x3c2d, 0x22ec, 0x2b6c, 0x2b2c, 0x22ab,
  0x33ad, 0x442e, 0x33ce, 0x3c0f, 0x5d1a, 0x3c13, 0x2b0e, 0x2aec, 0x33cd, 0x54f4, 0x5494, 0x655a,
  0x5cd8, 0x334e, 0x3c0f, 0x5d38, 0x6dbd, 0x6d9d, 0x6dbd, 0x75bc, 0x3bf1, 0x653a, 0x6dbd, 0x75bd,
  0x75bd, 0x75dd, 0x75dd, 0x75dd, 0x75dd, 0x75bd, 0x6dbd, 0x6dbd, 0x6ddd, 0x75fd, 0x863d, 0x7e1d,
  0x7dfd, 0x6dbd, 0x75fd, 0x75dd, 0x6d9d, 0x6dbd, 0x75dd, 0x75fd, 0x863e, 0x863e, 0x863e, 0x7e3e,
  0x863e, 0x8e7e, 0x865e, 0x8e7e, 0x865e, 0x8e5e, 0x863e, 0x969e, 0x9ebf, 0x9e9f, 0x969e, 0x9e9f,
  0x9ebf, 0x9ebf, 0x8e7f, 0x969f, 0xa6de, 0xc75f, 0xbf3f, 0xdf9f, 0xdf9f, 0xefdf, 0xefdf, 0xefdf,
  0xefdf, 0xe7bf, 0xe7bf, 0xf7df, 0xf7df, 0xf7df, 0xf7df, 0xefdf, 0xf7df, 0xf7df, 0xefdf, 0xefdf,
  0xefdf, 0xefdf, 0xf7df, 0xf7df, 0xf7df, 0xefdf, 0xefdf, 0xefdf, 0xefdf, 0xefdf, 0xefdf, 0xefdf,
  0xefdf, 0xefdf, 0xefdf, 0xefdf, 0xefdf, 0xefdf, 0xe7df, 0xe7bf, 0xe7bf, 0xcf5f, 0xcf5f, 0xc71f,
  0xcf3f, 0xa6be, 0x9ebf, 0x969f, 0xa6df, 0xa6df, 0x9ebf, 0xaedf, 0x8e7e, 0x967e, 0x9ebf, 0x967e,
  0x8e7e, 0x8e7e, 0x8e7e, 0x8e7f, 0x867e, 0x865e, 0x7e1d, 0x7e1d, 0x863e, 0x865e, 0x863e, 0x7dfd,
  0x7dfd, 0x863d, 0x7e1d, 0x7dfd, 0x861d, 0x7e1d, 0x7dfd, 0x75dd, 0x75bd, 0x75bd, 0x75dd, 0x75dd,
  0x75dd, 0x75dd, 0x75dd, 0x75dd, 0x75dd, 0x6dbd, 0x6dbd, 0x6dbd, 0x75bd, 0x5cf7, 0x6d9b, 0x6dbc,
  0x4433, 0x4c34, 0x5cf9, 0x6d9c, 0x6559, 0x4c72, 0x3bed, 0x2b2c, 0x4412, 0x4c53, 0x5d39, 0x4cb3,
  0x444e, 0x338d, 0x22cc, 0x2b4d, 0x2b2c, 0x338c, 0x3c0d, 0x3c0d, 0x3c0e, 0x3c4f, 0x2b8d, 0x2b4c,
  0x2b4c, 0x22cc, 0x2aec, 0x3c2d, 0x446d, 0x33cc, 0x33cc, 0x230b, 0x22ab, 0x2b2c, 0x33ed, 0x33ee,
  0x3bed, 0x444d, 0x33ec, 0x232b, 0x33ac, 0x22eb, 0x22ab, 0x226a, 0x228a, 0x22aa, 0x2b2a, 0x338b,
  0x1a69, 0x2249, 0x2b49, 0x22a9, 0x1a29, 0x22c9, 0x22a9, 0x2b0a, 0x3bab, 0x3bab, 0x3c4c, 0x33cc,
  0x338b, 0x2b2a, 0x336b, 0x226a, 0x230b, 0x2b4b, 0x2b2b, 0x33ec, 0x33ec, 0x338c, 0x2b0b, 0x2b8c,
  0x338c, 0x22ab, 0x2aec, 0x338d, 0x33ed, 0x33ee, 0x334c, 0x442d, 0x338c, 0x2b0c, 0x330c, 0x2aec,
  0x3bed, 0x3c0d, 0x33ad, 0x33ed, 0x4c95, 0x338f, 0x22cc, 0x2acc, 0x334d, 0x3c0f, 0x4430, 0x6539,
  0x3bd1, 0x2b2d, 0x338e, 0x5cf7, 0x653a, 0x4433, 0x75bc, 0x5cd7, 0x33af, 0x54d8, 0x6dbd, 0x75bd,
  0x657b, 0x75dd, 0x75dd, 0x75dd, 0x655b, 0x6dbc, 0x6dbd, 0x6dbd, 0x6dbd, 0x6ddd, 0x75dd, 0x7dfd,
  0x7e1d, 0x7dfd, 0x6dbc, 0x75fd, 0x6dbd, 0x6d9c, 0x75fd, 0x75bc, 0x6dbc, 0x7e1d, 0x7e3e, 0x7e3e,
  0x863e, 0x863e, 0x865e, 0x8e7e, 0x8e7e, 0x8e7e, 0x865e, 0x865e, 0x8e5e, 0x8e5e, 0x9e9e, 0x969e,
  0x967e, 0x9e9f, 0xa6bf, 0x967e, 0x969f, 0x969e, 0x969e, 0x9ebe, 0xa6df, 0xc73f, 0xc73f, 0xc75f,
  0xe7bf, 0xe7bf, 0xe7df, 0xe7df, 0xefdf, 0xefdf, 0xefdf, 0xefdf, 0xf7df, 0xefdf, 0xefdf, 0xefdf,
  0xefdf, 0xefdf, 0xf7df, 0xf7ff, 0xf7df, 0xefdf, 0xefdf, 0xefdf, 0xefdf, 0xefdf, 0xefdf, 0xefdf,
  0xefdf, 0xefdf, 0xefdf, 0xcf5f, 0xcf3f, 0xb6ff, 0x9ebf, 0x9ebf, 0x9e9f, 0x9ebf, 0xa6df, 0x9ebf,
  0x8e7f, 0x9ebf, 0x969e, 0x9ebf, 0x9edf, 0x96bf, 0xaedf, 0x9e9f, 0x8e7e, 0x8e7e, 0x8e7e, 0x8e7e,
  0x8e7e, 0x8e7e, 0x8e7e, 0x863e, 0x761d, 0x6ddd, 0x7dfd, 0x863e, 0x7e1d, 0x7e1d, 0x863d, 0x863d,
  0x861d, 0x75fd, 0x75dd, 0x7e1d, 0x75dd, 0x75dd, 0x75bd, 0x75bd, 0x75bd, 0x75bd, 0x75dd, 0x75dd,
  0x75dd, 0x75dd, 0x759b, 0x75bc, 0x75dd, 0x5d39, 0x6dbd, 0x75bd, 0x75bd, 0x4c52, 0x5d18, 0x6dbb,
  0x33af, 0x2b6e, 0x54b7, 0x657b, 0x4472, 0x33ce, 0x338d, 0x22ec, 0x2b4d, 0x33af, 0x4c92, 0x444f,
  0x3c0e, 0x336c, 0x22cb, 0x2aec, 0x2b0c, 0x3c2e, 0x3c2d, 0x3c0e, 0x3c0e, 0x33ce, 0x2b2c, 0x2b0c,
  0x2b8d, 0x2b0c, 0x2b4d, 0x342e, 0x33cd, 0x33cd, 0x340d, 0x2b6c, 0x22ab, 0x338d, 0x2b4c, 0x2b4c,
  0x442d, 0x446d, 0x3c4d, 0x33cc, 0x2b2a, 0x2b4b, 0x228a, 0x224a, 0x224a, 0x22ca, 0x22ca, 0x33ab,
  0x1a69, 0x1a29, 0x1a29, 0x2269, 0x2269, 0x22a9, 0x230a, 0x2aca, 0x334b, 0x338b, 0x3c2c, 0x3bec,
  0x2b2b, 0x33ab, 0x2b0a, 0x226a, 0x228a, 0x22eb, 0x22cb, 0x2b6b, 0x338b, 0x334b, 0x22aa, 0x338b,
  0x2b2c, 0x22ab, 0x22ab, 0x2b4c, 0x33ad, 0x33cd, 0x336c, 0x336c, 0x334c, 0x334c, 0x2acb, 0x336c,
  0x33ad, 0x338c, 0x33cd, 0x3c0c, 0x3bcd, 0x2b0c, 0x2b2d, 0x22ac, 0x22ac, 0x33ce, 0x3c2e, 0x4c72,
  0x33af, 0x336e, 0x2b4d, 0x54d5, 0x3bf2, 0x33b0, 0x75dd, 0x4433, 0x2b8e, 0x54f8, 0x75bc, 0x6dbc,
  0x3bf2, 0x657a, 0x75dd, 0x75dd, 0x4c96, 0x54b6, 0x6dbd, 0x6dbd, 0x6dbd, 0x6dbd, 0x6dbd, 0x6dbd,
  0x75dd, 0x6dbc, 0x6d9c, 0x6dbc, 0x75dd, 0x6d9c, 0x6dbc, 0x7dfd, 0x6dbc, 0x6dbc, 0x6ddd, 0x75fd,
  0x75fd, 0x7e1d, 0x861e, 0x865e, 0x865e, 0x8e5e, 0x865e, 0x865e, 0x865e, 0x865e, 0x865e, 0x8e7e,
  0x967e, 0x969e, 0x969f, 0xa6bf, 0x969f, 0x969e, 0x969e, 0x96be, 0x9ebf, 0x9ebf, 0x9ebf, 0x9ebf,
  0x9ebe, 0xaede, 0xdf9f, 0xdf9f, 0xe7df, 0xe7df, 0xe7bf, 0xefbf, 0xefdf, 0xefdf, 0xefdf, 0xefdf,
  0xefdf, 0xefdf, 0xefdf, 0xefdf, 0xefdf, 0xefdf, 0xefdf, 0xefdf, 0xefdf, 0xefbf, 0xe7bf, 0xd77f,
  0xc73f, 0xd75f, 0xa6de, 0x9ebf, 0x96bf, 0x96bf, 0x96bf, 0x96bf, 0xa6bf, 0x9e9e, 0x969e, 0x969f,
  0x96bf, 0x8e7e, 0x969e, 0x969f, 0x969f, 0xa6df, 0xa6bf, 0x8e7e, 0x865e, 0x8e7e, 0x8e7e, 0x8e7e,
  0x863e, 0x7e1d, 0x7dfd, 0x6dbd, 0x6dbd, 0x7dfd, 0x7e1d, 0x7dfd, 0x863d, 0x8e5e, 0x863e, 0x7e1d,
  0x75dd, 0x75dd, 0x75dd, 0x75dd, 0x75dd, 0x75dd, 0x6dbd, 0x6dbc, 0x655a, 0x6dbc, 0x75dd, 0x75dd,
  0x75dd, 0x75dd, 0x54b5, 0x6d5a, 0x75bc, 0x4c73, 0x75bc, 0x75bd, 0x6d9b, 0x3bef, 0x4432, 0x5cf6,
  0x2b6d, 0x2b4d, 0x3bf1, 0x54b5, 0x4c6f, 0x33ad, 0x2b0c, 0x2aec, 0x338e, 0x33ae, 0x4caf, 0x3c2e,
  0x3c0d, 0x3c2d, 0x334d, 0x22cc, 0x33ad, 0x33ed, 0x444e, 0x33ad, 0x3bee, 0x33ad, 0x2b2c, 0x2aec,
  0x2b2c, 0x232c, 0x2b6c, 0x33ed, 0x2b4c, 0x2b8c, 0x2bac, 0x22cb, 0x22aa, 0x2aeb, 0x2b6c, 0x3bed,
  0x444d, 0x442d, 0x3bed, 0x338c, 0x336b, 0x2b6a, 0x2b2a, 0x224a, 0x2249, 0x224a, 0x226a, 0x2b2a,
  0x1a28, 0x1a29, 0x1a09, 0x1a09, 0x1a09, 0x1a29, 0x22a9, 0x2b4a, 0x334b, 0x2b2b, 0x33ab, 0x2b2b,
  0x22ab, 0x22cb, 0x226a, 0x226a, 0x228a, 0x22ab, 0x22aa, 0x53e9, 0x6ca7, 0x9dc8, 0x7cc9, 0x7509,
  0x22ab, 0x228b, 0x22ab, 0x230c, 0x2b8d, 0x2bad, 0x2b4c, 0x2b2b, 0x2aeb, 0x2acc, 0x338d, 0x2b2b,
  0x2b0c, 0x33ad, 0x33ed, 0x33ec, 0x3c2d, 0x22ec, 0x33ad, 0x334c, 0x22ac, 0x2b2d, 0x33cd, 0x3c2f,
  0x3bee, 0x336e, 0x2b4d, 0x3c0e, 0x3bce, 0x338f, 0x5cf8, 0x33b0, 0x2b8e, 0x3411, 0x6dbc, 0x5d18,
  0x33cf, 0x4c75, 0x6dbc, 0x6ddc, 0x33b0, 0x3bf1, 0x657b, 0x6d9d, 0x6dbd, 0x6dbd, 0x6dbc, 0x6ddd,
  0x6d9c, 0x6dbc, 0x6d9c, 0x6d9c, 0x6d9c, 0x6d9c, 0x6d9c, 0x6d9c, 0x75dc, 0x75fc, 0x7e1d, 0x6dbc,
  0x6dbc, 0x6dbc, 0x6dbd, 0x7e1e, 0x863e, 0x865e, 0x865e, 0x865e, 0x865e, 0x865e, 0x865e, 0x865e,
  0x865e, 0x969e, 0x969e, 0x9e9f, 0x9ebf, 0x967e, 0x9ebf, 0x96bf, 0x9ebf, 0x9ebf, 0x9ebf, 0x9ebf,
  0x96bf, 0x96bf, 0x96bf, 0xaf1f, 0xbf3f, 0xc75f, 0xdfbf, 0xe7bf, 0xefdf, 0xefdf, 0xefdf, 0xefdf,
  0xefdf, 0xefdf, 0xefdf, 0xefdf, 0xefdf, 0xefdf, 0xefdf, 0xd77f, 0xb6fe, 0x9ebf, 0x9ebf, 0x9ebf,
  0x9ebf, 0x9ebf, 0x9ebf, 0x96bf, 0x969f, 0x969f, 0x969f, 0x9ebf, 0x969f, 0x969e, 0x9ebf, 0x8e9e,
  0x8e7e, 0x8e7e, 0x8e7e, 0x8e7e, 0x9ebf, 0xa6df, 0x967f, 0x865e, 0x867e, 0x865e, 0x863e, 0x7e1e,
  0x6dbd, 0x75dd, 0x7e1d, 0x6dbd, 0x75dd, 0x75fd, 0x7e3e, 0x865e, 0x863e, 0x7e1d, 0x75fd, 0x75dd,
  0x75dd, 0x75dd, 0x75dd, 0x75dd, 0x75dd, 0x75bc, 0x657a, 0x6dbc, 0x4c94, 0x54f5, 0x75dd, 0x75dd,
  0x75dd, 0x6d9b, 0x3c30, 0x5cd6, 0x7ddc, 0x33af, 0x6d7b, 0x6d7c, 0x6538, 0x33ce, 0x3bf0, 0x4432,
  0x2b4d, 0x2b6d, 0x33af, 0x33ae, 0x3c2d, 0x3bed, 0x2b0c, 0x2b2d, 0x2b4d, 0x3bee, 0x44af, 0x3c2e,
  0x3c0e, 0x3bed, 0x334c, 0x2b2d, 0x2b4c, 0x3bed, 0x3c0d, 0x338d, 0x33ee, 0x338c, 0x22cb, 0x22cb,
  0x2b2c, 0x2b2b, 0x64a9, 0x4c4a, 0x3b6a, 0x232b, 0x22eb, 0x22ab, 0x22aa, 0x22eb, 0x2b4c, 0x2b4c,
  0x33ac, 0x33cd, 0x338c, 0x2b4b, 0x338c, 0x2b4b, 0x1a69, 0x2249, 0x2249, 0x2249, 0x224a, 0x228a,
  0x1208, 0x1a09, 0x1a09, 0x1a29, 0x1a09, 0x22a9, 0x1a89, 0x2b2a, 0x22aa, 0x338b, 0x33cb, 0x22aa,
  0x226a, 0x226a, 0x226a, 0x226a, 0x22aa, 0x22eb, 0x43ab, 0x9e08, 0x8567, 0x9de7, 0xbea8, 0x7ce9,
  0x22aa, 0x22ab, 0x22ab, 0x22ab, 0x2b2c, 0x2b6d, 0x22ab, 0x2b8c, 0x2b2b, 0x2aab, 0x336c, 0x3bcd,
  0x2acc, 0x2b6c, 0x33cd, 0x33ed, 0x3c4e, 0x336d, 0x22ec, 0x2aec, 0x2acb, 0x2b2c, 0x33ee, 0x444f,
  0x448f, 0x2b2d, 0x334d, 0x3c0d, 0x442e, 0x338e, 0x43f2, 0x2b2e, 0x336e, 0x3c0f, 0x54f6, 0x4453,
  0x33cf, 0x4431, 0x4c95, 0x6d9a, 0x3bb0, 0x33af, 0x4494, 0x5d5b, 0x659c, 0x659c, 0x5d39, 0x75fd,
  0x4c73, 0x6d9b, 0x6d9c, 0x6dbd, 0x6dbd, 0x6d9d, 0x659c, 0x6dbc, 0x75bc, 0x6dbc, 0x7dfd, 0x861d,
  0x7dfd, 0x7dfd, 0x6dbd, 0x6dbc, 0x6ddd, 0x7e1d, 0x7e3e, 0x863e, 0x865e, 0x865e, 0x865e, 0x865e,
  0x865e, 0x865e, 0x867e, 0x8e7e, 0x969e, 0x969e, 0x8e7e, 0x9ebf, 0x9ebf, 0x9ebf, 0x9ebf, 0x9ebf,
  0x9ebf, 0x96bf, 0x96bf, 0x9ebf, 0x9ebf, 0x96bf, 0x96be, 0xbf3e, 0xd77f, 0xdf9f, 0xefdf, 0xefdf,
  0xefdf, 0xefdf, 0xefbf, 0xdf9f, 0xdf9f, 0xaeff, 0xa6ff, 0x9edf, 0x9ebf, 0x9ebf, 0x9ebf, 0xa6bf,
  0xa6bf, 0x9ebf, 0x969e, 0x96bf, 0x969f, 0x96bf, 0x969f, 0x96bf, 0x96bf, 0x969e, 0x8e9e, 0x8e9e,
  0x8e9e, 0x8e9e, 0x8e9e, 0x8e7e, 0x969e, 0x969e, 0x865e, 0x865e, 0x7e1d, 0x7e1d, 0x6ddd, 0x75bd,
  0x75dd, 0x7e1d, 0x6ddd, 0x6ddd, 0x7e1d, 0x863e, 0x863e, 0x7e1e, 0x75fd, 0x75fd, 0x75dd, 0x75dd,
  0x657b, 0x54d6, 0x75dd, 0x75dd, 0x75dd, 0x6d9b, 0x54d7, 0x6dbc, 0x3c11, 0x3c30, 0x6559, 0x75dd,
  0x6d9b, 0x4cd5, 0x3c2f, 0x4453, 0x6d59, 0x2b8e, 0x6d5b, 0x653a, 0x4cb3, 0x33ae, 0x33ce, 0x33af,
  0x2b2d, 0x2b8e, 0x338e, 0x4c4f, 0x3c2d, 0x2b6c, 0x2b2c, 0x2b4d, 0x33ce, 0x446f, 0x446f, 0x3c2e,
  0x3c0e, 0x3bee, 0x2acb, 0x22cc, 0x33ed, 0x33cd, 0x33cd, 0x2b2c, 0x2b6c, 0x2b0c, 0x22ab, 0x22cb,
  0x4bca, 0x8d67, 0x9de7, 0x8da6, 0x7d07, 0x4ba9, 0x22ca, 0x22aa, 0x228a, 0x22eb, 0x336c, 0x22ab,
  0x338c, 0x33cc, 0x2bac, 0x2b2b, 0x228a, 0x1a6a, 0x226a, 0x2249, 0x2269, 0x2249, 0x2269, 0x228a,
  0x7c66, 0x42e8, 0x1a08, 0x1a09, 0x1a29, 0x1a29, 0x2269, 0x2249, 0x2269, 0x2b0a, 0x33ab, 0x2aea,
  0x224a, 0x1a6a, 0x1a6a, 0x1a69, 0x7d07, 0x8527, 0x74e8, 0x7507, 0x6ce7, 0x7d26, 0xa607, 0x8528,
  0xa5c8, 0x4348, 0x6c68, 0x22aa, 0x22ab, 0x22eb, 0x22ab, 0x2b6c, 0x2b0b, 0x2acb, 0x336c, 0x33ac,
  0x2b0c, 0x2b6c, 0x33ad, 0x33ad, 0x3c0d, 0x33cd, 0x2aec, 0x2b0c, 0x2acb, 0x2acb, 0x2b6d, 0x33ce,
  0x3c2e, 0x338d, 0x336d, 0x3bcd, 0x3bed, 0x3c0e, 0x2b2e, 0x2b0d, 0x2b2e, 0x33ce, 0x4c93, 0x3c11,
  0x33af, 0x3c10, 0x4453, 0x5d17, 0x2b4e, 0x336e, 0x3c11, 0x4433, 0x5d19, 0x5d19, 0x5518, 0x6d9b,
  0x33af, 0x54d5, 0x4c54, 0x6dbc, 0x6dbd, 0x6dbc, 0x54f8, 0x75bc, 0x75dd, 0x75dc, 0x6dbc, 0x75dd,
  0x75dd, 0x75fd, 0x7dfd, 0x6dbc, 0x6dbc, 0x6dbc, 0x75dd, 0x75dd, 0x7e1d, 0x7e1d, 0x7e3e, 0x863e,
  0x865e, 0x865e, 0x865e, 0x865e, 0x865e, 0x8e7e, 0x865e, 0x969e, 0x969e, 0x969e, 0x9ebf, 0x969e,
  0x9ebe, 0x9ebf, 0x9ebf, 0x9ebf, 0x96bf, 0x96bf, 0x96bf, 0x96bf, 0x96bf, 0x9edf, 0xaeff, 0xaefe,
  0xd77f, 0xaefe, 0xa6df, 0x96bf, 0x96bf, 0x9edf, 0x9edf, 0x9edf, 0x9ebf, 0x9ebf, 0x9ebf, 0xa6bf,
  0x969f, 0x8e9e, 0x8e7e, 0x9ebf, 0x96bf, 0x969f, 0x867e, 0x8e7e, 0x8e7e, 0x8e9f, 0x8e9e, 0x8e7e,
  0x8e7e, 0x8e9e, 0x8e7e, 0x8e7e, 0x8e7e, 0x865e, 0x7e1d, 0x75dc, 0x7dfd, 0x75fd, 0x75dd, 0x75fd,
  0x75dd, 0x6ddc, 0x6ddd, 0x6ddd, 0x6ddd, 0x75dd, 0x75fd, 0x75dd, 0x54f7, 0x5d18, 0x75fd, 0x6dbb,
  0x4453, 0x3c12, 0x6dbc, 0x6ddd, 0x6dbc, 0x54b6, 0x4454, 0x5d39, 0x33af, 0x33ae, 0x3c31, 0x75bc,
  0x54d6, 0x4471, 0x33ef, 0x33af, 0x4c93, 0x2b4d, 0x5d18, 0x4cb3, 0x4490, 0x33ae, 0x33ae, 0x2b6d,
  0x2b4d, 0x338d, 0x4c4e, 0x54ce, 0x3bed, 0x2b4c, 0x2aec, 0x2aec, 0x33ad, 0x446f, 0x3c4f, 0x33ad,
  0x33ad, 0x3c0e, 0x334d, 0x22cc, 0x2bad, 0x2b4c, 0x2b6c, 0x22cb, 0x2b0c, 0x22cb, 0x22ab, 0x53ca,
  0x8d69, 0x9dc7, 0xae46, 0x7d26, 0x6cc7, 0x6447, 0x4bc8, 0x6428, 0x22aa, 0x22aa, 0x228a, 0x228a,
  0x2b4c, 0x33ac, 0x2b8b, 0x2b4b, 0x226a, 0x226a, 0x1a49, 0x1a49, 0x2249, 0x2269, 0x4349, 0x6c88,
  0xb623, 0x7ca7, 0x4308, 0x1a28, 0x2229, 0x2249, 0x2249, 0x2249, 0x2249, 0x2269, 0x22aa, 0x1a6a,
  0x1a4a, 0x1a6a, 0x1a6a, 0x1a69, 0x7d06, 0xae26, 0x6cc7, 0x5407, 0x5c67, 0x5c47, 0x7d26, 0x9de6,
  0xbea7, 0xae07, 0x8507, 0x22a9, 0x228a, 0x22aa, 0x22aa, 0x22eb, 0x22aa, 0x22cb, 0x2aeb, 0x2aeb,
  0x2b2c, 0x338c, 0x338c, 0x2b0c, 0x33cd, 0x3bed, 0x338d, 0x2aec, 0x2acb, 0x22cb, 0x2b6d, 0x33ce,
  0x444f, 0x338d, 0x2b0d, 0x338d, 0x3c0d, 0x446e, 0x336e, 0x2b0d, 0x2b2d, 0x33ae, 0x33ef, 0x3c10,
  0x33cf, 0x3c0f, 0x3c10, 0x3c11, 0x2b2e, 0x33af, 0x336f, 0x3390, 0x4cb6, 0x4cb4, 0x5d38, 0x54b6,
  0x336e, 0x4451, 0x33d0, 0x5d17, 0x6ddc, 0x54d7, 0x3bf0, 0x75dc, 0x75dd, 0x6dbc, 0x657a, 0x75dc,
  0x75dc, 0x6dbc, 0x6dbc, 0x6dbc, 0x75bc, 0x6dbc, 0x6dbc, 0x6ddd, 0x6ddd, 0x75dd, 0x6dbc, 0x6ddc,
  0x75fd, 0x863e, 0x865e, 0x865e, 0x863e, 0x863e, 0x863e, 0x8e5e, 0x8e7e, 0x8e7e, 0x865e, 0x865e,
  0x8e7e, 0x969e, 0x969f, 0x9ebf, 0x9ebf, 0x96bf, 0x9ebf, 0x9ebf, 0x96bf, 0x96bf, 0x96bf, 0x96bf,
  0x96bf, 0x96bf, 0x96bf, 0x96bf, 0x9ebf, 0x9ebf, 0x9ebf, 0x9ebf, 0x9ebf, 0x9ebf, 0x9ebf, 0x969e,
  0x8e7e, 0x865e, 0x969e, 0x9e9e, 0x969e, 0x8e7e, 0x865e, 0x867e, 0x8e7e, 0x8e9e, 0x8e7e, 0x863e,
  0x7e3d, 0x7e1d, 0x7e1d, 0x75dd, 0x75fd, 0x75fd, 0x75dd, 0x7e1d, 0x7e1d, 0x75dc, 0x6dbc, 0x6dbc,
  0x6dbc, 0x6dbc, 0x6dbb, 0x54b6, 0x6dbc, 0x6dbc, 0x761d, 0x6559, 0x3bf0, 0x4c95, 0x75fc, 0x54d4,
  0x33f0, 0x33d0, 0x54d7, 0x6dbc, 0x4cb6, 0x3bd1, 0x4452, 0x4451, 0x2b4e, 0x33ae, 0x3c10, 0x5d39,
  0x4c93, 0x3c0f, 0x33cf, 0x33cf, 0x3c70, 0x336d, 0x4452, 0x44b1, 0x446f, 0x33ae, 0x33ae, 0x2b2d,
  0x2b4d, 0x3c2e, 0x446e, 0x444e, 0x33ce, 0x2b0c, 0x2aec, 0x2b0c, 0x3bee, 0x446f, 0x3c0e, 0x33ad,
  0x33ed, 0x33cd, 0x2b2c, 0x22cc, 0x2b4c, 0x2b6d, 0x22eb, 0x22cb, 0x22eb, 0x2aeb, 0x6c89, 0x53c8,
  0xb687, 0xae66, 0x95a6, 0x5427, 0x53e7, 0x3b87, 0x7d46, 0x8526, 0x2ae9, 0x2ac9, 0x228a, 0x228a,
  0x228a, 0x2aeb, 0x2aea, 0x22aa, 0x2249, 0x1a49, 0x1a49, 0x2249, 0x22a8, 0x4349, 0x6428, 0xb665,
  0x9dc4, 0xae26, 0x53a6, 0x6c87, 0x2248, 0x2229, 0x2248, 0x2249, 0x2249, 0x1a49, 0x1a49, 0x1a49,
  0x1a69, 0x43ca, 0x53a7, 0x4b88, 0x8d67, 0x95c6, 0x5426, 0x3328, 0x4388, 0x5448, 0x6cc7, 0x7d45,
  0x9e05, 0xbea6, 0x9dc7, 0xb64a, 0x228a, 0x53cb, 0x4349, 0x22ca, 0x22ab, 0x22ab, 0x22ab, 0x22ab,
  0x22cb, 0x2b4c, 0x33cc, 0x33ad, 0x2b4c, 0x33ad, 0x2b0c, 0x2b0c, 0x2b0c, 0x22cb, 0x2b0c, 0x33ad,
  0x3c4e, 0x3bed, 0x2b0d, 0x336d, 0x3c0d, 0x3c4e, 0x338e, 0x2b2d, 0x2b0d, 0x336e, 0x338e, 0x33ae,
  0x3bef, 0x3c0f, 0x3c0f, 0x33cf, 0x33ae, 0x3c2f, 0x338e, 0x3390, 0x3bd0, 0x3c4f, 0x448f, 0x33cf,
  0x2b2e, 0x3bef, 0x3c50, 0x4492, 0x6579, 0x3390, 0x33b0, 0x54d7, 0x655a, 0x5d39, 0x4475, 0x6dbc,
  0x6dbc, 0x6dbc, 0x655a, 0x75dc, 0x75bc, 0x657b, 0x6d9b, 0x6dbc, 0x6dbc, 0x6dbc, 0x653a, 0x6dbb,
  0x6d9b, 0x659b, 0x75dc, 0x7e1d, 0x7e1d, 0x863e, 0x863e, 0x863e, 0x865e, 0x863e, 0x863e, 0x865e,
  0x865e, 0x7e3e, 0x865e, 0x969e, 0x9ebe, 0x9ebf, 0x9ebf, 0x9ebf, 0x96bf, 0x96bf, 0x96bf, 0x96bf,
  0x96bf, 0x96bf, 0x96bf, 0x96bf, 0x9ebf, 0x9ebf, 0x9ebf, 0x9edf, 0x9ebf, 0x96bf, 0x969f, 0x867e,
  0x865e, 0x865e, 0x865e, 0x865e, 0x865e, 0x865e, 0x865e, 0x865e, 0x865e, 0x865e, 0x7e3d, 0x75dc,
  0x75fd, 0x75fd, 0x75dd, 0x75dd, 0x75fd, 0x7e1d, 0x75dd, 0x75dc, 0x6ddc, 0x657a, 0x6dbc, 0x6d9c,
  0x6dbc, 0x5d39, 0x4c94, 0x3bf1, 0x6dbc, 0x4c74, 0x6dba, 0x4cb4, 0x33af, 0x4473, 0x5d77, 0x4471,
  0x3bf0, 0x338f, 0x3c32, 0x44b4, 0x4432, 0x3bd1, 0x3c10, 0x3bef, 0x334e, 0x3bf0, 0x3bef, 0x4491,
  0x3c50, 0x33cf, 0x336e, 0x4470, 0x44b0, 0x3c0f, 0x3bcf, 0x4cd1, 0x4490, 0x33ae, 0x336e, 0x2b2d,
  0x336d, 0x3c6e, 0x3c2e, 0x33ed, 0x2b4c, 0x2b4c, 0x2b0c, 0x2b2d, 0x3c0e, 0x3c2f, 0x338d, 0x33cd,
  0x2b4c, 0x230c, 0x22eb, 0x22cb, 0x22cb, 0x2b0b, 0x4beb, 0x22ea, 0x2aea, 0x4bc9, 0xb668, 0xc6aa,
  0x9da6, 0x95c6, 0x6cc6, 0x3b67, 0x5408, 0x4be6, 0x7506, 0x8d66, 0x4bc8, 0x2ac8, 0x22aa, 0x228a,
  0x228a, 0x226a, 0x226a, 0x1a4a, 0x1a49, 0x2269, 0x226a, 0x32e8, 0x6ce6, 0x8d27, 0xb646, 0xae46,
  0x6ce4, 0x9dc6, 0xae06, 0xa5e6, 0x4b48, 0x3ac8, 0xa5e9, 0x2a88, 0x1a49, 0x1a49, 0x1a49, 0x1a49,
  0x1a49, 0x2ac7, 0x74a6, 0x8567, 0x64a7, 0x64a6, 0x4be6, 0x6ca8, 0x3328, 0x5447, 0x5c47, 0x7d25,
  0x8545, 0x9dc6, 0xae47, 0xbe88, 0x53ca, 0x6c49, 0xb629, 0x7cea, 0x4b6a, 0x22ab, 0x22ab, 0x2aeb,
  0x22eb, 0x22cb, 0x2b0b, 0x2b4c, 0x2b4c, 0x2b2c, 0x22ab, 0x22cb, 0x2b0c, 0x22cb, 0x2b6d, 0x340d,
  0x3c4e, 0x33cd, 0x2b2d, 0x2b2d, 0x33ad, 0x3c2e, 0x3c0d, 0x2b2d, 0x2b0d, 0x2b2d, 0x336e, 0x334d,
  0x3bef, 0x3bce, 0x33ae, 0x33ce, 0x336d, 0x3c2f, 0x3c0f, 0x336f, 0x336f, 0x3bef, 0x3c2f, 0x33cf,
  0x2b4e, 0x33af, 0x336e, 0x3c2f, 0x4491, 0x334f, 0x334f, 0x4433, 0x4495, 0x3c73, 0x4474, 0x54f8,
  0x657b, 0x659b, 0x4cb6, 0x6d9b, 0x657a, 0x4c96, 0x5d38, 0x5d39, 0x5d39, 0x655a, 0x54d7, 0x54f8,
  0x4cd7, 0x4cb6, 0x5518, 0x54f7, 0x54f7, 0x6ddc, 0x659b, 0x7e1d, 0x7e1d, 0x7e3e, 0x7e3e, 0x7e3d,
  0x7e3d, 0x7e3e, 0x7e3e, 0x863e, 0x8e7e, 0x969e, 0x8e9e, 0x96be, 0x9ebf, 0x9ebf, 0x9edf, 0x9edf,
  0x9ebf, 0x9ebf, 0x9edf, 0x9ebf, 0x9ebf, 0x96bf, 0x96bf, 0x96bf, 0x8e7e, 0x865e, 0x865e, 0x865e,
  0x865e, 0x865e, 0x865e, 0x865e, 0x7e1d, 0x7e3d, 0x6ddb, 0x657a, 0x657a, 0x6d79, 0x5d38, 0x5d5a,
  0x657a, 0x6ddc, 0x6dbc, 0x659b, 0x6dbb, 0x6dbb, 0x6ddc, 0x6ddc, 0x6dbb, 0x4cb6, 0x5d3a, 0x6d9c,
  0x655a, 0x4c95, 0x33d0, 0x33d0, 0x5cf7, 0x33d0, 0x4472, 0x3c30, 0x334f, 0x3c31, 0x3c71, 0x33af,
  0x336f, 0x338f, 0x3c50, 0x3470, 0x3bd0, 0x3bd0, 0x3c8f, 0x3bef, 0x334e, 0x3bcf, 0x4470, 0x4490,
  0x3c70, 0x336f, 0x2b4e, 0x3c2f, 0x4490, 0x33ce, 0x2b6e, 0x4470, 0x3c2f, 0x33ae, 0x2b6d, 0x2b2d,
  0x338d, 0x342e, 0x33ee, 0x3c0d, 0x338d, 0x336d, 0x2b0c, 0x2b2c, 0x2b4c, 0x33ce, 0x2b2c, 0x2b6c,
  0x2b2c, 0x2b0c, 0x2b0c, 0x22cb, 0x332b, 0x644a, 0xb66a, 0x5c2a, 0x7cc9, 0x5c08, 0x9da7, 0xbe89,
  0xb647, 0x8546, 0x6486, 0x3b68, 0x6ce7, 0x43a6, 0x6486, 0x8566, 0x7d06, 0x5407, 0x3b89, 0x2269,
  0x226a, 0x226a, 0x2249, 0x1a49, 0x32e8, 0x9587, 0x5bc8, 0x5c48, 0x95c6, 0xb666, 0x9de6, 0x9de5,
  0x64a5, 0x74e6, 0xa5e6, 0x9dc6, 0x8507, 0x7488, 0xb647, 0x6c27, 0x2aa8, 0x2aa8, 0x2269, 0x2268,
  0x4307, 0x32a7, 0x43a7, 0x5427, 0x43c7, 0x3b67, 0x3307, 0x53c7, 0x5c08, 0x5407, 0x9566, 0x5c67,
  0x6487, 0x6ca7, 0x95a7, 0x95a6, 0xa606, 0xb646, 0xbe88, 0xa5e8, 0x7489, 0x748a, 0x228a, 0x22ab,
  0x22ab, 0x22ab, 0x22ab, 0x330a, 0x74ea, 0x2aca, 0x22ab, 0x22cb, 0x22cb, 0x22cb, 0x232c, 0x33ad,
  0x2b6c, 0x3bee, 0x2b0d, 0x2b0d, 0x2b6d, 0x338d, 0x338c, 0x2b6d, 0x2b0d, 0x2b0d, 0x2b2d, 0x2b2d,
  0x3bef, 0x336e, 0x2b4d, 0x33ae, 0x2b0d, 0x33ae, 0x3c6f, 0x2b6e, 0x338f, 0x3c0f, 0x3c30, 0x2b4e,
  0x2b6e, 0x2b6e, 0x336e, 0x3bef, 0x4450, 0x3bb0, 0x336f, 0x33b0, 0x3bf1, 0x3c52, 0x4493, 0x4475,
  0x54f8, 0x4cd8, 0x4474, 0x5517, 0x4c96, 0x4454, 0x4cf6, 0x4cf7, 0x54f8, 0x4c95, 0x4cb6, 0x4cd6,
  0x4cb6, 0x4cb6, 0x4cd6, 0x4cd6, 0x4cb6, 0x5518, 0x5517, 0x5558, 0x5558, 0x5518, 0x659b, 0x657a,
  0x657a, 0x7e1d, 0x7e1d, 0x7e1d, 0x7e3e, 0x865e, 0x865e, 0x865e, 0x867e, 0x969e, 0x9ebf, 0x9ebf,
  0x9ebf, 0x9ebf, 0x96bf, 0x969e, 0x8e7e, 0x867e, 0x8e7e, 0x865e, 0x865e, 0x865e, 0x865e, 0x7e3d,
  0x7e1d, 0x7e1d, 0x6d9b, 0x659a, 0x5d59, 0x5d59, 0x5d58, 0x4cf7, 0x5517, 0x5517, 0x5538, 0x5d39,
  0x5539, 0x5d59, 0x5d59, 0x5d58, 0x6dba, 0x5539, 0x659b, 0x65bb, 0x5518, 0x3c12, 0x4496, 0x5d5a,
  0x4cd7, 0x3c12, 0x3390, 0x3bd0, 0x4431, 0x3bf0, 0x3c30, 0x33cf, 0x332f, 0x3c31, 0x3c30, 0x338e,
  0x3bef, 0x33af, 0x3c70, 0x33cf, 0x336f, 0x3c50, 0x3c2f, 0x3b8e, 0x334e, 0x3c0f, 0x4490, 0x4450,
  0x33af, 0x336e, 0x3bcf, 0x3c8f, 0x3c4f, 0x33ae, 0x2b8e, 0x33ce, 0x33ce, 0x2b4d, 0x2b2d, 0x2b2d,
  0x2b4d, 0x2b8d, 0x338d, 0x33ad, 0x33ad, 0x2b2c, 0x2b2c, 0x2b2c, 0x2b6c, 0x4bcb, 0x644a, 0x22cb,
  0x22cb, 0x22cb, 0x22cb, 0x22cb, 0x5c08, 0xa606, 0xbe87, 0xbe86, 0x9da7, 0x8d66, 0x8546, 0x7d27,
  0x9566, 0xa606, 0x6cc6, 0x3b28, 0x3b28, 0x2ac7, 0x5467, 0x6487, 0x5427, 0x3b87, 0x3308, 0x4388,
  0x2289, 0x2269, 0x1a49, 0x2aa8, 0x7d27, 0xae25, 0x9dc5, 0x7486, 0x95a6, 0xa5e6, 0x7505, 0x6cc5,
  0x4c06, 0x5c66, 0x74e5, 0x8d65, 0x95c5, 0x8d65, 0xb645, 0x9d86, 0xa5c8, 0x6c67, 0x84e7, 0x53a7,
  0x7cc6, 0x74c6, 0x4be7, 0x4c07, 0x43a8, 0x3b67, 0x3b27, 0x2286, 0x5c07, 0x4ba7, 0x6c87, 0x4c07,
  0x5427, 0x43c7, 0x5c67, 0x5c46, 0x6cc6, 0x8566, 0xa5e7, 0x9da7, 0x9da7, 0x8508, 0x330a, 0x22ab,
  0x22ab, 0x22ab, 0x3b49, 0x53e8, 0x9e26, 0x7488, 0x640a, 0x22cb, 0x22cb, 0x22cb, 0x22cb, 0x2b2c,
  0x33ad, 0x336c, 0x2b2d, 0x2aec, 0x2b4d, 0x2b4c, 0x4c2c, 0x440c, 0x2b0d, 0x2b0d, 0x2b0d, 0x2b2d,
  0x338e, 0x2b4d, 0x2b2d, 0x2b2d, 0x2b2d, 0x33ce, 0x340f, 0x33ce, 0x2b6e, 0x3c30, 0x33ef, 0x2b6e,
  0x33ae, 0x33ef, 0x336e, 0x3bcf, 0x4470, 0x33af, 0x3b8f, 0x336f, 0x4411, 0x3c30, 0x4cb1, 0x4472,
  0x3c12, 0x4475, 0x4473, 0x4c95, 0x3c34, 0x3c53, 0x44d5, 0x44b6, 0x4cd7, 0x4c95, 0x4c75, 0x4c95,
  0x4c95, 0x4475, 0x4cd6, 0x4d17, 0x44b5, 0x5537, 0x5537, 0x4d37, 0x4d37, 0x4d17, 0x4d17, 0x4d17,
  0x5517, 0x6579, 0x5d59, 0x6ddc, 0x5d59, 0x75dc, 0x7e1d, 0x7e1d, 0x7dfd, 0x865e, 0x865e, 0x8e7f,
  0x8e9f, 0x8e9f, 0x8e7e, 0x865e, 0x7e5e, 0x7e3d, 0x7e3d, 0x7e1d, 0x75dc, 0x6ddb, 0x6dbb, 0x65ba,
  0x5538, 0x5559, 0x5518, 0x5538, 0x5538, 0x5518, 0x5538, 0x4cd7, 0x5517, 0x5517, 0x54f7, 0x5d39,
  0x5518, 0x5539, 0x54f8, 0x5517, 0x5d78, 0x4cf7, 0x5539, 0x5559, 0x4475, 0x3c13, 0x4454, 0x44b5,
  0x4494, 0x3bf1, 0x3bb0, 0x3c10, 0x4450, 0x33cf, 0x3bef, 0x336f, 0x338f, 0x3c30, 0x3c50, 0x33ef,
  0x33ef, 0x3bef, 0x3c30, 0x2b4e, 0x33af, 0x3c6f, 0x3bef, 0x3bcf, 0x334e, 0x3bcf, 0x4450, 0x338e,
  0x338e, 0x336e, 0x3c2f, 0x446f, 0x3c2f, 0x2b6d, 0x2b4d, 0x2b6d, 0x338d, 0x2b4d, 0x2b2d, 0x2b2c,
  0x232c, 0x2b2c, 0x2b4c, 0x2b2c, 0x2b2c, 0x2b0c, 0x2b0c, 0x2b2c, 0x5c4b, 0x8549, 0x95a9, 0x43a9,
  0x3b6a, 0x22cb, 0x22cb, 0x22ca, 0x6cc7, 0xb667, 0x9e06, 0xa5e6, 0x7ce6, 0x5c27, 0x5407, 0x5c87,
  0x5426, 0x5406, 0x5c46, 0x32c8, 0x4348, 0x3b87, 0x43c7, 0x4387, 0x3ba7, 0x3ba7, 0x4bc7, 0x6ce7,
  0x4b88, 0x6408, 0x5bc6, 0x7d25, 0x8544, 0xae25, 0x9dc6, 0x8526, 0x7d25, 0x74e5, 0x6ca5, 0x4c06,
  0x3307, 0x5427, 0x5c46, 0x74e5, 0x74e5, 0x9de5, 0xa5e6, 0xb646, 0xc6a7, 0xae06, 0xbe85, 0xa5e6,
  0xa5e7, 0x8546, 0x4c06, 0x3b67, 0x2ac8, 0x4bc6, 0x5425, 0x4be5, 0x4347, 0x32e7, 0x3b67, 0x5c46,
  0x8526, 0x5c47, 0x6447, 0x7ce7, 0x5c67, 0x7d27, 0x9dc6, 0xae46, 0xb666, 0xae27, 0x6c69, 0x6c4a,
  0x22ab, 0x3b2a, 0x5c47, 0x5c86, 0x8547, 0x9dc7, 0xa609, 0x436b, 0x22cb, 0x22cb, 0x22cb, 0x22cb,
  0x2b6c, 0x2b2c, 0x2b4d, 0x22ec, 0x230c, 0x74cd, 0x856b, 0x750b, 0x2b2d, 0x2b2d, 0x2b2d, 0x2b2d,
  0x2b2d, 0x2b2d, 0x2b2d, 0x2b2d, 0x2b2d, 0x2b2d, 0x2b4d, 0x33ae, 0x2b6e, 0x3c0f, 0x33ef, 0x2b2e,
  0x336e, 0x3c0f, 0x33ce, 0x3bef, 0x3c6f, 0x3c0f, 0x3c2f, 0x3bcf, 0x3bcf, 0x3c50, 0x4490, 0x4490,
  0x4471, 0x4451, 0x3c11, 0x4472, 0x33d2, 0x4472, 0x3c52, 0x4474, 0x4494, 0x4c93, 0x43f2, 0x3bd1,
  0x4433, 0x4433, 0x4495, 0x4d37, 0x4474, 0x5537, 0x5537, 0x4d37, 0x4d37, 0x5536, 0x5537, 0x5537,
  0x5537, 0x5517, 0x5538, 0x5d79, 0x5517, 0x5517, 0x5d59, 0x6dbb, 0x5d59, 0x65bb, 0x5d59, 0x7e1d,
  0x865e, 0x6dbb, 0x6dbb, 0x659b, 0x75fd, 0x5d79, 0x657a, 0x5d59, 0x4cf7, 0x5518, 0x5518, 0x5558,
  0x5537, 0x5537, 0x5537, 0x4d16, 0x5517, 0x5517, 0x4cf6, 0x4c96, 0x54d7, 0x4cb6, 0x4474, 0x54f7,
  0x3c33, 0x5517, 0x4cd6, 0x4cd6, 0x4cf6, 0x4474, 0x4495, 0x4cd5, 0x3c13, 0x3c12, 0x4492, 0x44b2,
  0x4472, 0x4470, 0x4c90, 0x4470, 0x4470, 0x3bef, 0x338f, 0x336f, 0x3c70, 0x3c90, 0x3c50, 0x33af,
  0x33ae, 0x3c0f, 0x338f, 0x336e, 0x3c4f, 0x3c4f, 0x3c0f, 0x334e, 0x334e, 0x33ae, 0x33ae, 0x336e,
  0x338e, 0x336d, 0x3c2e, 0x3c2e, 0x3bee, 0x2b4d, 0x2b2d, 0x2b2d, 0x2b2d, 0x336c, 0x338c, 0x6cab,
  0x33cb, 0x236c, 0x234c, 0x2b2c, 0x2b0b, 0x2b0c, 0x2b0c, 0x43ab, 0x95c9, 0x9e08, 0x8568, 0x6cc8,
  0x5c49, 0x2aea, 0x2aea, 0x4bc9, 0x95a7, 0xbec8, 0xa607, 0x74e5, 0x6ca7, 0x6488, 0x3b68, 0x8d67,
  0x6466, 0x6466, 0x3346, 0x2248, 0x6cc6, 0x74e5, 0x4367, 0x2268, 0x3307, 0x3b86, 0x3ba6, 0x5426,
  0x8d47, 0xb628, 0xae26, 0xa625, 0xa624, 0xa625, 0x95a6, 0x7d26, 0x5c46, 0x4be5, 0x64a6, 0x6486,
  0x8d65, 0x5407, 0x53e6, 0x53e6, 0x5c46, 0x7d25, 0x74e5, 0x74e5, 0x95a6, 0xae45, 0xb665, 0xae45,
  0x95c5, 0x6cc5, 0x5405, 0x3b06, 0x32e7, 0x2aa7, 0x4bc7, 0x5407, 0x2268, 0x2aa7, 0x5c26, 0x8d46,
  0x95a6, 0x95a6, 0x8d47, 0x8d47, 0x7d27, 0x64c7, 0x8546, 0x9de5, 0xa626, 0xbe86, 0xbe66, 0xa5a7,
  0x3b09, 0x3b08, 0x3b47, 0x4387, 0x5407, 0x6ca7, 0x8d87, 0xa5e8, 0x434b, 0x2aeb, 0x22cb, 0x22cb,
  0x22cb, 0x22cb, 0x22cb, 0x438b, 0x958a, 0xa5ea, 0xb689, 0xbe89, 0xa5ea, 0x8d6a, 0x3b8b, 0x336b,
  0x2b2c, 0x2b2c, 0x2b2c, 0x2b2d, 0x2b2d, 0x2b2d, 0x2b4d, 0x2b4d, 0x2b6e, 0x33ae, 0x33ae, 0x2b2d,
  0x2b2d, 0x338e, 0x2b4e, 0x33cf, 0x3c2f, 0x33ef, 0x3bef, 0x4470, 0x338f, 0x336e, 0x3c0f, 0x4470,
  0x4c90, 0x4cb1, 0x4430, 0x4cb1, 0x33b0, 0x33d0, 0x2b90, 0x3c31, 0x44b3, 0x3c10, 0x3bd0, 0x336f,
  0x4430, 0x3c11, 0x4453, 0x4cf6, 0x3c52, 0x4473, 0x4d16, 0x4d16, 0x4cf5, 0x4d16, 0x4cf5, 0x5536,
  0x5557, 0x5537, 0x5537, 0x5537, 0x5517, 0x4cf6, 0x4d17, 0x4d17, 0x4d37, 0x5558, 0x5538, 0x5538,
  0x5538, 0x5538, 0x5538, 0x5538, 0x5538, 0x5537, 0x4cd6, 0x4cf6, 0x4cf6, 0x4cf7, 0x4cf7, 0x4d37,
  0x4d37, 0x4cf6, 0x4d16, 0x4d16, 0x5536, 0x4cd6, 0x4474, 0x4454, 0x4434, 0x3bf2, 0x3c12, 0x4454,
  0x3bf1, 0x4492, 0x4473, 0x4cb4, 0x4473, 0x33d1, 0x4432, 0x4471, 0x4472, 0x3c11, 0x4491, 0x448f,
  0x3bef, 0x3c0f, 0x446f, 0x4cb0, 0x4490, 0x3bef, 0x3bf0, 0x338f, 0x3c50, 0x3c2f, 0x33ef, 0x2bae,
  0x33ae, 0x334e, 0x332e, 0x444e, 0x3bee, 0x3c0f, 0x338e, 0x334e, 0x334e, 0x334e, 0x334e, 0x336d,
  0x2b4d, 0x2b6d, 0x3bed, 0x3c0e, 0x2b4d, 0x2b2d, 0x2b2d, 0x2b2c, 0x2b4c, 0x956a, 0xa5e8, 0xa607,
  0x9de7, 0x95c9, 0x4bca, 0x2b0c, 0x2aeb, 0x2b0b, 0x334b, 0x8d6a, 0x6ca7, 0x6ca7, 0x4be8, 0x5428,
  0x53e8, 0x3328, 0x2ae8, 0xa606, 0xb667, 0xb687, 0xae26, 0x8d85, 0x6cc6, 0x6ce6, 0x74e7, 0x8d86,
  0x9de6, 0x6ca5, 0x3326, 0x1a07, 0x5c46, 0x4347, 0x2a87, 0x53c7, 0x4366, 0x43a5, 0x3b86, 0x6485,
  0xae46, 0xbe87, 0x9de5, 0x9dc4, 0x9de4, 0x95a4, 0x9dc6, 0x5c46, 0x4366, 0x3b66, 0x6466, 0x7525,
  0x5c25, 0x3b27, 0x32e7, 0x53e6, 0x5c45, 0x5c66, 0x5c26, 0x64a5, 0x7d04, 0x8565, 0x7d25, 0xb666,
  0xb666, 0x53e6, 0x3b25, 0x6485, 0x5c46, 0x53e6, 0x2a86, 0x3307, 0x32e8, 0x2aa7, 0x53c6, 0x6ca6,
  0x6c86, 0x74a6, 0x5c47, 0x3b68, 0x6cc7, 0x6486, 0x95c6, 0x8545, 0x9dc6, 0xae26, 0x8527, 0xa607,
  0x95a7, 0x32c8, 0x3b27, 0x3327, 0x2ac7, 0x4387, 0x6ce7, 0x9dc7, 0x4b8a, 0x22aa, 0x1aaa, 0x22cb,
  0x22cb, 0x2aeb, 0x2b0b, 0x8548, 0x8d68, 0x8568, 0x9de8, 0xae49, 0xb669, 0xc6c9, 0xae29, 0xa5e8,
  0x334b, 0x232c, 0x2b2c, 0x336c, 0x338b, 0x3beb, 0x2b6c, 0x2b4d, 0x2b4d, 0x2b6d, 0x2b4d, 0x2b4d,
  0x2b2d, 0x2b2e, 0x2b4e, 0x2b6e, 0x336e, 0x2b4e, 0x336e, 0x3bef, 0x2b4e, 0x2b4e, 0x336e, 0x338e,
  0x4c70, 0x440f, 0x43ef, 0x3bef, 0x444f, 0x4430, 0x33af, 0x4450, 0x33f0, 0x33af, 0x336f, 0x334e,
  0x4430, 0x4430, 0x3c51, 0x4cb4, 0x33d0, 0x3bf1, 0x44b5, 0x3c33, 0x4474, 0x44d5, 0x4cd4, 0x4cb4,
  0x4d15, 0x5556, 0x5536, 0x5556, 0x5536, 0x4cf6, 0x4cf6, 0x4d16, 0x4d17, 0x5558, 0x5558, 0x5538,
  0x5538, 0x5538, 0x5538, 0x5537, 0x5557, 0x4cf6, 0x44d5, 0x4cf6, 0x4d16, 0x4d16, 0x4d37, 0x4d16,
  0x44f6, 0x4475, 0x4495, 0x4cf5, 0x4cf6, 0x4494, 0x3bd1, 0x4c93, 0x54d3, 0x4c72, 0x4471, 0x3c11,
  0x4431, 0x4c91, 0x33d1, 0x4472, 0x33af, 0x3bf0, 0x4cb1, 0x4450, 0x3c10, 0x33b0, 0x4450, 0x3c10,
  0x336e, 0x336e, 0x338e, 0x3c0e, 0x444f, 0x336e, 0x336e, 0x338f, 0x3c0f, 0x2b6e, 0x33cf, 0x2b8e,
  0x2b4e, 0x334e, 0x334e, 0x444e, 0x2b4d, 0x2b4e, 0x2b4d, 0x2b4e, 0x334e, 0x334e, 0x334e, 0x334d,
  0x2b6d, 0x43ec, 0x4c6c, 0x33cc, 0x2b2c, 0x336c, 0x2b4c, 0x5c2a, 0x95a9, 0xb668, 0xa608, 0x95a7,
  0x7d27, 0xae07, 0x9568, 0x2b2b, 0x2aeb, 0x230b, 0x5429, 0x95c8, 0x5427, 0x43a7, 0x2ae7, 0x3307,
  0x4c08, 0x74c7, 0xa607, 0xa605, 0x9de6, 0xa626, 0x9de6, 0x95a5, 0x9585, 0x5427, 0x4ba8, 0x6ca6,
  0x7d05, 0x5c25, 0x4366, 0x4347, 0x2267, 0x2267, 0x53c5, 0x5405, 0x4bc5, 0x5406, 0x4be6, 0x5c45,
  0xa605, 0x6cc5, 0x7d25, 0x8565, 0x8545, 0x6ca5, 0x74e5, 0x5406, 0x6466, 0x2ac7, 0x4bc7, 0x43c6,
  0x1a66, 0x2aa7, 0x2266, 0x4366, 0x4b86, 0x4367, 0x4366, 0x4ba6, 0x6ca6, 0x5406, 0x8d85, 0x8525,
  0x8525, 0x53c6, 0x5405, 0xa625, 0x8da5, 0x95a6, 0x8d66, 0x5405, 0x4b86, 0x3307, 0x6cc6, 0x8565,
  0x5406, 0x32e7, 0x32e8, 0x22a8, 0x5c27, 0x7d06, 0x8d65, 0x7d06, 0x74c6, 0xb646, 0x8546, 0x8566,
  0x8d86, 0x6448, 0x5c28, 0x4b88, 0x5408, 0x6cc7, 0x5407, 0x7d07, 0x6c87, 0x74c8, 0x74a7, 0x3b69,
  0x4bc9, 0x5c68, 0x4c28, 0x5448, 0x4c28, 0x4c08, 0x7d28, 0x95a9, 0x8528, 0x95c9, 0xbe89, 0xae28,
  0x95aa, 0x7d4a, 0x4c0b, 0x9e0a, 0x95c9, 0x7509, 0x8d6b, 0x336c, 0x2b6d, 0x338d, 0x2b6d, 0x2b6d,
  0x2b4d, 0x2b4e, 0x2b4e, 0x2b2e, 0x2b2e, 0x2b2e, 0x2b4e, 0x3bcf, 0x2b4e, 0x2b2e, 0x2b2e, 0x334e,
  0x338e, 0x3bcf, 0x2b4e, 0x336e, 0x440f, 0x336f, 0x33af, 0x3bef, 0x33af, 0x336f, 0x3bcf, 0x336f,
  0x338f, 0x338f, 0x338f, 0x3bd0, 0x33d0, 0x3bf0, 0x33b0, 0x33d1, 0x3c12, 0x3c12, 0x4453, 0x4453,
  0x4c94, 0x4cb4, 0x4cb5, 0x4cf5, 0x5516, 0x5536, 0x4d16, 0x4cf6, 0x4cf7, 0x4d38, 0x4d38, 0x4d38,
  0x5538, 0x5538, 0x5538, 0x4d17, 0x5557, 0x4cf6, 0x44f6, 0x4cf6, 0x4d16, 0x4d16, 0x4cf6, 0x3c74,
  0x4475, 0x4454, 0x3c33, 0x3c33, 0x3c12, 0x4453, 0x33b0, 0x3c12, 0x4c74, 0x4411, 0x4451, 0x3c11,
  0x3bb0, 0x3bd0, 0x33b0, 0x33b0, 0x4451, 0x4450, 0x3c10, 0x3bf0, 0x338f, 0x336f, 0x33af, 0x338f,
  0x338f, 0x336f, 0x336f, 0x3bef, 0x3bef, 0x334e, 0x2b4e, 0x336f, 0x338f, 0x2b4e, 0x2b4e, 0x338e,
  0x336e, 0x2b2e, 0x338e, 0x33cd, 0x2b4d, 0x2b2d, 0x2b4d, 0x2b4d, 0x334e, 0x2b4d, 0x3bad, 0x336d,
  0x4c0c, 0x7d68, 0x9e09, 0x9e09, 0x644a, 0x8d68, 0x540a, 0x9e08, 0xa607, 0x9e07, 0x7d48, 0x6ce7,
  0x8587, 0x7508, 0x64a8, 0x4c08, 0x5c48, 0x5448, 0x5c88, 0x5407, 0x3307, 0x53e8, 0x5c07, 0x6c67,
  0x53e7, 0x8d86, 0x8d85, 0x9de5, 0xa606, 0x74e7, 0x7506, 0x9de7, 0x7d26, 0x5407, 0x3b49, 0x4b87,
  0x8d85, 0x9de5, 0x6465, 0x2a86, 0x2267, 0x6446, 0x8566, 0x8da7, 0x8da6, 0x5c66, 0x6486, 0x8545,
  0x95a5, 0x4385, 0x5c66, 0x7d27, 0x5407, 0x4be6, 0x4ba6, 0x6485, 0x53e6, 0x5c47, 0x3b48, 0x3b88,
  0x2aa6, 0x6426, 0x6466, 0x6c86, 0x3306, 0x2267, 0x2a86, 0x53a7, 0x53c6, 0x4ba6, 0x6465, 0x6465,
  0x53e6, 0x3306, 0x6485, 0x6cc5, 0x74c5, 0x3b46, 0x8d65, 0x8da5, 0x4366, 0x3307, 0x64a6, 0x5426,
  0x4387, 0x53e7, 0x5be7, 0x2aa7, 0x3b27, 0x4be6, 0x6466, 0x53e6, 0x4387, 0x9586, 0xa605, 0x64a6,
  0x7d25, 0x3b08, 0x53c8, 0x4348, 0x3b07, 0x4bc7, 0x4bc7, 0x6c86, 0x8546, 0x9dc6, 0xa5e6, 0x9588,
  0x7527, 0x8528, 0x6c88, 0x3b48, 0x4be8, 0x6488, 0x8da9, 0x8529, 0x53c7, 0x6467, 0x7d08, 0xa609,
  0xa649, 0x8da8, 0x95e9, 0x95c8, 0xbeaa, 0xb669, 0xa628, 0x9dca, 0x5c4b, 0x6ccb, 0x3bcc, 0x3bcc,
  0x854a, 0x3bac, 0x334d, 0x2b4d, 0x332d, 0x2b4e, 0x2b4e, 0x2b4e, 0x336e, 0x2b4e, 0x2b2e, 0x5c0d,
  0x4c2e, 0x4c2e, 0x43cd, 0x2b6d, 0x33ae, 0x336e, 0x338f, 0x43ee, 0x4bee, 0x2b4e, 0x334e, 0x334e,
  0x3b8e, 0x542e, 0x3bae, 0x2b4e, 0x3b8e, 0x338f, 0x33af, 0x33b0, 0x33af, 0x33b0, 0x3bf1, 0x3c12,
  0x3bf2, 0x3bf2, 0x3c13, 0x3c13, 0x4474, 0x4495, 0x4cd6, 0x44b5, 0x44d6, 0x4d37, 0x4d37, 0x4d38,
  0x4d38, 0x4d37, 0x4d37, 0x4cf6, 0x4d16, 0x4d16, 0x44b5, 0x4474, 0x4474, 0x3c54, 0x3c13, 0x3c12,
  0x4472, 0x3bf2, 0x3390, 0x33b0, 0x3bd0, 0x3bd1, 0x43cf, 0x33b0, 0x3bf1, 0x4c31, 0x3390, 0x33b0,
  0x3390, 0x43f0, 0x3bf0, 0x33af, 0x33af, 0x3baf, 0x4c2f, 0x3baf, 0x542f, 0x3b8e, 0x2b8e, 0x2b6e,
  0x43ce, 0x43ee, 0x3baf, 0x3bef, 0x338e, 0x2b4e, 0x2b4e, 0x2b4e, 0x336e, 0x338e, 0x540c, 0x336d,
  0x2b4d, 0x2b4d, 0x4c0c, 0x7d2a, 0x5c8c, 0x338c, 0x4c0c, 0x6caa, 0x648b, 0x64ab, 0x64eb, 0x6ccc,
  0x8daa, 0x9de7, 0x8d87, 0x8d87, 0x8d88, 0x9e08, 0xb689, 0x95e7, 0x5427, 0x6487, 0x4be8, 0x6cc8,
  0xa607, 0x6ca7, 0x4387, 0x3b48, 0x8548, 0xae68, 0x9de7, 0x74e7, 0x4c08, 0x2ac7, 0x4b68, 0x6ca7,
  0x4367, 0x4ba6, 0x6486, 0x95a4, 0x9de7, 0x5427, 0x5c66, 0x64a6, 0x5426, 0x3b47, 0x2287, 0x43a7,
  0x5c86, 0x64a6, 0x4bc5, 0x3b06, 0x6c86, 0x6465, 0x4366, 0x43a6, 0x5445, 0x5446, 0x5c46, 0x5405,
  0x5405, 0x3306, 0x4346, 0x5be7, 0x53a7, 0x4346, 0x32e6, 0x53e6, 0x53e6, 0x74c6, 0x74e6, 0x3b88,
  0x53a5, 0x4ba6, 0x4ba6, 0x74e4, 0x5be5, 0x32e7, 0x5c05, 0x8525, 0x6c85, 0x4386, 0x4386, 0x4be6,
  0x4366, 0x3307, 0x3b66, 0x3b46, 0x4bc6, 0x4bc6, 0x5406, 0x4bc6, 0x2a67, 0x32e7, 0x3b66, 0x32e7,
  0x3b67, 0x5c46, 0x74c5, 0x6c86, 0x32c7, 0x4386, 0x5c26, 0x43a7, 0x6447, 0x6466, 0x74c6, 0x6486,
  0x5c47, 0x5c27, 0x4bc7, 0x6c86, 0x74c6, 0x2a87, 0x32e7, 0x32e7, 0x5426, 0x5427, 0x7d27, 0x9dc6,
  0x7d26, 0x8d46, 0x8526, 0x4b88, 0x3b48, 0x53e8, 0x8547, 0x9dc7, 0x74a7, 0x5c27, 0x6c88, 0x6469,
  0x74e8, 0x5468, 0x64c7, 0x7507, 0x9de8, 0x95c8, 0x7508, 0x9e08, 0x8d89, 0x9da8, 0x9589, 0x8d68,
  0x8568, 0x95aa, 0x95a9, 0x8da9, 0x95c9, 0x7d0a, 0x7d0b, 0x74eb, 0x95ca, 0xa60a, 0xa62a, 0x95aa,
  0x856b, 0x8dab, 0x8d8b, 0x8d8b, 0x8d8b, 0x854b, 0x7d0c, 0x854c, 0x856c, 0x852c, 0x7d2c, 0x7d0c,
  0x7d2b, 0x95eb, 0x856c, 0x750c, 0x750b, 0x74ed, 0x7d2d, 0x7d4d, 0x9e2d, 0x8d8f, 0x7d0f, 0x7d2f,
  0x7d0f, 0x750e, 0x7d2f, 0x7d2f, 0x7d10, 0x7d30, 0x7d71, 0x7d91, 0x7d92, 0x85b3, 0x85d3, 0x85d2,
  0x85d2, 0x8db2, 0x8dd2, 0x8dd3, 0x8df3, 0x8df3, 0x8591, 0x8571, 0x7d71, 0x7d70, 0x8590, 0x7d50,
  0x7d4f, 0x7d50, 0x752f, 0x7d6e, 0x752f, 0x7510, 0x7d2e, 0x6cce, 0x750f, 0x7d2e, 0x7d0e, 0x7d2e,
  0x7d2e, 0x7d2e, 0x7d4d, 0x7d2d, 0x7d2d, 0x7d2c, 0x8d8d, 0x854d, 0x8d8d, 0x7d0c, 0x7d2c, 0x7d2c,
  0x8dac, 0x8dac, 0x852c, 0x6cac, 0x6c8c, 0x6cac, 0x74eb, 0x750b, 0x7d2a, 0x854a, 0xa629, 0x750a,
  0x752b, 0x7d6a, 0x9608, 0xa646, 0x9e08, 0x95e8, 0x9e08, 0xa627, 0xae47, 0xae47, 0x95c8, 0x95c7,
  0x8d87, 0x7d27, 0x5c67, 0x5428, 0x5448, 0x7d27, 0x9e07, 0x74e6, 0x5c67, 0x4bc8, 0x4388, 0x6488,
  0x7ce8, 0x5408, 0x3347, 0x4be7, 0x8d67, 0x95a7, 0x6487, 0x5427, 0x4bc7, 0x2288, 0x53c7, 0x6447,
  0x4347, 0x2ac8, 0x6446, 0x74c6, 0x6c87, 0x5c46, 0x3b46, 0x4be6, 0x4367, 0x4367, 0x43a6, 0x5446,
  0x4be6, 0x3327, 0x3306, 0x3266, 0x5c07, 0x3b26, 0x3306, 0x53e7, 0x4bc6, 0x4bc6, 0x4bc6, 0x4be6,
  0x3b86, 0x3b66, 0x5406, 0x8525, 0x7d25, 0x4ba6, 0x3ae7, 0x5c06, 0x6c86, 0x6ca5, 0x6466, 0x43a7,
  0x2a66, 0x2247, 0x2a87, 0x3ae6, 0x2a66, 0x2a67, 0x5c25, 0x5c25, 0x5c26, 0x3b46, 0x32e6, 0x3b26,
  0x5407, 0x4387, 0x3b27, 0x2247, 0x2247, 0x3b26, 0x43a7, 0x3348, 0x21e7, 0x3227, 0x32a7, 0x4367,
  0x3307, 0x2ae7, 0x43a6, 0x5c46, 0x3b07, 0x4ba7, 0x4387, 0x3b47, 0x5c47, 0x5426, 0x4347, 0x3b47,
  0x32e8, 0x5407, 0x2ac8, 0x3b47, 0x5c47, 0x4387, 0x2267, 0x2267, 0x2ac7, 0x64c7, 0x5c67, 0x74e6,
  0x7506, 0x4bc7, 0x74c7, 0x6cc7, 0x53c8, 0x53a8, 0x6487, 0x7d07, 0x5c47, 0x5406, 0x7d08, 0x74e8,
  0x6488, 0x5c87, 0x4bc8, 0x6ce7, 0x7547, 0x6d07, 0x5467, 0x7508, 0x6ce7, 0x5ca7, 0x7d47, 0x9e08,
  0x85a8, 0x9e09, 0xa608, 0x8da7, 0x9e08, 0xa648, 0x9e28, 0xa629, 0xa669, 0xa648, 0x9e28, 0xae69,
  0xae89, 0xbeea, 0xae8a, 0xb6aa, 0xb68a, 0xae6a, 0xa64a, 0xae6a, 0xa64a, 0xb68a, 0xb68a, 0xae6a,
  0xae89, 0xae8a, 0xb6aa, 0xb68b, 0xa64b, 0xae4b, 0xae4b, 0xae4b, 0xae4c, 0xae6c, 0xb68c, 0xb68c,
  0xb68c, 0xb68c, 0xb68c, 0xae8c, 0xb68d, 0xae8d, 0xb68d, 0xbead, 0xb68d, 0xbead, 0xb6ad, 0xb68d,
  0xb68c, 0xb66c, 0xbead, 0xbeae, 0xbecf, 0xbece, 0xbecd, 0xb6ad, 0xb6ad, 0xae8d, 0xae8d, 0xb6ad,
  0xb68c, 0xae8c, 0xb68c, 0xb68c, 0xb68c, 0xb68c, 0xb68b, 0xae4b, 0xae6c, 0xb6ac, 0xb68b, 0xae8c,
  0xae8c, 0xae8b, 0xae6b, 0xae8a, 0xb68a, 0xae89, 0xae8a, 0xae6a, 0x9e29, 0xae89, 0xae68, 0xae68,
  0xa669, 0xae8a, 0x9e2a, 0xa64a, 0xae69, 0xae69, 0xa648, 0xa629, 0x8dc9, 0xae69, 0x85a8, 0x8dc8,
  0x9e47, 0x8de7, 0x9e27, 0x8dc6, 0x7507, 0x5467, 0x9e27, 0x95c7, 0x8da7, 0xae47, 0x7d47, 0x5ca6,
  0x6ce7, 0x6cc7, 0x4c27, 0x3b88, 0x6488, 0x8d87, 0x7d27, 0x5c67, 0x43c7, 0x5c67, 0x64a6, 0x4be8,
  0x4ba9, 0x64a8, 0x5c48, 0x3b88, 0x5c06, 0x8526, 0x53e7, 0x3b67, 0x3327, 0x2ac8, 0x5be7, 0x4368,
  0x2a88, 0x2248, 0x4b88, 0x32c8, 0x6466, 0x53e6, 0x2aa7, 0x2ac8, 0x6ca7, 0x5407, 0x3b67, 0x3b47,
  0x3307, 0x2aa7, 0x3288, 0x21c7, 0x32c8, 0x2a87, 0x3b07, 0x2aa7, 0x2aa7, 0x4387, 0x43c6, 0x4386,
  0x3b07, 0x43a7, 0x5406, 0x5c44, 0x5405, 0x4366, 0x2a87, 0x2267, 0x3b26, 0x4386, 0x3b27, 0x32a7,
  0x11c7, 0x19e7, 0x1a07, 0x19e6, 0x19c6, 0x19e6, 0x32e6, 0x3b25, 0x2a86, 0x2227, 0x19c6, 0x3286,
  0x4b67, 0x2246, 0x2226, 0x19c6, 0x2226, 0x19e6, 0x1a27, 0x2247, 0x21e7, 0x3a07, 0x4307, 0x2ac7,
  0x2a68, 0x2228, 0x3b27, 0x4387, 0x2248, 0x2aa7, 0x2ac7, 0x2247, 0x2a86, 0x43a5, 0x2a67, 0x1a08,
  0x1a28, 0x2a88, 0x32c8, 0x1a28, 0x32e8, 0x4b87, 0x5bc7, 0x3ac7, 0x1a27, 0x4ba7, 0x3308, 0x4bc6,
  0x5c66, 0x3b07, 0x32e8, 0x4ba8, 0x32e8, 0x2a88, 0x4b87, 0x5427, 0x43c8, 0x4367, 0x3308, 0x5c28,
  0x4bc8, 0x53e8, 0x2ac8, 0x4bc7, 0x5407, 0x43a7, 0x43a7, 0x43a7, 0x5447, 0x4c47, 0x5ca7, 0x6d07,
  0x7527, 0x6cc8, 0x7d28, 0x5cc7, 0x7d67, 0x7d47, 0x64c7, 0x8da8, 0x8da8, 0x8da7, 0x7548, 0x85a8,
  0x95e8, 0x9e08, 0x8588, 0x8dc8, 0x9609, 0x9de9, 0x8da8, 0x95e8, 0x85a9, 0x9609, 0x8da9, 0xa64a,
  0x9e29, 0xa649, 0xae69, 0x9609, 0x9e4a, 0x9e29, 0xa649, 0xa649, 0x9609, 0xa66b, 0xa64a, 0xa64a,
  0x9e2a, 0xa64b, 0xa64b, 0xa66b, 0xae6b, 0xae6b, 0xae6b, 0xae8b, 0xae6b, 0xb68c, 0xae6c, 0xa64c,
  0xa64c, 0xa64c, 0xa64b, 0xa66b, 0xae8c, 0xae6b, 0xae8b, 0xae6b, 0xae8b, 0xa66b, 0xa64b, 0x9e2b,
  0xa64a, 0xa64a, 0xa64a, 0xa64a, 0xae8b, 0xa64b, 0xa64a, 0xa64a, 0x9609, 0x9e2a, 0xa62a, 0x95e9,
  0xa64b, 0x9e0a, 0x95e9, 0x9e0a, 0x960a, 0x8dc8, 0x9e08, 0x8dc8, 0x7d68, 0x8dc8, 0xa628, 0x8da7,
  0x8588, 0x8dc9, 0x9e29, 0x8de8, 0x85a8, 0x8dc8, 0x7547, 0x7d68, 0x7d68, 0x8568, 0x7527, 0x7507,
  0x5ca7, 0x7d47, 0x64e8, 0x64a7, 0x43e7, 0x4c27, 0x64a6, 0x5c66, 0x6ce7, 0x64a8, 0x5c88, 0x5447,
  0x3b87, 0x4bc7, 0x43a7, 0x4388, 0x43a7, 0x64a7, 0x5407, 0x3307, 0x3b28, 0x3b48, 0x5c27, 0x4ba8,
  0x2aa9, 0x4bc8, 0x32e8, 0x2268, 0x8d46, 0x4325, 0x32e7, 0x32c7, 0x3b27, 0x32e8, 0x2228, 0x2a89,
  0x2228, 0x2228, 0x2248, 0x2aa8, 0x4bc6, 0x3b26, 0x1207, 0x32c8, 0x3308, 0x3b08, 0x2287, 0x2248,
  0x2248, 0x32e8, 0x3a48, 0x29c7, 0x2248, 0x2a67, 0x2226, 0x19e6, 0x2227, 0x2aa7, 0x43a6, 0x53e5,
  0x2aa6, 0x19e7, 0x4326, 0x32e6, 0x2ac6, 0x3ae6, 0x2227, 0x19e7, 0x2207, 0x32e6, 0x2226, 0x19c8,
  0x11c7, 0x1a06, 0x4b86, 0x4b86, 0x19c6, 0x19a6, 0x11a6, 0x2246, 0x5386, 0x4305, 0x1985, 0x3286,
  0x3286, 0x19e6, 0x19e6, 0x2206, 0x6c45, 0x7ca5, 0x2226, 0x2206, 0x19a6, 0x21c6, 0x2227, 0x1a07,
  0x1a07, 0x1a07, 0x1a27, 0x1a27, 0x2267, 0x2ac7, 0x22a7, 0x4b46, 0x19c7, 0x2227, 0x4b28, 0x4307,
  0x1a27, 0x2a68, 0x4387, 0x2267, 0x2267, 0x1a26, 0x4307, 0x4b67, 0x1a07, 0x1a47, 0x1a67, 0x1a67,
  0x3b27, 0x2288, 0x2268, 0x2267, 0x2267, 0x4b47, 0x2267, 0x1a87, 0x22a7, 0x3307, 0x3307, 0x3307,
  0x3b07, 0x2ac7, 0x22a7, 0x22a7, 0x22a7, 0x22c7, 0x2ac7, 0x4388, 0x5447, 0x3ba7, 0x3387, 0x4c07,
  0x43e6, 0x3b87, 0x43e7, 0x3be6, 0x4406, 0x3be6, 0x4406, 0x5446, 0x5466, 0x4c26, 0x3bc6, 0x4406,
  0x6ce6, 0x5467, 0x5c87, 0x5c87, 0x6cc7, 0x5467, 0x5ca7, 0x5ca6, 0x5cc6, 0x64c7, 0x5486, 0x64c7,
  0x7547, 0x7d67, 0x7d47, 0x7527, 0x6507, 0x7d67, 0x7547, 0x6d27, 0x7567, 0x7d87, 0x7d88, 0x7d87,
  0x7d87, 0x8dc9, 0x85c9, 0x85a9, 0x8da9, 0x7d88, 0x8de9, 0x8de9, 0x8de9, 0x8de9, 0x8de9, 0x8dc9,
  0x8dca, 0x7d89, 0x8589, 0x85a9, 0x85a9, 0x85a9, 0x85a9, 0x85a9, 0x85c8, 0x8dc8, 0x8588, 0x7528,
  0x6d28, 0x7548, 0x6d28, 0x7d88, 0x7d89, 0x6d28, 0x8589, 0x85a9, 0x7548, 0x7548, 0x6d48, 0x7548,
  0x7548, 0x64e7, 0x6d07, 0x64c7, 0x5487, 0x5487, 0x5ca7, 0x5c67, 0x4c26, 0x5ca7, 0x7526, 0x64c7,
  0x5c87, 0x5ca7, 0x64c7, 0x5c87, 0x3be6, 0x4c26, 0x4c26, 0x4c06, 0x4c27, 0x4c27, 0x43e6, 0x3ba6,
  0x3bc6, 0x3ba7, 0x3307, 0x4bc7, 0x4387, 0x22c6, 0x3346, 0x3387, 0x3387, 0x3348, 0x3347, 0x3347,
  0x3307, 0x3347, 0x3367, 0x4ba8, 0x5be8, 0x3327, 0x2ac8, 0x2ac8, 0x22a8, 0x1a88, 0x22a7, 0x2267,
  0x2288, 0x2288, 0x1a87, 0x2267, 0x8529, 0x1a27, 0x1227, 0x1a47, 0x1a27, 0x1a27, 0x2227, 0x74c7,
  0x2a67, 0x2227, 0x2247, 0x32c7, 0x2ac7, 0x1a27, 0x1a07, 0x1a27, 0x2246, 0x2aa7, 0x2a87, 0x1a27,
  0x2227, 0x2207, 0x2a07, 0x1987, 0x2a67, 0x6ca4, 0x6405, 0x21e6, 0x1a06, 0x32a6, 0x2a66, 0x2a86,
  0x1a26, 0x6406, 0x1a06, 0x2a86, 0x4346, 0x53c5, 0x4b66, 0x19e7, 0x19e6, 0x1a06, 0x19c6, 0x11c7,
  0x32e6, 0x6ca6, 0x7d47, 0x32c5, 0x2a85, 0x5be4, 0x4b85, 0x6cc5, 0x8d85, 0x32c4, 0x5c05, 0x8565,
  0x4b85, 0x6c65, 0x6463, 0x6c83, 0x5c25, 0x7ce6, 0x9da5, 0x6425, 0x53c5, 0x53c5, 0x4385, 0x6c85,
  0x8525, 0x7d05, 0x74c5, 0x74e5, 0x74e5, 0x8545, 0x6ca5, 0x8d85, 0x6c86, 0x7d06, 0x8d65, 0x8565,
  0x74e6, 0x7ce5, 0x8544, 0x8d85, 0x7d24, 0x7ce5, 0x8525, 0x8d66, 0x8d66, 0x8525, 0x7d05, 0x74e5,
  0x7ce5, 0x8546, 0x8d66, 0x8d45, 0x8d45, 0x9585, 0x8506, 0x8526, 0x8526, 0x8d85, 0x95a5, 0x95a5,
  0x8d85, 0x8d65, 0x8d85, 0x8d85, 0x8d85, 0x8d85, 0x95a5, 0x95a6, 0x95c6, 0x95c6, 0x95c6, 0x95a6,
  0x95c6, 0x95c7, 0x9e06, 0x9de6, 0x9e06, 0x9de6, 0x9de6, 0x9de6, 0x9de5, 0x9de6, 0x9de6, 0xa5e6,
  0xa5e6, 0x95c6, 0xa5e6, 0xa607, 0xa5e6, 0x9de6, 0x9de6, 0x9de6, 0x9de6, 0xa606, 0x9de6, 0x9de6,
  0x9de6, 0xa606, 0xa606, 0xa606, 0xa606, 0xa606, 0x9e06, 0x9e06, 0xa626, 0xae26, 0xae46, 0xae46,
  0xae66, 0xae66, 0xa646, 0xae46, 0xae46, 0xae66, 0xae66, 0xae65, 0xae66, 0xae46, 0xae46, 0xae46,
  0xae26, 0xa646, 0xae46, 0xae46, 0xae46, 0xae46, 0xae26, 0xa626, 0xa646, 0xae46, 0xae47, 0xa607,
  0xa607, 0xa627, 0xa627, 0xae27, 0xa627, 0xa607, 0xa627, 0xa626, 0xa626, 0xa626, 0xa626, 0xae46,
  0xa606, 0x9e06, 0x9de6, 0x9de6, 0x9de6, 0x9de6, 0x9de6, 0x9dc6, 0x9de6, 0x9de6, 0xa606, 0x9e06,
  0xae46, 0xa627, 0xa627, 0x9e06, 0x9de6, 0x9de6, 0x9dc6, 0x9dc6, 0x9de6, 0x95c6, 0x95a6, 0x95a6,
  0x95c6, 0xa606, 0x95a6, 0x8da6, 0x8da6, 0x8d86, 0x95a6, 0x9de6, 0x8da7, 0x8da6, 0x95c6, 0x95c6,
  0x95c6, 0x95a6, 0x95c6, 0x9de6, 0x9de6, 0x7d05, 0x7d25, 0x7d46, 0x7d46, 0x7d25, 0x7d25, 0x7d25,
  0x8525, 0x8545, 0x8545, 0x8d65, 0x8d66, 0x8546, 0x8525, 0x7d25, 0x7d25, 0x7d25, 0x7d25, 0x8d85,
  0x7d05, 0x74c5, 0x74c5, 0x7d25, 0x74e5, 0x6ca5, 0x6cc5, 0x74e5, 0x74e5, 0x6cc4, 0x6cc4, 0x6ca5,
  0x6c85, 0x6445, 0x6445, 0x5c25, 0x53c4, 0x4ba4, 0x4ba5, 0x4ba5, 0x5c05, 0x74c4, 0x6445, 0x4b46,
  0x8526, 0x8d84, 0x6445, 0x6c86, 0x7d25, 0x74a5, 0x8545, 0x3b06, 0x3b06, 0x4345, 0x5c44, 0x5c44,
  0x85a5, 0x85a5, 0x95e6, 0x8da6, 0x8585, 0x8565, 0x8585, 0x95c4, 0x95c4, 0x8584, 0x8585, 0x8d85,
  0x95a5, 0x95c5, 0x95c4, 0x95c4, 0x95e5, 0x9e05, 0x9e05, 0x9e05, 0x9de5, 0x95e5, 0x95e5, 0x9de5,
  0x9de5, 0x9de5, 0x9de5, 0x95e5, 0x95c4, 0x95e4, 0x9de4, 0x9de4, 0x9de4, 0x9e04, 0x9e04, 0xa624,
  0xa625, 0xb665, 0xb665, 0xb686, 0xa605, 0x9e05, 0xa625, 0xae45, 0xae45, 0xae25, 0xa625, 0xa625,
  0xae25, 0xae45, 0xae45, 0xae45, 0xae45, 0xae45, 0xae45, 0xae45, 0xbe85, 0xb645, 0xae45, 0xae45,
  0xae25, 0xae25, 0xae45, 0xae45, 0xb645, 0xb665, 0xc6a6, 0xb665, 0xb665, 0xb665, 0xb665, 0xb665,
  0xb665, 0xb665, 0xb665, 0xb665, 0xb685, 0xb685, 0xb665, 0xb665, 0xb665, 0xbe85, 0xb665, 0xbe86,
  0xbe86, 0xbe85, 0xbe86, 0xb665, 0xbe65, 0xb665, 0xbe85, 0xbe85, 0xc6a6, 0xbe85, 0xbe85, 0xbe86,
  0xbe65, 0xc685, 0xbe85, 0xc686, 0xc6a6, 0xbea6, 0xbe86, 0xc6a6, 0xc6a6, 0xc6a6, 0xc6a6, 0xc6a6,
  0xc6a5, 0xc6c6, 0xbea5, 0xc6c6, 0xc6c6, 0xc6c6, 0xc6c6, 0xcee6, 0xc6c6, 0xcec6, 0xcec6, 0xcec6,
  0xcec7, 0xcee6, 0xc6c6, 0xc6a6, 0xc6c6, 0xc6c6, 0xc6c6, 0xc6c6, 0xc6c6, 0xc6a6, 0xc6c6, 0xc6a6,
  0xc6a6, 0xc6c6, 0xc6a6, 0xc6a6, 0xc6c6, 0xbe86, 0xbea5, 0xc6a5, 0xbea5, 0xbea5, 0xbea6, 0xc6a6,
  0xc6a6, 0xc6a6, 0xbe85, 0xc6a6, 0xbe86, 0xbe86, 0xbe86, 0xbe85, 0xbea5, 0xc6a5, 0xbe85, 0xbe85,
  0xbea6, 0xbea6, 0xbea6, 0xbea5, 0xb665, 0xbe85, 0xbe85, 0xbe86, 0xb666, 0xb686, 0xb665, 0xae65,
  0xae65, 0xc6c6, 0xbe85, 0xb665, 0xb665, 0xae45, 0xb665, 0xb665, 0xae45, 0xae45, 0xae46, 0xae46,
  0xae45, 0xae45, 0xae45, 0xae45, 0xae45, 0xae45, 0xae45, 0xb665, 0xb645, 0xae46, 0xae46, 0xae45,
  0xa605, 0xa625, 0xa625, 0xae45, 0xae45, 0xae25, 0xa625, 0xa625, 0xa605, 0xa605, 0x9e05, 0xa605,
  0xa605, 0xa605, 0xa5e5, 0x9de5, 0x9de5, 0x9dc5, 0x9dc5, 0x9dc5, 0x9de5, 0x9de5, 0x95e5, 0x95e5,
  0x95e5, 0x95c5, 0x95c5, 0x95c5, 0x95c5, 0x95c5, 0x95e5, 0x95c5, 0x9de5, 0x9de5, 0x9de5, 0x9de5,
  0x9de5, 0x9de5, 0x95e5, 0x95e5, 0x9de5, 0x95c5, 0x95c5, 0x95c5, 0x8da5, 0x8da5, 0x8dc4, 0x95e4,
  0x9e04, 0x9e05, 0x9e05, 0x9de5, 0x95e5, 0x9de4, 0x9de4, 0x9e04, 0x9e04, 0x9e04, 0x9de4, 0x9de4,
  0xa605, 0x9e04, 0x9de4, 0xa604, 0xa625, 0xa625, 0xa625, 0xa604, 0xa604, 0x9e04, 0xa604, 0xa604,
  0xa604, 0xa604, 0xa604, 0xa624, 0xb645, 0xae45, 0xae45, 0xb645, 0xb665, 0xb665, 0xb665, 0xb665,
  0xb665, 0xb665, 0xb665, 0xb665, 0xb665, 0xb645, 0xb645, 0xb665, 0xb665, 0xb665, 0xb665, 0xb665,
  0xb665, 0xc685, 0xbe85, 0xbe85, 0xbe85, 0xbe85, 0xc6a5, 0xc6a5, 0xc6a5, 0xc6a5, 0xc685, 0xc685,
  0xc685, 0xc685, 0xbe85, 0xc6a5, 0xc6a5, 0xc6a5, 0xbe85, 0xc6a5, 0xc6a5, 0xc6a5, 0xc6a5, 0xc6a5,
  0xc6a5, 0xc6a5, 0xc685, 0xc6a6, 0xc6c6, 0xc6c6, 0xc6c6, 0xcec6, 0xc6a5, 0xc6a5, 0xc6c6, 0xc6a6,
  0xcec6, 0xc6c6, 0xcec6, 0xc6a5, 0xbea5, 0xbe85, 0xcec5, 0xc6a5, 0xbe85, 0xbe85, 0xbe86, 0xbe86,
  0xbe85, 0xbe86, 0xc6a6, 0xc6a6, 0xc6a6, 0xc6c6, 0xc6c6, 0xc6c6, 0xc6c6, 0xc6c6, 0xc6c6, 0xc6c5,
  0xc6c5, 0xc6c6, 0xcec6, 0xcec6, 0xcec6, 0xcec6, 0xc6c5, 0xc6c5, 0xcee6, 0xcec6, 0xcec6, 0xcec6,
  0xcec7, 0xcec6, 0xcec6, 0xcec6, 0xcec6, 0xcec6, 0xcec6, 0xcec6, 0xcec6, 0xcec6, 0xcec6, 0xcec6,
  0xcec6, 0xcec6, 0xcec6, 0xcec6, 0xcec6, 0xcec6, 0xcec6, 0xcec6, 0xcec5, 0xc6c6, 0xcec6, 0xcec6,
  0xcec6, 0xc6c6, 0xc6a6, 0xc6a6, 0xc6a6, 0xc6a6, 0xc6c6, 0xcec6, 0xc6c5, 0xc6c5, 0xc6c5, 0xc6c5,
  0xc6a6, 0xbe85, 0xbe85, 0xc6a5, 0xc6c6, 0xc6c6, 0xc6a5, 0xc6a5, 0xc6a5, 0xc6a5, 0xc6c6, 0xc6a5,
  0xc6a5, 0xc6a5, 0xc6c6, 0xc6a5, 0xc6a5, 0xc6a5, 0xc6a5, 0xc6a5, 0xc685, 0xc685, 0xc685, 0xc6a5,
  0xbe85, 0xbe85, 0xbe65, 0xc685, 0xb665, 0xc686, 0xc6a6, 0xc6a6, 0xc686, 0xbe86, 0xbe66, 0xb665,
  0xb645, 0xbe85, 0xbe85, 0xc685, 0xc685, 0xbe85, 0xbe65, 0xb665, 0xb645, 0xbe65, 0xbe85, 0xb665,
  0xb665, 0xb645, 0xb645, 0xb645, 0xae45, 0xb645, 0xb645, 0xb645, 0xae45, 0xae25, 0xae45, 0xa605,
  0x9de5, 0x9e05, 0x9e05, 0x9e05, 0x9e05, 0x9e05, 0x9e05, 0x9e05, 0xa605, 0xa625, 0xa625, 0xae45,
  0xae45, 0xae45, 0xb645, 0xae45, 0xb665, 0xae45, 0xb665, 0xb665, 0xae45, 0xae24, 0xae44, 0xae44,
  0xa624, 0xa624, 0xa604, 0xa604, 0xa604, 0xa624, 0xae24, 0xb665, 0xa624, 0xae24, 0xae45, 0xa605,
  0xae25, 0xb665, 0xae24, 0xb645, 0xb665, 0xb664, 0xb665, 0xb644, 0xbe65, 0xb664, 0xbe65, 0xbe85,
  0xbe85, 0xbe65, 0xbe85, 0xb644, 0xae44, 0xbe65, 0xb665, 0xb665, 0xb665, 0xbe85, 0xbe85, 0xbe85,
  0xbe85, 0xbe85, 0xbe85, 0xbe85, 0xbe65, 0xc685, 0xc6a5, 0xc6a5, 0xbe85, 0xb665, 0xc685, 0xc685,
  0xbe85, 0xbe85, 0xc685, 0xbe85, 0xc685, 0xc685, 0xbe85, 0xbe85, 0xbe85, 0xc685, 0xc685, 0xc685,
  0xbe85, 0xbe85, 0xc685, 0xc6a5, 0xc6a5, 0xc6a5, 0xc6a5, 0xc6a5, 0xc685, 0xc6a5, 0xc6a5, 0xc6a5,
  0xc6a5, 0xc6a5, 0xc6a6, 0xc6a5, 0xc6c6, 0xc6c6, 0xc6c6, 0xc6a5, 0xc6a6, 0xc6a6, 0xc6a6, 0xcec6,
  0xcec6, 0xcec6, 0xcec6, 0xc6c6, 0xc6a6, 0xc6a5, 0xcec6, 0xcec6, 0xc6a6, 0xc6a6, 0xc6a6, 0xc686,
  0xc6a6, 0xc6a6, 0xc6c6, 0xc686, 0xc6a6, 0xc6a6, 0xc6c6, 0xc6c6, 0xc6c6, 0xc6c6, 0xc6c6, 0xc6a6,
  0xc6a5, 0xcec6, 0xcec6, 0xcec6, 0xc6c6, 0xc6a6, 0xb665, 0xc6a5, 0xcec6, 0xc6a6, 0xbe86, 0xcec6,
  0xcec6, 0xc6a6, 0xcec6, 0xcec6, 0xcec6, 0xcec6, 0xcec6, 0xc6a6, 0xcec6, 0xc6c6, 0xc6c6, 0xcec6,
  0xcec6, 0xc6a6, 0xcec6, 0xcec6, 0xcec6, 0xcec6, 0xcec6, 0xc6a5, 0xc6c6, 0xc6c6, 0xc6c6, 0xc6a5,
  0xc6a5, 0xc6a5, 0xc6a6, 0xc6a6, 0xc6a6, 0xc6c5, 0xc6c6, 0xc6a5, 0xc6c5, 0xc6a5, 0xc6c5, 0xc6c6,
  0xcec6, 0xcec6, 0xcec6, 0xc6c6, 0xc6c6, 0xc6c6, 0xc6c5, 0xc6c6, 0xc6a6, 0xc6c6, 0xc6c5, 0xc6a5,
  0xc6a5, 0xc6a5, 0xc6a5, 0xc6a5, 0xc6a5, 0xc6a5, 0xc6a5, 0xc6a5, 0xc6a5, 0xc6a5, 0xc6a5, 0xbe85,
  0xbe85, 0xbe85, 0xc685, 0xc6a6, 0xc6a6, 0xc6a6, 0xc6a6, 0xc6a6, 0xc6a6, 0xc6a6, 0xc6a6, 0xc685,
  0xc685, 0xbe85, 0xc6a5, 0xc6a5, 0xc6a5, 0xc6a5, 0xc685, 0xbe85, 0xbe85, 0xbe85, 0xbe85, 0xc685,
  0xbe85, 0xbe85, 0xb665, 0xb665, 0xbe85, 0xbe65, 0xbe85, 0xbe65, 0xbe65, 0xb665, 0xb665, 0xb665,
  0xb665, 0xbe85, 0xb665, 0xb665, 0xb645, 0xb664, 0xae24, 0xae45, 0xb665, 0xb665, 0xb665, 0xbe85,
  0xb665, 0xb665, 0xbe65, 0xb665, 0xb665, 0xb665, 0xbe65, 0xb665, 0xb665, 0xb665, 0xbe65, 0xb665,
  0xa624, 0xae45, 0xae45, 0xae45, 0xae45, 0xae45, 0xb645, 0xb645, 0xb644, 0xae44, 0xb665, 0xb665,
  0xb645, 0xb665, 0xb645, 0xb665, 0xbe85, 0xbe85, 0xbe85, 0xbe85, 0xbe85, 0xbe85, 0xbe85, 0xbe85,
  0xbe85, 0xbe85, 0xbe65, 0xb665, 0xb665, 0xbe65, 0xbe65, 0xbe65, 0xb665, 0xbe65, 0xbe65, 0xbe85,
  0xbe85, 0xbe85, 0xbe85, 0xbe85, 0xbe85, 0xbe85, 0xbe85, 0xbe85, 0xbe85, 0xb665, 0xbe85, 0xbe65,
  0xbe65, 0xc6a5, 0xc6a5, 0xb665, 0xbe65, 0xbe85, 0xc685, 0xbe65, 0xbe85, 0xbea5, 0xc6a5, 0xc6a5,
  0xc6a5, 0xc685, 0xc6a5, 0xc6a5, 0xc6a5, 0xc6a5, 0xc6a5, 0xc6a5, 0xbe85, 0xbe85, 0xbe85, 0xbe85,
  0xc6a5, 0xc6a5, 0xc6a6, 0xc6a6, 0xc6a6, 0xc6a6, 0xc6a6, 0xbe86, 0xbe86, 0xc6a6, 0xc6a6, 0xc6a6,
  0xc6c6, 0xcec6, 0xcec6, 0xc6c6, 0xc6a6, 0xbe86, 0xbe86, 0xc6a6, 0xcec6, 0xcec6, 0xc6a6, 0xc6a6,
  0xbe86, 0xc6a6, 0xc6a6, 0xc6a6, 0xc6a6, 0xc6c6, 0xc6c6, 0xc6c6, 0xc6c6, 0xc6c6, 0xc6c6, 0xc6a6,
  0xc6a5, 0xc6a5, 0xcec6, 0xcec6, 0xc6a6, 0xbe85, 0xc6a6, 0xc6c5, 0xc6a5, 0xcec6, 0xc6c6, 0xcec6,
  0xc6a6, 0xcec6, 0xc6c6, 0xc6a6, 0xc6c6, 0xc6c6, 0xc6c6, 0xc6a6, 0xc6a6, 0xc6a6, 0xc6a6, 0xc6c6,
  0xc6c6, 0xc6a6, 0xc6a6, 0xc6a6, 0xc6c6, 0xc6c6, 0xc6c6, 0xc6c6, 0xc6c6, 0xc6c6, 0xc6a6, 0xc6a5,
  0xc6a5, 0xbe85, 0xc6a6, 0xc6a6, 0xc6a6, 0xc6a5, 0xc6a5, 0xc6a5, 0xc6a5, 0xc6a5, 0xc6c6, 0xc6a6,
  0xc6c6, 0xc6c6, 0xc6c6, 0xc6a5, 0xc6a5, 0xc6c5, 0xc6a5, 0xc6a6, 0xc6a6, 0xc6a6, 0xc6a6, 0xc6a5,
  0xc6a5, 0xc6a5, 0xc6a5, 0xc6a5, 0xc6a5, 0xc6a5, 0xc6a5, 0xc6a5, 0xc6a5, 0xc6a5, 0xc6a5, 0xc685,
  0xc6a5, 0xc6a5, 0xbe85, 0xbe85, 0xc6a5, 0xc6a5, 0xc685, 0xc6a6, 0xc6a5, 0xc6a5, 0xc685, 0xc6a5,
  0xc685, 0xc685, 0xbe85, 0xbe85, 0xbe85, 0xbe85, 0xbe85, 0xbe85, 0xbe85, 0xbe85, 0xbe85, 0xbe85,
  0xbe85, 0xbe85, 0xbe85, 0xbe85, 0xbe85, 0xbe85, 0xbe85, 0xbe85, 0xbe65, 0xbe85, 0xbe85, 0xbe85,
  0xbe85, 0xbe85, 0xbe85, 0xbe85, 0xbe85, 0xbe85, 0xbe65, 0xbe65, 0xbe85, 0xbe85, 0xbe65, 0xbe85,
  0xbea5, 0xbe85, 0xb665, 0xbe65, 0xb665, 0xb665, 0xb665, 0xbe65, 0xb665, 0xbe65, 0xb665, 0xb665,
  0xae44, 0xb665, 0xb665, 0xbe85, 0xbe65, 0xbe65, 0xbe85, 0xbe85, 0xbe65, 0xb665, 0xb665, 0xb665,
  0xb665, 0xbe65, 0xbe85, 0xb665, 0xb665, 0xbe85, 0xbe85, 0xbe85, 0xbe85, 0xbe85, 0xbe85, 0xbe85,
  0xbe85, 0xbe85, 0xbe85, 0xbe65, 0xbe65, 0xbe65, 0xbe65, 0xbe65, 0xbe85, 0xbe85, 0xbe85, 0xbe85,
  0xbe85, 0xbe85, 0xbe85, 0xbe85, 0xbe85, 0xbe85, 0xbe85, 0xbe85, 0xbe65, 0xbe85, 0xbe85, 0xbe85,
  0xbe85, 0xbe85, 0xbe85, 0xbe85, 0xbe85, 0xc6a5, 0xc6a5, 0xc6a5, 0xc6a5, 0xc6a5, 0xbea5, 0xc6a5,
  0xc6a5, 0xbe85, 0xbe85, 0xbe85, 0xc6a5, 0xc6a5, 0xc6a5, 0xc6a5, 0xbe85, 0xbe65, 0xbe65, 0xbe65,
  0xc6a5, 0xc6a5, 0xc6a5, 0xc6a5, 0xc6a6, 0xc6a6, 0xbe85, 0xbe66, 0xbe86, 0xbe85, 0xbe65, 0xbe65,
  0xbe86, 0xbe85, 0xc686, 0xbe85, 0xbe85, 0xb665, 0xbe65, 0xbe65, 0xc6a5, 0xc6a5, 0xc6a5, 0xc6a5,
  0xbe85, 0xc6a5, 0xc6a6, 0xc6a6, 0xc6a6, 0xc6c6, 0xc6a6, 0xc6a6, 0xc6c6, 0xc6a6, 0xc6a6, 0xc6a6,
  0xc6a5, 0xc6a5, 0xc6a5, 0xc6a5, 0xc6a5, 0xc6a6, 0xc6a5, 0xc6a5, 0xc6a5, 0xc6a6, 0xc6a6, 0xc6a6,
  0xc6a6, 0xc6a6, 0xc6c6, 0xc6a6, 0xc6a6, 0xc6a6, 0xc6a6, 0xc6a6, 0xc685, 0xc6a5, 0xc6a5, 0xc6a5,
  0xc6a5, 0xc6a6, 0xc6a6, 0xc6a5, 0xc6a5, 0xc6a5, 0xc6a5, 0xc6a5, 0xc6a6, 0xc6a6, 0xc6a6, 0xc6a5,
  0xc6a5, 0xc6a5, 0xc6a5, 0xc6a5, 0xc6a5, 0xc6a5, 0xc685, 0xc6a5, 0xc6a5, 0xc6a5, 0xc6a5, 0xc6c6,
  0xc6a5, 0xc6a5, 0xc6a6, 0xc6a5, 0xc6a5, 0xc6a5, 0xc6a5, 0xc6a5, 0xc6a5, 0xc6a5, 0xc6a5, 0xc6a5,
  0xc6a5, 0xc6a5, 0xc6a5, 0xc6a5, 0xc6a5, 0xc6a5, 0xc6a5, 0xc6a5, 0xc6a5, 0xc6a5, 0xc6a5, 0xc6a5,
  0xc6a5, 0xc6a5, 0xc6a5, 0xc6a5, 0xc6a5, 0xc6a5, 0xc6a5, 0xc685, 0xc6a5, 0xc6a5, 0xc685, 0xc685,
  0xbe85, 0xbe85, 0xbe85, 0xbe85, 0xbe85, 0xbe85, 0xbe85, 0xbe85, 0xbe85, 0xbe85, 0xbe85, 0xbe85,
  0xbe85, 0xbe85, 0xbe85, 0xbe85, 0xbe85, 0xbe85, 0xbe85, 0xbe85, 0xbe85, 0xbe85, 0xbe85, 0xbe85,
  0xbe85, 0xbe85, 0xbe85, 0xbe85, 0xbe85, 0xbe85, 0xbe85, 0xbe85, 0xbe85, 0xbe85, 0xbe85, 0xbe85,
  0xbe85, 0xbe85, 0xbe85, 0xbe65, 0xbe65, 0xbe85, 0xbe85, 0xbe65, 0xbe85, 0xbe85, 0xbe65, 0xbe65,
  0xb645, 0xb665, 0xb665, 0xb665, 0xb665, 0xb645, 0xb645, 0xb665, 0xb665, 0xb665, 0xb645, 0xb645,
  0xb645, 0xb645, 0xb665, 0xb665, 0xb665, 0xb665, 0xb665, 0xb665, 0xbe85, 0xbe85, 0xbe85, 0xbe85,
  0xbe85, 0xbe85, 0xbe85, 0xbe85, 0xbe85, 0xbe85, 0xbe85, 0xbe85, 0xbe85, 0xbe85, 0xbe85, 0xbe85,
  0xbe85, 0xbe85, 0xbea5, 0xbe85, 0xbe85, 0xbe65, 0xbe65, 0xbe85, 0xbe85, 0xbe85, 0xbe85, 0xbe85,
  0xbe85, 0xbe85, 0xbe85, 0xbe85, 0xbe85, 0xbe85, 0xbe85, 0xc685, 0xc685, 0xc6a5, 0xbe85, 0xbe85,
  0xbe85, 0xbe85, 0xbe85, 0xbe85, 0xc6a5, 0xc6a5, 0xc6a5, 0xc6a5, 0xc6a5, 0xc6a5, 0xc6a5, 0xc6a5,
  0xc6a5, 0xc6a5, 0xc6a5, 0xc6a5, 0xc6a5, 0xc6a5, 0xc6a5, 0xc6a5, 0xc6a5, 0xc6a5, 0xc6a5, 0xc6a5,
  0xc6a5, 0xc6a5, 0xc6a5, 0xc6a5, 0xbea5, 0xc6a5, 0xc6a5, 0xc6a5, 0xc6a5, 0xc6a5, 0xc6a5, 0xc6a5,
  0xc6a5, 0xc6a5, 0xc6a5, 0xc6a5, 0xc6a5, 0xc6a5, 0xc6a5, 0xc6a5, 0xc6a5, 0xc6a5, 0xc6a5, 0xc6a5,
  0xc6a5, 0xc6a5, 0xc6a5, 0xc6a5, 0xc6a5, 0xc6a5, 0xc6a5, 0xc6a5, 0xc6a5, 0xc6a5, 0xc6a5, 0xc6a5,
  0xc6a6, 0xc6a6, 0xc6a6, 0xc6a5, 0xc6a5, 0xc6a5, 0xc6a5, 0xc6a5, 0xc6a6, 0xc6a6, 0xc6a6, 0xc6a5,
  0xc6a5, 0xc6a5, 0xc6a5, 0xc6a5, 0xc6a5, 0xc6a5, 0xc6a5, 0xc6a5, 0xc6a5, 0xc6a5, 0xc6a5, 0xc6a5,
  0xc6a5, 0xc6a5, 0xc6a5, 0xc6a5, 0xc6a5, 0xc6a5, 0xc6a5, 0xc6a5, 0xc6a5, 0xc6a5, 0xc6a5, 0xc6a5,
  0xc6a5, 0xc6a5, 0xc6a5, 0xc6a5, 0xc6a5, 0xc6a5, 0xc6a5, 0xc6a5, 0xc6a5, 0xc6a5, 0xc6a5, 0xc6a5,
  0xc6a5, 0xc6a5, 0xc6a5, 0xc6a5, 0xc6a5, 0xc6a5, 0xbe85, 0xc6a5, 0xbe85, 0xbe85, 0xbe85, 0xbe85,
  0xc6a5, 0xbe85, 0xbe85, 0xbe85, 0xbe85, 0xbe85, 0xc6a5, 0xc6a5, 0xc6a5, 0xbe85, 0xbe85, 0xbe85,
  0xbe85, 0xbe85, 0xbe85, 0xbe85, 0xbe85, 0xbe85, 0xbe85, 0xbe85, 0xbe85, 0xbe85, 0xbe85, 0xbe85,
  0xbe85, 0xbe85, 0xbe65, 0xbe65, 0xbe65, 0xb665, 0xbe65, 0xbe65, 0xbe65, 0xbe65, 0xb665, 0xb665,
  0xb665, 0xb665, 0xb665, 0xb665, 0xb665, 0xb665, 0xb665, 0xb665, 0xb665, 0xb665, 0xb665, 0xb665,
  0xb665, 0xb665, 0xb665, 0xb665, 0xb665, 0xb665, 0xb645, 0xb665, 0xb645, 0xae45, 0xae45, 0xb645,
  0xae24, 0xb665, 0xb665, 0xb665, 0xb665, 0xb645, 0xb665, 0xb665, 0xb665, 0xb665, 0xb665, 0xb665,
  0xb665, 0xbe65, 0xb665, 0xbe65, 0xbe85, 0xbe85, 0xbe85, 0xbe85, 0xbe85, 0xbe85, 0xbe85, 0xbe85,
  0xbe85, 0xbe85, 0xbe85, 0xbe85, 0xc685, 0xc6a5, 0xc6a5, 0xc6a5, 0xc6a5, 0xc6a5, 0xc6a5, 0xc6a5,
  0xc6a5, 0xc6a5, 0xc6a5, 0xbe85, 0xc6a5, 0xc6a5, 0xc685, 0xc6a5, 0xc6a5, 0xc6a5, 0xc6a5, 0xc6a5,
  0xc6a5, 0xc6a5, 0xc6a5, 0xc6a5, 0xc6a5, 0xc6a5, 0xc6a5, 0xc6a5, 0xc6a5, 0xc6a5, 0xc6a5, 0xc6a5,
  0xc6a5, 0xc6a5, 0xc6a5, 0xc6a5, 0xc6a5, 0xc6a5, 0xc6a5, 0xc6a5, 0xc6a5, 0xc6a5, 0xc6a5, 0xc6a5,
  0xc6a5, 0xc6a5, 0xc6a5, 0xc6a5, 0xc6a5, 0xc6a5, 0xc6a5, 0xc6a5, 0xc6a5, 0xc6a5, 0xc6a5, 0xc6a5,
  0xc6a5, 0xc6a5, 0xc6a5, 0xc6a5, 0xc6a5, 0xc6a5, 0xc6a5, 0xc6a5, 0xc6a5, 0xc6a5, 0xc6a5, 0xc6a5,
  0xc6a5, 0xc6a5, 0xc6a5, 0xc6a5, 0xc6a5, 0xc6a5, 0xc6a5, 0xc6a5, 0xc6a5, 0xc6a5, 0xc6a5, 0xc6a5,
  0xc6a5, 0xc6a5, 0xc6a5, 0xc6a5, 0xc6a5, 0xc6a5, 0xc6a5, 0xc6a5, 0xc6a5, 0xc6a5, 0xc6a5, 0xc6a5,
  0xc6a5, 0xc6a5, 0xc6a5, 0xc6a5, 0xc6a5, 0xc6a5, 0xc6a5, 0xc6a5, 0xc6a5, 0xc6a5, 0xc6a5, 0xc6a5,
  0xc6a5, 0xc6a5, 0xc6a5, 0xc6a5, 0xc6a5, 0xc6a5, 0xc6a5, 0xc6a5, 0xc6a5, 0xc6a5, 0xc6a5, 0xc6a5,
  0xc6a5, 0xc6a5, 0xc6a5, 0xc6a5, 0xc6a5, 0xc6a5, 0xc6a5, 0xc6a5, 0xc6a5, 0xc6a5, 0xc6a5, 0xc6a5,
  0xc6a5, 0xc6a5, 0xc6a5, 0xc6a5, 0xc6a5, 0xc6a5, 0xc6a5, 0xc6a5, 0xc6a5, 0xc6a5, 0xc6a5, 0xc6a5,
  0xc6a5, 0xc6a5, 0xc6a5, 0xc6a5, 0xc6a5, 0xc6a5, 0xc6a5, 0xc6a5, 0xc6a5, 0xc6a5, 0xc6a5, 0xc6a5,
  0xc6a5, 0xc685, 0xc6a5, 0xc6a5, 0xc685, 0xc6a5, 0xc6a5, 0xc6a6, 0xc6a6, 0xc6a5, 0xc6a5, 0xc685,
  0xbe85, 0xc685, 0xbe85, 0xbe85, 0xc685, 0xc6a5, 0xbe85, 0xbe85, 0xbe85, 0xbe85, 0xc685, 0xc685,
  0xbe85, 0xbe85, 0xbe85, 0xbe85, 0xbe85, 0xbe85, 0xbe85, 0xbe85, 0xbe85, 0xbe85, 0xbe85, 0xbe85,
  0xb665, 0xb665, 0xb665, 0xb665, 0xb665, 0xb665, 0xb665, 0xb665, 0xb665, 0xb665, 0xb665, 0xb665,
  0xb665, 0xb665, 0xb665, 0xb665, 0xb665, 0xb665, 0xb665, 0xb665, 0xb665, 0xae45, 0xae44, 0xae44,
  0xb644, 0xb665, 0xb665, 0xb665, 0xbe65, 0xbe65, 0xbe65, 0xbe85, 0xbe85, 0xbe85, 0xbe85, 0xbe65,
  0xbe65, 0xbe85, 0xbe85, 0xbe85, 0xc6a5, 0xc6a5, 0xc6a5, 0xc6a5, 0xc6a5, 0xc6a5, 0xc6a5, 0xc6a5,
  0xc6a5, 0xc6a5, 0xc6a5, 0xc6a5, 0xc6a5, 0xc6a5, 0xc6a5, 0xc6a5, 0xc6a5, 0xc6a5, 0xc6a5, 0xc6a5,
  0xc6a5, 0xc6a5, 0xc6a5, 0xc6a5, 0xc6a5, 0xc6a5, 0xc6a5, 0xc6a5, 0xc6a5, 0xc6a5, 0xc6a5, 0xc6a5,
  0xc6a5, 0xc6a5, 0xc6a5, 0xc6a5, 0xc6a5, 0xc6a5, 0xc6a5, 0xc6a5, 0xc6a5, 0xc6a5, 0xc6a5, 0xc6a5,
  0xc6a5, 0xc6a5, 0xc6a5, 0xc6a5, 0xc6a5, 0xc6a5, 0xc6a5, 0xc6a5, 0xc6a5, 0xc6a5, 0xc6a5, 0xc6a5,
  0xc6a5, 0xc6a5, 0xc6a5, 0xc6a5, 0xc6a5, 0xc6a5, 0xc6a5, 0xc6a5, 0xc6a5, 0xc6a5, 0xc6a5, 0xc6a5,
  0xc6a5, 0xc6a5, 0xc6a5, 0xc6a5, 0xc6a5, 0xc6a5, 0xc6a5, 0xc6a5, 0xc6a5, 0xc6a5, 0xc6a5, 0xc6a5,
  0xc6a5, 0xc6a5, 0xc6a5, 0xc6a5, 0xc6a5, 0xc6a5, 0xc6a5, 0xc6a5, 0xc6a5, 0xc6a5, 0xc6a5, 0xc6a5,
  0xc6a5, 0xc6a5, 0xc6a5, 0xc6a5, 0xc6a5, 0xc6a5, 0xc6a5, 0xc6a5, 0xc6a5, 0xc6a5, 0xc6a5, 0xc6a5,
  0xc6a5, 0xc6a5, 0xc6a5, 0xc6a5, 0xc6a5, 0xc6a6, 0xc6a6, 0xc6a6, 0xc6a5, 0xc6a5, 0xc6a5, 0xc6a5,
  0xc6a5, 0xc6a5, 0xc6a5, 0xc6a5, 0xc6a5, 0xc6a5, 0xc6a5, 0xc6a5, 0xc6a5, 0xc6a5, 0xc6a5, 0xc6a5,
  0xc6a5, 0xc6a5, 0xc6a5, 0xc6a5, 0xc6a5, 0xc6a5, 0xc6a5, 0xc6a5, 0xc6a5, 0xc6a5, 0xc6a5, 0xc6a5,
  0xc6a5, 0xc6a6, 0xc6a5, 0xc6a5, 0xc6a5, 0xc6a5, 0xc6a5, 0xc6a5, 0xc6a5, 0xc6a5, 0xc6a5, 0xc6a5,
  0xc6a5, 0xc6a5, 0xc6a5, 0xc6a5, 0xc6a5, 0xc6a5, 0xc6a5, 0xc6a5, 0xc6a5, 0xc6a5, 0xc6a5, 0xc6a5,
  0xc6a5, 0xc6a5, 0xc6a5, 0xc6a5, 0xc6a5, 0xc6a5, 0xc6a5, 0xc6a5, 0xc6a5, 0xc6a5, 0xc6a5, 0xc6a5,
  0xc6a5, 0xc685, 0xc6a5, 0xc6a5, 0xc6a5, 0xc6a5, 0xc6a5, 0xc685, 0xbe85, 0xc685, 0xc6a5, 0xc6a5,
  0xc6a5, 0xc685, 0xbe85, 0xbe85, 0xbe85, 0xbe85, 0xc6a5, 0xc6a5, 0xc685, 0xbe85, 0xbe85, 0xc685,
  0xc685, 0xc6a5, 0xc685, 0xbe85, 0xbe85, 0xbe85, 0xbe85, 0xb665, 0xbe65, 0xbe65, 0xb665, 0xb665,
  0xb665, 0xae45, 0xae25, 0xae25, 0xae25, 0xae45, 0xae45, 0xae25, 0xae25, 0xa604, 0xae44, 0xae24,
  0xae24, 0xb665, 0xbe65, 0xbe65, 0xb665, 0xbe65, 0xbe65, 0xbe85, 0xbe85, 0xbe85, 0xbe85, 0xbe85,
  0xbe85, 0xc6a5, 0xc685, 0xc685, 0xc6a5, 0xc6a5, 0xc6a5, 0xc6a5, 0xc6a5, 0xc6a5, 0xc6a5, 0xc6a5,
  0xc6a5, 0xc6a5, 0xc6a5, 0xc6a5, 0xc6a5, 0xc6a5, 0xc6a5, 0xc6a5, 0xc6a5, 0xc6a5, 0xc6a5, 0xc6a5,
  0xc6a5, 0xc6a5, 0xc6a5, 0xc6a5, 0xc6a5, 0xc6a5, 0xc6a5, 0xc6a5, 0xc6a5, 0xc6a5, 0xc6a5, 0xc6a5,
  0xc6a5, 0xc6a5, 0xc6a5, 0xc6a5, 0xc6a5, 0xc6a5, 0xc6a5, 0xc6a5, 0xc6a5, 0xc6a5, 0xc6a5, 0xc6a5,
  0xc6a5, 0xc6a5, 0xc6a5, 0xc6a5, 0xc6a5, 0xc6a5, 0xc6a5, 0xc6a5, 0xc6a5, 0xc6a5, 0xc6a5, 0xc6a5,
  0xc6a5, 0xc6a5, 0xc6a5, 0xc6a5, 0xc6a5, 0xc6a5, 0xc6a5, 0xc6a5, 0xc6a5, 0xc6a5, 0xc6a5, 0xc6a5,
  0xc6a5, 0xc6a5, 0xc6a5, 0xc6a5, 0xc6a5, 0xc6a5, 0xc6a5, 0xc6a5, 0xc6a5, 0xc6a5, 0xc6a5, 0xc6a5,
  0xc6a5, 0xc6a5, 0xc6a5, 0xc6a5, 0xc6a5, 0xc6a5, 0xc6a5, 0xc6a5, 0xc6a5, 0xc6a5, 0xc6a5, 0xc6a5,
  0xc6a5, 0xc6a5, 0xc6a5, 0xc6a5, 0xc6a5, 0xc6a5, 0xc6a5, 0xc6a5, 0xc6a5, 0xc6a5, 0xc6a6, 0xc6a5,
  0xc6a5, 0xc6a6, 0xc6c6, 0xc6a6, 0xc6a6, 0xc6c6, 0xc6c6, 0xc6a6, 0xc6a6, 0xc6a6, 0xc6a5, 0xc6a5,
  0xc6a6, 0xc6a6, 0xc6a6, 0xc6a6, 0xc6a6, 0xc6c5, 0xc6c5, 0xc6c5, 0xc6a5, 0xc6c6, 0xc6a6, 0xc6a5,
  0xc6a5, 0xc685, 0xc6a5, 0xc6a5, 0xc6a6, 0xc6a5, 0xc6a5, 0xc6a5, 0xc6a5, 0xc6a5, 0xc6a6, 0xc6a6,
  0xc6c6, 0xc6c6, 0xc6c6, 0xc6a5, 0xc6a5, 0xc6a5, 0xc6a5, 0xc6a5, 0xc6a6, 0xc6a6, 0xc6a5, 0xc6a5,
  0xc6a5, 0xc6a5, 0xc6a5, 0xc6a5, 0xc6a5, 0xc6a5, 0xc6a5, 0xc6a5, 0xc6a5, 0xc6a5, 0xc6a5, 0xc6a5,
  0xc6a5, 0xc6a5, 0xc6a5, 0xbe85, 0xc6a5, 0xc6a5, 0xc6a5, 0xc6a5, 0xc6a5, 0xc6a5, 0xc6a5, 0xc6a5,
  0xc6a5, 0xc6a5, 0xc6a5, 0xc6a5, 0xc6a5, 0xc6a5, 0xc6a5, 0xc6a5, 0xc6a5, 0xc6a5, 0xc6a5, 0xc6a5,
  0xc6a5, 0xc6a5, 0xbe85, 0xbe85, 0xbe85, 0xbe85, 0xc6a5, 0xc6a5, 0xc6a5, 0xc6a5, 0xc6a5, 0xc6a5,
  0xc6a5, 0xc6a5, 0xc6a5, 0xc6a5, 0xc6a5, 0xc685, 0xbe85, 0xbe85, 0xbe85, 0xbe85, 0xb665, 0xb665,
  0xbe85, 0xbe85, 0xae25, 0xae25, 0xae25, 0xae25, 0xae25, 0xae25, 0xae25, 0xae25, 0xae24, 0xae24,
  0xa5e4, 0xb665, 0xb665, 0xb665, 0xbe65, 0xbe65, 0xbe85, 0xbe85, 0xbe85, 0xbe85, 0xbe85, 0xbe85,
  0xbe85, 0xc6a5, 0xc6a5, 0xc6a5, 0xc685, 0xc6a5, 0xc6a5, 0xc6a5, 0xc6a5, 0xc6a5, 0xc6a5, 0xc6a5,
  0xc6a5, 0xc6a5, 0xc6a5, 0xbe85, 0xbe85, 0xbe85, 0xbe85, 0xc685, 0xc6a5, 0xc6a5, 0xc6a5, 0xc6a5,
  0xc6a5, 0xc6a5, 0xc6a5, 0xc6a5, 0xc6a5, 0xc6a5, 0xc6a5, 0xc6a5, 0xc6a5, 0xc6a5, 0xc6a5, 0xc6a5,
  0xc6a5, 0xc6a5, 0xc6a5, 0xc6a5, 0xc6a5, 0xc6a5, 0xc6a5, 0xc6a5, 0xc6a5, 0xc6a5, 0xc6a5, 0xc6a5,
  0xc6a5, 0xc6a5, 0xc6a5, 0xc6a5, 0xc6a5, 0xc6a5, 0xc6a5, 0xc6a5, 0xc6a5, 0xc6a5, 0xc6a5, 0xc6a5,
  0xc6a5, 0xc6a5, 0xc6a5, 0xc6a5, 0xc6a5, 0xc6a5, 0xc6a5, 0xc6a5, 0xc6a5, 0xc6a5, 0xc6a5, 0xc6a5,
  0xc6a5, 0xc6a5, 0xc6a5, 0xc6a5, 0xc6a5, 0xc6a5, 0xc6a5, 0xc6a5, 0xc6a5, 0xc6a5, 0xc6a5, 0xc6a5,
  0xc6a5, 0xc6a5, 0xc6a5, 0xc6a5, 0xc6a5, 0xc6a5, 0xc6a5, 0xc6a5, 0xc6a5, 0xc6a5, 0xc6a5, 0xc6a5,
  0xc6a5, 0xc6a5, 0xc6a5, 0xc6a5, 0xc6a5, 0xc6a6, 0xc6a5, 0xc6a5, 0xc6a5, 0xc6a5, 0xc6a5, 0xc6a5,
  0xc6a5, 0xc6a5, 0xc6a6, 0xc6a6, 0xc6a5, 0xc6a6, 0xc6a6, 0xc6a5, 0xc6a5, 0xc6a5, 0xc6a5, 0xc6a5,
  0xc6a5, 0xc6a5, 0xc6a6, 0xc6a6, 0xc6a5, 0xc6a5, 0xc6a5, 0xc6a5, 0xc6a5, 0xc6a6, 0xc6a6, 0xc6a5,
  0xc6a5, 0xc6a5, 0xc6a5, 0xc6a5, 0xc6a5, 0xc6a5, 0xc685, 0xc6a5, 0xc6a5, 0xc6a5, 0xc6a5, 0xc6a6,
  0xc6a5, 0xc6a5, 0xc6a6, 0xc6a6, 0xc6a5, 0xc6a5, 0xc6a5, 0xc6a5, 0xc6a5, 0xc6a5, 0xc6a5, 0xc6a5,
  0xc6a5, 0xc6a5, 0xc6a5, 0xc6a5, 0xc6a5, 0xc6a5, 0xc6a5, 0xc6a5, 0xc6a5, 0xc6a5, 0xc6a5, 0xc6a5,
  0xc6a5, 0xc6a5, 0xc6a5, 0xc6a5, 0xc6a5, 0xc6a5, 0xc6a5, 0xc6a5, 0xc6a5, 0xc6a5, 0xc6a5, 0xc6a5,
  0xc6a5, 0xc6a5, 0xc6a5, 0xc6a5, 0xc6a5, 0xc6a5, 0xc6a5, 0xc6a5, 0xc6a5, 0xc6a5, 0xc6a5, 0xc6a5,
  0xc6a5, 0xc6a5, 0xc685, 0xc6a5, 0xc6a5, 0xc6a5, 0xc6a5, 0xc6a5, 0xc6a5, 0xc6a5, 0xc6a5, 0xc6a5,
  0xc6a5, 0xc6a5, 0xc6a5, 0xc6a5, 0xc6a5, 0xc6a5, 0xc6a5, 0xc6a5, 0xc6a5, 0xc6a5, 0xbe85, 0xbe85,
  0xbe85, 0xbe85, 0xbe85, 0xbe85, 0xbe65, 0xb665, 0xbe65, 0xb665, 0xb665, 0xb665, 0xb665, 0xb665,
  0x8d83, 0x9e05, 0xa625, 0xae45, 0xae45, 0xae25, 0xae45, 0xb665, 0xbe85, 0xbe85, 0xbe85, 0xbe85,
  0xbe85, 0xbe85, 0xbe85, 0xbe85, 0xbe85, 0xbe85, 0xbe85, 0xbe85, 0xbe85, 0xbe85, 0xbe85, 0xbe85,
  0xbe85, 0xbe85, 0xbe85, 0xbe85, 0xb665, 0xbe65, 0xbe85, 0xbe85, 0xbe85, 0xbe85, 0xbe85, 0xbe85,
  0xbe85, 0xbe85, 0xbea5, 0xbea5, 0xbea5, 0xbe85, 0xbe85, 0xbe85, 0xc6a5, 0xc6a5, 0xc6a5, 0xc6a5,
  0xc6a5, 0xc6a5, 0xc6a5, 0xc6a5, 0xc6a5, 0xc6a5, 0xc6a5, 0xc6a5, 0xc6a5, 0xc6a5, 0xc6a5, 0xc6a5,
  0xc6a5, 0xc6a5, 0xc6a5, 0xc6a5, 0xc6a5, 0xc6a5, 0xc6a5, 0xc6a5, 0xc6a5, 0xc6a5, 0xc6a5, 0xc6a5,
  0xc6a5, 0xc6a5, 0xc6a5, 0xc6a5, 0xc6a5, 0xc6a5, 0xc6a5, 0xc6a5, 0xc6a5, 0xc6a5, 0xc6a5, 0xc6a5,
  0xc6a5, 0xc6a5, 0xc6a5, 0xc6a5, 0xc6a5, 0xc6a5, 0xc6a5, 0xc6a5, 0xc6a5, 0xc6a5, 0xc6a5, 0xc6a5,
  0xc6a5, 0xc6a5, 0xc6a5, 0xc6a5, 0xc6a5, 0xc6a5, 0xc6a5, 0xc6a5, 0xc6a5, 0xc6a5, 0xc6a5, 0xc6a5,
  0xc6a5, 0xc6a5, 0xc6a5, 0xc6a5, 0xc6c5, 0xc6a5, 0xc6a5, 0xc6c5, 0xc6a5, 0xc6c5, 0xc6a6, 0xc6a6,
  0xc6a6, 0xc6c6, 0xc6c6, 0xc6a6, 0xc6a5, 0xc6a5, 0xc6c5, 0xc6a5, 0xc6a6, 0xc6a6, 0xc6a6, 0xc6a6,
  0xc6a5, 0xc6a6, 0xc6a6, 0xc6a6, 0xc6a6, 0xc6a5, 0xc6a5, 0xc6a5, 0xc6a5, 0xc6a5, 0xc6a5, 0xc6a5,
  0xc6a5, 0xc6a5, 0xc6a5, 0xc6a5, 0xc6a5, 0xc6a6, 0xc6a5, 0xc6a5, 0xc6a5, 0xc6a5, 0xc6a5, 0xc6a5,
  0xc6a5, 0xc6a5, 0xc6a5, 0xc6a5, 0xc6a5, 0xc6a5, 0xc6a5, 0xc6a5, 0xc6a5, 0xc6a5, 0xc6a5, 0xc6a5,
  0xc6a5, 0xbea5, 0xc6a5, 0xc6a5, 0xc6a5, 0xc6a5, 0xbe85, 0xc6a5, 0xc6a5, 0xc6a5, 0xc6a5, 0xc6a5,
  0xc6a5, 0xc6a5, 0xc6a5, 0xc6a5, 0xc6a5, 0xc6a5, 0xc6a5, 0xc6a5, 0xc6a5, 0xc6a5, 0xc6a5, 0xc6a5,
  0xc6a5, 0xc685, 0xc6a5, 0xc6a5, 0xc6a5, 0xc6a5, 0xc6a5, 0xc6a5, 0xc6a5, 0xc6a5, 0xc6a5, 0xc6a5,
  0xc6a5, 0xc6a5, 0xc6a5, 0xc685, 0xbe85, 0xbe85, 0xbe85, 0xbe85, 0xbe85, 0xc685, 0xbe85, 0xbe85,
  0xbe85, 0xbe85, 0xbe85, 0xbe85, 0xbe85, 0xbe85, 0xbe85, 0xbe85, 0xbe85, 0xbe85, 0xbe85, 0xbe85,
  0xbe85, 0xbe85, 0xbe85, 0xbe85, 0xbe85, 0xbe85, 0xbe85, 0xbe85, 0xbe85, 0xbe65, 0xbe65, 0xbe65,
  0x6ca2, 0xa604, 0xa625, 0xae45, 0xb645, 0xb645, 0xb665, 0xbe65, 0xbe85, 0xbe85, 0xbe85, 0xbe85,
  0xbe85, 0xbe85, 0xbe85, 0xbe85, 0xbe85, 0xbe85, 0xbe85, 0xbe85, 0xbe85, 0xbe85, 0xbe85, 0xbe85,
  0xbe85, 0xbe85, 0xbe85, 0xbe85, 0xbe85, 0xbe85, 0xbe85, 0xbe85, 0xbe85, 0xc6a5, 0xc6a5, 0xc6a5,
  0xbe85, 0xbe85, 0xbe85, 0xbe85, 0xbe85, 0xc6a5, 0xc6a5, 0xc6a5, 0xc6a5, 0xc6a5, 0xc6a5, 0xc6a5,
  0xc6a5, 0xc6a5, 0xc6a5, 0xc6a5, 0xc6a5, 0xc6a5, 0xc6a5, 0xc6a5, 0xc6a5, 0xc6a5, 0xc6a5, 0xc6a5,
  0xc6a5, 0xc6a5, 0xc6a5, 0xc6a5, 0xc6a5, 0xc6a5, 0xc6a5, 0xc6a5, 0xc6a5, 0xc6a5, 0xc6a5, 0xc6a5,
  0xc6a5, 0xc6a5, 0xc6a5, 0xc6a5, 0xc6a5, 0xc6a5, 0xc6a5, 0xc6a5, 0xc6a5, 0xc6a5, 0xc6a5, 0xc6a5,
  0xc6a5, 0xc6a5, 0xc6a5, 0xc6a5, 0xc6a5, 0xc6a5, 0xc6a5, 0xc6a5, 0xc6a5, 0xc6a5, 0xc6a5, 0xc6a5,
  0xc6a5, 0xc6a5, 0xc6a5, 0xc6a5, 0xc6a5, 0xc6a5, 0xc6a5, 0xc6a5, 0xc6a5, 0xc6a5, 0xc6a5, 0xc6a5,
  0xc6a5, 0xc6a5, 0xc6a5, 0xc6a5, 0xc6c5, 0xc6c5, 0xc6a5, 0xc6a5, 0xc6a5, 0xc6c5, 0xc6a6, 0xc6a6,
  0xc6c6, 0xc6c6, 0xc6a6, 0xc6c6, 0xc6c6, 0xc6c6, 0xc6c6, 0xc6c6, 0xc6a6, 0xc6a6, 0xc6a6, 0xc6a6,
  0xc6a6, 0xc6a6, 0xc6a6, 0xc6c6, 0xc6c6, 0xc6c6, 0xc6c5, 0xc6c5, 0xc6a5, 0xc6c5, 0xc6c5, 0xc6c6,
  0xc6a5, 0xc6a5, 0xc6a5, 0xc6a5, 0xc6a6, 0xc6a6, 0xc6a5, 0xc6a5, 0xc6a5, 0xc6a5, 0xc6a5, 0xc6a5,
  0xc6a5, 0xc6a5, 0xc6a5, 0xc6a5, 0xc6a5, 0xc6a5, 0xc6a5, 0xc6a5, 0xc6a5, 0xc6a5, 0xc6a5, 0xc6a5,
  0xc6a5, 0xc6a5, 0xc6a5, 0xc6a5, 0xc6a5, 0xc6a5, 0xc6a5, 0xc6a5, 0xc6a5, 0xc6a5, 0xc6a5, 0xc6a5,
  0xc6a5, 0xc6a5, 0xc6a5, 0xc6a5, 0xc6a5, 0xc6a5, 0xc6a5, 0xc6a5, 0xc6a5, 0xc6a5, 0xc6a5, 0xc6a5,
  0xc6a5, 0xc6a5, 0xc6a5, 0xc6a5, 0xc6a5, 0xc6a5, 0xc6a5, 0xc6a5, 0xc6a5, 0xc6a5, 0xc6a5, 0xc6a5,
  0xc6a5, 0xc6a5, 0xc6a5, 0xc6a5, 0xc6a5, 0xc6a5, 0xc6a5, 0xc6a5, 0xc6a5, 0xc6a5, 0xc6a5, 0xc6a5,
  0xbe85, 0xbe85, 0xbe85, 0xbe85, 0xbe85, 0xbe85, 0xbe85, 0xbe85, 0xbe85, 0xbe85, 0xbe85, 0xbe85,
  0xbe85, 0xbe85, 0xbe85, 0xbe85, 0xbe85, 0xbe85, 0xc6a5, 0xbe85, 0xc685, 0xbe85, 0xbe85, 0xbe85,
  0x8d83, 0xa624, 0xae45, 0xb665, 0xb665, 0xb665, 0xbe65, 0xbe85, 0xbe65, 0xbe65, 0xbe85, 0xbe65,
  0xbe65, 0xbe85, 0xbe85, 0xb665, 0xbe65, 0xbe65, 0xb665, 0xb665, 0xbe85, 0xbe85, 0xbe85, 0xbe85,
  0xbe85, 0xbe85, 0xbe85, 0xbe85, 0xbe85, 0xbe85, 0xbe85, 0xbe85, 0xbe85, 0xc6a5, 0xc6a5, 0xc6a5,
  0xbe85, 0xbe85, 0xbe85, 0xc685, 0xc6a5, 0xc6a5, 0xc6a5, 0xc6a5, 0xc6a5, 0xc6a5, 0xc6a5, 0xc6a5,
  0xc6a5, 0xbe85, 0xc6a5, 0xc6a5, 0xc6a5, 0xc6a5, 0xc6a5, 0xc6a5, 0xc6a5, 0xc6a5, 0xc6a5, 0xc6a5,
  0xc6a5, 0xc6a5, 0xc6a5, 0xc6a5, 0xc6a5, 0xc6a5, 0xc6a5, 0xc6a5, 0xc6a5, 0xc6a5, 0xc6a5, 0xc6a5,
  0xc6a5, 0xc6a5, 0xc6a5, 0xc6a5, 0xc6a5, 0xc6a5, 0xc6a5, 0xc6a5, 0xc6a5, 0xc6a5, 0xc6a5, 0xc6a5,
  0xc6a6, 0xc6a6, 0xc6a5, 0xc6a5, 0xc6a5, 0xc6a5, 0xc6a5, 0xc6a5, 0xc6a5, 0xc6a5, 0xc6a5, 0xc685,
  0xc6a5, 0xc6a5, 0xc6a5, 0xc6a6, 0xc6a5, 0xc6a5, 0xc6a5, 0xc6a5, 0xc6a5, 0xc6a5, 0xc6a5, 0xc6a5,
  0xc6a5, 0xc6a5, 0xc6a5, 0xc6c5, 0xc6c5, 0xc6a5, 0xc6a5, 0xc6a5, 0xc6a5, 0xc6c6, 0xc6a6, 0xc6c6,
  0xc6c6, 0xc6a6, 0xc6a6, 0xc6c6, 0xc6c6, 0xc6c6, 0xc6c6, 0xc6c6, 0xc6c6, 0xc6c6, 0xc6c6, 0xc6a6,
  0xc6c6, 0xc6a6, 0xc6c6, 0xc6c6, 0xc6c6, 0xc6c6, 0xc6c6, 0xc6c5, 0xc6a5, 0xc6c5, 0xc6c5, 0xc6a6,
  0xc6a5, 0xc6a5, 0xc6a5, 0xc6a6, 0xc6a6, 0xc6a5, 0xc6a5, 0xc6a5, 0xc6a5, 0xc6a5, 0xc6a5, 0xc6c5,
  0xc6c5, 0xc6a6, 0xc6a5, 0xc6a5, 0xc6a5, 0xc6a5, 0xc6a5, 0xc6a5, 0xc6a5, 0xc6a5, 0xc6a5, 0xc6a5,
  0xc6a5, 0xc6a5, 0xc6a5, 0xc6a5, 0xc6a5, 0xc6a5, 0xc6a5, 0xc6a5, 0xc6a5, 0xc6a5, 0xc6a5, 0xc6a5,
  0xc6a5, 0xc6a5, 0xc6a5, 0xc6a5, 0xc6a5, 0xc6a5, 0xc6a5, 0xc6a5, 0xc6a5, 0xc6a5, 0xc6a5, 0xc6a5,
  0xc6a5, 0xc685, 0xc6a5, 0xc6a5, 0xc6a5, 0xc6a5, 0xc6a5, 0xc6a5, 0xc6a5, 0xc685, 0xc6a5, 0xc6a5,
  0xc6a5, 0xc6a5, 0xbe85, 0xbe85, 0xc685, 0xc685, 0xc6a5, 0xc6a5, 0xc6a5, 0xbe85, 0xc685, 0xc6a5,
  0xc685, 0xc6a5, 0xc6a5, 0xbe85, 0xc685, 0xc685, 0xc6a5, 0xbe85, 0xbe85, 0xbe85, 0xbe85, 0xbe85,
  0xbe85, 0xbe85, 0xbe85, 0xc6a5, 0xbe85, 0xc6a5, 0xc6a5, 0xc6a5, 0xc685, 0xbe85, 0xbe85, 0xbe85,
  0x9dc3, 0xb665, 0xbe85, 0xbe85, 0xbe65, 0xbe65, 0xbe85, 0xbe85, 0xbe85, 0xbe85, 0xbe65, 0xbe85,
  0xbe65, 0xbe85, 0xbe65, 0xb665, 0xbe85, 0xb665, 0xbe85, 0xc685, 0xbe85, 0xbe85, 0xc685, 0xc6a5,
  0xc6a5, 0xc6a5, 0xc6a5, 0xc685, 0xbe85, 0xbe85, 0xc6a5, 0xc685, 0xc685, 0xc685, 0xc685, 0xc6a5,
  0xc6a5, 0xc6a5, 0xc6a5, 0xc6a5, 0xc6a5, 0xbe85, 0xc6a5, 0xc6a5, 0xc6a5, 0xc6a5, 0xc6a5, 0xc6a5,
  0xc685, 0xc6a5, 0xc6a5, 0xc6a5, 0xc685, 0xc6a5, 0xc6a5, 0xbe85, 0xc685, 0xc6a5, 0xc6a5, 0xc6a5,
  0xc6a5, 0xc6a5, 0xc6a5, 0xc6a5, 0xc6a5, 0xc6a5, 0xc6a5, 0xc6a5, 0xc6a5, 0xc6a5, 0xc6a5, 0xc6a5,
  0xc6a5, 0xc6a5, 0xc6a5, 0xc6a5, 0xc6a5, 0xc6a5, 0xc6a5, 0xc6a5, 0xc6a5, 0xc6a5, 0xc6a5, 0xc6a6,
  0xc6a6, 0xc6a6, 0xc6a5, 0xc6a5, 0xc6a5, 0xc6a6, 0xc6a5, 0xc6a5, 0xc6a5, 0xc6a5, 0xc6a5, 0xc6a5,
  0xc6a5, 0xc6a5, 0xc6a5, 0xc6a6, 0xc6a6, 0xc6a5, 0xc6a5, 0xc6a5, 0xc6a6, 0xc6c5, 0xc6c5, 0xc6a5,
  0xbe85, 0xc6a5, 0xc6a5, 0xc6c5, 0xc6c6, 0xbe85, 0xbe85, 0xc6a5, 0xc6c5, 0xc6c6, 0xc6a6, 0xc6a6,
  0xc6a6, 0xc6a6, 0xc6c6, 0xc6c6, 0xc6c6, 0xc6c6, 0xc6c6, 0xc6a6, 0xc6a6, 0xc6c6, 0xc6a6, 0xc6c6,
  0xc6c6, 0xc6a6, 0xc6a6, 0xc6a6, 0xc6c6, 0xc6c6, 0xc6c6, 0xc6c6, 0xc6a5, 0xc6c6, 0xc6c6, 0xc6a6,
  0xc6a5, 0xc6a5, 0xc6a5, 0xc6a6, 0xc6a6, 0xc6a5, 0xc6a5, 0xc6a5, 0xc6a5, 0xc6a5, 0xc6a5, 0xc6c6,
  0xc6c6, 0xc6c6, 0xc6c6, 0xc6a6, 0xc6a5, 0xc6a5, 0xc6c5, 0xc6a5, 0xc6a6, 0xc6a6, 0xc6a6, 0xc6a5,
  0xc6a5, 0xc6a5, 0xc6a5, 0xc6a5, 0xc6a5, 0xc6a5, 0xc6a5, 0xc6a5, 0xc6a5, 0xc6a5, 0xc6a5, 0xc6a5,
  0xc685, 0xc6a5, 0xc6a5, 0xbe85, 0xc6a5, 0xc6a5, 0xc6a5, 0xc6a5, 0xc6a5, 0xc6a5, 0xc685, 0xc6a5,
  0xc6a5, 0xc6a5, 0xc685, 0xc685, 0xc6a5, 0xc6a5, 0xc6a5, 0xbe85, 0xbe85, 0xc6a5, 0xc685, 0xbe85,
  0xc6a5, 0xbe85, 0xbe85, 0xbe85, 0xbe85, 0xbe85, 0xbe85, 0xbe85, 0xbe85, 0xbe85, 0xbe85, 0xbe85,
  0xc685, 0xbe85, 0xc6a5, 0xc6a5, 0xbe85, 0xbe85, 0xbe85, 0xbe85, 0xbe85, 0xc685, 0xbe85, 0xbe85,
  0xc6a5, 0xc6a5, 0xbe85, 0xbe85, 0xbe85, 0xbe85, 0xbe85, 0xbe85, 0xbe85, 0xbe85, 0xc6a5, 0xc6a5,
  0x9d84, 0xb645, 0xbe65, 0xbe85, 0xbe85, 0xbe85, 0xbe85, 0xbe85, 0xbe85, 0xbe85, 0xbe85, 0xbe85,
  0xb665, 0xbe65, 0xbe65, 0xb665, 0xb645, 0xbe85, 0xbe85, 0xbe85, 0xbe85, 0xbe85, 0xbe85, 0xbe85,
  0xbe85, 0xbe85, 0xbe85, 0xbe85, 0xbe85, 0xbe85, 0xbe85, 0xbe85, 0xbe85, 0xbe85, 0xbe85, 0xbe85,
  0xbe85, 0xbe85, 0xbe85, 0xbe85, 0xbe85, 0xbe85, 0xbe85, 0xbe85, 0xbe85, 0xbe85, 0xbe85, 0xbe85,
  0xbe85, 0xbe85, 0xc6a5, 0xc685, 0xbe85, 0xbe85, 0xc6a5, 0xc6a5, 0xbe85, 0xc6a5, 0xc6a5, 0xc6a5,
  0xc6a5, 0xc6a5, 0xc6a5, 0xc6a5, 0xc6a5, 0xc6a5, 0xc6a5, 0xc6a5, 0xc6a5, 0xbe85, 0xbe65, 0xbe65,
  0xc685, 0xc6a5, 0xc6a5, 0xc6a5, 0xc6a5, 0xc6a5, 0xc6a5, 0xbe85, 0xbe85, 0xbe85, 0xc6a5, 0xbe85,
  0xbe86, 0xc6a6, 0xc6a5, 0xc6a5, 0xc6a6, 0xc685, 0xbe85, 0xbe85, 0xc6a5, 0xc6a5, 0xc6a5, 0xc6a5,
  0xc6a5, 0xbe85, 0xc6a5, 0xc6a6, 0xc6a6, 0xc6a6, 0xc6a6, 0xc6a6, 0xc6c6, 0xc6c6, 0xc6c6, 0xc6a6,
  0xc6a6, 0xc6a5, 0xc6a5, 0xc6a6, 0xc6c6, 0xc6a6, 0xc6c6, 0xcec6, 0xc6a5, 0xc6a5, 0xc6a6, 0xc6a6,
  0xc6a6, 0xc6c6, 0xc6c6, 0xc6a6, 0xc6a6, 0xc6c6, 0xc6c6, 0xc6a6, 0xc6a6, 0xc6a6, 0xc6a6, 0xc6a5,
  0xc6a6, 0xc6a6, 0xc6a6, 0xc6a6, 0xc6a6, 0xc6c6, 0xc6c6, 0xc6c6, 0xc6c6, 0xcec6, 0xc6a6, 0xc6a6,
  0xc6a6, 0xc685, 0xbe65, 0xc6a6, 0xc6a6, 0xc6a6, 0xbe85, 0xbe86, 0xc6a6, 0xc6a6, 0xc6a6, 0xc6a6,
  0xc6c6, 0xc6c6, 0xc6c6, 0xc6a6, 0xc6a5, 0xc6a5, 0xc6c6, 0xc6c6, 0xc6a6, 0xc6a6, 0xc6a5, 0xc6a6,
  0xc6a5, 0xc6a5, 0xc6a5, 0xc6a5, 0xc6a5, 0xc6a5, 0xc6a5, 0xc6a5, 0xc6a5, 0xc6a5, 0xc6a5, 0xc6a5,
  0xc6a5, 0xc6a5, 0xc6a5, 0xbe85, 0xc6a5, 0xc6a5, 0xc6a5, 0xc6a5, 0xc6a5, 0xc6a5, 0xc6a5, 0xbe85,
  0xbe85, 0xb665, 0xb665, 0xb665, 0xb665, 0xb665, 0xb665, 0xb665, 0xbe65, 0xb645, 0xb645, 0xb645,
  0xb665, 0xb665, 0xb645, 0xb665, 0xb645, 0xb645, 0xb665, 0xb685, 0xb665, 0xb665, 0xbe65, 0xbe65,
  0xbe85, 0xbe85, 0xbe85, 0xbe85, 0xbe85, 0xbe85, 0xbe85, 0xbe85, 0xbe85, 0xbe85, 0xbe85, 0xbe85,
  0xbe85, 0xbe85, 0xbe85, 0xbe85, 0xbe85, 0xbe85, 0xbe85, 0xbe85, 0xbe85, 0xbe85, 0xbe85, 0xbe85,
  0xa5c4, 0xb665, 0xbe65, 0xbe85, 0xbe85, 0xbe85, 0xbe85, 0xbe85, 0xbe85, 0xbe85, 0xbe65, 0xb665,
  0xb665, 0xb645, 0xae45, 0xb645, 0xae25, 0xb645, 0xb665, 0xbe65, 0xbe85, 0xbe85, 0xbe85, 0xbe65,
  0xb665, 0xb665, 0xb665, 0xb665, 0xb665, 0xb665, 0xb665, 0xb665, 0xb665, 0xbe65, 0xbe65, 0xbe85,
  0xbe85, 0xbe85, 0xbe85, 0xbe85, 0xbe85, 0xbe85, 0xbe85, 0xbe65, 0xbe85, 0xbe65, 0xb665, 0xb665,
  0xb665, 0xb665, 0xb665, 0xb665, 0xbe85, 0xb665, 0xbe85, 0xbe85, 0xbe85, 0xbe85, 0xbe85, 0xbe85,
  0xbe65, 0xbe65, 0xb665, 0xbe65, 0xbe85, 0xbe85, 0xbe85, 0xc6a5, 0xbe85, 0xbe65, 0xbe65, 0xbe65,
  0xbe65, 0xbe85, 0xbe85, 0xbe85, 0xc6a5, 0xbe85, 0xbe85, 0xbe85, 0xbe85, 0xbe85, 0xbe85, 0xbe85,
  0xbe85, 0xbe85, 0xbe85, 0xbe85, 0xbe85, 0xbe85, 0xbe85, 0xbe85, 0xc685, 0xc6a5, 0xc6a5, 0xc6a5,
  0xc6a5, 0xbe85, 0xc6a5, 0xc6a6, 0xc6a6, 0xc6a6, 0xc6a6, 0xc6a6, 0xc6a6, 0xc6c6, 0xc6a6, 0xc6a6,
  0xc6a5, 0xc6a5, 0xc6a5, 0xc6a5, 0xc6a6, 0xc6a6, 0xc6a6, 0xcec6, 0xcec6, 0xc6c6, 0xc6a6, 0xc6a6,
  0xc6a6, 0xc6a6, 0xc6c6, 0xcec6, 0xc6c6, 0xc6c6, 0xc6a6, 0xc6a6, 0xc6a6, 0xc6a6, 0xc6c6, 0xcec6,
  0xcec6, 0xc6c6, 0xc6a6, 0xc6a6, 0xc6a6, 0xcec6, 0xc6c6, 0xc6a6, 0xc6a6, 0xc6a6, 0xc6a6, 0xc6a6,
  0xc6a6, 0xc6a6, 0xc6a6, 0xbe85, 0xc686, 0xbe86, 0xc6a6, 0xbe85, 0xbe85, 0xc6a5, 0xc6a5, 0xc6a5,
  0xc6a5, 0xc6a5, 0xc6a5, 0xc6a5, 0xc6a5, 0xc6a5, 0xc6a5, 0xc6a5, 0xc6a5, 0xc6a5, 0xc6a5, 0xc6a5,
  0xc6a5, 0xc6a5, 0xc6a5, 0xc6a5, 0xc6a5, 0xc6a5, 0xbe85, 0xbe85, 0xc6a5, 0xbe85, 0xbe85, 0xbe85,
  0xbe85, 0xbe85, 0xbe85, 0xbe85, 0xbe85, 0xbe85, 0xbe85, 0xbe85, 0xbe65, 0xbe85, 0xb665, 0xb665,
  0xb645, 0xae45, 0xae25, 0xae45, 0xae45, 0xb645, 0xae45, 0xae45, 0xb645, 0xb645, 0xb645, 0xb645,
  0xb665, 0xb645, 0xae25, 0xae25, 0xae25, 0xa625, 0xae25, 0xa625, 0xae25, 0xae25, 0xae25, 0xa605,
  0xa625, 0xa625, 0xa625, 0xa625, 0xa624, 0xa625, 0xa625, 0xae45, 0xae25, 0xae25, 0xae25, 0xae45,
  0xae45, 0xae45, 0xae25, 0xae45, 0xae45, 0xb645, 0xb645, 0xb645, 0xb645, 0xb645, 0xb645, 0xae45,
  0xae24, 0xb645, 0xb665, 0xbe85, 0xbe85, 0xbe65, 0xbe65, 0xbe65, 0xbe65, 0xb665, 0xb665, 0xb665,
  0xb645, 0xb665, 0xb665, 0xb645, 0xb665, 0xb665, 0xb665, 0xb665, 0xb665, 0xb665, 0xb665, 0xb665,
  0xb665, 0xb645, 0xb645, 0xb645, 0xb645, 0xbe65, 0xbe65, 0xb665, 0xb665, 0xbe65, 0xbe85, 0xbe85,
  0xbe85, 0xbe85, 0xbe85, 0xbe85, 0xbe85, 0xbe85, 0xbe65, 0xb665, 0xbe85, 0xbe65, 0xb665, 0xb665,
  0xb665, 0xb665, 0xbe85, 0xbe85, 0xbe85, 0xbe85, 0xbe85, 0xc685, 0xc6a5, 0xc6a5, 0xc6a5, 0xc6a5,
  0xc685, 0xc685, 0xc685, 0xbe85, 0xc685, 0xc6a5, 0xc6a5, 0xbe85, 0xc6a5, 0xc6a5, 0xc6a5, 0xc6a5,
  0xc6a5, 0xc6a5, 0xc6a5, 0xc685, 0xc6a6, 0xc6c6, 0xc6c6, 0xc6c6, 0xc6c6, 0xc6c6, 0xc6a5, 0xc6a6,
  0xc6a6, 0xcec6, 0xc6c6, 0xc6c6, 0xc6a6, 0xbea5, 0xc685, 0xc6a5, 0xc6a5, 0xbe85, 0xbe85, 0xbe86,
  0xbe86, 0xbe85, 0xbe85, 0xc6a6, 0xc6a6, 0xc6a6, 0xc6a6, 0xc6c6, 0xc6c6, 0xc6c6, 0xc6c6, 0xc6c6,
  0xc6c5, 0xc6c5, 0xc6c6, 0xc6c6, 0xcec6, 0xcec6, 0xcec6, 0xc6c5, 0xc6c5, 0xcee6, 0xcec6, 0xcec6,
  0xcec6, 0xcec6, 0xcec6, 0xcec6, 0xcec6, 0xcec6, 0xcee6, 0xcec6, 0xcec6, 0xcec6, 0xcec6, 0xcec6,
  0xcec6, 0xcec6, 0xcec6, 0xcec6, 0xcec6, 0xcec6, 0xcec6, 0xcec6, 0xcec6, 0xcec5, 0xcec5, 0xcec6,
  0xcec6, 0xcec6, 0xcec6, 0xc6c6, 0xc6a6, 0xc686, 0xc6c6, 0xc6c6, 0xcec6, 0xcec6, 0xc6c5, 0xc6c5,
  0xc6c5, 0xc6a5, 0xc6a5, 0xc6a5, 0xc6a5, 0xc6a5, 0xc6a5, 0xc6a5, 0xc6a5, 0xc6a5, 0xc6a5, 0xc6a5,
  0xc6a5, 0xc6a5, 0xc6a5, 0xc6a5, 0xc6a5, 0xc6a5, 0xc6a5, 0xc6a5, 0xc6a5, 0xc685, 0xc6a5, 0xc685,
  0xc6a5, 0xbe85, 0xbe85, 0xbe85, 0xc685, 0xb665, 0xbe86, 0xc6a6, 0xc6a6, 0xc6a6, 0xbe86, 0xbe66,
  0xb665, 0xae25, 0xbe65, 0xb665, 0xbe85, 0xbe85, 0xbe85, 0xb645, 0xb645, 0xae45, 0xb645, 0xbe65,
  0xb665, 0xb645, 0xae45, 0xae45, 0xae45, 0xae25, 0xae25, 0xae45, 0xae45, 0xae25, 0xae25, 0xae45,
  0xa625, 0x9de5, 0x9de5, 0x9de5, 0x9de5, 0x9e05, 0x9e05, 0x9e05, 0x9de5, 0x9e05, 0x9e05, 0x9e05,
  0xa605, 0xa605, 0xa605, 0xa625, 0xa625, 0xae25, 0xae25, 0xae45, 0xae45, 0xae25, 0x9e04, 0x9e04,
  0xb644, 0xb665, 0xb665, 0xb665, 0xb665, 0xbe65, 0xbe65, 0xbe65, 0xbe85, 0xbe85, 0xbe85, 0xbe85,
  0xbe65, 0xbe65, 0xbe85, 0xbe85, 0xbe85, 0xbe85, 0xbe85, 0xbe85, 0xbe85, 0xbe85, 0xbe85, 0xbe85,
  0xbe85, 0xbe85, 0xbe85, 0xbe85, 0xb665, 0xb645, 0xb665, 0xbe65, 0xb665, 0xb665, 0xbe85, 0xbe85,
  0xc6a5, 0xbe85, 0xbe85, 0xbe85, 0xbe85, 0xbe85, 0xc685, 0xc6a5, 0xc6a5, 0xbe85, 0xb665, 0xbe85,
  0xc685, 0xbe85, 0xbe65, 0xc6a5, 0xbe85, 0xbe85, 0xc685, 0xc685, 0xbe65, 0xc685, 0xc685, 0xc685,
  0xc685, 0xc685, 0xbe85, 0xc685, 0xc6a5, 0xc6a5, 0xc6a5, 0xc6a5, 0xc6a5, 0xc685, 0xc6a5, 0xc6a5,
  0xc6a5, 0xc6a5, 0xc6a5, 0xc6a6, 0xc6a5, 0xc6c5, 0xc6c6, 0xc6c6, 0xc6a5, 0xc6a5, 0xc6a6, 0xc6a6,
  0xcec6, 0xcec6, 0xcec6, 0xcec6, 0xc6c6, 0xc6a6, 0xc6a5, 0xc6c6, 0xcec6, 0xc6c6, 0xc6a6, 0xc6a6,
  0xc686, 0xc6a6, 0xc6a6, 0xc6c6, 0xc6a6, 0xc686, 0xc6a6, 0xc6c6, 0xc6c6, 0xc6c6, 0xc6c6, 0xc6c6,
  0xc6a6, 0xc6a5, 0xcec6, 0xcec6, 0xcec6, 0xcec6, 0xc6c6, 0xb665, 0xc6a5, 0xcec6, 0xcec6, 0xb666,
  0xcec6, 0xcec6, 0xc6a6, 0xcec6, 0xcec6, 0xcec6, 0xcec6, 0xcec7, 0xcec6, 0xcec6, 0xcec6, 0xcec6,
  0xcec6, 0xcec6, 0xc6a6, 0xcec6, 0xcec6, 0xcec6, 0xcec6, 0xcec6, 0xc6c6, 0xc6c6, 0xcec6, 0xcec6,
  0xc686, 0xc6a6, 0xc6a6, 0xc6a6, 0xcea6, 0xcea6, 0xcec6, 0xcec6, 0xcec6, 0xcec6, 0xc6c6, 0xcec6,
  0xcec6, 0xcec6, 0xcec6, 0xcec6, 0xcec6, 0xc6c6, 0xc6c6, 0xc6c6, 0xc6c6, 0xc6c6, 0xc6c6, 0xc6c6,
  0xc6a5, 0xc6a5, 0xc6a6, 0xc6a5, 0xc6a5, 0xc6a5, 0xc6a5, 0xc6a5, 0xc6a5, 0xc6a5, 0xc6a5, 0xc6a5,
  0xbe85, 0xbe85, 0xbe65, 0xbe85, 0xc686, 0xc686, 0xc6a6, 0xc6a6, 0xc686, 0xc6a6, 0xc6a6, 0xc686,
  0xc686, 0xc686, 0xb645, 0xbe85, 0xbe85, 0xbe85, 0xc685, 0xbe85, 0xbe65, 0xb645, 0xbe65, 0xbe66,
  0xbe86, 0xb666, 0xb665, 0xae45, 0xae45, 0xb645, 0xb645, 0xbe65, 0xb665, 0xb665, 0xb645, 0xb645,
  0xb665, 0xb665, 0xbe65, 0xb665, 0xae45, 0xae45, 0xae44, 0xae24, 0xa605, 0xae24, 0xae24, 0xa624,
  0xae45, 0xa625, 0xa605, 0xa605, 0xa605, 0xa605, 0xae25, 0xae25, 0xa605, 0xa605, 0x9de4, 0xae24,
  0xb644, 0xb645, 0xb665, 0xbe65, 0xb665, 0xb665, 0xbe65, 0xbe65, 0xbe85, 0xbe85, 0xbe85, 0xbe85,
  0xbe85, 0xbe85, 0xbe85, 0xbe85, 0xbe85, 0xbe85, 0xbe85, 0xc6a5, 0xbe85, 0xbe85, 0xbe85, 0xbe85,
  0xbe65, 0xbe85, 0xb665, 0xb665, 0xb644, 0xae44, 0xb665, 0xbe65, 0xbe65, 0xb665, 0xb665, 0xb665,
  0xbe85, 0xbe85, 0xbe85, 0xbe65, 0xb665, 0xbe85, 0xbe65, 0xbe85, 0xbe85, 0xbe85, 0xb665, 0xbe85,
  0xbe65, 0xb665, 0xc6a5, 0xc6a5, 0xb665, 0xb645, 0xbe85, 0xbe85, 0xbe65, 0xbe65, 0xbe85, 0xbe85,
  0xc6a5, 0xc6a5, 0xc685, 0xc6a5, 0xc6a5, 0xc6a5, 0xc6a5, 0xc6a5, 0xc685, 0xc685, 0xbe85, 0xbe85,
  0xbe85, 0xc6a5, 0xc6a5, 0xc6a6, 0xc6a6, 0xc6a6, 0xc6c6, 0xc6a6, 0xbea6, 0xbe86, 0xc6a6, 0xc6a6,
  0xc6a6, 0xc6a6, 0xcec6, 0xcec6, 0xc6a6, 0xc6a6, 0xbe86, 0xc686, 0xc6a6, 0xc6c6, 0xcec6, 0xc6a6,
  0xc6a6, 0xbe86, 0xc6a6, 0xc6a6, 0xc6a6, 0xc6a6, 0xc6c6, 0xcec6, 0xcec6, 0xc6c6, 0xc6c6, 0xcec6,
  0xc6a6, 0xc685, 0xc6a5, 0xcec6, 0xcec6, 0xc6c6, 0xbe65, 0xbe86, 0xcec6, 0xc6c6, 0xcec6, 0xcec6,
  0xcec6, 0xc6a6, 0xcec7, 0xcec7, 0xc6a6, 0xc6c6, 0xcec6, 0xcee7, 0xc686, 0xc6a6, 0xc6a6, 0xc6a6,
  0xcec6, 0xcec6, 0xc6a6, 0xcec6, 0xcec6, 0xcec6, 0xcec6, 0xcec6, 0xcec6, 0xcec6, 0xcec6, 0xcec6,
  0xc686, 0xc6a6, 0xb645, 0xc686, 0xc6a6, 0xc6a6, 0xc6a6, 0xc686, 0xc6a6, 0xcec6, 0xcec6, 0xcec6,
  0xcec6, 0xcec6, 0xcec6, 0xcec6, 0xc6a6, 0xc6a6, 0xcec6, 0xcec6, 0xcec6, 0xcec6, 0xcec6, 0xc6a6,
  0xc6c6, 0xc6a5, 0xc6a6, 0xc6a6, 0xc6a6, 0xc6a5, 0xc6a5, 0xc6a5, 0xc6a6, 0xc6a5, 0xc6a5, 0xc6a5,
  0xbe65, 0xbe85, 0xc685, 0xbe65, 0xb645, 0xc686, 0xc6a6, 0xbe86, 0xc686, 0xc6a6, 0xc6a6, 0xbe66,
  0xbe85, 0xbe85, 0xbe85, 0xb665, 0xbe65, 0xbe65, 0xbe65, 0xb665, 0xb665, 0xb645, 0xb665, 0xb665,
  0xb665, 0xbe86, 0xb645, 0xae45, 0xae45, 0xae25, 0xae45, 0xb665, 0xb665, 0xae45, 0xb645, 0xb665,
  0xbe85, 0xbe65, 0xb665, 0xbe85, 0xb665, 0xb665, 0xb645, 0xae44, 0xae44, 0xb644, 0xb665, 0xa625,
  0xae45, 0xb685, 0xb665, 0xa604, 0xa605, 0xa605, 0xa604, 0xa604, 0xa625, 0xa605, 0xa605, 0xa604,
  0xb664, 0xb665, 0xb665, 0xbe85, 0xbe65, 0xb665, 0xbe65, 0xbe65, 0xbe65, 0xbe85, 0xbe85, 0xbe85,
  0xbe85, 0xbe85, 0xbe85, 0xbe65, 0xbe65, 0xbe85, 0xbe85, 0xbe85, 0xbe85, 0xbe85, 0xb665, 0xb645,
  0xb645, 0xb665, 0xb645, 0xae44, 0xae44, 0xb665, 0xb645, 0xae45, 0xbe85, 0xbe85, 0xb665, 0xc6a5,
  0xbe85, 0xb665, 0xbe85, 0xb665, 0xb665, 0xb665, 0xb665, 0xb665, 0xb665, 0xb665, 0xb665, 0xb665,
  0xb665, 0xb665, 0xb645, 0xbea5, 0xb665, 0xbe85, 0xc6a5, 0xc6a5, 0xbe85, 0xbe85, 0xbe85, 0xbe85,
  0xbe85, 0xbe65, 0xbe65, 0xbe65, 0xbe85, 0xc685, 0xbe85, 0xc685, 0xbe65, 0xb645, 0xb665, 0xb665,
  0xc685, 0xc6a5, 0xc685, 0xbe85, 0xc6a6, 0xc6a6, 0xbe85, 0xb665, 0xbe86, 0xbe65, 0xbe65, 0xb665,
  0xbe65, 0xb665, 0xbe86, 0xb665, 0xbe65, 0xbe65, 0xbe86, 0xb665, 0xc6a5, 0xc685, 0xbe85, 0xc685,
  0xbe65, 0xbe85, 0xc6a6, 0xc6a6, 0xc6a6, 0xc6c6, 0xc6a6, 0xcec6, 0xcec6, 0xc6a6, 0xc6a6, 0xc6c6,
  0xc6c6, 0xc6a5, 0xc6a5, 0xbe85, 0xbe85, 0xc6c7, 0xbe85, 0xcec6, 0xcec5, 0xc6c6, 0xbe86, 0xbe86,
  0xc6a6, 0xc6a6, 0xc6a6, 0xc6c6, 0xcec6, 0xc6a6, 0xc6a6, 0xbe86, 0xbe86, 0xc686, 0xcec6, 0xcec6,
  0xcea6, 0xc6a6, 0xc6a6, 0xc686, 0xcec6, 0xcec6, 0xcec6, 0xc6a6, 0xc6a6, 0xc686, 0xc6a6, 0xc686,
  0xcea6, 0xc6a6, 0xc685, 0xc685, 0xbe66, 0xbe85, 0xc685, 0xbe65, 0xbe65, 0xbe85, 0xbe65, 0xc6a6,
  0xc6a6, 0xc6a6, 0xc6a6, 0xc6c6, 0xbe85, 0xc6a5, 0xc6a5, 0xc6a5, 0xbe85, 0xc6a5, 0xbe85, 0xc6a5,
  0xc6a5, 0xc6a5, 0xc6a5, 0xbe85, 0xbe85, 0xbe65, 0xbe85, 0xbe85, 0xc6a5, 0xbe85, 0xbe65, 0xbe65,
  0xbe86, 0xc685, 0xc6a5, 0xbe85, 0xc6a6, 0xc6a5, 0xbe86, 0xb645, 0xbe85, 0xb665, 0xb665, 0xb665,
  0xb665, 0xb645, 0xae45, 0xb645, 0xb665, 0xb645, 0xb645, 0xb665, 0xbe65, 0xbe65, 0xbe65, 0xbe85,
  0xbe65, 0xb645, 0xae45, 0xb665, 0xae64, 0xb664, 0xb665, 0xae45, 0xb645, 0xb645, 0xb645, 0xb644,
  0xae44, 0xae44, 0xae44, 0xae44, 0xae44, 0xae44, 0xb664, 0xb665, 0xae45, 0xae45, 0xb665, 0xb665,
  0xae44, 0xae24, 0xae25, 0xae45, 0xa625, 0xb645, 0xae45, 0xae24, 0xae44, 0xae44, 0xae24, 0xae24,
  0xa5e4, 0xae24, 0xa5c4, 0xbe65, 0xbe85, 0xbe85, 0xbe85, 0xbe85, 0xbe85, 0xbe85, 0xbe85, 0xbe65,
  0xbe65, 0xbe85, 0xc6a5, 0xc6a5, 0xc6a5, 0xc6a5, 0xc6a5, 0xc6a5, 0xc6a5, 0xc6a5, 0xc6a5, 0xc6a5,
  0xc6a5, 0xc6a5, 0xc6a5, 0xc6a5, 0xc6a5, 0xc6a5, 0xc6a5, 0xc6a5, 0xc6a5, 0xc6a5, 0xc6a5, 0xbe85,
  0xbe85, 0xc6a5, 0xc6a5, 0xc6a5, 0xc6a5, 0xc6a5, 0xc6a5, 0xc6a5, 0xc6a5, 0xc6a5, 0xb645, 0xc685,
  0xc6a5, 0xc6a5, 0xc6a5, 0xc6a5, 0xc6a5, 0xc6a5, 0xc6a5, 0xc6a5, 0xc6a5, 0xc6a5, 0xc6a5, 0xc6a5,
  0xc6a5, 0xbe85, 0xbe85, 0xbe85, 0xc6a5, 0xc6a5, 0xc6a5, 0xc6a5, 0xc6a5, 0xc6a5, 0xc6a5, 0xc6a5,
  0xc6a5, 0xc6a5, 0xc6a5, 0xc6a5, 0xc6a5, 0xc6a5, 0xc6a5, 0xc6a5, 0xc6a5, 0xc6a5, 0xc685, 0xc6a5,
  0xc6a5, 0xc6a5, 0xc6a5, 0xc6a5, 0xc6a5, 0xc6a5, 0xc6a5, 0xc6a5, 0xc6a5, 0xc6a5, 0xc6a5, 0xc6a5,
  0xc6a5, 0xc6a5, 0xc6a5, 0xc6a5, 0xc6a5, 0xc6a5, 0xc6a5, 0xc6a5, 0xc6a5, 0xc6a5, 0xc6a5, 0xc6a5,
  0xc6a5, 0xc6a5, 0xc6a5, 0xc6a5, 0xc6a5, 0xc6a5, 0xc6a5, 0xc6a5, 0xc6a5, 0xc6a5, 0xc6a5, 0xc6a5,
  0xc6a5, 0xc6a5, 0xc6a5, 0xc6a5, 0xc6a5, 0xc6a5, 0xc6a5, 0xc6a5, 0xc6a5, 0xc6a5, 0xc6a5, 0xc6a5,
  0xc6a5, 0xc6a5, 0xc6a5, 0xc6a5, 0xc6a5, 0xc6a5, 0xc6a5, 0xc6a5, 0xc6a5, 0xc6a5, 0xc6a5, 0xc6a5,
  0xc6a5, 0xc6a5, 0xc6a5, 0xc6a5, 0xc6a5, 0xbe85, 0xc6a5, 0xc6a5, 0xc6a5, 0xc6a5, 0xc6a5, 0xc6a5,
  0xc6a5, 0xc6a5, 0xc6a5, 0xc6a5, 0xc6a5, 0xc6a5, 0xc6a5, 0xc6a5, 0xc6a5, 0xc6a5, 0xc6a5, 0xc6a5,
  0xc6a5, 0xc6a5, 0xc6a5, 0xc6a5, 0xc6a5, 0xbe85, 0xc685, 0xbe85, 0xbe85, 0xbe64, 0xbe85, 0xbe85,
  0xbe85, 0xc685, 0xc685, 0xbe85, 0xbe85, 0xbe85, 0xbe85, 0xbe65, 0xb665, 0xb665, 0xb644, 0xae24,
  0xa5e4, 0xae24, 0xae24, 0xae24, 0xa604, 0xa603, 0xa603, 0xa5e3, 0xa5e4, 0xa5e4, 0xae04, 0xae24,
  0xae04, 0xae04, 0xa604, 0xae04, 0xa603, 0xae04, 0xb664, 0xc6a5, 0xc6a5, 0xc685, 0xc685, 0xbe85,
  0xbe85, 0xbe85, 0xb624, 0xbe65, 0xbe65, 0xbe65, 0xbe65, 0xb665, 0x9da4, 0xb665, 0xb665, 0xb644,
  0xb665, 0xb665, 0xbe65, 0xb665, 0xb645, 0xae04, 0xae24, 0xb665, 0xbe65, 0xa5e4, 0xb644, 0x8d63,
  0xbe65, 0xc6a5, 0xbe65, 0xbe85, 0xc6a5, 0xc6a5, 0xc6a5, 0xc6a5, 0xc6a5, 0xc6a5, 0xc6a5, 0xc6a5,
  0xc6a5, 0xc6a5, 0xc6a5, 0xc6a5, 0xbe85, 0xc6a5, 0xc6a5, 0xc6a5, 0xc6a5, 0xc6a5, 0xc6a5, 0xc6a5,
  0xc6a5, 0xc6a5, 0xc6a5, 0xc6a5, 0xc6a5, 0xc6a5, 0xc6a5, 0xc6a5, 0xc6a5, 0xc6a5, 0xc6a5, 0xc6a5,
  0xc6a5, 0xc6a5, 0xc6a5, 0xb645, 0xc6a5, 0xc6a5, 0xc6a5, 0xc6a5, 0xc6a5, 0xc6a5, 0xc6a5, 0xc6a5,
  0xc6a5, 0xc6a5, 0xc6a5, 0xc6a5, 0xc6a5, 0xc6a5, 0xbe85, 0xc685, 0xc6a5, 0xc6a5, 0xc6a5, 0xc6a5,
  0xc6a5, 0xc6a5, 0xc6a5, 0xc6a5, 0xc6a5, 0xc6a5, 0xc6a5, 0xc6a5, 0xc6a5, 0xc6a5, 0xc6a5, 0xc6a5,
  0xc6a5, 0xc6a5, 0xc6a5, 0xc6a5, 0xc6a5, 0xc6a5, 0xc6a5, 0xc6a5, 0xc6a5, 0xc685, 0xae04, 0xc6a5,
  0xc6a5, 0xc6a5, 0xc6a5, 0xc6a5, 0xc6a5, 0xc6a5, 0xcec5, 0xc6a5, 0xc6a5, 0xc6a5, 0xc6a5, 0xc6a5,
  0xc6a5, 0xc6a5, 0xc6a5, 0xc6a5, 0xc6a5, 0xc6a5, 0xc6a5, 0xc6a5, 0xc6a5, 0xc6a5, 0xc6a5, 0xc6a5,
  0xc6a5, 0xc6a5, 0xc6a5, 0xc6a5, 0xc6a5, 0xc6a5, 0xc6a5, 0xc6a5, 0xc6a5, 0xc6a5, 0xc6a5, 0xc6a5,
  0xc6a5, 0xc6a5, 0xc6a5, 0xc6a5, 0xc6a5, 0xc6a5, 0xc6a5, 0xc6a5, 0xc6a5, 0xc6a5, 0xc6a5, 0xc6a5,
  0xc6a5, 0xc6a5, 0xc6a5, 0xc6a5, 0xc6a5, 0xc6a5, 0xc6a5, 0xc6a5, 0xc6a5, 0xc6a5, 0xc6a5, 0xc6a5,
  0xc6a5, 0xc6a5, 0xc685, 0xc6a5, 0xc6a5, 0xbe64, 0xc685, 0xc685, 0xc6a5, 0xc6a5, 0xc6a5, 0xc6a5,
  0xbe65, 0xb625, 0xc6a5, 0xae24, 0xbe65, 0xc6a5, 0xc6a5, 0xc6a5, 0xc6a5, 0xc6a5, 0xc6a5, 0xc6a5,
  0xc6a5, 0xc6a5, 0xbe65, 0xbe85, 0xbe85, 0xae04, 0xc6a5, 0xc6a5, 0xc6a5, 0xc6a5, 0xc6a5, 0xc6a5,
  0xc6a5, 0xc6a5, 0xc6a5, 0xc6a5, 0xc685, 0xc6a5, 0xc6a5, 0xc6a5, 0xc6a5, 0xc6a5, 0xc6a5, 0xc6a5,
  0xbe85, 0xc685, 0xbe85, 0xbe85, 0xbe65, 0xbe65, 0xbe65, 0xbe65, 0xbe65, 0xbe65, 0xbe64, 0xbe64,
  0xa5e4, 0xb624, 0xbe85, 0xbe65, 0xbe65, 0xbe65, 0xbe85, 0xc6a5, 0xc6a5, 0xc6a5, 0xc6a5, 0xc6a5,
  0xc6a5, 0xb644, 0xa5e4, 0xc6a5, 0xc6a5, 0xc6a5, 0xc6a5, 0xc6a5, 0xb625, 0xc6a5, 0xbe64, 0xae23,
  0xae04, 0xb645, 0xc6a5, 0xc6a5, 0xbe85, 0xb644, 0xbe85, 0xb644, 0xc6a5, 0xc685, 0xc6a5, 0xb645,
  0xc6a5, 0xc6a5, 0xc6a5, 0x9da3, 0xb644, 0xc6a5, 0xc6a5, 0xc6a5, 0xc6a5, 0xc6a5, 0xc6a5, 0xbe85,
  0xbe64, 0xbe85, 0xbe85, 0xc6a5, 0xc6a5, 0xbe84, 0xc6a5, 0xc6a5, 0xc6a5, 0xc6a5, 0xc6a5, 0xc6a5,
  0xc6a5, 0xc6a5, 0xc6a5, 0xc6a5, 0xc6a5, 0xc6a5, 0xc6a5, 0xc6a5, 0xc6a5, 0xc6a5, 0xc6a5, 0xbe65,
  0xb644, 0xbe85, 0xbe65, 0xb645, 0xa5e4, 0xc6a5, 0xc6a5, 0xc6a5, 0xa5c4, 0xb625, 0xc6a5, 0xc6a5,
  0xc6a5, 0xc6a5, 0xc6a5, 0xbe85, 0xc685, 0xbe65, 0xa5c4, 0xb645, 0xbe65, 0xbe65, 0xbe65, 0xbe65,
  0xb645, 0xbe65, 0xc6a5, 0xc6a5, 0xc6a5, 0xc6a5, 0xc6a5, 0xc6a5, 0xc6a5, 0xc6a5, 0xc6a5, 0xc6a5,
  0xc6a5, 0xc6a5, 0xc6a5, 0xbe85, 0xc685, 0xc6a5, 0xc6a5, 0xbe85, 0xc6a5, 0xc6a5, 0xc6a5, 0xc6a5,
  0xc6a5, 0xc6a5, 0xc6a5, 0xc6a5, 0xc6a5, 0xc6a5, 0xbe85, 0xc685, 0xc6a5, 0xc6a5, 0xae04, 0xc6a5,
  0xc6a5, 0xc6a5, 0xc6a5, 0xc6a5, 0xc6a5, 0xc6a5, 0xc6a5, 0xc6a5, 0xc6a5, 0xc6a5, 0xc6a5, 0xc6a5,
  0xbe64, 0xc6a5, 0xc6a5, 0xc6a5, 0xc6a5, 0xc6a5, 0xc6a5, 0xc6a5, 0xc6a5, 0xc6a5, 0xc6a5, 0xc6a5,
  0xc6a5, 0xc6a5, 0xc6a5, 0xc6a5, 0xc685, 0xbe65, 0xbe65, 0xc685, 0xc6a5, 0xae04, 0xc6a5, 0xc685,
  0xc6a5, 0xc6a5, 0xc6a5, 0xc6a5, 0xc6a5, 0xc6a5, 0xc6a5, 0xc6a5, 0xc6a5, 0xc6a5, 0xbe85, 0xc6a5,
  0xb624, 0xb645, 0xc685, 0xc6a5, 0xc6a5, 0xc6a5, 0xbe65, 0xbe65, 0xc6a5, 0xc6a5, 0xc6a5, 0xc6a5,
  0xc6a5, 0xc6a5, 0xc6a5, 0xc6a5, 0xc6a5, 0xc6a5, 0xbe65, 0xbe85, 0xc6a5, 0xc6a5, 0xc6a5, 0xc6a5,
  0xc6a5, 0xc6a5, 0xc6a5, 0xc6a5, 0xc6a5, 0xc6a5, 0xc6a5, 0xc6a5, 0xc6a5, 0xb644, 0xbe85, 0xc6a5,
  0xbe85, 0xc6a5, 0xc6a5, 0xc6a5, 0xc6a5, 0xae04, 0xbe65, 0xc6a5, 0xc6a5, 0xc6a5, 0xc6a5, 0xc6a5,
  0xbe85, 0xc6a5, 0xc6a5, 0xc6a5, 0xc6a5, 0xc6a5, 0xa5e4, 0xa5c4, 0xae04, 0xbe65, 0xb624, 0x9da3,
  0x74e1, 0x8522, 0xbe65, 0xc685, 0xc6a5, 0xc6a5, 0xc6a5, 0xc6a5, 0xc6a5, 0xc6a5, 0xc6a5, 0xc6a5,
  0xc6a5, 0xc685, 0xc685, 0xbe85, 0xbe64, 0xbe86, 0xc6a5, 0xc6a5, 0xc6a5, 0xbe64, 0xbe65, 0xb644,
  0xb624, 0xbe65, 0xc6a5, 0xbe85, 0xbe65, 0xbe85, 0xbe85, 0xae04, 0xbe85, 0xc6a5, 0xc685, 0xc685,
  0xb665, 0xa5e4, 0xbe65, 0xae24, 0xbe85, 0xc685, 0xb644, 0xc685, 0xc6a5, 0xc6a5, 0xc6a5, 0xc6a5,
  0xc6a5, 0xa5e3, 0xbe85, 0xc6a5, 0xc6a5, 0xbe85, 0xc6a5, 0xbe85, 0xc6a5, 0xc6a5, 0xc6a5, 0xc6a5,
  0xc6a5, 0xc6a5, 0xc6a5, 0xc6a5, 0xc6a5, 0xc6a5, 0xc6a5, 0xc6a5, 0xb645, 0x9da4, 0xc6a5, 0xb645,
  0x8d43, 0x9d84, 0x9da4, 0xbe65, 0xa5e4, 0xc6a5, 0xc6a5, 0xb645, 0x8503, 0xa5e4, 0xc6a5, 0xc6a5,
  0xc6a5, 0xc6a5, 0xc6a5, 0xc6a5, 0xc6a5, 0xc6a5, 0xc6a5, 0xbe85, 0xbe65, 0xb644, 0xae04, 0xae24,
  0x7ce3, 0x9583, 0xb644, 0xc6a5, 0xc6a5, 0xc6a5, 0xc6a5, 0xc6a5, 0xb665, 0xbe65, 0xc6a5, 0xc6a5,
  0xc6a5, 0xc6a5, 0xc6a5, 0xbe85, 0xc6a5, 0xc6a5, 0xc6a5, 0xc6a5, 0xc6a5, 0xc6a5, 0xc6a5, 0xc6a5,
  0xc6a5, 0xc6a5, 0xc6a5, 0xc6a5, 0xc6a5, 0xc6a5, 0xbe85, 0xc6a5, 0xc6a5, 0xc6a5, 0xc6a5, 0xc6a5,
  0xc6a5, 0xc6a5, 0xc6a5, 0xc6a5, 0xc6a5, 0xc6a5, 0xc6a5, 0xc6a5, 0xc6a5, 0xc6a5, 0xc6a5, 0xc6a5,
  0xc6a5, 0xc6a5, 0xc6a5, 0xc6a5, 0xc6a5, 0xc6a5, 0xc6a5, 0xc6a5, 0xc6a5, 0xc6a5, 0xc6a5, 0xc6a5,
  0xc6a5, 0xc6a5, 0xc685, 0xbe85, 0xbe85, 0xbe64, 0xbe64, 0xbe85, 0xc6a5, 0xc6a5, 0xc6a5, 0xc6a5,
  0xc6a5, 0xc6a5, 0xc6a5, 0xc6a5, 0xc6a5, 0xc6a5, 0xc6a5, 0xc6a5, 0xc6a5, 0xc6a5, 0xc6a5, 0xc6a5,
  0xb624, 0xae04, 0xb645, 0xc6a5, 0xbe85, 0xc6a5, 0xc6a5, 0xc6a5, 0xc6a5, 0xc6a5, 0xc6a5, 0xc6a5,
  0xc6a5, 0xc6a5, 0xc6a5, 0xc6a5, 0xbe65, 0x9d84, 0xae04, 0xc6a5, 0xc6a5, 0xc6a5, 0xc6a5, 0xb645,
  0xbe65, 0xc6a5, 0xa5e4, 0xae04, 0xc685, 0xc6a5, 0xc6a6, 0xc6a5, 0xc6a5, 0xc6a5, 0x9d83, 0x9da3,
  0xb664, 0xc6a5, 0xc6a5, 0xc685, 0xc685, 0xbe85, 0xbe85, 0xc6a5, 0xc6a5, 0xc6a5, 0xc6a5, 0xc6a5,
  0xc6a5, 0xc685, 0xc6a5, 0x8d43, 0xb624, 0xb624, 0xa5e4, 0x7ce3, 0x7d03, 0x9da3, 0x8522, 0x8d61,
  0x74e1, 0x6481, 0x74c1, 0x7d02, 0xa5e4, 0xc6a5, 0xc6a5, 0xc6a5, 0xc6a5, 0xc6a5, 0xbe85, 0xbe85,
  0xc6a5, 0xc6a5, 0xc6a5, 0xbe64, 0xc685, 0xbe65, 0xc6a5, 0xbe85, 0xb645, 0xbe64, 0xbe85, 0xc6a5,
  0xc6a5, 0xc6a5, 0xae04, 0x8d62, 0xae24, 0xb624, 0x9563, 0x9563, 0x9d83, 0x9583, 0x7cc2, 0x8523,
  0xae04, 0xae04, 0x95a3, 0x8d63, 0xa5e4, 0xc685, 0xc6a5, 0xc6a5, 0xc6a5, 0xc6a5, 0xc6a5, 0xc6a5,
  0xb624, 0xae04, 0xb645, 0xc6a5, 0xc6a5, 0xc6a5, 0xc6a5, 0xc6a5, 0xc6a5, 0xc6a5, 0xc6a5, 0xb625,
  0x8523, 0x8d43, 0xbe85, 0xc6a5, 0xc6a5, 0xbe85, 0xbe85, 0xae04, 0x6462, 0x6462, 0x9da3, 0xae24,
  0x6c83, 0x53e2, 0x6c81, 0x9da4, 0xc6a5, 0xc6a5, 0xc6a5, 0xc6a5, 0xc6a5, 0xc6a5, 0xb665, 0xc6a5,
  0xb645, 0xbe65, 0xc6a5, 0xc6a5, 0xc6a5, 0xc6a5, 0xc6a5, 0xc6a5, 0xc6a5, 0xc6a5, 0xbe85, 0x7cc3,
  0x5c02, 0x6c82, 0x8503, 0x8d43, 0xae04, 0xc6a5, 0xc6a5, 0xc6a5, 0xc6a5, 0xc6a5, 0xc6a5, 0xbe65,
  0xc6a5, 0xc6a5, 0xc6a5, 0xc6a5, 0xc6a5, 0xc6a5, 0xc6a5, 0xc6a5, 0xc6a5, 0xc6a5, 0xc6a5, 0xc6a5,
  0xc6a5, 0xc6a5, 0xc6a5, 0xc6a5, 0xc6a5, 0xc6a5, 0xc6a5, 0xc6a5, 0xc6a5, 0xc6a5, 0xc6a5, 0xc6a5,
  0xc6a5, 0xc6a5, 0xc6a5, 0xc6a5, 0xc6a5, 0xc6a5, 0xc6a5, 0xc6a5, 0xc6a5, 0xc6a5, 0xc6a5, 0xc6a5,
  0xc6a5, 0xc6a5, 0xc6a5, 0xbe85, 0xc6a5, 0xc6a5, 0xc6a5, 0xc6a5, 0xbe84, 0xc6a5, 0xc6a5, 0xc6a5,
  0xc6a5, 0xc6a5, 0xc6a5, 0xbe85, 0xbe84, 0xb643, 0xbe64, 0xbe65, 0xc6a5, 0xc6a5, 0xc6a5, 0xc6a5,
  0xc6a5, 0xc6a5, 0xc6a5, 0xc6a5, 0xc6a5, 0xc6a5, 0xc6a5, 0xc6a5, 0xc6a5, 0xc6a5, 0xc6a5, 0xc6a5,
  0xc6a5, 0xc6a5, 0xc6a5, 0xc6a5, 0xc685, 0xc6a5, 0xc6a5, 0xc6a5, 0xc6a5, 0xc6a5, 0xc6a5, 0xb625,
  0xae04, 0xc6a5, 0xc6a5, 0xc6a5, 0xb624, 0xb625, 0xc685, 0xc6a5, 0xc6a5, 0xc6a5, 0xc6a5, 0x9da4,
  0x9564, 0xc6a5, 0xc685, 0xc6a5, 0xc6a5, 0xc6a5, 0xc6a5, 0xc6a5, 0xc6a5, 0xc6a5, 0xb624, 0x6462,
  0x84e3, 0xb645, 0xc6a5, 0xc6a5, 0xc6a5, 0xc6a5, 0xbe85, 0xc6a5, 0xc6a5, 0xc6a5, 0xb645, 0xb624,
  0xc685, 0xc6a5, 0xc6a5, 0xbe85, 0xbe85, 0xbe85, 0xbe85, 0xb664, 0xae24, 0x8503, 0x4ba2, 0x6481,
  0x64a1, 0x5402, 0x5c42, 0x6462, 0x9dc3, 0xae04, 0x9da3, 0xb644, 0xc6a5, 0xbe65, 0x7ce2, 0x74c2,
  0x9563, 0xae24, 0xc6a5, 0xbe64, 0xbe85, 0xc6a5, 0xc6a5, 0xbe65, 0x9dc4, 0xbe85, 0xc6a5, 0xbe85,
  0xbe65, 0xae04, 0x8521, 0x7ce0, 0x9582, 0x9dc3, 0x9d83, 0x6461, 0x6461, 0x74c0, 0x7ce1, 0x6c81,
  0x9583, 0xa5e4, 0x7d02, 0x9563, 0x9d83, 0xb624, 0xc6a5, 0xc6a5, 0xc6a5, 0xc6a5, 0xb645, 0x8522,
  0x9dc3, 0xbe65, 0xb665, 0xbe85, 0xc6a5, 0xc6a5, 0xb644, 0xae24, 0xb624, 0xb644, 0xa5c4, 0x6c82,
  0x5402, 0x5c42, 0x8d63, 0x9dc3, 0x9da3, 0x8d63, 0x7d02, 0x6c82, 0x5c22, 0x43a3, 0x4bc3, 0x5c03,
  0x4bc3, 0x6ca1, 0x6ca0, 0x8d43, 0xbe65, 0xc6a5, 0xbe65, 0xb624, 0xc685, 0xc6a5, 0xbe65, 0xc6a5,
  0x9da3, 0x9da3, 0xbe65, 0xb645, 0xb624, 0x8d43, 0x8d43, 0xa5e4, 0xa5c4, 0xb645, 0xc685, 0x74a4,
  0x5c22, 0x9dc2, 0x95a2, 0x5c41, 0x74a3, 0x9da4, 0x8d43, 0x9583, 0xc6a5, 0xc6a5, 0xc6a5, 0xc685,
  0xc6a5, 0xc6a5, 0xc6a5, 0xc6a5, 0xc6a5, 0xc6a5, 0xc6a5, 0xc6a5, 0xc6a5, 0xc6a5, 0xbe85, 0xc6a5,
  0xc6a5, 0xc6a5, 0xc6a5, 0xc6a5, 0xc6a5, 0xc6a5, 0xc6a5, 0xc6a5, 0xc6a5, 0xc6a5, 0xc6a5, 0xc6a5,
  0xc6a5, 0xc6a5, 0xc6a5, 0xc6a5, 0xc6a5, 0xc6a5, 0xc6a5, 0xc6a5, 0xc6a5, 0xc6a5, 0xc6a5, 0xc6a5,
  0xc6a5, 0xc6a5, 0xc6a5, 0xc6a5, 0xc6a5, 0xbe84, 0xc6a5, 0xc6a5, 0xc6a5, 0xc6a5, 0xc6a5, 0xc6a5,
  0xc6a5, 0xc6a5, 0xc6a5, 0xbe85, 0xc684, 0xbe63, 0xbe63, 0xc6a5, 0xc6a5, 0xc6a5, 0xc6a5, 0xc6a5,
  0xc6a5, 0xc6a5, 0xc6a5, 0xc6a5, 0xc6a5, 0xbe65, 0xc6a5, 0xb644, 0xc6a5, 0xc6a5, 0xc6a5, 0xc6a5,
  0xb645, 0xbe84, 0xc6a5, 0xd6e6, 0xade4, 0xc6a5, 0xc6a5, 0xc6a5, 0xc6a5, 0xc6a5, 0xc6a5, 0xb624,
  0x95a3, 0x95a3, 0xc6a5, 0xc6a5, 0xc6a5, 0xc6a5, 0xc6a5, 0xae04, 0xb645, 0xc6a5, 0xbe65, 0xae24,
  0xc685, 0xc6a5, 0xb665, 0xa5e3, 0x95a3, 0x9583, 0xb624, 0x7cc3, 0x9563, 0xc685, 0xbe85, 0x5c02,
  0x6442, 0x74e2, 0x7d02, 0x9563, 0x9563, 0x8503, 0x74a2, 0xae24, 0xb624, 0xb624, 0xc6a5, 0xae24,
  0x8d62, 0xa5c4, 0xc6a5, 0xbe65, 0xa5e4, 0xbe85, 0xb645, 0xa5e4, 0x6c83, 0x5403, 0x6ca2, 0x5c22,
  0x4383, 0x4383, 0x4363, 0x6462, 0x74e1, 0x6c81, 0x5c21, 0x8d42, 0x9583, 0x7ce2, 0x53e2, 0x4be2,
  0x5c22, 0x9dc4, 0xbe85, 0xae24, 0xbe85, 0xc6a5, 0xc6a5, 0xb645, 0xae04, 0xc6a5, 0xc6a5, 0xa5e4,
  0xb624, 0xb644, 0x9582, 0x7d01, 0x7d01, 0xae04, 0x8d43, 0x6460, 0x6460, 0x7ce1, 0x6461, 0x5421,
  0x6ca2, 0xae24, 0xae23, 0xae04, 0x9563, 0x9dc4, 0xb664, 0xc6a5, 0xc6a5, 0xc6a5, 0xae04, 0xa5e4,
  0xb624, 0x9563, 0x8d43, 0x8d63, 0xa5e4, 0xa5e4, 0x95a2, 0x8541, 0x8d62, 0x8d24, 0xb626, 0x5c61,
  0x5c42, 0x5422, 0x5c42, 0x5c62, 0x5c62, 0x5c22, 0x4ba3, 0x4344, 0x4ba3, 0x6461, 0x43a3, 0x3b63,
  0x6c81, 0x8d60, 0x7d01, 0x9da3, 0xbe65, 0xbe65, 0xb665, 0xa5c3, 0xa5e3, 0xa5e4, 0xb624, 0xb644,
  0x7cc1, 0xcee6, 0xae04, 0x6cc2, 0x74c1, 0x6481, 0x5402, 0x4bc3, 0x6443, 0xb625, 0xc6a5, 0xbe85,
  0x74e2, 0x8542, 0x8d61, 0x8541, 0x6cc2, 0x8521, 0x6461, 0x74c2, 0xa5c4, 0xbe85, 0xbe65, 0xbe65,
  0xbe65, 0xb645, 0x8523, 0x9584, 0xc6a5, 0xc6a5, 0xc685, 0xbe85, 0x9dc4, 0x95a4, 0x8d43, 0xc6a5,
  0xc6a5, 0xc6a5, 0xc6a5, 0xc6a5, 0xc6a5, 0xae04, 0xae04, 0xc6a5, 0xcec5, 0xc6a5, 0xc6a5, 0xc6a5,
  0xc6a5, 0xc6a5, 0xc6a5, 0xc6a5, 0xc6a5, 0xc6a5, 0xc6a5, 0xc6a5, 0xc6a5, 0xc6a5, 0xc6a5, 0xc6a5,
  0xcec5, 0xc6a5, 0xc6a5, 0xbe64, 0xa5e4, 0xb624, 0xbe85, 0xc6a5, 0xc6a5, 0xc685, 0xc6a5, 0xc6a5,
  0xc6a5, 0xb625, 0xb625, 0xc6a5, 0xae43, 0x8541, 0x8d62, 0xa5e3, 0xa604, 0xc6a5, 0xc6a5, 0xc6c5,
  0xc6c5, 0xbe65, 0xc6a5, 0xc6a5, 0xae24, 0xa5e4, 0xbe65, 0xa5e4, 0x9dc3, 0x8d62, 0x8523, 0x8522,
  0x8542, 0xb664, 0xcec4, 0xc6a4, 0xc684, 0xae04, 0xbe65, 0xbe65, 0xbe85, 0xbe65, 0xade4, 0xb665,
  0xc6a5, 0x8d63, 0x8d63, 0x9583, 0x9da3, 0xa5c4, 0x8523, 0x6482, 0x6cc2, 0x8523, 0x8542, 0xa5c3,
  0xa5e4, 0x9563, 0x8d42, 0x7501, 0x6ca2, 0x6ca3, 0x8522, 0x74e2, 0x8d61, 0x8d21, 0x74a2, 0x5403,
  0x6c83, 0x6ca3, 0x95a2, 0x5c42, 0x43a2, 0x43c2, 0x74c1, 0x7ce1, 0x74c1, 0xae24, 0xcec6, 0xc6c6,
  0xae24, 0x8d62, 0x9d84, 0x9583, 0xae24, 0xae24, 0x8522, 0xb624, 0xa5e4, 0x9da3, 0xae24, 0x74c1,
  0x4bc2, 0x6c82, 0x4363, 0x4b83, 0x5402, 0x53e2, 0x43a2, 0x5402, 0x5402, 0x4bc2, 0x53e1, 0x5c42,
  0x9583, 0xb663, 0x8d62, 0xa5c3, 0xbe84, 0xb644, 0xa5e4, 0x8d43, 0x8503, 0xbe85, 0xc685, 0xb644,
  0xb665, 0xbe85, 0xbe65, 0x9dc3, 0x9582, 0x8542, 0x74c0, 0x9da3, 0x8d42, 0x74c1, 0x5c41, 0x6c81,
  0x9dc2, 0x9583, 0x95a3, 0xb624, 0x7d02, 0x6ca1, 0xae04, 0xc6a5, 0xc6a5, 0xc6a5, 0xbe85, 0xbe65,
  0xae04, 0x8503, 0x74c2, 0x6481, 0x9583, 0x8d62, 0xae24, 0xbe86, 0x7d02, 0x7d03, 0xc6a6, 0x8d45,
  0x6481, 0x5c62, 0x5402, 0x4bc3, 0x4364, 0x4364, 0x32e4, 0x2ac4, 0x6462, 0x74e0, 0x6461, 0x5402,
  0x74e0, 0x8d61, 0x9da1, 0x8d42, 0x9582, 0x95a2, 0xa604, 0x8521, 0x7d00, 0x7d00, 0x7d01, 0xbe63,
  0xbe63, 0x9584, 0x8522, 0x6462, 0x5c22, 0x4bc2, 0x4383, 0x53c3, 0x7ce3, 0x6462, 0x7ce2, 0x9563,
  0x6462, 0x74c1, 0x7d01, 0x6462, 0x6c82, 0x7d01, 0x5c61, 0x8d63, 0x9da3, 0xb645, 0xa5e4, 0xb645,
  0xbe65, 0xbe85, 0x7d03, 0xa5e4, 0xc6a5, 0xbe65, 0x9583, 0xae24, 0x9da3, 0x5c62, 0x5c62, 0x8d63,
  0x8d63, 0xae24, 0xc6a5, 0xc6a5, 0xa604, 0x6cc2, 0x7502, 0xc685, 0xc6a5, 0xc6a5, 0xbe85, 0xb644,
  0xc685, 0xc6a5, 0xc6a5, 0xc6a5, 0xc6a5, 0xc6a5, 0xc6a5, 0xa5e4, 0x7ce3, 0xa5c4, 0xade4, 0x9da3,
  0xc6a4, 0xcee5, 0xc6a5, 0xb643, 0x9583, 0x74c2, 0x74a3, 0xa5e4, 0xb624, 0x7ce4, 0xae04, 0xae24,
  0xae24, 0x5c23, 0x6443, 0xa5e4, 0x74c2, 0x5c61, 0x74e2, 0x7501, 0xae64, 0xbec5, 0xb664, 0xc6a4,
  0xae24, 0x6ca2, 0x8d43, 0x8523, 0x7d03, 0x9dc3, 0xae04, 0xa5c3, 0xa603, 0xa5c2, 0x74e1, 0x74c1,
  0x7d01, 0x95a3, 0xa603, 0x9dc2, 0x8522, 0x5c41, 0x8522, 0x9582, 0x9562, 0x8502, 0x6c83, 0x8523,
  0x95a3, 0x6cc2, 0x6ca2, 0x74e2, 0x9581, 0x8521, 0x7d01, 0x74e1, 0x6cc2, 0x6ce2, 0x7d01, 0x7d01,
  0x8541, 0x7d01, 0x74e1, 0x95a2, 0x6482, 0x5403, 0x74e2, 0x74c2, 0x7ce1, 0xa603, 0x8d41, 0x5c22,
  0x43a3, 0x5c03, 0xb643, 0xa5e3, 0x53e2, 0x43a2, 0x5c22, 0x6461, 0x74e1, 0xae04, 0xb644, 0xc6c5,
  0xb624, 0x8d62, 0x7d02, 0xa604, 0xbe64, 0xae24, 0xae04, 0xbe65, 0xbe65, 0xbe84, 0xae04, 0x7500,
  0x8521, 0x8d40, 0x6441, 0x4343, 0x3284, 0x3b23, 0x53e2, 0x3b63, 0x3b63, 0x4383, 0x6480, 0x5422,
  0x9583, 0xbe64, 0x6461, 0xa603, 0xc6c4, 0xae04, 0x6ca1, 0x5c61, 0x6481, 0x74c2, 0x8d43, 0xae04,
  0xbe85, 0xb644, 0xae24, 0xa603, 0x8d82, 0x6cc0, 0x6480, 0x8d42, 0x7d02, 0x6c81, 0x5c41, 0x9561,
  0x5c42, 0x6480, 0x74e1, 0xae03, 0x8d61, 0x5c61, 0x74c2, 0xae04, 0xb644, 0xbe65, 0x9563, 0x6442,
  0x7cc3, 0xb624, 0xa5e4, 0x9583, 0x9582, 0x8521, 0x7d01, 0x74c1, 0x5421, 0x5441, 0x8d64, 0x8505,
  0x4b81, 0x5c21, 0x5c21, 0x2aa3, 0x32e4, 0x6c83, 0x8523, 0x32c3, 0x6ca1, 0x6c81, 0x5c22, 0x3b23,
  0x4382, 0x74a1, 0x6c81, 0x74c1, 0x8520, 0x8d60, 0xb643, 0xa5c3, 0x7d00, 0x6ca0, 0x7d00, 0xbe84,
  0xb643, 0x95a2, 0x5c01, 0x4382, 0x4382, 0x4382, 0x4ba2, 0x9dc1, 0xd702, 0xa5e3, 0xcee5, 0x6c42,
  0x3b22, 0x3b22, 0x4362, 0x3303, 0x3b42, 0x43c2, 0x4be2, 0x95a3, 0xae03, 0xbe65, 0xb644, 0xbe65,
  0xb664, 0x9da3, 0x5c02, 0x84e3, 0xbe65, 0xa5e4, 0x6ca2, 0x9583, 0xa5e3, 0x8521, 0x5c22, 0x5422,
  0x5c62, 0x74c2, 0x9583, 0xa604, 0xa5e4, 0x7502, 0x7d02, 0xc6a5, 0xb665, 0x8d44, 0x7ce3, 0xae04,
  0x9da4, 0xb624, 0xc6a5, 0xc6a5, 0xc6a5, 0xbe85, 0x9da3, 0x74a2, 0x5c42, 0x4bc2, 0x5c42, 0x6c81,
  0xae23, 0xae04, 0xae04, 0x9da3, 0xa5e3, 0x8522, 0x4382, 0x5c01, 0x8d42, 0xa5e3, 0x7502, 0x7502,
  0x7d02, 0x64a2, 0x9582, 0x8d41, 0x5be1, 0x3b42, 0x74e2, 0x95a1, 0xa602, 0xa602, 0x8d61, 0x7d21,
  0x6cc1, 0x5422, 0x5422, 0x4c02, 0x5442, 0x8522, 0x9562, 0x8d61, 0xb623, 0xae02, 0x9561, 0x95a2,
  0x7d02, 0x6482, 0x6cc2, 0x6cc1, 0x5c62, 0x5421, 0x5c61, 0x6480, 0x6481, 0x6c81, 0x5401, 0x6462,
  0x7501, 0x6cc1, 0x8d41, 0xa5c2, 0x74a1, 0x6461, 0xae23, 0x8541, 0x4362, 0x4bc2, 0x8d61, 0x8d41,
  0x8d41, 0x8d62, 0x6ca1, 0x8522, 0x7d01, 0x4be2, 0x3b63, 0x4382, 0x3b62, 0x84e2, 0x9582, 0x53e2,
  0x8d24, 0xc6a5, 0x9582, 0x8d61, 0x6461, 0x4382, 0x43a2, 0x4be1, 0x5c41, 0x6ca1, 0x74c1, 0xbe83,
  0x9da2, 0x6462, 0x7d02, 0xa5e2, 0xae03, 0xbe64, 0xa5e3, 0x9da3, 0x8d22, 0x74c2, 0x8502, 0x5c42,
  0x53e2, 0x6461, 0x6441, 0x6c81, 0x2a63, 0x3b03, 0x6441, 0x5402, 0x3b63, 0x5c22, 0x7d00, 0x6441,
  0x8d43, 0x9583, 0x4ba1, 0x5c41, 0x5c41, 0x8d63, 0x8d62, 0x95a1, 0x8520, 0x5421, 0x5422, 0x6462,
  0xa5e3, 0x8d43, 0x9581, 0x8d41, 0x7500, 0x5c21, 0x5c41, 0x8521, 0x74e0, 0x6ca0, 0x5c41, 0x6461,
  0x3304, 0x5402, 0x64a0, 0x9dc2, 0x7ce1, 0x5c41, 0x5c61, 0x6482, 0x6c62, 0x6462, 0x5402, 0x43a2,
  0x43a2, 0x53e2, 0x6441, 0x9581, 0x8d61, 0x6461, 0x4bc1, 0x4bc2, 0x5401, 0x5441, 0x5441, 0x8522,
  0x9da2, 0x8d42, 0x9581, 0x4bc3, 0x4bc3, 0x5c42, 0x6c81, 0x8d42, 0x8d43, 0x5be1, 0x3b62, 0x5be3,
  0x4363, 0x32c2, 0x3b22, 0x4382, 0x6cc2, 0x8d61, 0xa602, 0xa5e3, 0x74e0, 0x6481, 0x74c0, 0x7d01,
  0x6ca1, 0x9dc3, 0x8522, 0x5c22, 0x7ce2, 0x9582, 0x6ca0, 0x74e1, 0x7d01, 0xd6e5, 0xbe63, 0x8d23,
  0x7ce1, 0x7d02, 0x7cc2, 0x43a1, 0x6c62, 0x6ca2, 0x4c01, 0x7d22, 0x6c62, 0x8d23, 0xc6a4, 0xae04,
  0xc6a4, 0xbe64, 0x9da3, 0x9da3, 0xb645, 0xbe45, 0x8503, 0x4be2, 0x7d01, 0x8561, 0x6481, 0x6481,
  0x6cc1, 0x74e1, 0x64a1, 0x8d63, 0xae03, 0x8d43, 0x5c62, 0x8d43, 0x6c83, 0x5403, 0x4be2, 0x9563,
  0xa5e4, 0xb645, 0xbe65, 0xbe65, 0xbe65, 0xb645, 0x74c2, 0x6462, 0x6cc1, 0x8541, 0x7d21, 0x6cc1,
  0x6c82, 0x6ca2, 0x8522, 0x6c81, 0x6462, 0x5422, 0x74a2, 0xae23, 0xa602, 0x9da2, 0x5c41, 0x4be2,
  0x4be2, 0x5c41, 0x8520, 0x9580, 0x9d82, 0x5402, 0x43a3, 0x7cc2, 0x9dc2, 0x7d02, 0x5c62, 0x5c62,
  0x64a2, 0x9dc4, 0xae04, 0x6482, 0x5422, 0x7d22, 0x95a2, 0x9da2, 0xae03, 0x7ce1, 0x74a2, 0xa603,
  0x6ca2, 0x5422, 0x4c02, 0x5c42, 0x5c61, 0x5441, 0x74e1, 0x8561, 0x6481, 0x7d21, 0x8541, 0x6cc1,
  0x7d01, 0x6cc1, 0x8561, 0x6cc1, 0x4bc1, 0x5c21, 0x9583, 0xa5e4, 0x9544, 0x8d63, 0xcee6, 0xa5e4,
  0x7ce2, 0xbe84, 0x74e2, 0x74c3, 0x8d82, 0x6ca1, 0x8d24, 0x8d23, 0x74c1, 0x5c22, 0x6461, 0x9584,
  0xcec5, 0xcea3, 0xb644, 0x5c22, 0x5c41, 0x8d42, 0x6c82, 0x74c1, 0x5422, 0x95a1, 0x8d60, 0x74a2,
  0x6ca1, 0x5422, 0x5402, 0x8d61, 0x9581, 0x7ce1, 0x7ce1, 0x5c02, 0x53c3, 0x4bc2, 0x2ae2, 0x3303,
  0x3323, 0x4382, 0x6c62, 0x84e4, 0x7483, 0x4363, 0x3303, 0x3b23, 0x6443, 0x9dc0, 0x9dc1, 0xbe83,
  0x7ca2, 0x5c21, 0x5401, 0x3b42, 0x43c2, 0x5421, 0x6cc1, 0x9581, 0x74c1, 0x5422, 0x4be2, 0x5441,
  0x5c61, 0x5c41, 0x6461, 0x6461, 0x6cc1, 0x4382, 0x74c0, 0x6441, 0x6c81, 0x5c41, 0x3b43, 0x4383,
  0x2ac4, 0x3b63, 0x5c42, 0x74e1, 0x6ca1, 0x4362, 0x43a2, 0x5c81, 0x4bc2, 0x4363, 0x32e3, 0x32e3,
  0x32c4, 0x32e4, 0x5c22, 0x74a1, 0x6c81, 0x4bc1, 0x4362, 0x3b62, 0x4382, 0x5421, 0x7501, 0x9dc2,
  0xbe84, 0xbe84, 0x7d01, 0x6462, 0x32a4, 0x3b24, 0x7ca2, 0xcee5, 0xc6a4, 0x7cc1, 0x8d22, 0x8d42,
  0x5c03, 0x3b43, 0x3323, 0x3323, 0x43a2, 0x7d60, 0x8560, 0x74c1, 0x5422, 0x3b63, 0x4ba3, 0x5c22,
  0x3b83, 0x4be3, 0x5402, 0x3b62, 0x8d42, 0xcee4, 0x74e1, 0x5421, 0x6ca2, 0xcec4, 0xbe64, 0xb663,
  0x8d81, 0xae44, 0x9581, 0x74c2, 0xd705, 0xbe63, 0x5441, 0xbea5, 0x8d63, 0x4382, 0x7d02, 0x6ca1,
  0x9582, 0xb644, 0xb643, 0x9582, 0x7d02, 0x9dc3, 0x9da3, 0x4bc2, 0x9de1, 0x6ca2, 0x43c2, 0x8541,
  0xae22, 0x8d61, 0x64a1, 0x5422, 0x6c81, 0x5c42, 0x5c41, 0x5422, 0x43a3, 0x43a3, 0x43c3, 0x5422,
  0x5402, 0x53e2, 0x6ca2, 0x7d02, 0x8d62, 0x8521, 0x4b64, 0x4bc3, 0x7d01, 0xcf05, 0xc6c4, 0x7ce3,
  0x43a3, 0x53e3, 0xa5e3, 0x8502, 0x5442, 0x4c02, 0x8542, 0xbea3, 0xa622, 0x74e1, 0x5402, 0x43a3,
  0x43a3, 0x5c62, 0x6ca0, 0x8d60, 0xb663, 0x6462, 0x4bc2, 0x5402, 0x8522, 0xae23, 0x5c42, 0x43a2,
  0x6ca3, 0xa5c5, 0xae04, 0x8541, 0x43a3, 0x4c03, 0x8d82, 0x8521, 0x74c1, 0x6461, 0x4be2, 0x6462,
  0x5c62, 0x5c62, 0x5422, 0x5422, 0x5c41, 0x5c61, 0x6482, 0x6c82, 0x6481, 0x6c81, 0x9dc1, 0xae42,
  0x74e2, 0x4be2, 0x64a2, 0x7501, 0x6462, 0x9dc3, 0x74c1, 0x74e0, 0xbea6, 0xa5e4, 0xbe83, 0x8d61,
  0x8d41, 0x8d42, 0x5402, 0xc6c7, 0x9582, 0x6c81, 0xdf27, 0xc6a5, 0x5c41, 0x95c3, 0x95c2, 0x9dc1,
  0xc684, 0xcec4, 0xcec5, 0x7ce3, 0x74c2, 0xae23, 0x9543, 0x53c2, 0x4bc1, 0x5c61, 0x5c42, 0x3b62,
  0x43a3, 0x4bc3, 0x43a3, 0x5402, 0xa5c4, 0x9da1, 0x9561, 0x3b43, 0x3b43, 0x5c63, 0x4383, 0x43a2,
  0x4bc2, 0xae03, 0xbe82, 0xc6a4, 0xcea5, 0x6423, 0x3b03, 0x32c4, 0x53c3, 0x95a2, 0xb642, 0xbe64,
  0xae22, 0x6441, 0x5401, 0x3b82, 0x3b62, 0x4bc2, 0x4be2, 0x6481, 0x5c61, 0x3b43, 0x32c4, 0x3303,
  0x3b42, 0x4be2, 0x5401, 0x4c02, 0x3b43, 0x53e2, 0x6ca1, 0x8522, 0x74c2, 0x4382, 0x2aa4, 0x2ac4,
  0x2ac3, 0x2ae3, 0x3323, 0x4ba2, 0x4382, 0x3b23, 0x4bc2, 0x53e2, 0x3b43, 0x4363, 0x5c42, 0x4ba2,
  0x32e4, 0x3b24, 0x5c42, 0x6ca0, 0x5421, 0x5401, 0x4382, 0x4362, 0x4bc2, 0x5c41, 0x7ce1, 0x7d00,
  0x5c01, 0x6422, 0x6442, 0x2a84, 0x2aa4, 0x4b84, 0x8500, 0x8501, 0x8d41, 0x9581, 0xcec4, 0x7ce1,
  0x6c62, 0x6442, 0x7d03, 0x84e3, 0x4be2, 0x6cc1, 0x6cc1, 0x3b43, 0x32e3, 0x2ae3, 0x4b83, 0x74e1,
  0x5c41, 0x5402, 0x53e2, 0x5be3, 0xbe63, 0xcee4, 0x8521, 0x8502, 0x6481, 0xae22, 0xbe83, 0x8d41,
  0x74c0, 0x7d01, 0x6c81, 0x74c2, 0xae03, 0x9581, 0x5420, 0x95a1, 0x6442, 0x32e2, 0x5401, 0x5c41,
  0x74c1, 0x9da2, 0x6ca1, 0x5c42, 0x5c42, 0x74c2, 0x5c40, 0x4c01, 0x5402, 0x3b82, 0x3b62, 0x74e1,
  0xa5e2, 0x9da1, 0x74c1, 0x5c41, 0x6461, 0x53e2, 0x8521, 0x6ca1, 0x4382, 0x53e3, 0x4be2, 0x6ca0,
  0x5c42, 0x74c2, 0x7d01, 0x6481, 0x5c42, 0x4ba2, 0x2a44, 0x3b04, 0x6462, 0x9dc2, 0xb664, 0x74c2,
  0x53e3, 0x53e3, 0x9dc2, 0xb622, 0x6481, 0x5422, 0x5c42, 0x8542, 0x7d01, 0x6ca1, 0x4bc3, 0x4ba3,
  0x4ba3, 0x43a3, 0x4ba2, 0x8501, 0x8521, 0x5c21, 0x5421, 0x6481, 0xae42, 0xae22, 0x6422, 0x4362,
  0x8501, 0xb622, 0x9da2, 0x5c22, 0x3b44, 0x3324, 0x4bc3, 0x5402, 0x6481, 0x74c1, 0x7d01, 0x74e1,
  0x6461, 0x5402, 0x4ba2, 0x5402, 0x7d01, 0x8d81, 0x74c1, 0x53e2, 0x5402, 0x6cc0, 0x8d80, 0x9dc1,
  0x6442, 0x4383, 0x53e3, 0x4be2, 0x4be2, 0x5402, 0x8d41, 0x7d00, 0x6442, 0x5be3, 0x9da1, 0x8521,
  0x6461, 0x5c42, 0x3b42, 0x8523, 0x7d01, 0x5c41, 0xae24, 0xb643, 0x6441, 0x5c22, 0x7d21, 0x74c0,
  0x8501, 0xc6a3, 0xbe43, 0x7cc2, 0x7ce2, 0xbe83, 0xb622, 0x9da2, 0x6c81, 0x5421, 0x43a2, 0x74a1,
  0x6461, 0x43c3, 0x43a3, 0x3b43, 0x6423, 0x9581, 0x6461, 0x43a3, 0x74c3, 0x7cc2, 0x6c82, 0x5c21,
  0xa5c4, 0xb621, 0x9580, 0x9561, 0x9dc2, 0x9561, 0x4363, 0x32a4, 0x2a83, 0x5c22, 0x5c22, 0x6481,
  0x74e0, 0x74e0, 0x6460, 0x3b62, 0x3b42, 0x4382, 0x4bc2, 0x5c61, 0x5c60, 0x4bc2, 0x3304, 0x2ac3,
  0x4362, 0x43a2, 0x43c2, 0x43a2, 0x3b43, 0x5402, 0x43a2, 0x5402, 0x4382, 0x2ae3, 0x2aa4, 0x2aa4,
  0x2ac3, 0x2ac3, 0x2ac3, 0x32c3, 0x2a83, 0x32c3, 0x3b23, 0x3303, 0x3b43, 0x43a2, 0x5401, 0x3b22,
  0x4ba2, 0x6482, 0x5402, 0x4bc2, 0x3b62, 0x3b62, 0x4382, 0x3b22, 0x5401, 0x6ca0, 0x53c2, 0x6c81,
  0x4363, 0x3b04, 0x3b03, 0x32e3, 0x53a3, 0x8521, 0x6441, 0x6441, 0x6441, 0x7d01, 0xade4, 0xa5e2,
  0x8d41, 0xae03, 0xb624, 0x9d82, 0x5402, 0x4383, 0x3b43, 0x2aa4, 0x2a84, 0x4bc3, 0x6ca1, 0x7ce1,
  0x6461, 0x5c21, 0x3b23, 0x53c3, 0x8542, 0xae22, 0xade1, 0xb622, 0x74e0, 0x7d01, 0x8521, 0x5c42,
  0x43a2, 0x4ba2, 0x43a1, 0x4be2, 0x4c02, 0x4c21, 0x4c21, 0x43a3, 0x3323, 0x4382, 0x4be2, 0x4be2,
  0x5c41, 0x5c21, 0x3b23, 0x3b43, 0x43a3, 0x5c41, 0x6461, 0x74e2, 0x3b83, 0x3b63, 0x3b82, 0x5401,
  0x6cc1, 0x74c1, 0x6462, 0x43a3, 0x4383, 0x5c22, 0x6c82, 0x53e2, 0x43a2, 0x43c3, 0x4be2, 0x5c41,
  0x4ba2, 0xa5c2, 0x74c1, 0x5422, 0x3b23, 0x2a84, 0x32a4, 0x3303, 0x4383, 0x6c82, 0x74c1, 0xa5e1,
  0x5c22, 0x3b64, 0x6c82, 0x7cc2, 0x6ca1, 0x5422, 0x3b43, 0x53e3, 0x4383, 0x4bc3, 0x4bc3, 0x43c3,
  0x43a3, 0x43a3, 0x4ba3, 0x4bc3, 0x53e2, 0x4be2, 0x5421, 0x6ca1, 0x8d61, 0x53e1, 0x4363, 0x53a2,
  0x9da1, 0xa5c2, 0x7482, 0x4383, 0x3b24, 0x32e4, 0x32e4, 0x3b63, 0x8d42, 0x9583, 0x74c2, 0x6462,
  0x5c22, 0x3b23, 0x2ac4, 0x4be2, 0x6461, 0x74e1, 0x5c22, 0x43a3, 0x43c3, 0x5c42, 0x6ca1, 0x5c41,
  0x53c3, 0x4383, 0x4363, 0x3b63, 0x6462, 0x8d41, 0x9da1, 0x6c62, 0x4364, 0x4b83, 0x5c22, 0x5c21,
  0x4be2, 0x4be2, 0x4be2, 0x5421, 0x5421, 0x4c01, 0x5442, 0x6ca2, 0x4bc2, 0x3b63, 0x5c22, 0x53e2,
  0x5c22, 0x8541, 0x7d01, 0x6c82, 0x8d62, 0x8d41, 0x95a1, 0x8d41, 0x5c22, 0x3322, 0x6461, 0x9580,
  0x74c0, 0x6442, 0x3b63, 0x2ae4, 0x4363, 0x4ba2, 0x4362, 0x5c02, 0x9542, 0xa5c2, 0xbe65, 0xa5c3,
  0xbe86, 0x7cc0, 0x6c81, 0x5401, 0x5c41, 0x6442, 0x53e2, 0x4ba2, 0x3303, 0x2ac3, 0x3304, 0x6461,
  0x7d00, 0x5402, 0x4bc2, 0x3b62, 0x3b62, 0x5402, 0x6c82, 0x4343, 0x4342, 0x4343, 0x74c2, 0x6463,
  0x32e3, 0x3b43, 0x3b62, 0x4382, 0x32e3, 0x32e3, 0x2aa4, 0x32c4, 0x2aa4, 0x2aa4, 0x2a84, 0x32c4,
  0x2284, 0x2244, 0x2244, 0x1a04, 0x1a04, 0x2244, 0x2264, 0x32e4, 0x3303, 0x3303, 0x32e3, 0x5c02,
  0x7d01, 0x5c23, 0x3b23, 0x3323, 0x3b82, 0x3b62, 0x3b42, 0x2263, 0x6482, 0x5402, 0x3ae3, 0x4363,
  0x2ac4, 0x2a84, 0x2ac4, 0x6c62, 0x7482, 0x74a1, 0x43a2, 0x4be2, 0x53e2, 0x4be2, 0x5c22, 0x74e1,
  0x8d41, 0x9dc2, 0x9561, 0x7ce1, 0x53e2, 0x32e3, 0x2a84, 0x2264, 0x2244, 0x3ae4, 0x4bc2, 0x5402,
  0x4bc1, 0x6c82, 0x3b23, 0x3b23, 0x5c42, 0x8521, 0x9581, 0x74a1, 0x6ca1, 0x4ba2, 0x5401, 0x4ba2,
  0x3b63, 0x3323, 0x3b63, 0x3323, 0x3343, 0x3b83, 0x3b43, 0x32e3, 0x3b23, 0x4383, 0x3b63, 0x3b63,
  0x4bc2, 0x5c22, 0x4383, 0x3323, 0x4bc3, 0x5c41, 0x9582, 0x8d42, 0x3b63, 0x3343, 0x4383, 0x6c81,
  0x6462, 0x4ba3, 0x4ba3, 0x3b84, 0x5402, 0x6461, 0x5c42, 0x6462, 0x53e3, 0x3b64, 0x3324, 0x3324,
  0x3b23, 0x6423, 0x4bc2, 0x4bc2, 0x4362, 0x53e3, 0x53c3, 0x2ae4, 0x3304, 0x53c2, 0x6442, 0x8d42,
  0x6463, 0x3304, 0x3b23, 0x4ba2, 0x6442, 0x4bc3, 0x3324, 0x3304, 0x3b43, 0x43a3, 0x43c3, 0x43a3,
  0x43a3, 0x4bc3, 0x4be2, 0x43a3, 0x3b63, 0x43a3, 0x4bc2, 0x53e2, 0x53e2, 0x3b23, 0x3b04, 0x3b23,
  0x5c02, 0x6c42, 0x53c2, 0x3b63, 0x3b43, 0x53c3, 0x74a2, 0x6442, 0x7ce2, 0x6c62, 0x3b23, 0x4362,
  0x3b04, 0x2aa4, 0x32e4, 0x5422, 0x74c1, 0x74c1, 0x6c82, 0x43a3, 0x43c3, 0x43c2, 0x5402, 0x4bc1,
  0x4ba2, 0x3b23, 0x3323, 0x4382, 0x9da2, 0xa5e1, 0x7d01, 0x4b83, 0x3b43, 0x4bc2, 0x53e2, 0x4383,
  0x4363, 0x4bc2, 0x43a3, 0x4383, 0x4383, 0x3b83, 0x3b83, 0x43a3, 0x3b43, 0x3b03, 0x4383, 0x43a3,
  0x4383, 0x5402, 0x5c42, 0x5402, 0x6442, 0x7ce1, 0x6441, 0x5402, 0x4363, 0x3302, 0x6c81, 0x6c81,
  0x74c1, 0x5402, 0x32e4, 0x2aa4, 0x2aa4, 0x22a3, 0x53c2, 0x6462, 0x7ce1, 0x8d42, 0xa5e4, 0x9da2,
  0x6461, 0x4ba1, 0x4ba2, 0x4bc2, 0x4383, 0x3b42, 0x6c81, 0x8d22, 0x53a3, 0x2284, 0x2a84, 0x4363,
  0x4bc2, 0x3b23, 0x2a83, 0x3323, 0x3303, 0x5c22, 0x6cc1, 0x4382, 0x3b23, 0x3b04, 0x6ca2, 0x74e2,
  0x4ba2, 0x2ac3, 0x2ac3, 0x4382, 0x32e3, 0x2263, 0x2244, 0x2244, 0x2a64, 0x2264, 0x2264, 0x32e4,
  0x2a84, 0x2204, 0x32c3, 0x2244, 0x2204, 0x4b62, 0x4b82, 0x32c4, 0x2ac3, 0x2284, 0x2264, 0x53c3,
  0x8521, 0x6c62, 0x4382, 0x2a64, 0x32e3, 0x3303, 0x32e3, 0x2203, 0x4b63, 0x3b24, 0x2244, 0x32c4,
  0x3b03, 0x2224, 0x32c3, 0x74a2, 0x7481, 0x8502, 0x5be2, 0x3323, 0x3323, 0x3303, 0x3b23, 0x4ba2,
  0x5c22, 0x5c22, 0x6c61, 0x7ce0, 0x8521, 0x53c3, 0x3b43, 0x4ba3, 0x2204, 0x2204, 0x4ba3, 0x5402,
  0x7ce2, 0x9dc2, 0x84e3, 0x4b83, 0x53e3, 0x5c42, 0x7ce1, 0x5401, 0x4363, 0x3b23, 0x3b63, 0x32e3,
  0x3303, 0x32c4, 0x2a84, 0x2245, 0x2a65, 0x3b04, 0x53c2, 0x4362, 0x32e3, 0x2aa4, 0x2aa4, 0x2244,
  0x3b23, 0x4ba3, 0x3323, 0x3323, 0x4383, 0x6461, 0x6c62, 0x7ce1, 0x53e3, 0x32e3, 0x3303, 0x6c82,
  0x4ba3, 0x4363, 0x4383, 0x2ae4, 0x4bc2, 0x53c2, 0x6442, 0x74a1, 0x53e3, 0x3b04, 0x32e3, 0x2ac3,
  0x3303, 0x6c62, 0x53c3, 0x32e4, 0x32e4, 0x3b42, 0x3b23, 0x2a84, 0x2a65, 0x3b23, 0x4343, 0x5be3,
  0x3b23, 0x2a84, 0x2a64, 0x2aa3, 0x3303, 0x3b43, 0x3324, 0x7482, 0x7cc2, 0x74c2, 0x5403, 0x4383,
  0x4383, 0x53e3, 0x8522, 0x74c2, 0x6481, 0x3323, 0x32c3, 0x32c3, 0x32e3, 0x2a84, 0x2264, 0x2aa4,
  0x32e3, 0x3b03, 0x32e3, 0x2ac4, 0x32e3, 0x4382, 0x6462, 0x53e2, 0x3b23, 0x4bc2, 0x4362, 0x74a2,
  0x6423, 0x2a84, 0x3324, 0x4bc2, 0x6462, 0x5c03, 0x53a3, 0x5403, 0x5422, 0x3b62, 0x3b62, 0x53e2,
  0x4b82, 0x2aa3, 0x2aa3, 0x53e2, 0x8521, 0x7ce1, 0x6421, 0x4363, 0x3304, 0x3b43, 0x3b42, 0x2aa4,
  0x2244, 0x3303, 0x32c4, 0x2aa4, 0x3b23, 0x2ac3, 0x2aa4, 0x2aa4, 0x32e4, 0x3304, 0x3b43, 0x3323,
  0x3b43, 0x3b43, 0x43a3, 0x4363, 0x53e3, 0x6461, 0x4362, 0x4363, 0x6c82, 0x6c61, 0x9dc2, 0x8d42,
  0x5402, 0x3b04, 0x2a84, 0x2aa4, 0x53e2, 0x32c3, 0x6441, 0x53e2, 0x6462, 0x6461, 0x5c21, 0x5c01,
  0x4362, 0x2aa3, 0x32e4, 0x2ac4, 0x2aa4, 0x6402, 0xa5c1, 0x8d02, 0x3b03, 0x2a64, 0x1a04, 0x4343,
  0x32e3, 0x2204, 0x1a04, 0x2224, 0x2ac4, 0x43a2, 0x5c41, 0x5422, 0x32e4, 0x2264, 0x32e3, 0x6461,
  0x4362, 0x2a44, 0x2aa3, 0x3b62, 0x3b22, 0x4342, 0x4b63, 0x2224, 0x2a64, 0x1a23, 0x2aa4, 0x4383,
  0x2243, 0x4b63, 0x53c2, 0x2a44, 0x2224, 0x4363, 0x6c81, 0x6441, 0x4323, 0x2244, 0x19e4, 0x32c4,
  0x53a3, 0x74c1, 0x32c3, 0x2224, 0x2204, 0x2223, 0x2a63, 0x2224, 0x2204, 0x2224, 0x2a84, 0x4343,
  0x3ae3, 0x2244, 0x2aa3, 0x53e2, 0x84e2, 0xb622, 0x84e1, 0x32e3, 0x2ac3, 0x2264, 0x2264, 0x32e4,
  0x3b23, 0x3b43, 0x5c02, 0x53c3, 0x6c42, 0x4b83, 0x32e4, 0x4344, 0x2205, 0x2204, 0x5403, 0x4be2,
  0x8d62, 0x9581, 0x8521, 0x6422, 0x4ba3, 0x3b04, 0x4ba3, 0x5c02, 0x3b03, 0x3b43, 0x3303, 0x2a84,
  0x32a3, 0x6423, 0x2a64, 0x4324, 0x2a64, 0x53c3, 0x5c01, 0x4b82, 0x74a1, 0x5be3, 0x32e4, 0x2204,
  0x2a84, 0x32e4, 0x2264, 0x32e3, 0x3323, 0x3b43, 0x3b23, 0x53c2, 0x7cc2, 0x4ba4, 0x32e4, 0x3b04,
  0x2aa4, 0x4383, 0x3b44, 0x2a84, 0x3b43, 0x3323, 0x4363, 0x4bc2, 0x53a3, 0x53a3, 0x8522, 0x4343,
  0x32e3, 0x7cc1, 0x53c3, 0x2aa5, 0x2aa4, 0x3b22, 0x3b03, 0x2204, 0x2205, 0x2ac4, 0x4b83, 0x74a2,
  0x5be3, 0x32a4, 0x2204, 0x2224, 0x4b83, 0x5c42, 0x4ba2, 0x7ce2, 0x7ce1, 0x9581, 0x74a2, 0x3b83,
  0x4ba3, 0x8502, 0x6402, 0x8502, 0x5c23, 0x3b24, 0x5be2, 0x4b82, 0x2a64, 0x2225, 0x2244, 0x4ba2,
  0x8502, 0x7cc2, 0x2a83, 0x2264, 0x2264, 0x32e3, 0x4382, 0x2aa4, 0x2264, 0x4382, 0x53e1, 0x5c02,
  0x6442, 0x4b82, 0x6441, 0x3b62, 0x3b42, 0x6462, 0x4b83, 0x5403, 0x43a3, 0x2ac3, 0x3b22, 0x3b22,
  0x3b03, 0x2a84, 0x4343, 0x6461, 0x53e1, 0x4382, 0x3b43, 0x32c3, 0x3b04, 0x2224, 0x32c3, 0x2a43,
  0x5bc3, 0x4b83, 0x2a84, 0x6403, 0x53c2, 0x4ba3, 0x2a84, 0x4303, 0x53c3, 0x3b04, 0x4363, 0x3b23,
  0x32e3, 0x3b43, 0x3b43, 0x3304, 0x4b83, 0x4362, 0x32c3, 0x53c3, 0x7d02, 0x8d42, 0x9da2, 0x8502,
  0x53c2, 0x2203, 0x3ac4, 0x2a84, 0x4b63, 0x4ba2, 0x5c01, 0x3b03, 0x4b83, 0x4343, 0x32e3, 0x32c3,
  0x2a64, 0x2245, 0x2a64, 0x2264, 0x2ac3, 0x6c62, 0xa5e1, 0x9da2, 0x6422, 0x2a83, 0x2244, 0x32c3,
  0x2a64, 0x19e5, 0x19e5, 0x19e5, 0x32e4, 0x3303, 0x4382, 0x3b22, 0x2244, 0x2a83, 0x6443, 0x4ba2,
  0x32e3, 0x19e5, 0x2a44, 0x3b42, 0x4322, 0x6c41, 0x53e1, 0x2a64, 0x2204, 0x4362, 0x3ae3, 0x2264,
  0x1183, 0x3ae3, 0x4b63, 0x19e4, 0x2ac4, 0x2224, 0x3ae3, 0x4ba2, 0x2a64, 0x19e4, 0x1a05, 0x19e4,
  0x2244, 0x6442, 0x1a23, 0x1a04, 0x1a04, 0x3b42, 0x32e3, 0x19a4, 0x1985, 0x2205, 0x2aa4, 0x2a84,
  0x2244, 0x2244, 0x3303, 0x3b43, 0x7483, 0x6c62, 0x8d61, 0x53a2, 0x5402, 0x32a3, 0x19e4, 0x1a05,
  0x2204, 0x3b03, 0x5402, 0x32c4, 0x2aa4, 0x2ac4, 0x2a84, 0x19e5, 0x19e5, 0x19c4, 0x2a63, 0x53e2,
  0x53a2, 0x74c1, 0x5c22, 0x4b82, 0x2ac4, 0x2a84, 0x2a84, 0x2a83, 0x2a84, 0x2aa4, 0x2a84, 0x2a84,
  0x5c03, 0x5c23, 0x3b03, 0x5c22, 0x4b83, 0x53c2, 0x2ac3, 0x6c62, 0x6442, 0x3b43, 0x4383, 0x2204,
  0x2205, 0x2225, 0x2205, 0x1a24, 0x2264, 0x2ac4, 0x32e3, 0x32c3, 0x4363, 0x4bc3, 0x8503, 0x4324,
  0x2244, 0x32c4, 0x4384, 0x2204, 0x2244, 0x2aa3, 0x2ac3, 0x2a83, 0x32c3, 0x53c3, 0x5bc2, 0x4b83,
  0x2ac3, 0x32e3, 0x32a4, 0x2a85, 0x2aa4, 0x2a64, 0x21e4, 0x19c4, 0x2204, 0x3304, 0x3b23, 0x74a2,
  0x4304, 0x3b05, 0x2225, 0x2a64, 0x3ae3, 0x32c3, 0x3b03, 0x5402, 0x5c22, 0x5401, 0x53e2, 0x3b63,
  0x4bc3, 0x8502, 0x7ce2, 0x6c62, 0x4323, 0x2224, 0x3b03, 0x3ac3, 0x2205, 0x2205, 0x2224, 0x4be3,
  0x6ca1, 0x5362, 0x2a84, 0x3304, 0x2a64, 0x21e5, 0x2aa4, 0x2244, 0x2224, 0x2a64, 0x32c3, 0x4342,
  0x2a83, 0x5382, 0x5c01, 0x4ba1, 0x3302, 0x7d02, 0x4344, 0x3b63, 0x2264, 0x1a04, 0x2224, 0x3b03,
  0x6c62, 0x6c62, 0x3b02, 0x53a2, 0x2a84, 0x2a84, 0x2224, 0x2244, 0x2a84, 0x2224, 0x19e4, 0x4b83,
  0x5be3, 0x3b24, 0x32c4, 0x7ce2, 0x5c02, 0x2ac3, 0x4b63, 0x7ce1, 0x6422, 0x3b03, 0x4362, 0x4362,
  0x3b03, 0x3b24, 0x2a84, 0x32a4, 0x2264, 0x2aa4, 0x2aa3, 0x32e3, 0x53e3, 0x53e2, 0x6c62, 0x8502,
  0x4343, 0x53e3, 0x21c5, 0x19a4, 0x2aa3, 0x32c3, 0x4bc2, 0x21e4, 0x2224, 0x2284, 0x2204, 0x19e4,
  0x19e5, 0x1a04, 0x4ba3, 0x4342, 0x4382, 0x4362, 0x5c22, 0x6423, 0x4363, 0x3b03, 0x2a84, 0x21e4,
  0x19c4, 0x2a45, 0x19e5, 0x19e5, 0x19c4, 0x2a63, 0x4382, 0x2243, 0x1a04, 0x4b84, 0x3303, 0x2a83,
  0x19e4, 0x19c4, 0x19c4, 0x19c3, 0x6462, 0x4b82, 0x2224, 0x2245, 0x2264, 0x32c3, 0x19e4, 0x1164,
  0x1144, 0x1964, 0x19e4, 0x2aa5, 0x2224, 0x2224, 0x32c4, 0x4362, 0x3b03, 0x2a65, 0x19c5, 0x19a4,
  0x3b24, 0x4be2, 0x32a3, 0x1184, 0x2264, 0x3b43, 0x19a5, 0x1965, 0x1165, 0x2224, 0x2264, 0x19c4,
  0x19e4, 0x11a4, 0x19e5, 0x19e5, 0x2aa4, 0x4ba3, 0x9dc3, 0x53c1, 0x5c42, 0x2a64, 0x19e4, 0x19e4,
  0x2244, 0x4ba3, 0x64a2, 0x2ac4, 0x1a25, 0x32c4, 0x2aa5, 0x19c5, 0x19a4, 0x19c4, 0x3b64, 0x4344,
  0x6422, 0x53e3, 0x2ac4, 0x2ac4, 0x2a84, 0x2aa3, 0x4343, 0x4343, 0x2a84, 0x2244, 0x19e4, 0x19e4,
  0x32c4, 0x5402, 0x5c41, 0x74c2, 0xae03, 0x5c02, 0x4ba2, 0x4ba2, 0x3b43, 0x2aa3, 0x32e4, 0x1984,
  0x2224, 0x3b83, 0x2264, 0x3304, 0x2244, 0x4323, 0x2aa4, 0x2284, 0x3304, 0x4ba3, 0x84e2, 0x4344,
  0x19e4, 0x19c4, 0x3324, 0x2264, 0x1a24, 0x2243, 0x4363, 0x2263, 0x3b44, 0x6482, 0x5c02, 0x4b63,
  0x2a84, 0x1a04, 0x2264, 0x4383, 0x3b44, 0x19c5, 0x1985, 0x1984, 0x19a4, 0x2244, 0x22a4, 0x2a85,
  0x2225, 0x2b04, 0x2265, 0x19e5, 0x2ac3, 0x3ae3, 0x2a83, 0x2a83, 0x4382, 0x4bc2, 0x4383, 0x2284,
  0x2ae3, 0x4ba2, 0x8541, 0x4bc3, 0x21e5, 0x4bc3, 0x4be2, 0x4342, 0x21e5, 0x19a5, 0x19a5, 0x2aa3,
  0x4382, 0x21c5, 0x21c5, 0x3344, 0x2225, 0x1985, 0x2224, 0x3b43, 0x32e3, 0x19c4, 0x2204, 0x32c4,
  0x32c3, 0x4ba2, 0x5401, 0x3b42, 0x2ac3, 0x32c4, 0x2a64, 0x2264, 0x2284, 0x2205, 0x19c4, 0x2a63,
  0x7482, 0x53e2, 0x43a2, 0x32e4, 0x2264, 0x2244, 0x32a4, 0x2aa4, 0x43a5, 0x2224, 0x19c4, 0x2244,
  0x43e4, 0x3b64, 0x2a84, 0x4be2, 0x43c1, 0x32e3, 0xa626, 0x7ce3, 0x8d22, 0x9dc3, 0x4bc3, 0x2aa3,
  0x1a04, 0x2224, 0x2224, 0x2224, 0x32c4, 0x2ac3, 0x2ac3, 0x32c4, 0x2a84, 0x2aa4, 0x4bc3, 0x5c22,
  0x32c3, 0x3b03, 0x1985, 0x1985, 0x2a44, 0x32e3, 0x3b42, 0x19a4, 0x1144, 0x2aa4, 0x2a84, 0x19c5,
  0x19c5, 0x19c4, 0x32c4, 0x43c2, 0x4382, 0x74a2, 0x3283, 0x2a63, 0x2ae3, 0x3b23, 0x2a84, 0x21e4,
  0x19e5, 0x32c5, 0x19c4, 0x19c4, 0x19a4, 0x2a83, 0x3303, 0x2243, 0x1184, 0x2263, 0x3342, 0x19c4,
  0x19a4, 0x2224, 0x19c4, 0x5c04, 0x5c23, 0x2a84, 0x19a4, 0x19a5, 0x19e5, 0x19e4, 0x1144, 0x0924,
  0x3164, 0x3144, 0x3185, 0x2164, 0x10e3, 0x1103, 0x3263, 0x4342, 0x21c5, 0x2a25, 0x21c5, 0x19c4,
  0x2a64, 0x2aa3, 0x21c4, 0x1104, 0x21e4, 0x3b43, 0x2165, 0x2145, 0x2145, 0x1925, 0x1124, 0x1104,
  0x21e4, 0x3ae3, 0x4b43, 0x2a64, 0x3ac4, 0x8504, 0x9583, 0x4b81, 0x32e3, 0x19c4, 0x19c4, 0x19c4,
  0x19e4, 0x21e4, 0x3aa4, 0x3b03, 0x2a44, 0x2a64, 0x29e5, 0x2165, 0x2165, 0x1945, 0x19c4, 0x2a84,
  0x4b64, 0x32c4, 0x2aa4, 0x2ac4, 0x32e3, 0x6441, 0x8501, 0x7481, 0x5be2, 0x53a3, 0x5bc3, 0x2a24,
  0x2205, 0x3ae4, 0x4383, 0x74c2, 0xae02, 0x6404, 0x2265, 0x32a4, 0x32c3, 0x2204, 0x1965, 0x1904,
  0x2a24, 0x3b62, 0x2a24, 0x1944, 0x3304, 0x4bc3, 0x2204, 0x2a64, 0x2204, 0x3b03, 0x53c3, 0x2a84,
  0x4364, 0x2185, 0x2185, 0x2185, 0x1965, 0x2204, 0x74e1, 0x4324, 0x19c5, 0x32c4, 0x4343, 0x32c5,
  0x2a45, 0x1965, 0x2a64, 0x2aa4, 0x2a84, 0x2166, 0x2165, 0x2165, 0x1945, 0x1925, 0x1944, 0x2965,
  0x2185, 0x2185, 0x1924, 0x2144, 0x4343, 0x6441, 0x32a4, 0x21e4, 0x21e4, 0x4383, 0x32e4, 0x1985,
  0x19a4, 0x32c3, 0x4ba3, 0x4383, 0x1985, 0x2a64, 0x32a3, 0x2a44, 0x2185, 0x2165, 0x1945, 0x21a5,
  0x21c4, 0x1945, 0x2145, 0x2a24, 0x2185, 0x1945, 0x1965, 0x2a64, 0x2a43, 0x19a4, 0x21e4, 0x2204,
  0x32c4, 0x5c03, 0x4324, 0x21e4, 0x3ac4, 0x5c02, 0x2a05, 0x2185, 0x2185, 0x2165, 0x2185, 0x5be3,
  0x74c2, 0x4bc2, 0x4363, 0x2a25, 0x21e4, 0x21e4, 0x74a2, 0x5383, 0x19c5, 0x1985, 0x1984, 0x1984,
  0x4363, 0x3ae4, 0x21c5, 0x4383, 0x32a4, 0x2204, 0x6c44, 0xa601, 0x7482, 0x4ba3, 0x3b63, 0x19e4,
  0x2a43, 0x6401, 0x5bc2, 0x4343, 0x6424, 0x7483, 0x32c3, 0x3ae4, 0x2aa4, 0x2a64, 0x32a4, 0x3b03,
  0x2a44, 0x21c4, 0x1925, 0x2145, 0x2165, 0x21e4, 0x3302, 0x2a23, 0x2985, 0x3aa4, 0x3264, 0x1965,
  0x1965, 0x1964, 0x19e4, 0x2aa3, 0x3303, 0x9dc2, 0x7ca3, 0x21e3, 0x19c4, 0x2a84, 0x4381, 0x2204,
  0x1924, 0x1924, 0x1924, 0x2165, 0x2164, 0x1944, 0x2a43, 0x2204, 0x1104, 0x2243, 0x2a63, 0x1945,
  0x1965, 0x2a84, 0x2a64, 0x3aa4, 0x3ac3, 0x1144, 0x1944, 0x2144, 0x2965, 0x2964, 0x3184, 0x3184,
  0xc4ec, 0xc4cc, 0xbc8b, 0xac2a, 0x82e8, 0x6206, 0x3165, 0x2145, 0x3966, 0x41a6, 0x31c5, 0x1985,
  0x1105, 0x1144, 0x2945, 0x51c6, 0x3986, 0x2125, 0x2945, 0x41a6, 0x49c6, 0x41a6, 0x3985, 0x1905,
  0x2184, 0x5c03, 0x3b03, 0x4324, 0x6c64, 0xa623, 0x4b43, 0x2a83, 0x1a04, 0x1925, 0x1965, 0x1985,
  0x1965, 0x2145, 0x2945, 0x2185, 0x1965, 0x2946, 0x3966, 0x49c6, 0x3965, 0x3145, 0x2945, 0x2185,
  0x2204, 0x1a04, 0x2aa4, 0x2244, 0x32c4, 0x6ca2, 0x53c2, 0x5343, 0x2a24, 0x6442, 0x6422, 0x4304,
  0x2a05, 0x21a5, 0x3ae4, 0x4c03, 0x6403, 0x6c43, 0x2a05, 0x2205, 0x21a5, 0x2145, 0x2945, 0x2925,
  0x1905, 0x1925, 0x2945, 0x39a6, 0x29c5, 0x2245, 0x21c5, 0x53a4, 0x4304, 0x2244, 0x53e4, 0x6422,
  0x3ac4, 0x2966, 0x3986, 0x5a07, 0x51e6, 0x2944, 0x2243, 0x3b63, 0x29e5, 0x2165, 0x21a5, 0x2a85,
  0x4b25, 0x2965, 0x1965, 0x1965, 0x2165, 0x5a27, 0x6a67, 0x49c6, 0x41a6, 0x59e6, 0x7267, 0x6248,
  0x39a6, 0x41c6, 0x3986, 0x2925, 0x1964, 0x2a83, 0x19e4, 0x1944, 0x2a04, 0x4b44, 0x2185, 0x2965,
  0x2965, 0x1984, 0x21e4, 0x3aa4, 0x2965, 0x2965, 0x29c5, 0x29a5, 0x6207, 0x6227, 0x5a06, 0x39a6,
  0x41c6, 0x7287, 0x6226, 0x2125, 0x3165, 0x59e6, 0x3965, 0x1124, 0x1944, 0x1924, 0x31c5, 0x2a05,
  0x2a04, 0x29e5, 0x2165, 0x2165, 0x53a3, 0x4324, 0x2985, 0x49c6, 0x5a27, 0x3165, 0x2145, 0x4304,
  0x4344, 0x4ba3, 0x32a4, 0x4345, 0x4b64, 0x29c5, 0x53c4, 0x29a5, 0x2945, 0x2145, 0x2124, 0x1924,
  0x2164, 0x2165, 0x2165, 0x2a25, 0x2185, 0x2a05, 0x6c63, 0x8d62, 0x3b03, 0x2a84, 0x2205, 0x1985,
  0x4b03, 0x74c1, 0x6c82, 0x2a04, 0x4b44, 0x3b44, 0x3264, 0x32a4, 0x43a4, 0x2244, 0x2a64, 0x2a24,
  0x2185, 0x2925, 0x3165, 0x5227, 0x49e7, 0x39a6, 0x1965, 0x2145, 0x2925, 0x2945, 0x2145, 0x2145,
  0x2125, 0x1924, 0x19a5, 0x19a5, 0x19a5, 0x6c23, 0xa5e1, 0x6c03, 0x2184, 0x2145, 0x21a4, 0x1945,
  0x2985, 0x49c6, 0x41a6, 0x2925, 0x2125, 0x2165, 0x2104, 0x2104, 0x3145, 0x1904, 0x1924, 0x4186,
  0x2945, 0x1985, 0x1985, 0x2165, 0x3165, 0x6a47, 0x9328, 0xa3ea, 0xcccb, 0xc4ab, 0xc4ab, 0xc4ab,
  0xe630, 0xe650, 0xddce, 0xd52d, 0xcd2d, 0xabea, 0x8328, 0x5a46, 0x49c6, 0x49a6, 0x39c6, 0x3145,
  0x3146, 0x49c6, 0x39a6, 0x51e6, 0x5a06, 0x51e6, 0x5a07, 0x4186, 0x51e6, 0x6247, 0x7aa7, 0x51e6,
  0x2104, 0x1964, 0x1165, 0x2205, 0x74c5, 0x6c25, 0x2145, 0x2145, 0x2145, 0x2146, 0x3165, 0x2965,
  0x2165, 0x5a47, 0x6247, 0x5a07, 0x51e6, 0x49c6, 0x6248, 0x6248, 0x5207, 0x49c6, 0x2945, 0x2105,
  0x1925, 0x1965, 0x2a44, 0x1945, 0x19c4, 0x3304, 0x3264, 0x1965, 0x1945, 0x2185, 0x21a4, 0x2125,
  0x2985, 0x2125, 0x2a25, 0x2a84, 0x2204, 0x4323, 0x2a04, 0x1946, 0x2166, 0x3186, 0x5a27, 0x6a47,
  0x5a06, 0x4186, 0x41a6, 0x6267, 0x5aa6, 0x2145, 0x2125, 0x3aa5, 0x4bc5, 0x21e5, 0x2a45, 0x4be3,
  0x29c5, 0x2966, 0x5227, 0x6a67, 0x7288, 0x5a26, 0x41e5, 0x3284, 0x31a5, 0x3186, 0x2985, 0x2165,
  0x3a66, 0x49c5, 0x39a6, 0x3185, 0x41c6, 0x72a8, 0x7aa8, 0x7aa8, 0x72a7, 0x82e7, 0xa388, 0x9349,
  0x7288, 0x7288, 0x6a47, 0x6227, 0x6287, 0x3185, 0x41a5, 0x2125, 0x3205, 0x3a25, 0x39a6, 0x41a6,
  0x49e6, 0x41a6, 0x41a6, 0x3a06, 0x3a06, 0x4a26, 0x4a26, 0x6a67, 0x7aa8, 0x7aa8, 0x7288, 0x7287,
  0x9b89, 0x9b88, 0x82e8, 0x6a67, 0x6227, 0x6a67, 0x5a27, 0x49c6, 0x3145, 0x2945, 0x4206, 0x3a25,
  0x2925, 0x3165, 0x3185, 0x31c6, 0x4304, 0x2985, 0x41a6, 0x8b08, 0x6a87, 0x51e6, 0x3165, 0x2165,
  0x3ac4, 0x4324, 0x29a5, 0x53a5, 0x3a65, 0x2145, 0x21a5, 0x41e6, 0x6248, 0x3986, 0x3985, 0x49c6,
  0x41a5, 0x51e6, 0x2965, 0x2145, 0x2145, 0x2a05, 0x4384, 0x4344, 0x21a5, 0x2165, 0x1945, 0x1905,
  0x1924, 0x4b24, 0x3265, 0x2145, 0x2185, 0x2b25, 0x1965, 0x29c5, 0x3285, 0x2205, 0x2205, 0x2125,
  0x2125, 0x3145, 0x41a6, 0x5207, 0x6a68, 0x5a07, 0x3965, 0x4186, 0x51c6, 0x51c6, 0x41a6, 0x2125,
  0x49e6, 0x2965, 0x1904, 0x1945, 0x2145, 0x21e5, 0x4b63, 0x5383, 0x21e5, 0x3a86, 0x41c5, 0x2105,
  0x6267, 0x72a7, 0x6246, 0x3966, 0x3986, 0x49a6, 0x3965, 0x3985, 0x41a5, 0x4186, 0x41a6, 0x59e6,
  0x51c6, 0x2125, 0x2145, 0x41a6, 0x82e8, 0xb42a, 0xbcab, 0xddce, 0xddad, 0xddad, 0xd58d, 0xd54c,
  0xddce, 0xe60f, 0xddef, 0xd56d, 0xd56d, 0xd52d, 0xabe9, 0x8b28, 0x6247, 0x51e6, 0x5a27, 0x5a27,
  0x49c6, 0x5a07, 0x5a27, 0x6a67, 0x7287, 0x6a67, 0x6247, 0x6227, 0x6227, 0x82e8, 0x9369, 0x7287,
  0x49a6, 0x3966, 0x2985, 0x3205, 0x29e5, 0x2165, 0x2945, 0x41a6, 0x41a6, 0x41a6, 0x49e6, 0x5a06,
  0x5206, 0x6a88, 0x7ac8, 0x82e8, 0x7ac8, 0x7aa8, 0x7288, 0x7267, 0x7287, 0x6227, 0x41a6, 0x3166,
  0x3965, 0x3965, 0x2945, 0x2925, 0x1925, 0x1985, 0x2145, 0x2945, 0x2945, 0x3165, 0x3145, 0x2925,
  0x2925, 0x2925, 0x2945, 0x2945, 0x2185, 0x21c5, 0x2965, 0x49c6, 0x51e6, 0x6226, 0x82c7, 0x9328,
  0x82c7, 0x6227, 0x5a27, 0x6246, 0x8327, 0x9328, 0x49c6, 0x39a6, 0x3306, 0x29e6, 0x3205, 0x3b24,
  0x49e6, 0x5a26, 0x7ac7, 0x82c8, 0x82e8, 0xb429, 0xbc89, 0x6286, 0x5a27, 0x5a27, 0x49e7, 0x41e6,
  0x41c6, 0x5206, 0x5a27, 0x5a27, 0x6a88, 0x82e8, 0x8b09, 0x8309, 0x8b28, 0xb42a, 0xccab, 0xb3ea,
  0x9328, 0x9348, 0x8ae8, 0x9369, 0x8b29, 0x6a67, 0x6247, 0x5a47, 0x39c6, 0x3986, 0x6247, 0x6a67,
  0x6a67, 0x6a47, 0x6247, 0x5206, 0x5247, 0x6aa7, 0x72a7, 0x8b08, 0xa3a9, 0xa3a9, 0x9308, 0x9328,
  0xc4ea, 0xd52b, 0xa3a9, 0x7287, 0x6a67, 0x72a8, 0x72a8, 0x72a8, 0x5a27, 0x6247, 0x5a27, 0x5207,
  0x6227, 0x6247, 0x6227, 0x4a46, 0x5aa6, 0x6a67, 0x6247, 0x8b28, 0x9b48, 0x82c7, 0x6226, 0x5226,
  0x42a4, 0x2a45, 0x31a6, 0x31e6, 0x39a5, 0x49e6, 0x4a26, 0x7ac8, 0x7aa8, 0x5a27, 0x5a06, 0x82a7,
  0x7aa7, 0x6a26, 0x51e6, 0x49c6, 0x49c6, 0x41c6, 0x29a5, 0x2985, 0x2925, 0x3985, 0x3985, 0x3165,
  0x3145, 0x2945, 0x2965, 0x2965, 0x2965, 0x19a5, 0x2945, 0x2945, 0x2105, 0x2125, 0x41a6, 0x39a6,
  0x4186, 0x5a06, 0x6247, 0x6227, 0x6227, 0x6226, 0x6226, 0x6a46, 0x6a67, 0x6227, 0x51e6, 0x49c6,
  0x6a67, 0x51e6, 0x41a6, 0x41a6, 0x3965, 0x2945, 0x1965, 0x1945, 0x31e5, 0x42a6, 0x49e6, 0x5a27,
  0x82e8, 0x7aa7, 0x7287, 0x5a06, 0x51e6, 0x5a06, 0x5a06, 0x6a67, 0x6267, 0x5a27, 0x6227, 0x51c6,
  0x51c6, 0x51e6, 0x51e6, 0x7267, 0xabea, 0xbc8b, 0xd58d, 0xe5ee, 0xd58d, 0xd5ad, 0xd5ae, 0xd56d,
  0xddef, 0xddef, 0xd58e, 0xcd2c, 0xc4ec, 0xc4ab, 0xc48b, 0x9348, 0x6a67, 0x7287, 0x72a8, 0x7ac8,
  0x5a07, 0x51c6, 0x5a07, 0x5a27, 0x6a47, 0x7aa7, 0x7287, 0x6a67, 0x6a67, 0x7ac8, 0x6a87, 0x6a67,
  0x6a67, 0x5207, 0x49e6, 0x72a7, 0x7266, 0x6226, 0x49c6, 0x5207, 0x72a8, 0x6a47, 0x6a47, 0x7aa7,
  0x9369, 0x9ba9, 0xb44a, 0xbc8b, 0xbc8a, 0xc4cc, 0xc4ec, 0xc4cb, 0xac2a, 0x82c7, 0x6a47, 0x51e6,
  0x5a06, 0x6227, 0x5a06, 0x49a6, 0x49a6, 0x3985, 0x59e6, 0x7266, 0x5a06, 0x49c6, 0x6a67, 0x6a47,
  0x5a06, 0x51e6, 0x5a06, 0x5a06, 0x49c6, 0x41a6, 0x6227, 0x6a47, 0x7287, 0x8ae7, 0x82e8, 0x82c8,
  0x8b08, 0x6a67, 0x5a07, 0x6247, 0xa389, 0x9329, 0x51e7, 0x5247, 0x52c7, 0x6227, 0x5a26, 0x39e6,
  0x7267, 0x82c7, 0xabc9, 0xaba9, 0x8b08, 0xbc29, 0xbc49, 0xabe9, 0x82e8, 0x7ac8, 0x7ac8, 0x7ac8,
  0x9328, 0x9b68, 0x82e8, 0x6a67, 0x7ac8, 0xabc9, 0x9b89, 0x6a68, 0x6a68, 0x7ac8, 0x72a7, 0x6a67,
  0x6226, 0x6246, 0xb46a, 0xcccb, 0x9b89, 0x7aa8, 0x7aa8, 0x82e8, 0x7ac8, 0x7287, 0x9328, 0xb3e9,
  0xb409, 0x9368, 0x7aa8, 0x7aa8, 0x82c8, 0x82e8, 0x82e8, 0x9b89, 0xb42a, 0x9368, 0x7ac8, 0x72a7,
  0x72a7, 0x72a7, 0x6247, 0x51e6, 0x6a67, 0xa3a9, 0xa3a9, 0x82c8, 0x82c7, 0x8ae8, 0x9328, 0x9348,
  0x9348, 0x7288, 0x7288, 0x8b08, 0xbc29, 0xc46a, 0xabc9, 0x9b68, 0xa3a8, 0xaba8, 0x7a87, 0x6247,
  0x5246, 0x41e6, 0x5a26, 0x6a67, 0x6247, 0x7287, 0xa3a9, 0xa369, 0x6247, 0x5a27, 0x6a67, 0x9b48,
  0x9328, 0x7aa8, 0x6a67, 0x5207, 0x6227, 0x6247, 0x51e6, 0x51e6, 0x4186, 0x5a06, 0x6a67, 0x6226,
  0x6206, 0x59e6, 0x5206, 0x6247, 0x6a67, 0x51e6, 0x49c6, 0x51e6, 0x3966, 0x51e6, 0x6227, 0x5a27,
  0x5a06, 0x72a7, 0xac0a, 0xac2a, 0x9ba9, 0xcceb, 0xc4aa, 0xc4cb, 0xbc8b, 0xa3c9, 0x8308, 0x7aa8,
  0x82e8, 0x6a67, 0x51e6, 0x7287, 0x7287, 0x49c6, 0x3985, 0x4185, 0x6a67, 0x6a67, 0x51e7, 0x5207,
  0x6227, 0x5a06, 0x5a06, 0x5a06, 0x6206, 0x6206, 0x5a06, 0x5a26, 0x5a06, 0x59e6, 0x59e6, 0x59e6,
  0x5a06, 0x51c6, 0x6227, 0x8b08, 0xac0a, 0xc4ab, 0xcceb, 0xc4cb, 0xddcf, 0xddef, 0xddad, 0xd58d
};