// array size is 32400
const uint16_t background2[] PROGMEM = {
  0x08c9, 0x08a9, 0x08a9, 0x08ca, 0x192c, 0x192c, 0x110c, 0x194e, 0x194e, 0x196f, 0x21b0, 0x29d1,
  0x3a74, 0x3a53, 0x3254, 0x3a95, 0x4b37, 0x42b5, 0x21b1, 0x29f2, 0x3a74, 0x4b17, 0x4af7, 0x4295,
  0x4b17, 0x42b6, 0x5358, 0x5379, 0x5bdb, 0x6c9c, 0x9e1e, 0xb6be, 0xae7e, 0x9d7c, 0x6378, 0x5297,
  0x5297, 0x4a77, 0x4a98, 0x52d9, 0x52b9, 0x5298, 0x52b9, 0x5ad9, 0x6b3a, 0x6b5a, 0x631a, 0x62fa,
  0x6b5b, 0x6b1b, 0x6afa, 0x7b9d, 0x83bd, 0x9c7c, 0x8bda, 0x51b1, 0x5a12, 0x5214, 0x5235, 0x7af8,
  0x8b39, 0x82f9, 0x6a98, 0x72f8, 0x8339, 0x7277, 0x7a57, 0x7a57, 0x7a56, 0x8297, 0x7a97, 0x7a98,
  0x7277, 0x82d8, 0x82d8, 0x82f8, 0x8b58, 0x7af8, 0x6a99, 0x83fb, 0x9d1c, 0x7339, 0x7a98, 0x7a36,
  0x8a14, 0x9234, 0x9255, 0x7a35, 0x7215, 0x7215, 0x7216, 0x8b16, 0x92f5, 0x8a34, 0x9294, 0x8253,
  0x61d2, 0x5992, 0x5191, 0x4991, 0x4991, 0x4991, 0x4971, 0x4170, 0x72d3, 0x414f, 0x414f, 0x392e,
  0x310d, 0x394e, 0x392d, 0x30ec, 0x30eb, 0x28eb, 0x28eb, 0x290c, 0x28eb, 0x20ea, 0x20ca, 0x20c9,
  0x18a9, 0x18a9, 0x18c9, 0x18a8, 0x1888, 0x1887, 0x18a9, 0x18a9, 0x18a8, 0x1088, 0x1088, 0x10a8,
  0x1087, 0x1067, 0x1087, 0x1087, 0x1087, 0x1087, 0x10a7, 0x18c9, 0x210b, 0x210b, 0x18ca, 0x294b,
  0x8c15, 0xde9c, 0xef1d, 0xe6dd, 0xa4b6, 0x62f1, 0x18ca, 0x18ca, 0x18ca, 0x10a8, 0x1088, 0x08a8,
  0x10a8, 0x08a7, 0x08a7, 0x18e8, 0x0887, 0x0887, 0x0866, 0x0886, 0x0866, 0x0866, 0x0866, 0x0866,
  0x0866, 0x0866, 0x0866, 0x0887, 0x10a7, 0x0887, 0x0866, 0x0866, 0x0866, 0x0045, 0x0045, 0x0866,
  0x0866, 0x0866, 0x0887, 0x0887, 0x1087, 0x0866, 0x0866, 0x0845, 0x0045, 0x0024, 0x0024, 0x0024,
  0x0024, 0x0044, 0x0045, 0x0024, 0x0045, 0x0065, 0x0065, 0x0045, 0x0025, 0x0024, 0x0025, 0x0025,
  0x0024, 0x0024, 0x0045, 0x0024, 0x0024, 0x0025, 0x0024, 0x0024, 0x0024, 0x0024, 0x0024, 0x0024,
  0x0024, 0x0024, 0x0024, 0x0024, 0x0024, 0x0024, 0x0024, 0x0025, 0x0024, 0x0045, 0x298b, 0x0886,
  0x0045, 0x0045, 0x0025, 0x0045, 0x0045, 0x0045, 0x0045, 0x0045, 0x0045, 0x0045, 0x0045, 0x0045,
  0x08a9, 0x08a9, 0x08aa, 0x10eb, 0x194c, 0x194c, 0x194d, 0x21b1, 0x21b1, 0x1990, 0x1990, 0x2190,
  0x21b1, 0x3a54, 0x3a75, 0x42f7, 0x42d7, 0x3a74, 0x3212, 0x3213, 0x4b17, 0x3a54, 0x31f3, 0x3235,
  0x3255, 0x3255, 0x4318, 0x539a, 0x645b, 0x8d9e, 0x95fe, 0xae7e, 0x955d, 0x4ad8, 0x4257, 0x4257,
  0x4257, 0x4a78, 0x52b9, 0x52d9, 0x52b9, 0x52b9, 0x62fa, 0x735b, 0x733a, 0x6b5b, 0x6b7b, 0x73bc,
  0x739c, 0x7bdc, 0x6b3b, 0x7b9c, 0x629a, 0x6ad9, 0x6af9, 0x6276, 0x5a75, 0x4194, 0x5235, 0x72d7,
  0x82d7, 0x8318, 0x6a78, 0x5a57, 0x6277, 0x7ad8, 0x8a97, 0x8235, 0x8234, 0x8ad5, 0xa398, 0x7a96,
  0x6a37, 0x6a37, 0x6a58, 0x7298, 0x7b19, 0x9cdc, 0x731a, 0x6b3b, 0x6af9, 0x6a37, 0x71d5, 0x8215,
  0x8a34, 0x9255, 0x8a35, 0x8235, 0x8235, 0x71f4, 0x69d4, 0x71f4, 0xa335, 0x8a93, 0x61d3, 0x59d2,
  0x59d2, 0x51b1, 0x4970, 0x4970, 0x416f, 0xa475, 0x5a10, 0x396f, 0x394f, 0x392e, 0x414f, 0x392e,
  0x310d, 0x310d, 0x310d, 0x30ec, 0x28cb, 0x28cb, 0x20ca, 0x314d, 0x28eb, 0x20eb, 0x20eb, 0x20ca,
  0x18c9, 0x18a9, 0x18a9, 0x20c9, 0x18a8, 0x18a8, 0x18a9, 0x18a9, 0x1088, 0x1087, 0x1087, 0x18c9,
  0x18c9, 0x1087, 0x1087, 0x1087, 0x1087, 0x1087, 0x1087, 0x10a8, 0x18c9, 0x210b, 0x18ca, 0x41ee,
  0xa4b7, 0x524f, 0x5a91, 0x62f1, 0x290b, 0x10a8, 0x0866, 0x0866, 0x1909, 0x10a8, 0x10a8, 0x10a8,
  0x10c8, 0x08a8, 0x08a7, 0x08a7, 0x0887, 0x0887, 0x0887, 0x0887, 0x0887, 0x0867, 0x0866, 0x0866,
  0x0866, 0x0866, 0x0886, 0x0886, 0x0866, 0x0866, 0x0866, 0x0866, 0x0866, 0x0866, 0x0887, 0x0887,
  0x0887, 0x296a, 0x2129, 0x0887, 0x0867, 0x0887, 0x0887, 0x0866, 0x0846, 0x0045, 0x0025, 0x0024,
  0x0024, 0x0024, 0x0045, 0x0045, 0x0845, 0x0045, 0x0045, 0x0024, 0x0045, 0x0045, 0x0045, 0x0025,
  0x0024, 0x0066, 0x0865, 0x0024, 0x0045, 0x0025, 0x0025, 0x0025, 0x0025, 0x0024, 0x0025, 0x0024,
  0x0024, 0x0024, 0x0024, 0x0024, 0x0025, 0x0045, 0x0045, 0x0046, 0x0025, 0x0025, 0x0045, 0x0045,
  0x0045, 0x0045, 0x0045, 0x0045, 0x0045, 0x0045, 0x0045, 0x0045, 0x0045, 0x0045, 0x0045, 0x0045,
  0x0888, 0x08a9, 0x10eb, 0x110c, 0x112d, 0x21af, 0x29f2, 0x21b1, 0x196f, 0x196f, 0x196f, 0x21b1,
  0x29d2, 0x3234, 0x3a96, 0x42b7, 0x3234, 0x3233, 0x21b1, 0x3a74, 0x3213, 0x29f3, 0x3214, 0x3235,
  0x3ab7, 0x5379, 0x5bfa, 0x6c9b, 0x855d, 0x961e, 0x9e3e, 0x8d3d, 0x52d9, 0x4a78, 0x5298, 0x4258,
  0x4258, 0x4a58, 0x4a58, 0x4a78, 0x5298, 0x5afa, 0x6b3a, 0x735b, 0x837b, 0x9c5c, 0x83db, 0x945b,
  0xad5c, 0x8c3c, 0x737b, 0x6278, 0x4995, 0x49b4, 0x5a57, 0x7339, 0x6277, 0x6256, 0x6256, 0x5a36,
  0x72d8, 0x8339, 0x72d9, 0x5a57, 0x5216, 0x6257, 0x59f4, 0x69d3, 0xa334, 0xbc55, 0x69d3, 0x61d4,
  0x6a36, 0x6a37, 0x59d6, 0x6257, 0x8318, 0xa4ba, 0x837a, 0x69f7, 0x71d6, 0x71b5, 0x79d4, 0x8214,
  0x71f4, 0x7a35, 0x8276, 0x69d4, 0x69d3, 0x61b3, 0x61b3, 0x69f4, 0x61b3, 0x5192, 0x51b2, 0x5191,
  0x4970, 0x414f, 0x392e, 0x416f, 0x416f, 0x416f, 0x416f, 0x394f, 0x394f, 0x310e, 0x394f, 0x312d,
  0x28ec, 0x394e, 0x312d, 0x290b, 0x28cb, 0x28eb, 0x28eb, 0x292c, 0x290c, 0x20eb, 0x20ca, 0x20c9,
  0x18a9, 0x18a9, 0x18c9, 0x18a9, 0x18a8, 0x18a8, 0x18a8, 0x1888, 0x1087, 0x1088, 0x1087, 0x1087,
  0x1088, 0x1088, 0x1087, 0x2129, 0x318b, 0x1087, 0x1087, 0x10a8, 0x10a9, 0x10a9, 0x18ca, 0x292b,
  0x524f, 0x312b, 0x1067, 0x1066, 0x0846, 0x0866, 0x0045, 0x08a7, 0x10a8, 0x10a8, 0x1088, 0x10a8,
  0x08a7, 0x0887, 0x08a7, 0x08a7, 0x08a8, 0x10a8, 0x08a8, 0x0888, 0x0887, 0x0887, 0x0866, 0x0866,
  0x0887, 0x0887, 0x10a8, 0x10a8, 0x0887, 0x0887, 0x0866, 0x0866, 0x0866, 0x0866, 0x0887, 0x08a8,
  0x0887, 0x18e8, 0x18e8, 0x0887, 0x0887, 0x0887, 0x0866, 0x0866, 0x0866, 0x0866, 0x0045, 0x0024,
  0x0024, 0x1086, 0x0845, 0x0865, 0x0045, 0x0045, 0x0045, 0x0045, 0x0045, 0x0045, 0x0045, 0x0025,
  0x8411, 0x9cd4, 0x0845, 0x0024, 0x0045, 0x0025, 0x0025, 0x0024, 0x0024, 0x0024, 0x0045, 0x0025,
  0x0025, 0x0025, 0x0025, 0x0025, 0x0045, 0x08a7, 0x0046, 0x0045, 0x0025, 0x0045, 0x0045, 0x0045,
  0x0025, 0x0045, 0x0046, 0x0045, 0x0045, 0x0046, 0x0046, 0x0045, 0x0046, 0x0046, 0x0045, 0x0046,
  0x08a9, 0x0888, 0x08a9, 0x10eb, 0x218f, 0x29f2, 0x1990, 0x194e, 0x2190, 0x21b1, 0x1990, 0x21b1,
  0x21b2, 0x21d3, 0x21f4, 0x21d3, 0x21b1, 0x2190, 0x3233, 0x3233, 0x29d3, 0x3234, 0x3a97, 0x3a97,
  0x4318, 0x645a, 0x853c, 0x7d3c, 0x857d, 0x9dfe, 0x8d1c, 0x4258, 0x4217, 0x4a58, 0x5af9, 0x6339,
  0x4a78, 0x4a78, 0x4a78, 0x4a78, 0x5299, 0x735b, 0x733b, 0x6b1a, 0x93fc, 0xb4dd, 0xb4dc, 0xb4fb,
  0xc5dc, 0x943b, 0x8bfb, 0x837a, 0x72f9, 0x7319, 0x6298, 0x6299, 0x6ab8, 0xbd1a, 0x7af7, 0x6257,
  0x5216, 0x62b8, 0x7b5a, 0x5a37, 0x49d5, 0x5215, 0x4172, 0x4170, 0x59d1, 0x59d1, 0x59b3, 0x4152,
  0x4974, 0x4974, 0x4174, 0x5216, 0x62d7, 0x83d8, 0x5a16, 0x69d6, 0x79d4, 0x79d2, 0x81d2, 0x79d2,
  0x71d3, 0x8ab6, 0x7a35, 0x61d3, 0x5192, 0x5171, 0x4971, 0x4150, 0x4971, 0x4950, 0x414f, 0x414e,
  0x392d, 0x390c, 0x390d, 0x414e, 0x394e, 0x394e, 0x394e, 0x314e, 0x314e, 0x312e, 0x312d, 0x312d,
  0x290d, 0x312d, 0x28eb, 0x20eb, 0x28eb, 0x28eb, 0x20ea, 0x20ea, 0x292c, 0x292c, 0x398d, 0x18a9,
  0x18a8, 0x18a8, 0x18c9, 0x18a9, 0x1088, 0x1087, 0x10a8, 0x1088, 0x1087, 0x1087, 0x1087, 0x1087,
  0x1087, 0x1087, 0x1087, 0x18c7, 0x18e8, 0x1087, 0x1087, 0x10a8, 0x10a9, 0x10a9, 0x10a8, 0x10a9,
  0x20ea, 0x18c9, 0x0866, 0x0846, 0x0845, 0x0045, 0x0866, 0x10c9, 0x10c9, 0x10c9, 0x10a8, 0x10a8,
  0x0887, 0x0887, 0x0887, 0x08a8, 0x10a8, 0x296a, 0x1909, 0x08a8, 0x0887, 0x0887, 0x0887, 0x0887,
  0x08a8, 0x10a8, 0x10a9, 0x10a8, 0x10a8, 0x08a8, 0x08a7, 0x0887, 0x0887, 0x0887, 0x0887, 0x0888,
  0x0887, 0x0887, 0x0887, 0x0887, 0x0887, 0x0887, 0x0866, 0x0045, 0x0066, 0x0066, 0x0066, 0x0045,
  0x0045, 0x2149, 0x6372, 0x0025, 0x0045, 0x0045, 0x0045, 0x0045, 0x0045, 0x0045, 0x0045, 0x0045,
  0x2969, 0x3189, 0x0025, 0x0025, 0x0045, 0x0025, 0x0025, 0x0024, 0x0025, 0x0025, 0x0025, 0x0025,
  0x0045, 0x0045, 0x0045, 0x0045, 0x0045, 0x0045, 0x0045, 0x0045, 0x0045, 0x0045, 0x0045, 0x0046,
  0x0045, 0x0045, 0x0046, 0x0066, 0x0066, 0x0066, 0x0066, 0x0066, 0x0887, 0x0887, 0x0046, 0x0046,
  0x08aa, 0x08ca, 0x10eb, 0x110c, 0x110d, 0x112e, 0x196f, 0x1990, 0x21b1, 0x19b1, 0x19b1, 0x21d2,
  0x21b2, 0x1991, 0x19b2, 0x1991, 0x1970, 0x2170, 0x3234, 0x29f3, 0x29f4, 0x3255, 0x3256, 0x42d8,
  0x643b, 0x7cfc, 0x7d1c, 0x7d1c, 0x8dbe, 0x6c1a, 0x4238, 0x4a59, 0x4238, 0x4238, 0x7bda, 0x949b,
  0x5299, 0x6b7b, 0x5ad9, 0x4a79, 0x631a, 0x6b5b, 0x735b, 0x8bbc, 0xa43d, 0xac5d, 0x9c3c, 0xacdd,
  0xa47c, 0x839a, 0x7b7a, 0x7b7a, 0x735a, 0x8bda, 0x7319, 0x7b39, 0x62b9, 0x62b8, 0x6ab9, 0x6ab8,
  0x5a37, 0x5a57, 0x6277, 0x51f5, 0x4172, 0x4192, 0x4971, 0x4150, 0x4990, 0x59f2, 0x5192, 0x3952,
  0x49d5, 0x4174, 0x4995, 0x62b7, 0x5a96, 0x51d4, 0x51b4, 0x59b4, 0x9bb6, 0x8a92, 0x8a31, 0x71b1,
  0x61b1, 0x69f3, 0x69f4, 0x5192, 0x4171, 0x4970, 0x412f, 0x414f, 0x414f, 0x392d, 0x310c, 0x390c,
  0x390c, 0x30eb, 0x310d, 0x392e, 0x394f, 0x392e, 0x312d, 0x312d, 0x3990, 0x314e, 0x312d, 0x312d,
  0x312d, 0x312d, 0x290c, 0x20eb, 0x314c, 0x292c, 0x20ea, 0x210b, 0x290b, 0x290b, 0x316c, 0x210b,
  0x20ea, 0x18a9, 0x18a8, 0x18a8, 0x1087, 0x1087, 0x18a9, 0x18c9, 0x1087, 0x1087, 0x1087, 0x1087,
  0x1087, 0x1088, 0x10a7, 0x0887, 0x1087, 0x1087, 0x1088, 0x10a8, 0x10a8, 0x10a8, 0x10a8, 0x10a8,
  0x10a8, 0x18ea, 0x296b, 0x0866, 0x0866, 0x0866, 0x0887, 0x0887, 0x0887, 0x0887, 0x10a8, 0x10a8,
  0x0887, 0x0887, 0x0887, 0x0887, 0x0888, 0x1909, 0x18e9, 0x1909, 0x08a8, 0x10a8, 0x10a8, 0x10a9,
  0x10c9, 0x10c9, 0x10c9, 0x10c9, 0x10c9, 0x18e8, 0x2969, 0x39ca, 0x39ca, 0x39aa, 0x2109, 0x10a8,
  0x0887, 0x0887, 0x0887, 0x0887, 0x0887, 0x0887, 0x0066, 0x0066, 0x0886, 0x0066, 0x0066, 0x0066,
  0x0887, 0x10c8, 0x29ab, 0x0045, 0x0045, 0x0046, 0x0887, 0x0045, 0x0045, 0x0065, 0x0045, 0x0045,
  0x0045, 0x0045, 0x0045, 0x0045, 0x0045, 0x0045, 0x0045, 0x0045, 0x0045, 0x0046, 0x0045, 0x0046,
  0x0066, 0x0046, 0x0046, 0x0046, 0x0046, 0x0045, 0x0045, 0x0046, 0x0046, 0x0046, 0x0046, 0x0066,
  0x0046, 0x0066, 0x0066, 0x0066, 0x0066, 0x0866, 0x0867, 0x0066, 0x0887, 0x0888, 0x0867, 0x0867,
  0x10ec, 0x192e, 0x192e, 0x10ec, 0x10ec, 0x110e, 0x21b1, 0x21d2, 0x1991, 0x1990, 0x19b1, 0x1970,
  0x194f, 0x1970, 0x1970, 0x194f, 0x1970, 0x2191, 0x3234, 0x21b2, 0x2a14, 0x3235, 0x3a97, 0x5bda,
  0x6cbc, 0x74fd, 0x7d7d, 0x8d7d, 0x63da, 0x3a17, 0x39f7, 0x4238, 0x4239, 0x4238, 0x4a99, 0x5299,
  0x5299, 0x52ba, 0x5afa, 0x5afb, 0x7bbc, 0x7bbc, 0x7b5b, 0xac5c, 0x93db, 0x8bbc, 0x8bbc, 0x83bb,
  0x7b9a, 0x7379, 0x6b39, 0x62f8, 0x62d8, 0x6af7, 0x9bf9, 0x7b38, 0x6278, 0x6298, 0x7b39, 0x72f8,
  0x5236, 0x6297, 0x59f5, 0x4992, 0x4171, 0x5192, 0x5172, 0x5171, 0x69f2, 0x61d2, 0x5192, 0x4152,
  0x4994, 0x51b5, 0x51d6, 0x5a14, 0x72b4, 0x59d2, 0x59b3, 0x61d3, 0x82b5, 0x8272, 0x81f0, 0x6990,
  0x5990, 0x61d2, 0x61f4, 0x51b2, 0x4150, 0x4170, 0x414f, 0x392f, 0x392e, 0x310d, 0x310c, 0x392d,
  0x392d, 0x310d, 0x310d, 0x312e, 0x394f, 0x312e, 0x312c, 0x312c, 0x292d, 0x290d, 0x292d, 0x290d,
  0x290c, 0x292c, 0x28eb, 0x20ea, 0x316c, 0x292b, 0x20eb, 0x20eb, 0x210c, 0x210c, 0x18ca, 0x18c9,
  0x18a9, 0x18a9, 0x18a9, 0x18a8, 0x1088, 0x1087, 0x10a8, 0x10a8, 0x1087, 0x1087, 0x1087, 0x1088,
  0x1088, 0x1087, 0x1087, 0x1087, 0x1087, 0x0867, 0x1088, 0x5a4b, 0x626b, 0x18c8, 0x10a7, 0x08a7,
  0x10a8, 0x10a8, 0x0887, 0x0867, 0x0866, 0x0867, 0x0866, 0x0866, 0x0886, 0x0887, 0x0887, 0x0887,
  0x0887, 0x0887, 0x0887, 0x0887, 0x10a8, 0x10e9, 0x3a2d, 0x2149, 0x10a8, 0x10a8, 0x10c9, 0x10c9,
  0x10ea, 0x10ea, 0x212b, 0x39cc, 0x5aee, 0xa4f5, 0xef5d, 0xf77e, 0xde9c, 0xd65c, 0xb519, 0x7bb6,
  0x3a11, 0x31cf, 0x10a8, 0x0887, 0x0887, 0x0886, 0x0086, 0x0887, 0x0066, 0x0866, 0x0866, 0x0866,
  0x10c8, 0x0066, 0x0066, 0x0066, 0x0046, 0x0866, 0x0887, 0x0046, 0x0046, 0x0045, 0x0045, 0x0045,
  0x0045, 0x0045, 0x0045, 0x0045, 0x0066, 0x0046, 0x0046, 0x0046, 0x0066, 0x0066, 0x0046, 0x0046,
  0x0066, 0x0066, 0x0045, 0x0046, 0x0066, 0x0066, 0x0045, 0x0046, 0x0067, 0x0066, 0x0066, 0x0066,
  0x0066, 0x0066, 0x0066, 0x0887, 0x0887, 0x0887, 0x0887, 0x0887, 0x0888, 0x192c, 0x10ea, 0x08a9,
  0x112e, 0x194f, 0x112f, 0x110d, 0x110d, 0x110e, 0x112e, 0x194f, 0x112e, 0x112d, 0x194f, 0x196f,
  0x194f, 0x194f, 0x192e, 0x1970, 0x2170, 0x2170, 0x2191, 0x21d2, 0x2a14, 0x3255, 0x4339, 0x6cdd,
  0x859e, 0x7d7e, 0x74dc, 0x4278, 0x4218, 0x4a79, 0x4238, 0x4a59, 0x4239, 0x4a58, 0x8bf9, 0x83d9,
  0x5aba, 0x5ada, 0x6b3b, 0x735b, 0x83bc, 0x83bb, 0x837b, 0x835b, 0x7b5b, 0x837b, 0x733a, 0x6b1a,
  0x6b19, 0x7bd9, 0x62f7, 0x62f8, 0x5ad7, 0x8399, 0xac79, 0x8b58, 0x7ad8, 0x7297, 0x6257, 0x6257,
  0x5a37, 0x5a16, 0x51d4, 0x4151, 0x4951, 0x5992, 0x5972, 0x5972, 0x71f3, 0x69d3, 0x69b3, 0x69d4,
  0x61d6, 0x6a18, 0x6195, 0x69f4, 0x82f3, 0x7232, 0x69f1, 0x596f, 0x59b0, 0x71f1, 0x71b0, 0x616f,
  0x59b0, 0x59b1, 0x59d2, 0x5170, 0x414f, 0x394f, 0x392e, 0x394f, 0x312d, 0x312d, 0x392d, 0x392d,
  0x310d, 0x310d, 0x310d, 0x312e, 0x312e, 0x312d, 0x310c, 0x290c, 0x292d, 0x292e, 0x292d, 0x290c,
  0x290c, 0x314c, 0x20ea, 0x20ca, 0x20c9, 0x20ca, 0x210b, 0x20eb, 0x20eb, 0x210c, 0x20cb, 0x318b,
  0x8c13, 0x18a9, 0x1088, 0x1088, 0x1088, 0x1087, 0x1087, 0x10a8, 0x1087, 0x1087, 0x1088, 0x1088,
  0x1088, 0x1087, 0x1087, 0x0887, 0x10a8, 0x1088, 0x10a9, 0x836f, 0xa3cf, 0x20c8, 0x0887, 0x0887,
  0x0887, 0x0887, 0x0866, 0x0866, 0x0867, 0x0887, 0x0866, 0x0886, 0x0886, 0x0887, 0x0887, 0x0887,
  0x7390, 0x6b4f, 0x0887, 0x08a8, 0x10c9, 0x10e9, 0x31cc, 0x1929, 0x10c8, 0x10c9, 0x10ea, 0x110a,
  0x31cc, 0x8432, 0xbdb9, 0xe71d, 0xe71d, 0xf77e, 0xf7bf, 0xe71d, 0xacf9, 0xa4b9, 0x83b6, 0x41f1,
  0x3190, 0x4a52, 0x4a50, 0x316c, 0x18e9, 0x0887, 0x0887, 0x0887, 0x0887, 0x0886, 0x0887, 0x0887,
  0x0887, 0x0866, 0x0066, 0x0867, 0x0066, 0x0066, 0x0046, 0x0045, 0x0866, 0x0866, 0x0866, 0x0865,
  0x0045, 0x0045, 0x0066, 0x0066, 0x0066, 0x0066, 0x0067, 0x0887, 0x1908, 0x0867, 0x0066, 0x0066,
  0x0066, 0x0066, 0x0045, 0x0066, 0x0867, 0x0867, 0x0867, 0x0867, 0x0867, 0x0866, 0x0066, 0x0066,
  0x0867, 0x0887, 0x0887, 0x0887, 0x0887, 0x0888, 0x0888, 0x0887, 0x0888, 0x08a8, 0x0867, 0x0867,
  0x110e, 0x112f, 0x112e, 0x110e, 0x110d, 0x110e, 0x110d, 0x10ec, 0x10ec, 0x110d, 0x192e, 0x112e,
  0x110d, 0x216f, 0x194f, 0x2191, 0x2171, 0x2170, 0x2191, 0x21d3, 0x3276, 0x4b7a, 0x5c7c, 0x649d,
  0x751d, 0x5bda, 0x3a17, 0x39d7, 0x39f8, 0x3a18, 0x4258, 0x4238, 0x4218, 0x4a58, 0xb51a, 0xc57a,
  0x5a99, 0x631b, 0x6b1b, 0x62fa, 0x737b, 0x7b9b, 0x6afa, 0x6afa, 0x62fa, 0x6ad9, 0x62b9, 0x5a99,
  0x5ab9, 0x6318, 0x5ab8, 0x5297, 0x9439, 0x5a77, 0x6299, 0x6a98, 0x7af8, 0x7ab7, 0x7ad7, 0x51d6,
  0x49d5, 0x4173, 0x4151, 0x4971, 0x4972, 0x4973, 0x4953, 0x5173, 0x5193, 0x6213, 0x82f5, 0x5173,
  0x5173, 0x6994, 0x6994, 0x6192, 0x6191, 0x69f2, 0x8272, 0x618f, 0x514e, 0x516f, 0x598f, 0x496f,
  0x414f, 0x414e, 0x498f, 0x7af3, 0x394f, 0x392e, 0x312d, 0x314e, 0x312e, 0x312d, 0x394d, 0x314e,
  0x312e, 0x312d, 0x312e, 0x394e, 0x314e, 0x312d, 0x292c, 0x292d, 0x292d, 0x292d, 0x290c, 0x20eb,
  0x20eb, 0x20eb, 0x20ea, 0x20ca, 0x18c9, 0x20eb, 0x210c, 0x20eb, 0x20eb, 0x20cb, 0x18ca, 0x20ea,
  0x39ab, 0x1088, 0x1088, 0x1088, 0x10a8, 0x1087, 0x1087, 0x1087, 0x1087, 0x1087, 0x1087, 0x0867,
  0x0867, 0x1087, 0x10a8, 0x1088, 0x1088, 0x0888, 0x08a8, 0x0888, 0x08a8, 0x0887, 0x0887, 0x0887,
  0x0886, 0x0866, 0x0866, 0x0866, 0x0866, 0x0866, 0x0866, 0x0866, 0x0886, 0x0887, 0x0887, 0x0887,
  0x2108, 0x1908, 0x10e9, 0x10c9, 0x10c9, 0x10c9, 0x10c9, 0x10c9, 0x10c9, 0x10ea, 0x190b, 0x94b4,
  0xe73d, 0xf79e, 0xde9c, 0xad38, 0x83d5, 0xd67c, 0xe71d, 0xde7c, 0xb539, 0x9c77, 0x6b13, 0x314d,
  0x6b54, 0x9478, 0xa4d9, 0x7395, 0x5250, 0x210a, 0x10a8, 0x0887, 0x0887, 0x0887, 0x0887, 0x0887,
  0x0887, 0x0887, 0x0066, 0x0866, 0x0066, 0x0867, 0x0046, 0x0066, 0x0866, 0x0066, 0x0866, 0x0046,
  0x3a0d, 0x0886, 0x0066, 0x0087, 0x0067, 0x0067, 0x0887, 0x31cb, 0x8453, 0x0887, 0x0867, 0x0887,
  0x0887, 0x0887, 0x0887, 0x0888, 0x0888, 0x0888, 0x0888, 0x0888, 0x0888, 0x0888, 0x0887, 0x0867,
  0x0888, 0x0888, 0x0888, 0x0887, 0x0888, 0x10e9, 0x3a0d, 0x0888, 0x10c9, 0x10a8, 0x0887, 0x0887,
  0x112e, 0x112f, 0x194f, 0x112e, 0x10ed, 0x10ed, 0x10ec, 0x110d, 0x110d, 0x112d, 0x110c, 0x110c,
  0x110d, 0x194f, 0x194f, 0x2170, 0x29d2, 0x2171, 0x21d3, 0x3ad7, 0x435a, 0x647d, 0x649d, 0x5c5c,
  0x42d8, 0x31d6, 0x31b6, 0x39f7, 0x39f8, 0x3a18, 0x52f8, 0x5b39, 0x4a38, 0x4a59, 0x62d9, 0x6af9,
  0x5a9a, 0x5a9a, 0x5a99, 0x6b3b, 0x739b, 0x6b1a, 0x5279, 0x5a99, 0x62fa, 0x4a37, 0x5278, 0x5278,
  0x4a37, 0x4a37, 0x5257, 0x5257, 0x62b8, 0x5218, 0x5218, 0x6a78, 0x8b58, 0x5a16, 0x51d6, 0x49b6,
  0x49b5, 0x4993, 0x4172, 0x4992, 0x4972, 0x5a36, 0x49b4, 0x59d4, 0x6a55, 0x4993, 0x4171, 0x4151,
  0x4990, 0x59b1, 0x59b1, 0x59d1, 0x72b2, 0x7b12, 0x6a10, 0x596e, 0x492d, 0x496e, 0x414e, 0x394e,
  0x498f, 0x394e, 0x392d, 0x51af, 0x392e, 0x310d, 0x310d, 0x316f, 0x316f, 0x312e, 0x312c, 0x312d,
  0x314e, 0x310c, 0x312d, 0x396e, 0x314e, 0x314e, 0x292c, 0x290c, 0x292d, 0x292c, 0x210b, 0x210b,
  0x20ca, 0x20ca, 0x20ca, 0x18c9, 0x18ca, 0x20ca, 0x20eb, 0x294d, 0x292d, 0x20eb, 0x18a9, 0x18a9,
  0x20ea, 0x1088, 0x1087, 0x1088, 0x1088, 0x0887, 0x1087, 0x1087, 0x1087, 0x1087, 0x0867, 0x0866,
  0x0867, 0x10a9, 0x6330, 0x8454, 0x10a9, 0x0888, 0x0887, 0x0866, 0x0866, 0x0866, 0x0866, 0x0866,
  0x0866, 0x0866, 0x0866, 0x0866, 0x0866, 0x0866, 0x0065, 0x0065, 0x0865, 0x0886, 0x0866, 0x0866,
  0x0866, 0x0866, 0x0887, 0x08a8, 0x10c9, 0x10c9, 0x10c9, 0x10c9, 0x10ea, 0x190a, 0x7bf3, 0xe73d,
  0xdebb, 0xc5fa, 0xd65b, 0x9456, 0x5271, 0x8393, 0xd5fa, 0xbd39, 0x8bf4, 0x316b, 0x4a4e, 0x318d,
  0x6333, 0x7bd5, 0x5291, 0x316c, 0x292b, 0x18ea, 0x10a9, 0x190a, 0x0887, 0x0887, 0x0887, 0x0887,
  0x0887, 0x0887, 0x0887, 0x0867, 0x0066, 0x0066, 0x0066, 0x0066, 0x0066, 0x0066, 0x0887, 0x0066,
  0x0066, 0x0066, 0x0067, 0x0087, 0x0067, 0x0888, 0x0888, 0x0888, 0x0888, 0x0888, 0x0888, 0x08a8,
  0x08a9, 0x08a9, 0x08a9, 0x08a8, 0x0888, 0x08a8, 0x10c9, 0x6b52, 0x52b1, 0x422f, 0x3a0e, 0x296c,
  0x10a9, 0x10c9, 0x10c9, 0x08a8, 0x0888, 0x10c9, 0x296b, 0x08a9, 0x190a, 0x190a, 0x0888, 0x0888,
  0x110e, 0x110e, 0x112e, 0x112e, 0x110d, 0x110d, 0x110d, 0x110d, 0x110d, 0x192d, 0x10ec, 0x10ec,
  0x192d, 0x194e, 0x194f, 0x2171, 0x29d3, 0x3255, 0x3af8, 0x4bdb, 0x4bbb, 0x647d, 0x537a, 0x3a57,
  0x6399, 0x31d6, 0x31d6, 0x3a18, 0x3a18, 0x3a18, 0x4238, 0x4a38, 0x4a59, 0x5279, 0x5a9a, 0x5279,
  0x5259, 0x4a38, 0x5279, 0x5ada, 0x5ab9, 0x4a37, 0x4a37, 0x4a37, 0x4a16, 0x41f6, 0x4a37, 0x41f6,
  0x41f6, 0x41f6, 0x41d6, 0x49d6, 0x72d9, 0x5a17, 0x49d6, 0x51d6, 0x8b58, 0x6a96, 0x49b5, 0x4174,
  0x49b5, 0x4173, 0x4192, 0x4172, 0x4172, 0x4172, 0x4172, 0x5193, 0x4992, 0x4991, 0x4170, 0x4150,
  0x394f, 0x414f, 0x418f, 0x6272, 0xd6bc, 0xe6fb, 0x624e, 0x61ee, 0x6a0f, 0x394e, 0x392e, 0x312e,
  0x392d, 0x310c, 0x312d, 0x392e, 0x312d, 0x310d, 0x312d, 0x316f, 0x316f, 0x314e, 0x314d, 0x396e,
  0x396e, 0x314e, 0x396e, 0x396e, 0x314d, 0x292d, 0x292d, 0x290c, 0x20ec, 0x294e, 0x210b, 0x20ea,
  0x18ca, 0x18ca, 0x18ca, 0x18a9, 0x18ca, 0x316e, 0x18cb, 0x20cb, 0x18ca, 0x18ca, 0x18ca, 0x10a9,
  0x18e9, 0x1087, 0x0867, 0x1087, 0x1088, 0x1087, 0x1087, 0x1087, 0x1087, 0x0887, 0x0867, 0x10a8,
  0x10a8, 0x0867, 0x10a9, 0x10ca, 0x10a9, 0x10a8, 0x0887, 0x0866, 0x0846, 0x0866, 0x0866, 0x0886,
  0x0866, 0x0865, 0x0866, 0x0866, 0x0066, 0x0066, 0x0066, 0x0065, 0x0065, 0x0866, 0x0886, 0x0886,
  0x0866, 0x0866, 0x0887, 0x08c8, 0x10a9, 0x10c9, 0x10c9, 0x10c9, 0x10c9, 0x8c53, 0xde9b, 0xc5f9,
  0x83f3, 0xe6fc, 0xbd79, 0x7b73, 0x318c, 0x8373, 0xb4b7, 0x72f1, 0x398c, 0x318c, 0x422e, 0x296c,
  0x212b, 0x190a, 0x18c8, 0x1087, 0x10a7, 0x0887, 0x0867, 0x18e9, 0x10c8, 0x0887, 0x0887, 0x0887,
  0x0887, 0x0887, 0x0087, 0x0087, 0x0867, 0x0066, 0x0066, 0x0066, 0x0066, 0x0867, 0x0066, 0x0066,
  0x0067, 0x0867, 0x0067, 0x0067, 0x0887, 0x0888, 0x0888, 0x0888, 0x08a9, 0x08a9, 0x08a9, 0x10ca,
  0x212b, 0x4a8e, 0x6352, 0x6353, 0x5af2, 0xad59, 0xa4f8, 0xad19, 0x9457, 0x7374, 0x7394, 0x5af1,
  0x18c9, 0x5ad3, 0x6b77, 0x5293, 0x190a, 0x10a8, 0x10a9, 0x08a9, 0x08a9, 0x0888, 0x0888, 0x0888,
  0x10eb, 0x10ec, 0x110d, 0x110d, 0x10ec, 0x10eb, 0x10eb, 0x10eb, 0x10eb, 0x10ec, 0x10ec, 0x10ec,
  0x190d, 0x192f, 0x2171, 0x21d3, 0x3277, 0x433a, 0x4319, 0x539b, 0x4319, 0x3a97, 0x4278, 0x31b5,
  0x3a16, 0x31b6, 0x31d6, 0x39f7, 0x3a18, 0x4238, 0x4a78, 0x4a78, 0x4a59, 0x4a79, 0x4a39, 0x4a38,
  0x4a38, 0x4218, 0x4a38, 0x4a58, 0x5278, 0x5278, 0x41f6, 0x3993, 0x39b3, 0x39b4, 0x39b5, 0x41d6,
  0x39b5, 0x41d6, 0x41d6, 0x49f7, 0x51f7, 0x49d6, 0x4195, 0x4195, 0x49b4, 0x4174, 0x4174, 0x51f5,
  0x5a35, 0x4193, 0x4151, 0x4172, 0x4172, 0x49b2, 0x3950, 0x4150, 0x4170, 0x392f, 0x394f, 0x4170,
  0x416f, 0x394f, 0x396f, 0x4190, 0x8c36, 0x83b2, 0x498e, 0x59cf, 0x622f, 0x312e, 0x312e, 0x312d,
  0x312c, 0x312c, 0x41d0, 0x396f, 0x314e, 0x310c, 0x312d, 0x292c, 0x314d, 0x314d, 0x314d, 0x314e,
  0x314e, 0x314e, 0x316e, 0x314e, 0x292d, 0x292d, 0x292c, 0x210c, 0x292d, 0x210c, 0x210b, 0x20ea,
  0x18ca, 0x20ea, 0x292b, 0x18a9, 0x18c9, 0x20eb, 0x20eb, 0x20eb, 0x18ca, 0x18ca, 0x18aa, 0x1088,
  0x0887, 0x1087, 0x1088, 0x0887, 0x0887, 0x1088, 0x10a8, 0x1088, 0x0867, 0x0867, 0x0887, 0x216a,
  0x18e9, 0x0888, 0x0888, 0x10a8, 0x0888, 0x0887, 0x0866, 0x0846, 0x0866, 0x0866, 0x0866, 0x0866,
  0x0866, 0x0866, 0x0866, 0x0866, 0x0066, 0x0066, 0x0066, 0x0866, 0x0866, 0x0866, 0x0866, 0x0886,
  0x0866, 0x0887, 0x08a8, 0x08a8, 0x08a9, 0x08a9, 0x10c9, 0x10ca, 0x39cb, 0xd69b, 0xf79e, 0xde7b,
  0xa4b5, 0xd63a, 0x7b92, 0x420e, 0x18e8, 0x8372, 0x93b4, 0x41cc, 0x294b, 0x318c, 0x318c, 0x296c,
  0x294b, 0x210a, 0x10a8, 0x0844, 0x0044, 0x0845, 0x0886, 0x10a6, 0x10a6, 0x10a7, 0x0887, 0x0887,
  0x0887, 0x0887, 0x0887, 0x0087, 0x0067, 0x0046, 0x0867, 0x0066, 0x0867, 0x0067, 0x0067, 0x0887,
  0x0087, 0x0887, 0x0887, 0x10e9, 0x10e9, 0x0888, 0x0888, 0x08a9, 0x10ca, 0x10eb, 0x216c, 0x6b72,
  0xce9b, 0xef7e, 0xbe1c, 0x73f8, 0x5b15, 0x4a70, 0x210a, 0x20e9, 0x18e9, 0x318c, 0x318c, 0x2129,
  0x1086, 0x294a, 0x39ce, 0x39ad, 0x18c8, 0x10c8, 0x10a9, 0x08a9, 0x08a9, 0x08a9, 0x08a9, 0x0888,
  0x0888, 0x08a8, 0x08a9, 0x08a9, 0x08ca, 0x10eb, 0x110c, 0x110c, 0x110c, 0x112d, 0x192d, 0x10ec,
  0x194f, 0x21b3, 0x21b4, 0x2a36, 0x3ad9, 0x4339, 0x4b59, 0x3236, 0x2995, 0x2974, 0x2975, 0x2975,
  0x4237, 0x31b5, 0x31b6, 0x39f8, 0x4238, 0x4238, 0x4218, 0x4238, 0x4259, 0x4259, 0x41f7, 0x39d7,
  0x39d7, 0x39d6, 0x39d7, 0x39f7, 0x41f6, 0x41d5, 0x39d5, 0x3151, 0x3171, 0x39b4, 0x41f6, 0x39b5,
  0x3152, 0x3994, 0x41f6, 0x41b6, 0x49f7, 0x41b6, 0x4194, 0x4194, 0x4194, 0x3973, 0x3953, 0x49b4,
  0x51d4, 0x4192, 0x3951, 0x3930, 0x3930, 0x3951, 0x3950, 0x310e, 0x392e, 0x394e, 0x414f, 0x4170,
  0x392e, 0x392e, 0x392f, 0x394f, 0x392e, 0x392d, 0x392d, 0x312d, 0x312d, 0x314e, 0x312e, 0x312e,
  0x312d, 0x292c, 0x312d, 0x290c, 0x290c, 0x292c, 0x312c, 0x292c, 0x294d, 0x316f, 0x398e, 0x398d,
  0x292c, 0x292d, 0x292d, 0x292d, 0x292d, 0x290d, 0x210c, 0x210c, 0x210d, 0x20ec, 0x20ea, 0x18ca,
  0x18c9, 0x18c9, 0x292b, 0x18a9, 0x18ca, 0x20eb, 0x18cb, 0x18cb, 0x18ca, 0x18a9, 0x10a9, 0x1088,
  0x0867, 0x0887, 0x0867, 0x0867, 0x0888, 0x0888, 0x0867, 0x0867, 0x0888, 0x0887, 0x0888, 0xbe3a,
  0xad98, 0x0888, 0x1088, 0x1088, 0x0887, 0x0866, 0x0866, 0x0867, 0x0846, 0x0846, 0x0866, 0x0867,
  0x0866, 0x0866, 0x0065, 0x0866, 0x0866, 0x0065, 0x0866, 0x0866, 0x0866, 0x0866, 0x0866, 0x0886,
  0x0887, 0x08a7, 0x08a8, 0x08a8, 0x08a9, 0x08c9, 0x10c9, 0x212a, 0x9454, 0xeedd, 0xd63a, 0xa494,
  0xd63a, 0xf73d, 0xde5b, 0x8bb3, 0x318a, 0x49ec, 0x41ab, 0x212a, 0x39ac, 0x39ad, 0x318c, 0x318c,
  0x212a, 0x18e9, 0x1086, 0x0023, 0x0023, 0x0023, 0x0023, 0x0886, 0x294b, 0x294a, 0x0067, 0x0087,
  0x0887, 0x0887, 0x0887, 0x0887, 0x298a, 0x6bb1, 0x0887, 0x0067, 0x0887, 0x0887, 0x0887, 0x0067,
  0x0887, 0x0888, 0x08a8, 0x08c9, 0x08c9, 0x08a9, 0x08a9, 0x10ca, 0x31cd, 0x83f4, 0xb599, 0xf7bf,
  0xef7e, 0xc67c, 0x8c98, 0x52f4, 0x31ce, 0x18c8, 0x1086, 0x0865, 0x1087, 0x294a, 0x212a, 0x10a7,
  0x0044, 0x0864, 0x0885, 0x0865, 0x0864, 0x10a7, 0x18ea, 0x10c9, 0x0888, 0x0888, 0x08a9, 0x08a9,
  0x08aa, 0x10cb, 0x10ec, 0x110d, 0x112d, 0x110d, 0x110c, 0x110c, 0x112d, 0x194e, 0x192f, 0x1970,
  0x21d4, 0x2a16, 0x3298, 0x32b8, 0x3ab8, 0x2a15, 0x2193, 0x2173, 0x2174, 0x29b5, 0x2995, 0x2974,
  0x2974, 0x2954, 0x3195, 0x39f7, 0x4238, 0x4a58, 0x4218, 0x4218, 0x39f7, 0x39d7, 0x39f7, 0x39d7,
  0x39b6, 0x31b6, 0x31b6, 0x39b6, 0x3194, 0x3174, 0x3994, 0x3173, 0x2951, 0x39b3, 0x39b4, 0x3994,
  0x3994, 0x3173, 0x3994, 0x3995, 0x3995, 0x5237, 0x3994, 0x3972, 0x6ad5, 0x49d2, 0x3132, 0x3131,
  0x3951, 0x6274, 0x41b0, 0x290d, 0x310d, 0x392f, 0x394f, 0x310d, 0x310d, 0x392e, 0x49b0, 0x4190,
  0x392e, 0x310d, 0x312e, 0x392e, 0x394e, 0x312c, 0x312d, 0x312c, 0x312d, 0x314e, 0x292d, 0x28eb,
  0x290b, 0x292d, 0x314d, 0x290b, 0x290b, 0x314c, 0x294d, 0x292c, 0x39f0, 0x4a94, 0x316e, 0x396d,
  0x294d, 0x294e, 0x292d, 0x290d, 0x210d, 0x20eb, 0x20eb, 0x210c, 0x210c, 0x20eb, 0x18ca, 0x18c9,
  0x18ca, 0x18ca, 0x18c9, 0x18a9, 0x18ca, 0x18eb, 0x294d, 0x18ca, 0x18c9, 0x18a9, 0x10a9, 0x1088,
  0x0867, 0x0887, 0x10a7, 0x0887, 0x0867, 0x0867, 0x0867, 0x0867, 0x214b, 0x0888, 0x0887, 0x2989,
  0x2969, 0x0867, 0x0887, 0x0888, 0x0887, 0x52ce, 0x424d, 0x296b, 0x0866, 0x0846, 0x0846, 0x0866,
  0x0866, 0x0866, 0x0866, 0x0866, 0x0866, 0x0866, 0x0066, 0x0866, 0x0866, 0x0887, 0x0887, 0x0887,
  0x0887, 0x08a8, 0x08a8, 0x08a8, 0x08c9, 0x08c9, 0x08c9, 0x528e, 0xde5b, 0xbd17, 0xb4f6, 0xd5b9,
  0xe69c, 0xcdda, 0x7b31, 0x4189, 0x18a5, 0x398a, 0x5ab0, 0x4a2e, 0x294a, 0x316b, 0x292a, 0x2109,
  0x18c7, 0x0844, 0x0023, 0x0023, 0x0023, 0x0023, 0x0023, 0x10a7, 0x296b, 0x298c, 0x0887, 0x0887,
  0x0887, 0x0887, 0x0887, 0x0887, 0x0887, 0x0086, 0x0066, 0x0067, 0x0887, 0x0066, 0x0887, 0x0887,
  0x0888, 0x08a9, 0x08c9, 0x10c9, 0x10ca, 0x10ca, 0x212a, 0x6b30, 0xce1a, 0xd65b, 0xd61b, 0xc5fb,
  0x8415, 0x3a4f, 0x192a, 0x212a, 0x318b, 0x1908, 0x0844, 0x0044, 0x296b, 0x31ad, 0x296c, 0x2109,
  0x0865, 0x0865, 0x10a6, 0x0885, 0x1086, 0x10a7, 0x0865, 0x0044, 0x0024, 0x0045, 0x08a8, 0x08a9,
  0x110e, 0x112e, 0x112e, 0x110d, 0x10ec, 0x192d, 0x194f, 0x1970, 0x1970, 0x2192, 0x2a14, 0x3236,
  0x3298, 0x3277, 0x2a15, 0x2193, 0x1952, 0x2173, 0x2174, 0x2153, 0x2173, 0x2973, 0x2174, 0x2974,
  0x29d6, 0x29b5, 0x31d6, 0x31b5, 0x31b6, 0x41f7, 0x5258, 0x41d7, 0x39b7, 0x41f7, 0x39d7, 0x39d8,
  0x39b7, 0x39b7, 0x3196, 0x2953, 0x2953, 0x3153, 0x3152, 0x3193, 0x2930, 0x3191, 0x39b3, 0x3153,
  0x3194, 0x3153, 0x3173, 0x3173, 0x2932, 0x41d5, 0x3994, 0x3993, 0x41b3, 0x3151, 0x3152, 0x3151,
  0x3150, 0x312f, 0x290d, 0x28ec, 0x28ec, 0x312d, 0x416f, 0x412e, 0x414e, 0x59d0, 0x51d1, 0x4990,
  0x394f, 0x312e, 0x310d, 0x394e, 0x312d, 0x290b, 0x312d, 0x312d, 0x292d, 0x292d, 0x290d, 0x290c,
  0x290c, 0x292d, 0x292d, 0x290c, 0x292c, 0x318e, 0x316d, 0x292c, 0x296d, 0x4a73, 0x316e, 0x292c,
  0x292c, 0x292d, 0x210c, 0x210c, 0x210c, 0x210c, 0x20ea, 0x210c, 0x210d, 0x210c, 0x18ea, 0x20eb,
  0x18ca, 0x18aa, 0x18a9, 0x18ca, 0x18ca, 0x18ca, 0x18eb, 0x18a9, 0x10a9, 0x10a8, 0x10a9, 0x10a8,
  0x0867, 0x0867, 0x1909, 0x2949, 0x0887, 0x0866, 0x08a8, 0x10e9, 0x0867, 0x0867, 0x0867, 0x0867,
  0x0866, 0x0867, 0x0867, 0x0867, 0x0867, 0x10c7, 0x10a7, 0x0866, 0x0866, 0x0866, 0x0866, 0x0846,
  0x0866, 0x0866, 0x0866, 0x0866, 0x0866, 0x0866, 0x0866, 0x0887, 0x0887, 0x0887, 0x0887, 0x0887,
  0x10e9, 0x08a8, 0x08a8, 0x08a8, 0x08a9, 0x08c9, 0x08c9, 0x7372, 0xd5fb, 0xcd9a, 0xbd18, 0x9c15,
  0x9c35, 0x62af, 0x2907, 0x1064, 0x0864, 0x398a, 0x520e, 0x2929, 0x18c7, 0x1086, 0x10a6, 0x1086,
  0x0865, 0x0023, 0x0023, 0x0023, 0x0023, 0x0023, 0x0023, 0x0044, 0x10a6, 0x2109, 0x08a8, 0x08a8,
  0x0887, 0x0887, 0x0887, 0x0887, 0x0887, 0x0087, 0x0087, 0x08a8, 0x0888, 0x0887, 0x0887, 0x0888,
  0x08c9, 0x10c9, 0x10c9, 0x10c9, 0x10ea, 0x212a, 0x8bf3, 0xde7b, 0x9455, 0x7b73, 0xacd8, 0x7b93,
  0x39ec, 0x10e8, 0x18e8, 0x10a7, 0x10a7, 0x0885, 0x0865, 0x0844, 0x0865, 0x18c7, 0x18c7, 0x0886,
  0x18e8, 0x10c7, 0x10a7, 0x1086, 0x0864, 0x0044, 0x0023, 0x0024, 0x0845, 0x0044, 0x0045, 0x08a8,
  0x110d, 0x10ec, 0x10ec, 0x110e, 0x196f, 0x29d1, 0x1971, 0x2192, 0x21d3, 0x29f4, 0x3215, 0x3256,
  0x21b3, 0x1951, 0x1910, 0x1931, 0x1931, 0x2152, 0x2152, 0x2152, 0x2173, 0x31d4, 0x2994, 0x2195,
  0x2a37, 0x29b5, 0x2995, 0x2954, 0x31d6, 0x4238, 0x39d7, 0x39b7, 0x3196, 0x31b7, 0x3196, 0x3196,
  0x3196, 0x39b7, 0x3196, 0x3174, 0x39b4, 0x2932, 0x2931, 0x3152, 0x2930, 0x2930, 0x2931, 0x2911,
  0x3174, 0x3173, 0x3993, 0x290f, 0x20cc, 0x20ee, 0x290e, 0x290f, 0x290f, 0x2910, 0x2910, 0x2930,
  0x290e, 0x20cc, 0x20cb, 0x314e, 0x394e, 0x394e, 0x310e, 0x496f, 0x51b0, 0x7272, 0x6a52, 0x51d2,
  0x4170, 0x394f, 0x392f, 0x312e, 0x310d, 0x292c, 0x292c, 0x292c, 0x292d, 0x292d, 0x290c, 0x210c,
  0x210c, 0x210c, 0x290c, 0x290c, 0x292c, 0x292d, 0x292d, 0x316e, 0x292b, 0x316d, 0x39af, 0x292c,
  0x212c, 0x296e, 0x210b, 0x210c, 0x210c, 0x210c, 0x18ea, 0x18eb, 0x18eb, 0x18eb, 0x210c, 0x20eb,
  0x18ca, 0x18ca, 0x18ca, 0x10a9, 0x18ca, 0x10a9, 0x1088, 0x1088, 0x10a9, 0x10a8, 0x10c9, 0x10a9,
  0x0867, 0x0867, 0x2949, 0x9cb5, 0x2948, 0x0867, 0x0867, 0x0867, 0x0867, 0x0867, 0x0867, 0x0866,
  0x0866, 0x0866, 0x0866, 0x0866, 0x0866, 0x0866, 0x0867, 0x0846, 0x0846, 0x0866, 0x0866, 0x0866,
  0x0866, 0x0866, 0x0866, 0x0887, 0x08a7, 0x0887, 0x0887, 0x0887, 0x0887, 0x0887, 0x0887, 0x0887,
  0x08a8, 0x08a8, 0x08a8, 0x08a9, 0x08c9, 0x08c9, 0x08a9, 0xa4d8, 0x7b52, 0x9c36, 0x6ab1, 0x6af1,
  0x2929, 0x18c7, 0x2108, 0x20e7, 0x20e7, 0x72b1, 0x8b75, 0x49ee, 0x398c, 0x10c7, 0x0885, 0x0865,
  0x0865, 0x0024, 0x0023, 0x0023, 0x0023, 0x0023, 0x0023, 0x0023, 0x0023, 0x0045, 0x0887, 0x08a8,
  0x08a8, 0x08a8, 0x0887, 0x0888, 0x0887, 0x0887, 0x0887, 0x08a8, 0x08a8, 0x0887, 0x0887, 0x0888,
  0x08a9, 0x08a9, 0x08a8, 0x08a8, 0x18e9, 0x2109, 0xa4b6, 0x9c95, 0x292a, 0x4a4f, 0x6b12, 0x212a,
  0x10a7, 0x10a7, 0x0885, 0x0865, 0x0885, 0x10a6, 0x1086, 0x0885, 0x0023, 0x0844, 0x1086, 0x10a7,
  0x0865, 0x0864, 0x10a7, 0x18e8, 0x10c8, 0x10a6, 0x0886, 0x10a7, 0x10c8, 0x10c7, 0x0024, 0x0866,
  0x192e, 0x192f, 0x112e, 0x192f, 0x1950, 0x2191, 0x29d3, 0x21b2, 0x29d4, 0x29d4, 0x2171, 0x110f,
  0x1910, 0x10ef, 0x1931, 0x1931, 0x1931, 0x29d4, 0x2993, 0x2173, 0x2994, 0x31d4, 0x29b4, 0x29b5,
  0x21b4, 0x2194, 0x2994, 0x2995, 0x31b6, 0x31d7, 0x31b6, 0x39d7, 0x3176, 0x2975, 0x3176, 0x3196,
  0x3174, 0x2954, 0x3175, 0x2953, 0x2932, 0x2932, 0x2932, 0x3174, 0x3153, 0x2932, 0x3994, 0x2931,
  0x2931, 0x2930, 0x290e, 0x20cc, 0x290e, 0x20ee, 0x20ed, 0x20ed, 0x20ed, 0x210f, 0x210f, 0x20ed,
  0x20cc, 0x20cb, 0x20cb, 0x312d, 0x312e, 0x310d, 0x310d, 0x416f, 0x7ad3, 0xbd17, 0xc599, 0x9bf7,
  0x5a12, 0x392f, 0x312f, 0x394f, 0x312d, 0x292c, 0x290b, 0x20ea, 0x210c, 0x210c, 0x290c, 0x210c,
  0x210b, 0x210c, 0x210b, 0x290c, 0x292d, 0x292d, 0x292c, 0x210c, 0x290c, 0x292c, 0x292c, 0x292c,
  0x212c, 0x212c, 0x210c, 0x210c, 0x212d, 0x210c, 0x18eb, 0x18eb, 0x18eb, 0x18eb, 0x18eb, 0x18ca,
  0x18ca, 0x18ca, 0x18ca, 0x10a9, 0x10c9, 0x10a9, 0x1088, 0x10a9, 0x10a9, 0x1088, 0x210a, 0x212b,
  0x0888, 0x0887, 0x0867, 0x0867, 0x0867, 0x0867, 0x0867, 0x0888, 0x0867, 0x0867, 0x0867, 0x0846,
  0x0866, 0x0867, 0x0866, 0x0866, 0x0866, 0x0866, 0x0866, 0x0866, 0x0866, 0x0867, 0x0867, 0x0866,
  0x10c9, 0x08a8, 0x0866, 0x0887, 0x0887, 0x0887, 0x0887, 0x0887, 0x0887, 0x0887, 0x0887, 0x0888,
  0x0888, 0x0887, 0x0888, 0x0888, 0x08a9, 0x08ca, 0x00a9, 0x9cb7, 0x6b11, 0x5a70, 0x292a, 0x398b,
  0x18a7, 0x2109, 0x18c7, 0x10a6, 0x49ed, 0x8b54, 0x6a50, 0x396c, 0x318c, 0x10a7, 0x0886, 0x1086,
  0x1086, 0x10a6, 0x0885, 0x0023, 0x0864, 0x0864, 0x0023, 0x0844, 0x0844, 0x0886, 0x0887, 0x08a8,
  0x08a8, 0x08a8, 0x0888, 0x0888, 0x0888, 0x0887, 0x0887, 0x08a8, 0x08a8, 0x0888, 0x0888, 0x08a8,
  0x08a8, 0x08a8, 0x18ea, 0x6b71, 0xa518, 0x5af0, 0x6b30, 0x39aa, 0x0886, 0x18e8, 0x2129, 0x2929,
  0x2108, 0x10c7, 0x10a6, 0x10c7, 0x212a, 0x212a, 0x18e9, 0x2109, 0x0865, 0x18c7, 0x18c8, 0x18e9,
  0x1909, 0x0886, 0x10c7, 0x10a8, 0x18e9, 0x10c8, 0x18e8, 0x10a7, 0x10a7, 0x10a7, 0x214a, 0x296b,
  0x192f, 0x194f, 0x194f, 0x1950, 0x1971, 0x21b2, 0x1950, 0x1950, 0x190e, 0x190e, 0x10ef, 0x1110,
  0x1930, 0x1910, 0x1911, 0x1911, 0x1931, 0x2173, 0x2174, 0x2174, 0x2173, 0x31f4, 0x31d4, 0x29b4,
  0x2993, 0x2152, 0x2153, 0x29b6, 0x31b6, 0x31b6, 0x2995, 0x4216, 0x39b6, 0x3176, 0x3196, 0x3174,
  0x2953, 0x2932, 0x2953, 0x3174, 0x2932, 0x2932, 0x2912, 0x2932, 0x2932, 0x2911, 0x20ef, 0x20ee,
  0x20ee, 0x20cc, 0x18aa, 0x20cc, 0x292f, 0x20ee, 0x20ed, 0x20ed, 0x20cc, 0x20cc, 0x20cc, 0x20ab,
  0x20ab, 0x20aa, 0x20cb, 0x28ec, 0x28ec, 0x312d, 0x394e, 0x7b53, 0xcdda, 0xef3d, 0xf79e, 0xeedd,
  0x93f5, 0x4170, 0x312e, 0x312e, 0x290c, 0x290c, 0x290c, 0x210c, 0x290c, 0x210c, 0x210c, 0x292c,
  0x290c, 0x210c, 0x210c, 0x290c, 0x292d, 0x212c, 0x210c, 0x210c, 0x210c, 0x31ae, 0x316e, 0x212c,
  0x210c, 0x210c, 0x210c, 0x210c, 0x210c, 0x18eb, 0x18eb, 0x18eb, 0x18eb, 0x18eb, 0x18eb, 0x18ea,
  0x18ca, 0x18ca, 0x10a9, 0x10a9, 0x0887, 0x1088, 0x1089, 0x10aa, 0x10a9, 0x1088, 0x10a9, 0x1088,
  0x0867, 0x0888, 0x0867, 0x0867, 0x0867, 0x0867, 0x0867, 0x0867, 0x0867, 0x08a8, 0x0887, 0x0867,
  0x0867, 0x0867, 0x0867, 0x0066, 0x0866, 0x0887, 0x0846, 0x0846, 0x0887, 0x08a8, 0x0867, 0x0867,
  0x0867, 0x0887, 0x2129, 0x214a, 0x194a, 0x10e9, 0x0887, 0x0887, 0x08a8, 0x0887, 0x08a8, 0x08a8,
  0x0888, 0x08a8, 0x0887, 0x08a8, 0x08c9, 0x08c9, 0x08a9, 0x7bf5, 0x6af2, 0x7b73, 0x398b, 0x1086,
  0x18c7, 0x314a, 0x18c7, 0x2909, 0x6ad1, 0x7af2, 0x5a0f, 0x396b, 0x2109, 0x0865, 0x1086, 0x10a6,
  0x1086, 0x0885, 0x0844, 0x0023, 0x0023, 0x0023, 0x0043, 0x0044, 0x10a6, 0x10c8, 0x0888, 0x08a8,
  0x08a8, 0x08a8, 0x08a8, 0x10c9, 0x0887, 0x0887, 0x0888, 0x08a8, 0x08a9, 0x08a9, 0x08a9, 0x08a9,
  0x08c9, 0x214a, 0x8c35, 0xbdda, 0x8c35, 0x41ec, 0x2948, 0x0844, 0x0865, 0x49ec, 0x7311, 0x6ad1,
  0x41ab, 0x10c7, 0x18e8, 0x296b, 0x214b, 0x212a, 0x294a, 0x18e8, 0x0865, 0x0886, 0x18c8, 0x212a,
  0x190a, 0x10a7, 0x10e9, 0x214c, 0x210a, 0x18c8, 0x296b, 0x18c8, 0x1087, 0x10c7, 0x18e8, 0x10a8,
  0x110f, 0x112e, 0x194f, 0x190e, 0x10ed, 0x10ed, 0x10ed, 0x110e, 0x190e, 0x2171, 0x190f, 0x190f,
  0x1110, 0x1931, 0x1931, 0x1910, 0x1911, 0x2174, 0x2194, 0x2153, 0x1912, 0x2152, 0x2994, 0x2992,
  0x2130, 0x190f, 0x2153, 0x31b6, 0x31b6, 0x2975, 0x2974, 0x2996, 0x3196, 0x2955, 0x41f5, 0xacfa,
  0x3192, 0x2111, 0x2932, 0x2931, 0x2110, 0x2111, 0x2111, 0x2931, 0x41f2, 0x20ee, 0x18ab, 0x18cb,
  0x20eb, 0x292c, 0x20ec, 0x20cc, 0x20ed, 0x20ed, 0x20ed, 0x28ed, 0x20cb, 0x18aa, 0x20aa, 0x18aa,
  0x20ca, 0x20eb, 0x292d, 0x20cb, 0x20cb, 0x290c, 0x316e, 0x4a10, 0x49ce, 0xad17, 0xbd58, 0x8bb3,
  0x72f1, 0x396e, 0x312e, 0x312d, 0x292c, 0x292d, 0x292d, 0x210c, 0x210c, 0x292c, 0x292c, 0x290c,
  0x290c, 0x290c, 0x292c, 0x292d, 0x292c, 0x292c, 0x294d, 0x316e, 0x210c, 0x212c, 0x210c, 0x210b,
  0x210b, 0x210c, 0x210c, 0x210c, 0x212c, 0x18eb, 0x18eb, 0x18eb, 0x18eb, 0x18ea, 0x10ca, 0x10ca,
  0x10ca, 0x10a9, 0x10a9, 0x10a9, 0x10a9, 0x10a9, 0x10a9, 0x10a9, 0x10a9, 0x0888, 0x0888, 0x0888,
  0x0867, 0x0888, 0x10c9, 0x0867, 0x10a8, 0x0887, 0x0887, 0x0888, 0x0888, 0x0888, 0x0867, 0x0867,
  0x0867, 0x0867, 0x0067, 0x0066, 0x0867, 0x216b, 0x0887, 0x0866, 0x0867, 0x0887, 0x0888, 0x0887,
  0x0887, 0x0888, 0x10c8, 0x10c8, 0x0887, 0x0887, 0x08a8, 0x0887, 0x0887, 0x0888, 0x31eb, 0x52cf,
  0x0888, 0x08a8, 0x0887, 0x08a8, 0x08a8, 0x08a9, 0x08c9, 0x18ea, 0x83d5, 0x7332, 0x39ac, 0x316b,
  0x420e, 0x4a4f, 0x318b, 0x422d, 0x292a, 0x28e8, 0x2908, 0x18a6, 0x0844, 0x0864, 0x0844, 0x0844,
  0x0844, 0x0023, 0x0865, 0x18c7, 0x2109, 0x0865, 0x0865, 0x1086, 0x0887, 0x0887, 0x08a8, 0x08a8,
  0x08a8, 0x08a8, 0x10e9, 0x31ee, 0x0887, 0x0888, 0x08a8, 0x08a9, 0x08c9, 0x08ca, 0x10ca, 0x190a,
  0x528e, 0xa4f7, 0xad38, 0x7bb3, 0x39cc, 0x39ab, 0x4a0c, 0x0044, 0x2908, 0x7af2, 0x72d1, 0x6ab1,
  0x6290, 0x316b, 0x294a, 0x296b, 0x296b, 0x214a, 0x10c7, 0x0044, 0x0024, 0x0886, 0x10a7, 0x10a7,
  0x1087, 0x18e9, 0x192a, 0x18e9, 0x0886, 0x2129, 0x31ad, 0x212a, 0x0886, 0x298b, 0x214a, 0x0868,
  0x088a, 0x088a, 0x08ab, 0x10cc, 0x192e, 0x10cc, 0x10ed, 0x190e, 0x190e, 0x18ee, 0x31f1, 0x192f,
  0x1910, 0x1931, 0x1931, 0x1932, 0x2993, 0x2174, 0x1933, 0x1933, 0x1933, 0x2174, 0x2174, 0x2173,
  0x2993, 0x1910, 0x2153, 0x2995, 0x29b6, 0x2975, 0x2975, 0x2996, 0x2975, 0x2154, 0x39b5, 0x5a95,
  0x2932, 0x2111, 0x190f, 0x18ed, 0x210f, 0x2110, 0x2931, 0x3172, 0x4a33, 0x18cc, 0x1089, 0x1089,
  0x5ad2, 0x94b8, 0x18cc, 0x20ed, 0x20ed, 0x20cc, 0x290d, 0x20ec, 0x20cb, 0x20ca, 0x20eb, 0x20eb,
  0x20cb, 0x20eb, 0x294d, 0x20cb, 0x292d, 0x292d, 0x20cb, 0x20eb, 0x210c, 0x292d, 0x312d, 0x290c,
  0x316d, 0x396d, 0x290c, 0x292d, 0x290c, 0x292c, 0x318e, 0x294e, 0x292d, 0x294d, 0x318e, 0x290c,
  0x210c, 0x210c, 0x292c, 0x294d, 0x292c, 0x212c, 0x212c, 0x210c, 0x210c, 0x212d, 0x212d, 0x210b,
  0x18ea, 0x190b, 0x190b, 0x190b, 0x210c, 0x190c, 0x190c, 0x18eb, 0x18eb, 0x18eb, 0x10ca, 0x10c9,
  0x10c9, 0x10c9, 0x10ca, 0x10a9, 0x1088, 0x1088, 0x10a9, 0x10a9, 0x0888, 0x1088, 0x10a9, 0x10a9,
  0x0888, 0x0888, 0x0888, 0x10c9, 0x0888, 0x10a9, 0x10a8, 0x0888, 0x0888, 0x0888, 0x0888, 0x0867,
  0x0867, 0x0867, 0x0867, 0x0867, 0x0867, 0x0067, 0x0867, 0x0867, 0x0867, 0x0887, 0x08c9, 0x08a8,
  0x0888, 0x10ea, 0x08a8, 0x0887, 0x0867, 0x0887, 0x190a, 0x08a8, 0x0888, 0x08a8, 0x192a, 0x298b,
  0x0888, 0x08a8, 0x08a8, 0x08a8, 0x08a8, 0x08c9, 0x08c9, 0x08a9, 0x6b12, 0x7b95, 0x316c, 0x39ed,
  0x4a30, 0x4a0f, 0x318c, 0x39cd, 0x294a, 0x0844, 0x0844, 0x0843, 0x0043, 0x0044, 0x0865, 0x0844,
  0x0023, 0x0024, 0x296a, 0x296b, 0x18e9, 0x18e9, 0x10a8, 0x212b, 0x08a8, 0x08a8, 0x08a8, 0x08a8,
  0x08a9, 0x08a8, 0x08a8, 0x08a8, 0x08a8, 0x08a8, 0x08a9, 0x10ea, 0x31cc, 0x8c33, 0xbdd9, 0xc5f9,
  0xad18, 0x9455, 0x9456, 0x2129, 0x0845, 0x20e7, 0x0865, 0x0844, 0x18c7, 0x418b, 0x41ac, 0x520e,
  0x49ed, 0x294b, 0x18e8, 0x18e8, 0x18e8, 0x0864, 0x0044, 0x0864, 0x0886, 0x190a, 0x190a, 0x214b,
  0x298d, 0x298d, 0x0866, 0x1909, 0x39ee, 0x4250, 0x4a92, 0x214b, 0x0886, 0x0886, 0x0888, 0x0889,
  0x088a, 0x08ab, 0x08ac, 0x10cc, 0x10cc, 0x10cc, 0x10ed, 0x10ed, 0x192f, 0x3a33, 0x4a73, 0x216f,
  0x190f, 0x1931, 0x1952, 0x2152, 0x29b4, 0x2995, 0x2133, 0x1913, 0x2154, 0x29b6, 0x2975, 0x2975,
  0x2174, 0x2174, 0x29b6, 0x29b6, 0x2995, 0x2975, 0x2974, 0x2174, 0x2132, 0x2132, 0x3194, 0x3193,
  0x2952, 0x2132, 0x2151, 0x210f, 0x18ee, 0x18ee, 0x210f, 0x3192, 0x3190, 0x10aa, 0x1068, 0x18ab,
  0x2130, 0x2130, 0x20ee, 0x20cd, 0x73b5, 0x316d, 0x18cb, 0x18cb, 0x18cb, 0x20ec, 0x210c, 0x20eb,
  0x20cb, 0x20eb, 0x290c, 0x20ec, 0x18aa, 0x18ca, 0x20eb, 0x20eb, 0x20eb, 0x20eb, 0x20eb, 0x20eb,
  0x210c, 0x292d, 0x292c, 0x290c, 0x210b, 0x210b, 0x290c, 0x294d, 0x292d, 0x210c, 0x210c, 0x290c,
  0x294d, 0x292c, 0x212c, 0x294d, 0x294d, 0x212c, 0x210b, 0x210b, 0x210b, 0x212d, 0x210c, 0x18eb,
  0x190b, 0x18eb, 0x18eb, 0x190c, 0x18eb, 0x190c, 0x190c, 0x18eb, 0x10ca, 0x10ca, 0x10ca, 0x10a9,
  0x10a9, 0x10c9, 0x10a9, 0x10a9, 0x10c9, 0x10a9, 0x0888, 0x10a8, 0x10a9, 0x10aa, 0x10ea, 0x29ae,
  0x0889, 0x10a9, 0x10a9, 0x10a9, 0x10a9, 0x10a9, 0x0888, 0x0888, 0x0888, 0x0888, 0x0888, 0x0888,
  0x0887, 0x0867, 0x0867, 0x0888, 0x0888, 0x0888, 0x0888, 0x0888, 0x0888, 0x0888, 0x08a8, 0x08a8,
  0x08a8, 0x0888, 0x08a8, 0x08a8, 0x0888, 0x0888, 0x0887, 0x0888, 0x08a8, 0x08a8, 0x10ea, 0x08c9,
  0x08a8, 0x08a8, 0x08a9, 0x08a8, 0x08a8, 0x08a9, 0x08a9, 0x08a9, 0x212a, 0x62d2, 0x5270, 0x420d,
  0x294b, 0x420f, 0x39cd, 0x31ad, 0x318c, 0x0865, 0x0865, 0x0865, 0x0844, 0x0844, 0x0885, 0x0023,
  0x0023, 0x0023, 0x0844, 0x0023, 0x0844, 0x0865, 0x0887, 0x08a8, 0x08a8, 0x08a8, 0x08a9, 0x08c9,
  0x08c9, 0x08a9, 0x08a8, 0x08a9, 0x08a9, 0x08a8, 0x10c9, 0x6b71, 0xbdd9, 0xd67b, 0xad37, 0x630f,
  0x39cb, 0x528f, 0x5a6f, 0x18e9, 0x10c7, 0x41cc, 0x41ec, 0x20e8, 0x1086, 0x49ed, 0x7b32, 0x398c,
  0x2129, 0x18c7, 0x0885, 0x0865, 0x0886, 0x0865, 0x10a7, 0x0886, 0x10c8, 0x296c, 0x212b, 0x39ef,
  0x31ae, 0x216c, 0x18ea, 0x192a, 0x422f, 0x39ef, 0x3a30, 0x212a, 0x0887, 0x0887, 0x0888, 0x0889,
  0x08ac, 0x10cc, 0x10cc, 0x10cc, 0x212e, 0x216f, 0x10ed, 0x10ed, 0x190e, 0x190f, 0x10ed, 0x10cc,
  0x18ef, 0x2173, 0x1932, 0x2153, 0x2173, 0x29d5, 0x2133, 0x2134, 0x2154, 0x2175, 0x2175, 0x2975,
  0x2175, 0x2175, 0x29b6, 0x3a18, 0x29b6, 0x2173, 0x2172, 0x31f4, 0x2132, 0x2132, 0x2973, 0x2973,
  0x2952, 0x2130, 0x2130, 0x2110, 0x210f, 0x18ee, 0x18cd, 0x18cd, 0x10ab, 0x18cc, 0x20ee, 0x2130,
  0x2972, 0x2110, 0x18cd, 0x18cc, 0x292c, 0x18eb, 0x210b, 0x20eb, 0x18eb, 0x210c, 0x20eb, 0x20eb,
  0x20ec, 0x20ec, 0x290c, 0x20eb, 0x18a8, 0x18ca, 0x18cb, 0x18cb, 0x20eb, 0x20eb, 0x18aa, 0x18cb,
  0x20eb, 0x20eb, 0x20eb, 0x290b, 0x210b, 0x20ea, 0x20eb, 0x292d, 0x292d, 0x292d, 0x210c, 0x314e,
  0x292d, 0x296e, 0x294d, 0x294d, 0x212d, 0x210c, 0x210c, 0x20eb, 0x18eb, 0x212d, 0x210c, 0x18eb,
  0x18eb, 0x18ea, 0x18ea, 0x18eb, 0x18eb, 0x190c, 0x18eb, 0x10eb, 0x10ca, 0x18ea, 0x214c, 0x10ea,
  0x10a9, 0x10a9, 0x10a9, 0x10a9, 0x192b, 0x10c9, 0x10a9, 0x10a9, 0x10a9, 0x10aa, 0x10a9, 0x10ca,
  0x10aa, 0x10a9, 0x10a9, 0x10eb, 0x10a9, 0x1089, 0x0888, 0x0888, 0x0889, 0x08a9, 0x0888, 0x0888,
  0x0888, 0x0889, 0x0888, 0x0888, 0x0888, 0x08a9, 0x0888, 0x0888, 0x0888, 0x08a8, 0x08a8, 0x08a9,
  0x08a8, 0x08a8, 0x08a9, 0x08a9, 0x0888, 0x08a9, 0x0888, 0x08a9, 0x08a8, 0x08a8, 0x08a9, 0x08a9,
  0x08a9, 0x0888, 0x08a8, 0x08a9, 0x08a9, 0x08a9, 0x08c9, 0x08a9, 0x08a8, 0x18e9, 0x39cd, 0x210a,
  0x1087, 0x20e9, 0x20e9, 0x18c8, 0x20e9, 0x20e8, 0x0866, 0x0865, 0x0865, 0x0844, 0x0044, 0x0023,
  0x0044, 0x0865, 0x10a7, 0x10a7, 0x08a7, 0x0887, 0x08a8, 0x08a8, 0x08a9, 0x08a9, 0x08a9, 0x08a9,
  0x08c9, 0x08ca, 0x08a9, 0x08a9, 0x08a9, 0x10c9, 0x94b5, 0xd65b, 0xacf7, 0x41ec, 0x10c7, 0x0865,
  0x0865, 0x2109, 0x296b, 0x20e9, 0x4a0e, 0x5a6f, 0x39ac, 0x20e8, 0x2109, 0x398c, 0x41cc, 0x2129,
  0x18e8, 0x0865, 0x0865, 0x0886, 0x10a7, 0x10c8, 0x18e8, 0x0886, 0x10c9, 0x192b, 0x190a, 0x298d,
  0x31cf, 0x31ae, 0x296c, 0x214b, 0x298c, 0x298c, 0x52b1, 0x192a, 0x0888, 0x0888, 0x08a9, 0x08a9,
  0x10cd, 0x08ac, 0x10cc, 0x10cd, 0x10cd, 0x10ed, 0x10cc, 0x10cd, 0x190f, 0x1930, 0x190d, 0x190e,
  0x1931, 0x2153, 0x1932, 0x1953, 0x2194, 0x1953, 0x1933, 0x2175, 0x2154, 0x1933, 0x2154, 0x2154,
  0x2154, 0x2154, 0x2175, 0x29b6, 0x2994, 0x2152, 0x2993, 0x2152, 0x2172, 0x2152, 0x2152, 0x2973,
  0x2132, 0x2130, 0x4232, 0x18ef, 0x18ee, 0x18cd, 0x10cc, 0x212d, 0x10ab, 0x210e, 0x20ee, 0x18ee,
  0x20ee, 0x18ed, 0x18cc, 0x18ec, 0x18cb, 0x20ea, 0x8c54, 0x318c, 0x20ec, 0x20ec, 0x210c, 0x210b,
  0x210c, 0x20ec, 0x20ec, 0x210c, 0x20eb, 0x20eb, 0x18cb, 0x18aa, 0x20cb, 0x18cb, 0x18ca, 0x18ca,
  0x18eb, 0x18ca, 0x18ca, 0x20eb, 0x210b, 0x210b, 0x210c, 0x290d, 0x210d, 0x292d, 0x212d, 0x398d,
  0x398e, 0x212d, 0x210c, 0x210c, 0x294d, 0x210c, 0x210c, 0x18eb, 0x18eb, 0x39cf, 0x294d, 0x210b,
  0x18eb, 0x18eb, 0x18cb, 0x10ca, 0x10ca, 0x18eb, 0x18ec, 0x18eb, 0x10ca, 0x10ca, 0x10ca, 0x10a9,
  0x10a9, 0x10a9, 0x10a9, 0x10a9, 0x10a9, 0x10a9, 0x10a9, 0x10a9, 0x10ca, 0x10a9, 0x10a9, 0x10cb,
  0x10aa, 0x10a9, 0x10a9, 0x10cb, 0x10ca, 0x10a9, 0x0888, 0x0889, 0x08aa, 0x08a9, 0x0889, 0x0889,
  0x08a9, 0x08a9, 0x0889, 0x0889, 0x0889, 0x08a9, 0x0889, 0x0888, 0x08a9, 0x08a9, 0x08a9, 0x08a9,
  0x08a9, 0x08a9, 0x08a9, 0x0888, 0x0888, 0x08a9, 0x0888, 0x08a8, 0x08a9, 0x08a9, 0x08c9, 0x08a9,
  0x08c9, 0x110a, 0x10c9, 0x424f, 0x08a9, 0x08c9, 0x08c9, 0x08c9, 0x08a8, 0x08a8, 0x08a8, 0x190a,
  0x18c8, 0x212a, 0x422f, 0x39ee, 0x39ad, 0x39ce, 0x39ad, 0x1909, 0x10c7, 0x0886, 0x0044, 0x0044,
  0x0886, 0x18e9, 0x190b, 0x10ca, 0x08a9, 0x08a8, 0x08a9, 0x08a9, 0x08a9, 0x08c9, 0x194a, 0x08a9,
  0x08a9, 0x08a9, 0x08a9, 0x08a9, 0x08a9, 0x6351, 0xa4d6, 0x7371, 0x294a, 0x0845, 0x0845, 0x0865,
  0x0886, 0x18e8, 0x294a, 0x294a, 0x20e9, 0x20e8, 0x318b, 0x5ad1, 0x6b33, 0x41ed, 0x2129, 0x10c8,
  0x214a, 0x212b, 0x18ea, 0x10a8, 0x10a7, 0x10a8, 0x18e9, 0x10e9, 0x18ea, 0x10c9, 0x10a8, 0x18ea,
  0x212a, 0x18e9, 0x10e9, 0x10a7, 0x0866, 0x0887, 0x10c8, 0x08a9, 0x08a9, 0x08a9, 0x08a9, 0x08a9,
  0x08ab, 0x08ab, 0x10cd, 0x10ed, 0x10cd, 0x10ee, 0x10cc, 0x10ee, 0x1931, 0x2151, 0x18ed, 0x10cc,
  0x1952, 0x1953, 0x2153, 0x1953, 0x1932, 0x2194, 0x1954, 0x2154, 0x1954, 0x1953, 0x2195, 0x2173,
  0x2173, 0x1952, 0x2152, 0x2173, 0x2131, 0x2131, 0x2151, 0x2152, 0x2151, 0x2131, 0x2131, 0x2131,
  0x1910, 0x2130, 0x18ef, 0x18ee, 0x10ac, 0x10ab, 0x10ac, 0x4a72, 0x18cb, 0x18ab, 0x10ab, 0x18cc,
  0x210f, 0x210e, 0x18cb, 0x18cb, 0x18aa, 0x18cb, 0x18eb, 0x18eb, 0x20ec, 0x20eb, 0x18eb, 0x20eb,
  0x20eb, 0x20eb, 0x20eb, 0x20eb, 0x20ca, 0x20eb, 0x20eb, 0x20cb, 0x20cb, 0x18a9, 0x18ca, 0x18ca,
  0x20eb, 0x18eb, 0x18eb, 0x18eb, 0x18eb, 0x210c, 0x39ce, 0x5ad1, 0x210d, 0x212d, 0x212e, 0x9cd7,
  0xbd99, 0x210c, 0x18ec, 0x18ec, 0x190c, 0x210c, 0x190c, 0x190c, 0x298e, 0x210b, 0x190b, 0x296d,
  0x18cb, 0x18ca, 0x10ca, 0x10ca, 0x10eb, 0x192d, 0x190c, 0x10ca, 0x10ca, 0x10a9, 0x10ca, 0x10a9,
  0x10a9, 0x10ea, 0x10a9, 0x10a9, 0x10a9, 0x10ca, 0x10ca, 0x10aa, 0x10eb, 0x10aa, 0x10aa, 0x10ca,
  0x10aa, 0x10a9, 0x10a9, 0x10cb, 0x10aa, 0x08a9, 0x0889, 0x10aa, 0x08aa, 0x08aa, 0x08a9, 0x08a9,
  0x08a9, 0x08a9, 0x08a9, 0x08a9, 0x08a9, 0x08aa, 0x08a9, 0x08a9, 0x08a9, 0x08a9, 0x08a9, 0x08a9,
  0x08a9, 0x08a9, 0x08a9, 0x08a9, 0x08a9, 0x10ea, 0x08a9, 0x08a9, 0x08c9, 0x08a9, 0x08a9, 0x08c9,
  0x08a9, 0x08a9, 0x08a9, 0x31ed, 0x08a9, 0x08ca, 0x08ca, 0x08c9, 0x08a8, 0x08c9, 0x08c9, 0x08a8,
  0x08a8, 0x08a7, 0x18e9, 0x296c, 0x318c, 0x31ad, 0x39ce, 0x318c, 0x10a7, 0x0886, 0x0865, 0x0886,
  0x0887, 0x10c9, 0x08c9, 0x08a9, 0x08a9, 0x08a9, 0x08a9, 0x08a9, 0x08c9, 0x110a, 0x320e, 0x08a9,
  0x08c9, 0x08ca, 0x08aa, 0x08a9, 0x08a9, 0x426e, 0x3a0c, 0x0046, 0x0024, 0x0024, 0x0844, 0x0865,
  0x0886, 0x0886, 0x0886, 0x10c8, 0x31ac, 0x420e, 0x39ee, 0x420e, 0x296b, 0x1087, 0x0886, 0x10c8,
  0x296c, 0x212b, 0x192b, 0x190a, 0x10a7, 0x10c9, 0x190a, 0x10c9, 0x08a8, 0x10c9, 0x192b, 0x190b,
  0x1909, 0x212b, 0x296d, 0x10e9, 0x0887, 0x08a8, 0x08a9, 0x08aa, 0x08aa, 0x08aa, 0x08aa, 0x08aa,
  0x08ac, 0x10cc, 0x190e, 0x190e, 0x10ed, 0x190f, 0x190f, 0x1910, 0x1931, 0x2152, 0x2173, 0x10f0,
  0x1932, 0x2153, 0x2173, 0x1952, 0x1952, 0x1953, 0x2153, 0x1933, 0x2154, 0x2153, 0x2153, 0x2194,
  0x2194, 0x1952, 0x1910, 0x2172, 0x2151, 0x2172, 0x2151, 0x2151, 0x2130, 0x1910, 0x1930, 0x1910,
  0x18ef, 0x190e, 0x18ee, 0x18cd, 0x10ac, 0x10ab, 0x10ab, 0x18cc, 0x18cb, 0x18aa, 0x1089, 0x10aa,
  0x18cc, 0x212e, 0x212d, 0x18cb, 0x10aa, 0x10aa, 0x18cb, 0x18cb, 0x18ec, 0x210c, 0x18ca, 0x210b,
  0x20eb, 0x20eb, 0x20eb, 0x20ca, 0x20ea, 0x20ca, 0x18ca, 0x18cb, 0x18cb, 0x18a9, 0x18ca, 0x18ea,
  0x210b, 0x210b, 0x18eb, 0x18eb, 0x20eb, 0x210c, 0x318d, 0x4a6f, 0x210d, 0x212d, 0x214d, 0x294d,
  0x316c, 0x10cb, 0x212d, 0x190c, 0x18ec, 0x210d, 0x214d, 0x190c, 0x18eb, 0x10eb, 0x10eb, 0x10eb,
  0x10ca, 0x10aa, 0x10aa, 0x10aa, 0x10cb, 0x10ca, 0x10ca, 0x10aa, 0x10a9, 0x10a9, 0x10ca, 0x10aa,
  0x10ca, 0x18eb, 0x10aa, 0x10aa, 0x10ca, 0x10ca, 0x10eb, 0x10ca, 0x10ca, 0x10aa, 0x10a9, 0x10ca,
  0x08a9, 0x10a9, 0x10eb, 0x29af, 0x08aa, 0x0889, 0x08aa, 0x10cb, 0x08aa, 0x08aa, 0x08aa, 0x08aa,
  0x08aa, 0x08aa, 0x08ca, 0x08ca, 0x08aa, 0x08ca, 0x08aa, 0x08a9, 0x08a9, 0x08a9, 0x08ca, 0x08ca,
  0x08a9, 0x08a9, 0x08a9, 0x08a9, 0x08a9, 0x08a9, 0x08a9, 0x08a9, 0x08ca, 0x08ca, 0x08a9, 0x08a9,
  0x08ca, 0x08ca, 0x08aa, 0x08a9, 0x08ca, 0x08ca, 0x08ca, 0x08a9, 0x08ca, 0x08ca, 0x08c9, 0x08c9,
  0x08ca, 0x08c9, 0x08c8, 0x08c8, 0x08a8, 0x08a8, 0x08a8, 0x08a8, 0x08a8, 0x08a9, 0x0888, 0x08a8,
  0x08c9, 0x10ea, 0x08ca, 0x08ca, 0x08ca, 0x08c9, 0x08ca, 0x08a9, 0x08a9, 0x08c9, 0x08c9, 0x08a9,
  0x08a9, 0x08a9, 0x08aa, 0x08c9, 0x08ca, 0x08a9, 0x110b, 0x196d, 0x10c9, 0x0886, 0x0044, 0x0865,
  0x08a7, 0x08a7, 0x0886, 0x0866, 0x296c, 0x4250, 0x31cd, 0x18e9, 0x08a7, 0x0887, 0x214b, 0x31cf,
  0x31ce, 0x192a, 0x10c8, 0x10a8, 0x10a7, 0x10c8, 0x10a8, 0x0886, 0x08a7, 0x214c, 0x214c, 0x18e9,
  0x0886, 0x08a7, 0x10a8, 0x08c9, 0x08ca, 0x08ca, 0x08ca, 0x08ca, 0x08cb, 0x08eb, 0x08ca, 0x08eb,
  0x10ed, 0x31d0, 0x296f, 0x18ee, 0x10ee, 0x1910, 0x1931, 0x1931, 0x1932, 0x2153, 0x31f6, 0x1932,
  0x1932, 0x1953, 0x1932, 0x1931, 0x1932, 0x1932, 0x1932, 0x2153, 0x2174, 0x2153, 0x1910, 0x1931,
  0x1952, 0x1952, 0x1931, 0x2172, 0x2172, 0x2130, 0x1930, 0x190f, 0x190f, 0x1930, 0x190f, 0x18ed,
  0x18ed, 0x18ee, 0x18cc, 0x18cc, 0x18cc, 0x10ab, 0x18cb, 0x10ab, 0x10aa, 0x296e, 0x10aa, 0x1089,
  0x108a, 0x18ec, 0x10ab, 0x18cb, 0x10aa, 0x10aa, 0x18ca, 0x18cb, 0x18eb, 0x18eb, 0x18ca, 0x210b,
  0x18eb, 0x20eb, 0x210c, 0x20ec, 0x210c, 0x210c, 0x20ec, 0x210c, 0x20ec, 0x20eb, 0x18ea, 0x210b,
  0x210c, 0x210c, 0x210c, 0x18cb, 0x210c, 0x210c, 0x210c, 0x210c, 0x210c, 0x210c, 0x210c, 0x18eb,
  0x18cb, 0x18cb, 0x18eb, 0x190c, 0x190c, 0x190c, 0x18ec, 0x18eb, 0x18eb, 0x10ca, 0x10ca, 0x10ca,
  0x10aa, 0x10aa, 0x10aa, 0x10ca, 0x10ca, 0x10aa, 0x10ca, 0x10ca, 0x10ca, 0x10ca, 0x10cb, 0x10aa,
  0x10aa, 0x10ca, 0x10aa, 0x10aa, 0x10ca, 0x10cb, 0x31ef, 0x10cb, 0x10ca, 0x10ca, 0x10ca, 0x10ca,
  0x08ca, 0x08aa, 0x08aa, 0x08a9, 0x0889, 0x08aa, 0x10cb, 0x08aa, 0x08cb, 0x08cb, 0x08cb, 0x08ca,
  0x08ca, 0x08ca, 0x08ca, 0x08a9, 0x08aa, 0x08ca, 0x08a9, 0x08ca, 0x08ca, 0x08aa, 0x08ca, 0x08ca,
  0x08aa, 0x08a9, 0x08a9, 0x08ca, 0x08ca, 0x08aa, 0x08ca, 0x08ca, 0x08ca, 0x08ca, 0x08ca, 0x08ca,
  0x08ca, 0x08ca, 0x08ca, 0x08ca, 0x08ca, 0x08ca, 0x08ca, 0x08ca, 0x08ea, 0x08ea, 0x08c9, 0x08ca,
  0x08ea, 0x08ea, 0x08ca, 0x08c9, 0x08c9, 0x08c9, 0x08ca, 0x08ca, 0x08ca, 0x08ca, 0x08ca, 0x08a9,
  0x08ca, 0x08ea, 0x08ca, 0x08ca, 0x08ca, 0x08ca, 0x08eb, 0x08eb, 0x08ca, 0x08ea, 0x08ca, 0x08ca,
  0x08ca, 0x08ca, 0x08ca, 0x08a9, 0x08a9, 0x08a9, 0x08ca, 0x110b, 0x216e, 0x194c, 0x08a8, 0x08a7,
  0x192b, 0x21ae, 0x192b, 0x08a7, 0x10c8, 0x298d, 0x4292, 0x3210, 0x31cf, 0x216c, 0x216c, 0x298d,
  0x29ad, 0x216c, 0x214b, 0x192a, 0x10c8, 0x18e9, 0x10e9, 0x10e9, 0x0887, 0x10c8, 0x10c8, 0x0887,
  0x08c9, 0x10eb, 0x08eb, 0x08eb, 0x08ca, 0x08cb, 0x08eb, 0x08eb, 0x08cb, 0x08eb, 0x08ca, 0x08ea,
  0x110f, 0x190f, 0x190f, 0x190f, 0x190f, 0x1910, 0x1931, 0x1932, 0x1953, 0x1932, 0x1932, 0x1932,
  0x1953, 0x2174, 0x2173, 0x1953, 0x1932, 0x1932, 0x1932, 0x1933, 0x1932, 0x2173, 0x1931, 0x1931,
  0x2172, 0x2173, 0x1952, 0x1930, 0x190f, 0x190f, 0x190e, 0x190f, 0x190f, 0x190f, 0x18ee, 0x18ed,
  0x18cc, 0x18ed, 0x10cb, 0x18cb, 0x10cb, 0x10aa, 0x296d, 0x10aa, 0x10aa, 0x10aa, 0x10ab, 0x10ab,
  0x108a, 0x10aa, 0x10ab, 0x18cc, 0x10cb, 0x10aa, 0x10a9, 0x18aa, 0x18eb, 0x18ec, 0x18eb, 0x18ca,
  0x20eb, 0x212d, 0x210d, 0x292d, 0x292e, 0x294e, 0x212d, 0x210d, 0x210c, 0x210c, 0x210c, 0x212d,
  0x212d, 0x212d, 0x210d, 0x190c, 0x210c, 0x210c, 0x210c, 0x210c, 0x210c, 0x190c, 0x18eb, 0x18cb,
  0x18eb, 0x18eb, 0x190c, 0x31cf, 0x190c, 0x190c, 0x190c, 0x190c, 0x10cb, 0x10aa, 0x10aa, 0x10ca,
  0x10ca, 0x10aa, 0x10ca, 0x10cb, 0x10cb, 0x10cb, 0x10ca, 0x10cb, 0x10cb, 0x10cb, 0x10cb, 0x10cb,
  0x10cb, 0x29af, 0x10cb, 0x10cb, 0x10ca, 0x08aa, 0x10cb, 0x10eb, 0x10eb, 0x10cb, 0x10eb, 0x10cb,
  0x08ca, 0x08ca, 0x08ca, 0x08aa, 0x08aa, 0x08ca, 0x08cb, 0x08cb, 0x08cb, 0x08cb, 0x08cb, 0x08cb,
  0x08aa, 0x08ca, 0x08aa, 0x08aa, 0x08cb, 0x08eb, 0x08cb, 0x08cb, 0x08cb, 0x08cb, 0x08ca, 0x08ca,
  0x08ca, 0x08ca, 0x08ca, 0x08ca, 0x08cb, 0x08ca, 0x08ca, 0x08ca, 0x08ca, 0x08eb, 0x08eb, 0x10eb,
  0x08ca, 0x08ca, 0x08cb, 0x216c, 0x298c, 0x08eb, 0x08ca, 0x08ca, 0x10eb, 0x10eb, 0x08ea, 0x08ca,
  0x08ea, 0x08eb, 0x10eb, 0x10eb, 0x08ea, 0x08ca, 0x08cb, 0x08ca, 0x08ca, 0x08ca, 0x08ca, 0x08ca,
  0x08ca, 0x08ca, 0x08ca, 0x08ca, 0x10eb, 0x08eb, 0x10eb, 0x08eb, 0x08ca, 0x08ca, 0x08ca, 0x08ea,
  0x08ca, 0x08ca, 0x08ca, 0x08ca, 0x08aa, 0x08aa, 0x08aa, 0x08ca, 0x10ea, 0x08ca, 0x08c9, 0x08ca,
  0x10ea, 0x10ea, 0x10ea, 0x08ca, 0x0888, 0x110a, 0x3231, 0x29cf, 0x214b, 0x192b, 0x298d, 0x3a2f,
  0x4230, 0x31ad, 0x192b, 0x10c8, 0x10c8, 0x216c, 0x29cf, 0x29af, 0x10eb, 0x08c9, 0x08ea, 0x08ea,
  0x10eb, 0x08eb, 0x08ca, 0x08eb, 0x08eb, 0x08eb, 0x08ec, 0x52f2, 0x194d, 0x10eb, 0x10eb, 0x08eb,
  0x190f, 0x190f, 0x4253, 0x31f2, 0x190f, 0x1931, 0x2152, 0x1952, 0x1932, 0x1932, 0x29b5, 0x2173,
  0x1932, 0x1932, 0x1932, 0x1932, 0x1911, 0x1911, 0x1932, 0x1933, 0x1932, 0x1932, 0x1932, 0x1951,
  0x1930, 0x1930, 0x1950, 0x1930, 0x18ee, 0x10cd, 0x10cd, 0x10cd, 0x18ed, 0x10cd, 0x10cc, 0x10cc,
  0x10cc, 0x18ec, 0x10cb, 0x10aa, 0x10aa, 0x10aa, 0x298e, 0x10ab, 0x10ab, 0x10aa, 0x10aa, 0x10aa,
  0x10aa, 0x10ab, 0x10cb, 0x18cc, 0x18cc, 0x10cb, 0x10aa, 0x18aa, 0x18aa, 0x18eb, 0x210d, 0x18ec,
  0x210c, 0x212d, 0x292e, 0x3190, 0x4a12, 0x41d2, 0x3190, 0x212d, 0x18eb, 0x210c, 0x212d, 0x212d,
  0x212d, 0x210d, 0x190d, 0x212d, 0x212d, 0x212d, 0x212d, 0x192d, 0x190c, 0x190c, 0x18eb, 0x18eb,
  0x18eb, 0x190c, 0x18ec, 0x18ec, 0x190c, 0x190c, 0x190c, 0x10ec, 0x10eb, 0x10a9, 0x10ca, 0x10ca,
  0x10aa, 0x10ca, 0x10cb, 0x10eb, 0x10cb, 0x10aa, 0x10cb, 0x10cb, 0x10cb, 0x10ec, 0x10cb, 0x10cb,
  0x10cb, 0x10aa, 0x10cb, 0x10eb, 0x10cb, 0x10cb, 0x10ec, 0x110c, 0x10ec, 0x10ec, 0x10ec, 0x298e,
  0x08cb, 0x08cb, 0x08cb, 0x08cb, 0x08cb, 0x08cb, 0x08cb, 0x08ec, 0x08ec, 0x10ec, 0x10ec, 0x10ec,
  0x08cb, 0x08cb, 0x08cb, 0x08cb, 0x08cb, 0x08eb, 0x08cb, 0x08cb, 0x08eb, 0x08cb, 0x08cb, 0x08cb,
  0x08cb, 0x08eb, 0x112c, 0x08cb, 0x08eb, 0x08cb, 0x08cb, 0x08cb, 0x08ca, 0x08cb, 0x08cb, 0x08eb,
  0x08cb, 0x08ca, 0x10eb, 0x8475, 0x9cf6, 0x10eb, 0x10eb, 0x08eb, 0x110b, 0x112c, 0x08eb, 0x08eb,
  0x08ea, 0x10eb, 0x10eb, 0x08eb, 0x08eb, 0x08eb, 0x08ec, 0x08eb, 0x08cb, 0x298c, 0x52cf, 0x192c,
  0x110c, 0x10eb, 0x110c, 0x10eb, 0x10eb, 0x08cb, 0x08eb, 0x10ec, 0x08ec, 0x08eb, 0x08eb, 0x08eb,
  0x08eb, 0x08eb, 0x10eb, 0x08eb, 0x10eb, 0x10eb, 0x08ca, 0x08ca, 0x10eb, 0x10eb, 0x10eb, 0x10eb,
  0x10eb, 0x10eb, 0x10cb, 0x10eb, 0x110b, 0x10eb, 0x110c, 0x08ca, 0x08c9, 0x08ca, 0x10eb, 0x192c,
  0x214d, 0x194c, 0x110c, 0x08ca, 0x10eb, 0x10cb, 0x08ca, 0x08cb, 0x08eb, 0x10eb, 0x08eb, 0x08eb,
  0x10eb, 0x08eb, 0x10eb, 0x10ec, 0x10ec, 0x10ec, 0x10ec, 0x31f0, 0x110c, 0x10eb, 0x10ec, 0x110c,
  0x1930, 0x10ef, 0x1910, 0x190f, 0x10cd, 0x190f, 0x1931, 0x1931, 0x1952, 0x1911, 0x1953, 0x29b5,
  0x1932, 0x1952, 0x1932, 0x1911, 0x1911, 0x52f4, 0x73b7, 0x10f0, 0x10f0, 0x1932, 0x1931, 0x190f,
  0x10ed, 0x10ed, 0x194f, 0x192f, 0x190f, 0x18ee, 0x10cc, 0x10cc, 0x10cb, 0x10ab, 0x10ab, 0x18ec,
  0x212e, 0x10cc, 0x10cb, 0x10aa, 0x18cc, 0x10ab, 0x10aa, 0x10aa, 0x10aa, 0x10aa, 0x1089, 0x1089,
  0x10ab, 0x10cb, 0x10cb, 0x18cb, 0x10cb, 0x18cb, 0x18cb, 0x18cb, 0x18cb, 0x190c, 0x18ec, 0x210c,
  0x296f, 0x294e, 0x296f, 0x6b14, 0xe6fd, 0xa4d9, 0x3190, 0x212e, 0x212e, 0x214e, 0x212d, 0x212d,
  0x296e, 0x420f, 0x190c, 0x190c, 0x192c, 0x192d, 0x190c, 0x192c, 0x29ae, 0x190c, 0x18eb, 0x18eb,
  0x18eb, 0x190c, 0x18ec, 0x10ec, 0x298e, 0x214d, 0x10eb, 0x10cb, 0x10ca, 0x10aa, 0x10ca, 0x10ca,
  0x10ca, 0x10ca, 0x10cb, 0x10cb, 0x10cb, 0x10eb, 0x10eb, 0x10cb, 0x10cb, 0x08aa, 0x08aa, 0x08aa,
  0x08aa, 0x10ca, 0x10eb, 0x10ec, 0x10ec, 0x10ec, 0x110c, 0x110d, 0x110d, 0x10ed, 0x110c, 0x3210,
  0x10cb, 0x08cb, 0x08cb, 0x08cc, 0x08cc, 0x08cb, 0x08ec, 0x08ec, 0x08ec, 0x110c, 0x10ec, 0x10ec,
  0x10ec, 0x08ec, 0x08ec, 0x08cb, 0x08cb, 0x110c, 0x08ec, 0x08eb, 0x10ec, 0x10ec, 0x08eb, 0x08eb,
  0x08cb, 0x10eb, 0x10ec, 0x08cb, 0x08cb, 0x08eb, 0x10ec, 0x08eb, 0x08eb, 0x110b, 0x10eb, 0x08cb,
  0x110c, 0x10eb, 0x08ca, 0x10eb, 0x110b, 0x10ec, 0x10ec, 0x08eb, 0x10eb, 0x110c, 0x10eb, 0x10eb,
  0x10eb, 0x10eb, 0x110b, 0x10eb, 0x08eb, 0x08eb, 0x08ca, 0x08eb, 0x08eb, 0x424e, 0xad78, 0xbdf9,
  0xb5d9, 0x110c, 0x10eb, 0x10ec, 0x08cb, 0x08eb, 0x08ec, 0x110c, 0x110c, 0x10ec, 0x08eb, 0x10ec,
  0x52b2, 0x298d, 0x10eb, 0x10eb, 0x08eb, 0x08cb, 0x10eb, 0x10eb, 0x10eb, 0x10eb, 0x10eb, 0x10eb,
  0x110c, 0x10ec, 0x10ec, 0x10eb, 0x110c, 0x110c, 0x112c, 0x10eb, 0x10eb, 0x08ec, 0x08eb, 0x08ec,
  0x10ec, 0x08eb, 0x08ec, 0x10ec, 0x114e, 0x110c, 0x08cb, 0x10eb, 0x10eb, 0x10ea, 0x10eb, 0x110b,
  0x110b, 0x10eb, 0x112d, 0x110c, 0x110c, 0x10ec, 0x10ec, 0x10ec, 0x110d, 0x10ec, 0x110c, 0x112d,
  0x1110, 0x10ef, 0x1910, 0x1930, 0x10ef, 0x1931, 0x1973, 0x21b4, 0x21b4, 0x1932, 0x1932, 0x1911,
  0x1911, 0x1932, 0x1952, 0x1110, 0x1910, 0x1931, 0x2992, 0x1111, 0x10f0, 0x1910, 0x1930, 0x10ee,
  0x10ed, 0x10ed, 0x18ee, 0x10ee, 0x10ee, 0x190e, 0x10cc, 0x10ab, 0x0889, 0x10aa, 0x10cb, 0x18cc,
  0x190d, 0x10cc, 0x10cb, 0x10cb, 0x10cc, 0x10cc, 0x10aa, 0x108a, 0x10cb, 0x10aa, 0x10aa, 0x10cb,
  0x10cb, 0x10ab, 0x10cb, 0x10cb, 0x10cb, 0x10cb, 0x18cb, 0x18ec, 0x18ec, 0x190d, 0x190d, 0x210d,
  0x296f, 0x298f, 0x298f, 0x4232, 0x9497, 0x6b35, 0x31d1, 0x212e, 0x212e, 0x216f, 0x212e, 0x214e,
  0x216e, 0x31af, 0x190c, 0x190c, 0x190c, 0x190c, 0x190c, 0x190c, 0x192c, 0x190c, 0x18eb, 0x10eb,
  0x10eb, 0x10eb, 0x10eb, 0x10eb, 0x10cb, 0x110c, 0x21ae, 0x10cb, 0x10cb, 0x10eb, 0x10eb, 0x10eb,
  0x10eb, 0x10cb, 0x10cb, 0x10ca, 0x10cb, 0x10eb, 0x110c, 0x192d, 0x10ec, 0x10cb, 0x10cb, 0x10cb,
  0x10cb, 0x08ca, 0x10ec, 0x110c, 0x110d, 0x10ec, 0x110d, 0x112d, 0x112d, 0x110d, 0x10ec, 0x3210,
  0x10ec, 0x08ec, 0x08ec, 0x08ec, 0x08ec, 0x08ec, 0x08ec, 0x08ec, 0x10ec, 0x110c, 0x10ec, 0x10ec,
  0x10ec, 0x08eb, 0x10ec, 0x10ec, 0x10eb, 0x110c, 0x110c, 0x110c, 0x110d, 0x110c, 0x110c, 0x110c,
  0x10ec, 0x110c, 0x110c, 0x110c, 0x110c, 0x110c, 0x10ec, 0x10ec, 0x110c, 0x94f7, 0x426e, 0x10eb,
  0x10eb, 0x10eb, 0x10eb, 0x10eb, 0x10eb, 0x10ec, 0x10eb, 0x08cb, 0x10eb, 0x112c, 0x110c, 0x110c,
  0x110c, 0x10eb, 0x110c, 0x110c, 0x10ec, 0x10ec, 0x08cb, 0x10eb, 0x08ca, 0x08ca, 0x31cd, 0xa537,
  0x424f, 0x110c, 0x10ec, 0x110c, 0x110c, 0x110c, 0x110d, 0x110d, 0x110c, 0x112d, 0x110c, 0x110c,
  0x112d, 0x110c, 0x10ec, 0x08ec, 0x08eb, 0x08eb, 0x10ec, 0x10eb, 0x10eb, 0x110c, 0x110c, 0x10eb,
  0x08ea, 0x110c, 0x110c, 0x10ec, 0x110c, 0x112d, 0x110c, 0x110c, 0x10eb, 0x10ec, 0x10ec, 0x110c,
  0x110c, 0x08ec, 0x110c, 0x110c, 0x114e, 0x112d, 0x08eb, 0x10eb, 0x10eb, 0x10eb, 0x110b, 0x110c,
  0x110c, 0x110c, 0x110c, 0x194d, 0x3230, 0x110c, 0x110d, 0x110d, 0x192d, 0x110d, 0x110d, 0x112e,
  0x1110, 0x1972, 0x1931, 0x1931, 0x1931, 0x1952, 0x1953, 0x1973, 0x1953, 0x1131, 0x3214, 0x1951,
  0x1931, 0x1910, 0x10ef, 0x1110, 0x110f, 0x190f, 0x1930, 0x2171, 0x1930, 0x1910, 0x190f, 0x10ee,
  0x10ed, 0x10ed, 0x18ed, 0x10cd, 0x10cc, 0x10cc, 0x10ed, 0x10ec, 0x10ab, 0x1089, 0x10ab, 0x10ab,
  0x10ab, 0x10cc, 0x18ed, 0x18ed, 0x10cc, 0x10cc, 0x10ab, 0x10aa, 0x10aa, 0x10aa, 0x10cb, 0x10cb,
  0x10cb, 0x10cb, 0x18ec, 0x18ec, 0x18ec, 0x10cb, 0x10cb, 0x10cb, 0x10ec, 0x18ec, 0x190d, 0x212d,
  0x29af, 0x29af, 0x3a11, 0x2990, 0x29b0, 0x2990, 0x216f, 0x192e, 0x192d, 0x214e, 0x214f, 0x214e,
  0x214e, 0x4272, 0x190d, 0x190c, 0x190c, 0x10ec, 0x10ec, 0x190c, 0x190c, 0x18ec, 0x10ec, 0x10ec,
  0x110c, 0x110c, 0x10eb, 0x10eb, 0x10eb, 0x10ec, 0x110c, 0x10ec, 0x10eb, 0x10eb, 0x10eb, 0x110c,
  0x112d, 0x110c, 0x10cb, 0x10cb, 0x110c, 0x10eb, 0x10cb, 0x110c, 0x10ec, 0x10ec, 0x10cb, 0x10cb,
  0x10ec, 0x110c, 0x110d, 0x110d, 0x110d, 0x110d, 0x110d, 0x110d, 0x112e, 0x10ec, 0x10ec, 0x110d,
  0x08ec, 0x08ec, 0x08ec, 0x08ec, 0x08ec, 0x08ec, 0x08ec, 0x198f, 0x110c, 0x110c, 0x110c, 0x110d,
  0x110d, 0x10ec, 0x10ec, 0x10ec, 0x110c, 0x110c, 0x110c, 0x112d, 0x112d, 0x110d, 0x110c, 0x110c,
  0x110c, 0x112c, 0x112d, 0x110c, 0x110c, 0x3a71, 0x110c, 0x10ec, 0x110c, 0x110c, 0x110c, 0x110c,
  0x110c, 0x194d, 0x110c, 0x110c, 0x10eb, 0x10ec, 0x10eb, 0x110c, 0x10eb, 0x10eb, 0x10eb, 0x10eb,
  0x10eb, 0x10ea, 0x10eb, 0x10eb, 0x10cb, 0x10cb, 0x10eb, 0x10eb, 0x08eb, 0x10eb, 0x10eb, 0x110c,
  0x110c, 0x110c, 0x112d, 0x112d, 0x112c, 0x112d, 0x112d, 0x110c, 0x112d, 0x110c, 0x110c, 0x110c,
  0x110d, 0x112d, 0x110c, 0x08eb, 0x08ec, 0x10ec, 0x110c, 0x10ec, 0x10eb, 0x110c, 0x110d, 0x10eb,
  0x10eb, 0x10eb, 0x10eb, 0x110c, 0x110c, 0x112d, 0x112d, 0x110c, 0x10eb, 0x10ec, 0x110c, 0x110c,
  0x110d, 0x110d, 0x112d, 0x112d, 0x6373, 0x3a70, 0x10ec, 0x10ec, 0x110c, 0x110c, 0x110c, 0x110c,
  0x110c, 0x110c, 0x110d, 0x112d, 0x112d, 0x112d, 0x29f0, 0x218f, 0x112d, 0x112d, 0x112e, 0x114e,
  0x1111, 0x1131, 0x1952, 0x21b4, 0x1952, 0x1952, 0x1973, 0x1973, 0x1952, 0x1931, 0x1951, 0x1930,
  0x1110, 0x1930, 0x1930, 0x1930, 0x110f, 0x190f, 0x1930, 0x3a53, 0x192f, 0x190e, 0x10ee, 0x110e,
  0x10ed, 0x10cd, 0x214f, 0x214e, 0x10cc, 0x10cc, 0x192d, 0x190c, 0x10ab, 0x10aa, 0x10cb, 0x10ab,
  0x10ab, 0x10cc, 0x10cc, 0x10cc, 0x10ed, 0x18ed, 0x10cc, 0x10cb, 0x10cb, 0x10cb, 0x10cb, 0x10ec,
  0x10ec, 0x18ec, 0x18ed, 0x18ec, 0x10ec, 0x10ec, 0x10ec, 0x10ec, 0x190c, 0x190c, 0x190c, 0x192d,
  0x5af2, 0x8456, 0x214e, 0x214e, 0x192e, 0x194e, 0x214e, 0x192e, 0x192d, 0x4250, 0x3a0f, 0x194e,
  0x214e, 0x192d, 0x190c, 0x190c, 0x190c, 0x110c, 0x110c, 0x190c, 0x190c, 0x10cb, 0x10eb, 0x110c,
  0x110c, 0x110c, 0x110c, 0x110c, 0x10ec, 0x10ec, 0x192d, 0x110c, 0x10cb, 0x10eb, 0x110c, 0x110c,
  0x110c, 0x110c, 0x10cb, 0x10eb, 0x110c, 0x110d, 0x112d, 0x112d, 0x110d, 0x112d, 0x112d, 0x110c,
  0x110d, 0x110e, 0x112e, 0x110e, 0x112d, 0x112e, 0x112d, 0x112e, 0x112e, 0x110e, 0x110d, 0x10ed,
  0x10ec, 0x10ec, 0x08ed, 0x08ec, 0x08ec, 0x10ec, 0x10ed, 0x110d, 0x112e, 0x112d, 0x110d, 0x110d,
  0x112d, 0x110d, 0x110c, 0x110c, 0x110d, 0x110d, 0x112d, 0x194e, 0x112d, 0x112d, 0x112d, 0x112d,
  0x112d, 0x112d, 0x112d, 0x110d, 0x110c, 0x10ec, 0x110c, 0x110c, 0x110c, 0x112d, 0x110c, 0x110c,
  0x10ec, 0x112c, 0x112d, 0x112d, 0x10eb, 0x10eb, 0x10eb, 0x110c, 0x110c, 0x10eb, 0x110b, 0x110c,
  0x110c, 0x110c, 0x110c, 0x110c, 0x114d, 0x112d, 0x10eb, 0x110c, 0x110c, 0x10ec, 0x110c, 0x110c,
  0x110c, 0x110c, 0x112d, 0x112d, 0x112c, 0x112d, 0x114d, 0x112d, 0x112d, 0x112d, 0x112d, 0x112d,
  0x110c, 0x110c, 0x110c, 0x08ec, 0x110c, 0x110c, 0x110c, 0x110c, 0x110c, 0x110c, 0x112d, 0x110c,
  0x110c, 0x112c, 0x110c, 0x110c, 0x110c, 0x110c, 0x110c, 0x196e, 0x114d, 0x110c, 0x112d, 0x112d,
  0x112d, 0x110d, 0x110d, 0x112d, 0x112d, 0x196e, 0x110d, 0x110c, 0x110c, 0x110c, 0x110d, 0x110c,
  0x110d, 0x112d, 0x112d, 0x112d, 0x112d, 0x112e, 0x114e, 0x114e, 0x194e, 0x114e, 0x112e, 0x194e,
  0x1131, 0x1131, 0x1952, 0x1952, 0x1952, 0x1952, 0x1952, 0x1952, 0x1951, 0x21b3, 0x1971, 0x1930,
  0x110f, 0x1110, 0x1930, 0x1930, 0x1930, 0x192f, 0x190f, 0x110e, 0x110e, 0x10ed, 0x10ed, 0x10ed,
  0x10cd, 0x10cd, 0x10ed, 0x10cc, 0x10cc, 0x10cc, 0x192d, 0x192d, 0x10cc, 0x10cb, 0x10cc, 0x10cc,
  0x10cc, 0x08cb, 0x10cc, 0x10ed, 0x190d, 0x10cc, 0x10cb, 0x10cb, 0x10cb, 0x10cb, 0x10cb, 0x10cc,
  0x10ec, 0x190d, 0x18ed, 0x18ed, 0x190d, 0x10ec, 0x18ec, 0x18ec, 0x18ec, 0x110c, 0x190c, 0x192d,
  0x194d, 0x192d, 0x192d, 0x192e, 0x192d, 0x192d, 0x192e, 0x192e, 0x192d, 0x298e, 0x216d, 0x194d,
  0x194d, 0x192d, 0x190d, 0x190c, 0x10ec, 0x10ec, 0x110c, 0x10ec, 0x10ec, 0x10cb, 0x10ec, 0x110c,
  0x110c, 0x110c, 0x110c, 0x10ec, 0x110c, 0x110c, 0x110d, 0x110d, 0x10ec, 0x10eb, 0x110c, 0x110c,
  0x112d, 0x218e, 0x10ec, 0x112d, 0x194e, 0x194e, 0x194e, 0x114e, 0x112e, 0x112e, 0x112e, 0x112e,
  0x112e, 0x112e, 0x112e, 0x112e, 0x112e, 0x112e, 0x112f, 0x114f, 0x112f, 0x110e, 0x194e, 0x194e,
  0x110d, 0x110d, 0x10ec, 0x10ec, 0x10ed, 0x110d, 0x110d, 0x110d, 0x110d, 0x112e, 0x112d, 0x110d,
  0x110d, 0x110d, 0x110d, 0x112d, 0x112e, 0x112d, 0x112d, 0x112d, 0x112e, 0x112e, 0x112d, 0x110c,
  0x112d, 0x112d, 0x112d, 0x112d, 0x112d, 0x8455, 0x31ee, 0x112d, 0x110d, 0x110d, 0x110c, 0x110d,
  0x110c, 0x112d, 0x110c, 0x110c, 0x110c, 0x110c, 0x110c, 0x110c, 0x110c, 0x110c, 0x110c, 0x110c,
  0x110c, 0x10cb, 0x10eb, 0x110c, 0x110c, 0x110c, 0x110c, 0x110c, 0x110c, 0x110c, 0x110c, 0x110c,
  0x112d, 0x112d, 0x114e, 0x114e, 0x114e, 0x114e, 0x114e, 0x114e, 0x114e, 0x112d, 0x112d, 0x112d,
  0x110d, 0x112d, 0x110d, 0x08ec, 0x110d, 0x110d, 0x110d, 0x110d, 0x112d, 0x112d, 0x110d, 0x110d,
  0x112d, 0x112d, 0x110d, 0x110c, 0x110c, 0x110d, 0x110d, 0x110d, 0x110d, 0x110d, 0x112d, 0x110d,
  0x112d, 0x218e, 0x196e, 0x110d, 0x112e, 0x3252, 0x194e, 0x112d, 0x10ec, 0x10eb, 0x112d, 0x112d,
  0x112d, 0x114e, 0x194e, 0x114e, 0x114e, 0x194e, 0x194f, 0x194f, 0x194f, 0x2a11, 0x29f1, 0x1970,
  0x1952, 0x1952, 0x2192, 0x3234, 0x1952, 0x1973, 0x1973, 0x1952, 0x1952, 0x1972, 0x1951, 0x1931,
  0x1130, 0x1931, 0x1130, 0x29b2, 0x192f, 0x192f, 0x110e, 0x110d, 0x110d, 0x110e, 0x112e, 0x112e,
  0x110e, 0x110e, 0x10ed, 0x10ec, 0x10ec, 0x10ec, 0x110d, 0x110d, 0x110d, 0x10ec, 0x10ec, 0x10ed,
  0x10ec, 0x10cc, 0x10ec, 0x10cc, 0x10ec, 0x190d, 0x10ec, 0x10ec, 0x10ec, 0x10ec, 0x190d, 0x10ec,
  0x10ec, 0x216e, 0x3211, 0x190d, 0x190d, 0x190d, 0x190d, 0x192d, 0x190d, 0x190d, 0x190d, 0x190d,
  0x192d, 0x192d, 0x192d, 0x192e, 0x192d, 0x190d, 0x192d, 0x39ef, 0x3a0f, 0x190d, 0x192d, 0x192d,
  0x192d, 0x192d, 0x190d, 0x190d, 0x110c, 0x190c, 0x10eb, 0x10eb, 0x110c, 0x190d, 0x110c, 0x110d,
  0x110d, 0x110d, 0x110d, 0x110d, 0x110d, 0x110d, 0x112d, 0x110c, 0x10ec, 0x10ec, 0x110d, 0x110d,
  0x112d, 0x112e, 0x194e, 0x194f, 0x196f, 0x3a52, 0x196f, 0x196f, 0x196f, 0x114e, 0x114e, 0x114e,
  0x196f, 0x194f, 0x114f, 0x114f, 0x112f, 0x21b1, 0x2190, 0x194f, 0x194f, 0x112e, 0x110d, 0x110d,
  0x110d, 0x110d, 0x110d, 0x10ec, 0x110d, 0x110e, 0x110e, 0x110d, 0x112e, 0x29f0, 0x194e, 0x192e,
  0x192e, 0x196f, 0x112e, 0x112e, 0x114e, 0x112d, 0x112d, 0x110c, 0x112d, 0x112e, 0x112d, 0x112d,
  0x112d, 0x112e, 0x112d, 0x110d, 0x110d, 0x5312, 0x29ae, 0x112e, 0x112d, 0x110d, 0x112d, 0x110d,
  0x110d, 0x112d, 0x112d, 0x110d, 0x110d, 0x110d, 0x110d, 0x110d, 0x110d, 0x110c, 0x110c, 0x112d,
  0x110c, 0x320e, 0x298c, 0x110c, 0x196e, 0x110c, 0x110c, 0x112d, 0x112d, 0x112c, 0x112c, 0x110c,
  0x112d, 0x114e, 0x114e, 0x114e, 0x196f, 0x114f, 0x114f, 0x114e, 0x114e, 0x114e, 0x112d, 0x112d,
  0x110d, 0x110d, 0x112d, 0x112d, 0x112d, 0x112d, 0x112d, 0x114e, 0x112d, 0x112d, 0x21af, 0x218f,
  0x112d, 0x21af, 0x3a72, 0x110d, 0x110d, 0x110d, 0x112d, 0x110c, 0x31ef, 0x3a50, 0x112d, 0x112e,
  0x112e, 0x196e, 0x196e, 0x112d, 0x112d, 0x112e, 0x112d, 0x112d, 0x112d, 0x112d, 0x112e, 0x114e,
  0x114f, 0x194f, 0x194e, 0x114e, 0x196f, 0x1990, 0x114f, 0x196f, 0x1970, 0x1970, 0x1970, 0x1991,
  0x1973, 0x2193, 0x1993, 0x1952, 0x1951, 0x1973, 0x2194, 0x1952, 0x1973, 0x1951, 0x1951, 0x1931,
  0x1130, 0x1931, 0x1930, 0x1950, 0x2191, 0x2190, 0x192e, 0x110d, 0x112e, 0x194f, 0x1970, 0x194f,
  0x194f, 0x112e, 0x110d, 0x110c, 0x110d, 0x110d, 0x110d, 0x110d, 0x112e, 0x10ed, 0x10ec, 0x110d,
  0x110e, 0x10ed, 0x10ed, 0x10cc, 0x10ec, 0x190d, 0x216e, 0x192d, 0x110d, 0x110d, 0x110e, 0x110d,
  0x110d, 0x192e, 0x192e, 0x192d, 0x190d, 0x190d, 0x190d, 0x110d, 0x192e, 0x192e, 0x192e, 0x192e,
  0x192d, 0x192d, 0x192e, 0x194e, 0x192e, 0x192e, 0x192e, 0x6353, 0x6b73, 0x192d, 0x192d, 0x192d,
  0x192d, 0x192d, 0x3231, 0x194e, 0x110d, 0x110d, 0x110c, 0x190d, 0x110c, 0x110d, 0x110d, 0x192d,
  0x192e, 0x110d, 0x194e, 0x196e, 0x196f, 0x112d, 0x110d, 0x10ec, 0x10ec, 0x10cb, 0x112e, 0x194f,
  0x114e, 0x194f, 0x196f, 0x1970, 0x1970, 0x1990, 0x1990, 0x1990, 0x1990, 0x196f, 0x196f, 0x1990,
  0x1970, 0x1970, 0x1990, 0x1991, 0x1970, 0x21b1, 0x1990, 0x1970, 0x114f, 0x112e, 0x112e, 0x112e,
  0x112e, 0x112e, 0x112e, 0x112d, 0x112e, 0x114e, 0x112e, 0x114e, 0x194e, 0x21d0, 0x194f, 0x194f,
  0x194f, 0x1990, 0x194f, 0x112f, 0x114f, 0x114f, 0x112e, 0x10ec, 0x110d, 0x112e, 0x112e, 0x114e,
  0x114e, 0x196f, 0x3273, 0x112e, 0x110d, 0x110d, 0x112e, 0x114f, 0x114e, 0x112d, 0x112e, 0x110d,
  0x110d, 0x110d, 0x110c, 0x110c, 0x110d, 0x110d, 0x112d, 0x112e, 0x112e, 0x112d, 0x110c, 0x112c,
  0x112c, 0x4290, 0x3a2f, 0x110c, 0x110c, 0x112d, 0x112d, 0x114d, 0x112d, 0x112d, 0x3272, 0x2a10,
  0x114e, 0x114e, 0x114f, 0x114f, 0x116f, 0x116f, 0x116f, 0x114f, 0x114e, 0x116f, 0x114e, 0x114e,
  0x114e, 0x114e, 0x114e, 0x114e, 0x114e, 0x114e, 0x114e, 0x198f, 0x114e, 0x114e, 0x114e, 0x114e,
  0x112e, 0x112e, 0x112e, 0x194e, 0x110d, 0x112e, 0x114f, 0x110d, 0x218e, 0x29cf, 0x194e, 0x114e,
  0x112d, 0x112d, 0x196f, 0x114e, 0x114e, 0x114e, 0x112e, 0x194e, 0x114e, 0x114f, 0x114f, 0x196f,
  0x196f, 0x196f, 0x1970, 0x196f, 0x1970, 0x1990, 0x196f, 0x196f, 0x1970, 0x19b1, 0x2a34, 0x21d3,
  0x1973, 0x1973, 0x1973, 0x1952, 0x1952, 0x1973, 0x1973, 0x1972, 0x1972, 0x1951, 0x1951, 0x1951,
  0x1930, 0x1930, 0x110f, 0x192f, 0x1970, 0x2190, 0x194f, 0x112e, 0x112e, 0x194f, 0x194f, 0x194f,
  0x196f, 0x21b0, 0x112e, 0x112e, 0x194f, 0x112e, 0x112e, 0x112e, 0x112e, 0x110d, 0x10ed, 0x110d,
  0x110e, 0x110e, 0x110e, 0x110d, 0x110d, 0x190d, 0x194e, 0x194e, 0x192e, 0x192e, 0x112e, 0x112e,
  0x192e, 0x194e, 0x194f, 0x192e, 0x192e, 0x192e, 0x192e, 0x112e, 0x192e, 0x112e, 0x112e, 0x112e,
  0x112d, 0x192e, 0x194e, 0x192e, 0x192d, 0x192d, 0x194e, 0x29d0, 0x192e, 0x192e, 0x192e, 0x194e,
  0x194e, 0x194e, 0x194f, 0x192e, 0x192e, 0x192d, 0x192e, 0x192d, 0x110d, 0x192e, 0x194e, 0x196f,
  0x218f, 0x192e, 0x194e, 0x196f, 0x192e, 0x112e, 0x110e, 0x110d, 0x110d, 0x112d, 0x114f, 0x196f,
  0x1990, 0x196f, 0x196f, 0x1970, 0x1970, 0x19b1, 0x19b1, 0x19b1, 0x19b1, 0x19b0, 0x1990, 0x1990,
  0x21b1, 0x1970, 0x19b1, 0x21d1, 0x1970, 0x1970, 0x1970, 0x1970, 0x1150, 0x114f, 0x1950, 0x114f,
  0x194f, 0x194f, 0x196f, 0x194f, 0x194f, 0x194f, 0x1970, 0x196f, 0x196f, 0x196f, 0x194f, 0x194f,
  0x1970, 0x1970, 0x194f, 0x1970, 0x194f, 0x114f, 0x114e, 0x114e, 0x114e, 0x114e, 0x114f, 0x196f,
  0x114f, 0x112f, 0x112f, 0x112f, 0x1990, 0x112e, 0x112e, 0x194f, 0x114f, 0x114f, 0x114e, 0x112e,
  0x112e, 0x112e, 0x112d, 0x112d, 0x112e, 0x112e, 0x112d, 0x112e, 0x114e, 0x112d, 0x110c, 0x112d,
  0x112d, 0x114e, 0x112d, 0x114d, 0x3251, 0x112d, 0x112d, 0x114e, 0x114e, 0x114e, 0x196f, 0x116f,
  0x116f, 0x116f, 0x116f, 0x116f, 0x116f, 0x116f, 0x116f, 0x116f, 0x116f, 0x116f, 0x114f, 0x114f,
  0x114e, 0x114e, 0x114f, 0x114f, 0x114f, 0x114f, 0x114f, 0x114e, 0x114f, 0x196f, 0x194f, 0x196f,
  0x196f, 0x114f, 0x196f, 0x112e, 0x112e, 0x114f, 0x114f, 0x112e, 0x114e, 0x194f, 0x194e, 0x196f,
  0x196f, 0x196f, 0x196f, 0x194f, 0x194f, 0x194f, 0x194f, 0x1950, 0x194f, 0x196f, 0x1970, 0x1970,
  0x1990, 0x1990, 0x1990, 0x1990, 0x1990, 0x1990, 0x1990, 0x1970, 0x1990, 0x21d2, 0x21d2, 0x2214,
  0x1994, 0x2216, 0x19b4, 0x1973, 0x1973, 0x1993, 0x1992, 0x1972, 0x1951, 0x1951, 0x1950, 0x1130,
  0x112f, 0x110f, 0x192f, 0x1950, 0x1970, 0x2190, 0x194f, 0x194f, 0x114f, 0x194f, 0x194f, 0x1970,
  0x2190, 0x1970, 0x196f, 0x194f, 0x114f, 0x114f, 0x114f, 0x194f, 0x112e, 0x112e, 0x110e, 0x110e,
  0x3a52, 0x192e, 0x192e, 0x192e, 0x192e, 0x110d, 0x10ec, 0x192e, 0x194f, 0x194f, 0x112e, 0x192e,
  0x112e, 0x194f, 0x194f, 0x194e, 0x192e, 0x194f, 0x196f, 0x194f, 0x194f, 0x112e, 0x194e, 0x194f,
  0x112e, 0x192e, 0x194f, 0x194e, 0x194e, 0x194e, 0x196f, 0x3252, 0x112e, 0x192e, 0x21af, 0x194e,
  0x194e, 0x194f, 0x194f, 0x194f, 0x194e, 0x198f, 0x21b0, 0x194e, 0x192e, 0x114e, 0x194f, 0x196f,
  0x196f, 0x194f, 0x194f, 0x112e, 0x194f, 0x114f, 0x114f, 0x114f, 0x112f, 0x114f, 0x116f, 0x1970,
  0x19b1, 0x1970, 0x114f, 0x1990, 0x19b1, 0x2a13, 0x21d2, 0x19d1, 0x19d1, 0x19b1, 0x19b1, 0x19b1,
  0x3253, 0x19b1, 0x1991, 0x1990, 0x19b0, 0x29f1, 0x1991, 0x1991, 0x1970, 0x1970, 0x1970, 0x1970,
  0x1970, 0x1970, 0x1970, 0x196f, 0x1970, 0x1990, 0x196f, 0x196f, 0x1970, 0x196f, 0x1970, 0x194f,
  0x196f, 0x1970, 0x1970, 0x2a11, 0x1970, 0x114f, 0x114f, 0x1970, 0x1170, 0x114f, 0x1970, 0x1990,
  0x1970, 0x1970, 0x114f, 0x114f, 0x114f, 0x112e, 0x116f, 0x1990, 0x1970, 0x1970, 0x194f, 0x110d,
  0x114f, 0x116f, 0x114f, 0x114f, 0x112f, 0x114f, 0x114f, 0x114f, 0x114f, 0x114f, 0x114e, 0x114e,
  0x112e, 0x194e, 0x114e, 0x194e, 0x42b2, 0x194e, 0x114e, 0x114e, 0x116f, 0x116f, 0x116f, 0x1990,
  0x1190, 0x1170, 0x1990, 0x116f, 0x1970, 0x1990, 0x116f, 0x1970, 0x116f, 0x116f, 0x1170, 0x116f,
  0x114f, 0x114e, 0x116f, 0x1170, 0x116f, 0x1970, 0x1170, 0x196f, 0x1990, 0x1990, 0x114f, 0x196f,
  0x196f, 0x114f, 0x196f, 0x114f, 0x114f, 0x114f, 0x114f, 0x194f, 0x114f, 0x196f, 0x196f, 0x1990,
  0x1990, 0x1970, 0x1970, 0x1970, 0x1990, 0x1991, 0x1971, 0x1991, 0x1991, 0x1991, 0x1991, 0x1991,
  0x1991, 0x19b1, 0x1991, 0x19b1, 0x1991, 0x1991, 0x19b1, 0x1991, 0x1991, 0x2214, 0x2214, 0x2a56,
  0x19d5, 0x21b4, 0x21f5, 0x1993, 0x1993, 0x1993, 0x1972, 0x1971, 0x1971, 0x1971, 0x1150, 0x1950,
  0x1950, 0x112f, 0x1950, 0x1950, 0x1970, 0x2191, 0x1990, 0x1970, 0x194f, 0x110e, 0x112f, 0x1970,
  0x1990, 0x194f, 0x194f, 0x196f, 0x3211, 0x1970, 0x194f, 0x114f, 0x114f, 0x114f, 0x112e, 0x112e,
  0x112e, 0x192e, 0x192f, 0x194f, 0x194f, 0x194f, 0x112e, 0x112e, 0x194f, 0x194f, 0x196f, 0x194f,
  0x194f, 0x1970, 0x1970, 0x194f, 0x196f, 0x1970, 0x1970, 0x1970, 0x194f, 0x194f, 0x194f, 0x194f,
  0x194f, 0x194f, 0x196f, 0x196f, 0x196f, 0x2190, 0x196f, 0x196f, 0x194f, 0x194f, 0x3232, 0x198f,
  0x194f, 0x196f, 0x196f, 0x194f, 0x194f, 0x196f, 0x1990, 0x1990, 0x196f, 0x194f, 0x194f, 0x196f,
  0x196f, 0x194f, 0x194f, 0x2190, 0x3252, 0x114f, 0x114f, 0x114f, 0x1970, 0x1970, 0x1970, 0x1970,
  0x19b1, 0x1991, 0x1991, 0x21d2, 0x21d2, 0x2a54, 0x21f3, 0x19d2, 0x19d2, 0x19b2, 0x21d2, 0x19b2,
  0x21d2, 0x19b2, 0x1991, 0x1990, 0x29f1, 0x63b6, 0x1991, 0x1991, 0x1991, 0x1970, 0x1970, 0x1970,
  0x1991, 0x1991, 0x1970, 0x1970, 0x1990, 0x1990, 0x114f, 0x194f, 0x1970, 0x1970, 0x1970, 0x1970,
  0x19b1, 0x1991, 0x1991, 0x1990, 0x1970, 0x1170, 0x1970, 0x1991, 0x1991, 0x1970, 0x1970, 0x1991,
  0x1991, 0x1991, 0x1991, 0x3274, 0x1990, 0x1970, 0x1990, 0x1990, 0x1991, 0x1991, 0x1970, 0x194f,
  0x196f, 0x1970, 0x1170, 0x114f, 0x114f, 0x1150, 0x1970, 0x114f, 0x114f, 0x116f, 0x1170, 0x1970,
  0x196f, 0x196f, 0x196f, 0x194e, 0x194e, 0x194e, 0x196f, 0x1970, 0x1990, 0x116f, 0x1990, 0x1990,
  0x1190, 0x1990, 0x1990, 0x1990, 0x1990, 0x1990, 0x1190, 0x1990, 0x1170, 0x116f, 0x1170, 0x1170,
  0x1170, 0x1170, 0x1970, 0x1970, 0x1970, 0x1991, 0x1990, 0x1990, 0x1990, 0x21d1, 0x19b1, 0x1990,
  0x1970, 0x1990, 0x3ab3, 0x1970, 0x1970, 0x1970, 0x1970, 0x1990, 0x1990, 0x19b1, 0x19b1, 0x21b1,
  0x21b1, 0x19b1, 0x19b1, 0x19b1, 0x21f2, 0x6bf6, 0x29f2, 0x19b2, 0x1991, 0x19b1, 0x19b2, 0x19b1,
  0x19b1, 0x19b2, 0x19b1, 0x19d2, 0x1991, 0x19b1, 0x19b1, 0x19b2, 0x19b2, 0x21f3, 0x2215, 0x2a76,
  0x21d5, 0x21d5, 0x21d5, 0x21d4, 0x19b4, 0x1993, 0x1972, 0x1971, 0x1150, 0x1971, 0x1950, 0x1950,
  0x112f, 0x110e, 0x1950, 0x1970, 0x1970, 0x21b1, 0x1970, 0x5335, 0x29b0, 0x194f, 0x194f, 0x1970,
  0x1970, 0x196f, 0x194f, 0x196f, 0x6395, 0x2190, 0x1970, 0x1970, 0x1970, 0x194f, 0x1970, 0x1970,
  0x194f, 0x1950, 0x1970, 0x1970, 0x194f, 0x1950, 0x194f, 0x194f, 0x194f, 0x194f, 0x1970, 0x1970,
  0x1970, 0x1991, 0x1970, 0x1990, 0x1991, 0x1970, 0x1970, 0x1970, 0x1970, 0x1970, 0x1970, 0x1970,
  0x1970, 0x114f, 0x1970, 0x1991, 0x1990, 0x1970, 0x1990, 0x1970, 0x1970, 0x196f, 0x196f, 0x1970,
  0x1970, 0x1970, 0x42d4, 0x1970, 0x1950, 0x1970, 0x1991, 0x1970, 0x1970, 0x1970, 0x1970, 0x1970,
  0x2190, 0x196f, 0x194f, 0x1970, 0x1970, 0x194f, 0x114f, 0x1950, 0x1970, 0x1970, 0x1991, 0x1991,
  0x21f2, 0x19b2, 0x19b2, 0x21f3, 0x19d2, 0x21f3, 0x2213, 0x19d3, 0x19d3, 0x19d3, 0x21d3, 0x21d3,
  0x21d3, 0x21d2, 0x19b2, 0x1991, 0x1991, 0x1991, 0x19b2, 0x19b2, 0x19b2, 0x1992, 0x1991, 0x1991,
  0x19b2, 0x19b1, 0x19b1, 0x21b1, 0x2191, 0x1990, 0x1970, 0x1991, 0x21b1, 0x1991, 0x1991, 0x19b1,
  0x1991, 0x19b2, 0x19b1, 0x1991, 0x1990, 0x1990, 0x1991, 0x19b1, 0x19b1, 0x1990, 0x1990, 0x1991,
  0x19b1, 0x19b1, 0x2a33, 0x19b2, 0x19d2, 0x1991, 0x1991, 0x19b1, 0x19b1, 0x19b1, 0x19b1, 0x1990,
  0x1990, 0x1990, 0x19b1, 0x1170, 0x1990, 0x1970, 0x19b1, 0x29f2, 0x21b1, 0x1970, 0x1991, 0x21d1,
  0x1970, 0x196f, 0x1990, 0x196f, 0x196f, 0x196f, 0x1990, 0x1991, 0x19b1, 0x19b1, 0x1991, 0x1991,
  0x19b2, 0x19d2, 0x19b2, 0x3274, 0x19b1, 0x1991, 0x1190, 0x1190, 0x1190, 0x1190, 0x1170, 0x116f,
  0x1170, 0x1991, 0x1991, 0x1991, 0x1991, 0x1991, 0x1991, 0x1991, 0x21d2, 0x3ab4, 0x1991, 0x1991,
  0x19b1, 0x19b1, 0x19b1, 0x19b1, 0x1990, 0x1970, 0x1991, 0x19b1, 0x21d2, 0x21d2, 0x21f2, 0x3252,
  0x2a32, 0x19b2, 0x19b2, 0x21d2, 0x2213, 0x63f6, 0x2a13, 0x19b2, 0x19b2, 0x19d2, 0x2213, 0x19d2,
  0x19b2, 0x19d2, 0x21f3, 0x19d2, 0x19d2, 0x2213, 0x21f3, 0x2a54, 0x21f3, 0x2215, 0x2a56, 0x3ab6,
  0x2a58, 0x2236, 0x2216, 0x21f5, 0x2216, 0x19b4, 0x1992, 0x1971, 0x1150, 0x1992, 0x3234, 0x19b2,
  0x1991, 0x1971, 0x1992, 0x1992, 0x19b2, 0x2a34, 0x21b2, 0x42b4, 0x21b1, 0x1970, 0x1970, 0x1970,
  0x1970, 0x1970, 0x194f, 0x194f, 0x1950, 0x1150, 0x1970, 0x1971, 0x1991, 0x1991, 0x1971, 0x1991,
  0x1970, 0x1971, 0x1991, 0x1971, 0x1970, 0x1970, 0x1970, 0x1970, 0x1991, 0x194f, 0x194f, 0x1970,
  0x6bf7, 0x5314, 0x2191, 0x21b1, 0x21d2, 0x19b1, 0x1991, 0x1991, 0x1991, 0x1990, 0x1970, 0x1971,
  0x1991, 0x1991, 0x1991, 0x21d2, 0x19b1, 0x19b1, 0x21b1, 0x1991, 0x1991, 0x1970, 0x1970, 0x21b1,
  0x1991, 0x1970, 0x1971, 0x1971, 0x1971, 0x1971, 0x1991, 0x1991, 0x1991, 0x21b1, 0x21b1, 0x1991,
  0x21b1, 0x1970, 0x1970, 0x1990, 0x1970, 0x1991, 0x1991, 0x1991, 0x1971, 0x1971, 0x21d2, 0x19b2,
  0x19b2, 0x19b2, 0x21f3, 0x21f3, 0x21f3, 0x2214, 0x2214, 0x21f3, 0x21f3, 0x21f4, 0x21f4, 0x21f4,
  0x21d3, 0x21f3, 0x19d3, 0x19b2, 0x19b2, 0x19b2, 0x21d3, 0x21d3, 0x21d3, 0x21d3, 0x19d3, 0x21f3,
  0x2a55, 0x19d3, 0x19d2, 0x29f3, 0x52f5, 0x2191, 0x21b2, 0x5b97, 0x5b97, 0x21d2, 0x19b2, 0x19b2,
  0x19b2, 0x19b2, 0x19b2, 0x1991, 0x1991, 0x1991, 0x1970, 0x19b1, 0x1991, 0x19b2, 0x21d2, 0x19b2,
  0x19b2, 0x19b2, 0x19d2, 0x19d2, 0x19d2, 0x19b2, 0x19b1, 0x19d2, 0x19d2, 0x19b2, 0x19b1, 0x19b1,
  0x19d2, 0x19b1, 0x19b1, 0x1990, 0x19b1, 0x19d2, 0x21f2, 0x21d2, 0x1991, 0x1991, 0x21f2, 0x6c18,
  0x5355, 0x19b1, 0x21b1, 0x1990, 0x1990, 0x1991, 0x19b1, 0x19b2, 0x19d2, 0x21f3, 0x21f3, 0x21f2,
  0x21d2, 0x21d2, 0x21d2, 0x3274, 0x21d2, 0x21f2, 0x19b1, 0x19b1, 0x1991, 0x1991, 0x1990, 0x1990,
  0x19b1, 0x19d2, 0x19d2, 0x19b2, 0x19d2, 0x19d2, 0x19b2, 0x21d2, 0x19d2, 0x19b1, 0x19b2, 0x19d2,
  0x21f3, 0x21d2, 0x19b1, 0x19d2, 0x19b1, 0x19b1, 0x19d2, 0x21f3, 0x21f3, 0x21f3, 0x2214, 0x5356,
  0x4b35, 0x19d2, 0x19d2, 0x21d3, 0x2213, 0x2213, 0x21f3, 0x21d3, 0x21d3, 0x21f3, 0x32b6, 0x2214,
  0x2234, 0x21f3, 0x21f3, 0x21f3, 0x21f4, 0x2214, 0x3295, 0x2a55, 0x2a35, 0x2a36, 0x2a77, 0x5b98,
  0x32da, 0x3297, 0x2a57, 0x2236, 0x21f5, 0x19d4, 0x19d3, 0x19b3, 0x19d3, 0x21d3, 0x19b3, 0x19b2,
  0x19b2, 0x19b2, 0x19b2, 0x21d3, 0x21d2, 0x2a33, 0x21d2, 0x19b2, 0x19b1, 0x1991, 0x1991, 0x1991,
  0x1991, 0x2a13, 0x1970, 0x1990, 0x29f2, 0x1971, 0x1971, 0x1991, 0x1991, 0x1950, 0x1971, 0x19b2,
  0x1971, 0x1971, 0x1992, 0x1992, 0x1991, 0x1991, 0x1991, 0x1991, 0x5356, 0x1950, 0x1970, 0x1991,
  0x21d2, 0x21b2, 0x21b2, 0x21b2, 0x21b2, 0x29f3, 0x19b2, 0x19b1, 0x19b1, 0x19b1, 0x19b1, 0x21b2,
  0x21b2, 0x29f3, 0x21b2, 0x21b2, 0x19b2, 0x21b2, 0x21b2, 0x21b2, 0x21b2, 0x19b1, 0x1991, 0x21b2,
  0x1991, 0x1970, 0x1971, 0x1992, 0x1992, 0x1992, 0x1971, 0x1971, 0x1992, 0x2a13, 0x3a94, 0x21d2,
  0x21d2, 0x21d2, 0x21d2, 0x21b1, 0x1991, 0x21d2, 0x21d2, 0x21b2, 0x21b2, 0x1992, 0x21d2, 0x2214,
  0x2214, 0x21f4, 0x2214, 0x2214, 0x2214, 0x2214, 0x2214, 0x21f4, 0x2214, 0x2214, 0x2a55, 0x2214,
  0x2214, 0x4316, 0x2a34, 0x21f4, 0x21f3, 0x21d3, 0x3ad6, 0x2214, 0x21f4, 0x21f4, 0x19d3, 0x21d3,
  0x21f4, 0x21f4, 0x21f3, 0x21f3, 0x21d3, 0x21d3, 0x2214, 0x3255, 0x2a55, 0x21f4, 0x21f3, 0x21f3,
  0x21f3, 0x19d3, 0x19d2, 0x19b2, 0x19b2, 0x19b2, 0x19b2, 0x19d2, 0x19d2, 0x21f3, 0x2214, 0x2214,
  0x21f3, 0x21f3, 0x21f3, 0x21f3, 0x2214, 0x21f3, 0x21f3, 0x19d3, 0x19f3, 0x19d2, 0x19d2, 0x19d2,
  0x19d2, 0x19d2, 0x19d2, 0x19d2, 0x19d2, 0x2213, 0x2233, 0x2233, 0x2a34, 0x21f2, 0x21d2, 0x3273,
  0x5355, 0x21f2, 0x21f2, 0x21f2, 0x21d2, 0x19b1, 0x21d2, 0x21f2, 0x2a13, 0x21b2, 0x21f3, 0x21f3,
  0x21d3, 0x21f2, 0x21d2, 0x21f3, 0x21f2, 0x2a54, 0x21f2, 0x19d2, 0x19d2, 0x19b1, 0x19b1, 0x21d2,
  0x19b2, 0x21f3, 0x19b2, 0x21d2, 0x21d2, 0x21d3, 0x19b1, 0x21b2, 0x19d2, 0x21f2, 0x21f3, 0x19d2,
  0x21f3, 0x21f3, 0x19b2, 0x21d2, 0x21d2, 0x19d2, 0x21f3, 0x21d3, 0x2214, 0x2214, 0x21f3, 0x21f4,
  0x21f3, 0x21f3, 0x21d3, 0x21f3, 0x2234, 0x2214, 0x2a55, 0x2214, 0x21f4, 0x2214, 0x2a35, 0x2a55,
  0x32d6, 0x2214, 0x2235, 0x2215, 0x2235, 0x2a55, 0x2a76, 0x2a76, 0x2a77, 0x32b8, 0x32d9, 0x6c19,
  0x331b, 0x32d8, 0x3b3a, 0x2a78, 0x2236, 0x2215, 0x2235, 0x2215, 0x21f4, 0x21f5, 0x21f4, 0x21d4,
  0x21d4, 0x19b2, 0x21d3, 0x21d3, 0x21f3, 0x2a14, 0x21f3, 0x21d3, 0x19b2, 0x19b2, 0x19b2, 0x19b2,
  0x19b2, 0x21b2, 0x1991, 0x1991, 0x1992, 0x19b2, 0x19b2, 0x29f3, 0x1992, 0x1992, 0x19b2, 0x21b3,
  0x19b2, 0x1992, 0x1992, 0x19b3, 0x19b3, 0x19b3, 0x19b2, 0x1970, 0x1971, 0x1970, 0x1991, 0x19b2,
  0x19b2, 0x19d2, 0x21f3, 0x29f3, 0x21d3, 0x21d3, 0x21d2, 0x21d2, 0x21d2, 0x21d2, 0x21d2, 0x21d3,
  0x21d3, 0x21d3, 0x21f4, 0x21d3, 0x21d3, 0x21f3, 0x2a13, 0x21f3, 0x21d3, 0x21d3, 0x21d3, 0x21d3,
  0x21d2, 0x1991, 0x1971, 0x21b3, 0x21d3, 0x1992, 0x1971, 0x21b2, 0x21f4, 0x2a14, 0x2a34, 0x2a14,
  0x21f3, 0x21f3, 0x21f3, 0x21d3, 0x21d3, 0x21f3, 0x21f3, 0x21d2, 0x21d3, 0x21f3, 0x2a35, 0x2234,
  0x2a35, 0x2235, 0x2235, 0x2a35, 0x2214, 0x2235, 0x2214, 0x21f4, 0x2235, 0x2235, 0x2235, 0x2a55,
  0x32b6, 0x2256, 0x2255, 0x2255, 0x2214, 0x2214, 0x2a55, 0x2235, 0x2214, 0x2235, 0x2215, 0x2234,
  0x2235, 0x2235, 0x2a35, 0x2235, 0x3295, 0x3275, 0x2214, 0x3af6, 0x3ad6, 0x2235, 0x2a75, 0x5357,
  0x2214, 0x21f4, 0x19d3, 0x19d3, 0x2a55, 0x21d3, 0x21d3, 0x21f4, 0x2214, 0x2214, 0x2214, 0x2235,
  0x2a35, 0x2a34, 0x2214, 0x21f4, 0x2214, 0x2235, 0x2235, 0x2214, 0x2214, 0x2214, 0x21f4, 0x19f3,
  0x21f3, 0x21f3, 0x2214, 0x2234, 0x2235, 0x2234, 0x2234, 0x2a55, 0x2a54, 0x2a54, 0x3253, 0x63d7,
  0x29f3, 0x2213, 0x2a13, 0x2a13, 0x21f3, 0x21d2, 0x21f3, 0x3253, 0x7418, 0x21f3, 0x21f3, 0x2234,
  0x2234, 0x2a34, 0x21f3, 0x21f3, 0x2a13, 0x2213, 0x2213, 0x21f3, 0x21d2, 0x19d2, 0x21f2, 0x21d2,
  0x19d2, 0x21f3, 0x21d2, 0x21f3, 0x21f3, 0x21f3, 0x21d2, 0x21d2, 0x21f3, 0x21f3, 0x21f3, 0x21f3,
  0x21f3, 0x2214, 0x2214, 0x2214, 0x2214, 0x2214, 0x2214, 0x2214, 0x21f3, 0x2214, 0x2214, 0x2234,
  0x2214, 0x2234, 0x2214, 0x2235, 0x2255, 0x2256, 0x2a76, 0x2255, 0x2235, 0x2a56, 0x2a96, 0x2a56,
  0x2255, 0x2a35, 0x2a96, 0x2a76, 0x2a76, 0x2a97, 0x2ab7, 0x2ad8, 0x32f9, 0x333a, 0x3b5a, 0x747b,
  0x3b5c, 0x3319, 0x2ad9, 0x2ab9, 0x2a78, 0x2257, 0x2256, 0x2235, 0x2215, 0x2235, 0x2215, 0x2215,
  0x2215, 0x2214, 0x2215, 0x2214, 0x21f4, 0x2214, 0x2215, 0x21f4, 0x21f3, 0x21f3, 0x21d3, 0x21d3,
  0x2a14, 0x21d3, 0x21b3, 0x21d3, 0x21d3, 0x21d3, 0x21d3, 0x4b16, 0x21d3, 0x21d3, 0x21d3, 0x21d3,
  0x21d3, 0x21d3, 0x21d3, 0x21d3, 0x21d3, 0x21d4, 0x21f4, 0x21d3, 0x19b2, 0x19b1, 0x21f3, 0x19d3,
  0x19f3, 0x21f4, 0x3a95, 0x63b7, 0x21f4, 0x21f4, 0x21d3, 0x21d3, 0x21f4, 0x2214, 0x21f3, 0x21f4,
  0x19f3, 0x21f4, 0x21f4, 0x21f4, 0x2214, 0x2a55, 0x3ad6, 0x21f4, 0x21d3, 0x21f4, 0x21f3, 0x21f4,
  0x21d3, 0x21b2, 0x21d3, 0x21d3, 0x21b3, 0x1992, 0x21b3, 0x21d4, 0x2214, 0x2a56, 0x2a55, 0x2a15,
  0x2a14, 0x2a15, 0x2a35, 0x2214, 0x21f4, 0x2214, 0x21f3, 0x21f4, 0x2a35, 0x2a56, 0x2a76, 0x2a56,
  0x2a56, 0x2a76, 0x2a56, 0x2a35, 0x2a55, 0x2a76, 0x2a56, 0x2255, 0x2256, 0x2a76, 0x2a76, 0x2a97,
  0x2ab7, 0x2a97, 0x2a76, 0x32b7, 0x2a76, 0x2256, 0x2256, 0x2a56, 0x2a36, 0x2a35, 0x2a55, 0x5378,
  0x2a55, 0x2a55, 0x2a76, 0x2a76, 0x3276, 0x2a55, 0x2a76, 0x4317, 0x3b17, 0x2a76, 0x2a76, 0x3275,
  0x2235, 0x2214, 0x2214, 0x21f4, 0x2a35, 0x21f4, 0x21f4, 0x2235, 0x2235, 0x2a76, 0x2a76, 0x2a76,
  0x2a76, 0x3af7, 0x2a56, 0x2235, 0x2a55, 0x2a56, 0x2a55, 0x2235, 0x2214, 0x2214, 0x2215, 0x2235,
  0x2214, 0x2234, 0x2255, 0x2a55, 0x2a75, 0x2a55, 0x2a55, 0x2a76, 0x2a55, 0x2a55, 0x2213, 0x2213,
  0x2a14, 0x2213, 0x5bb7, 0x2a33, 0x2a14, 0x2a13, 0x2214, 0x2a14, 0x2214, 0x2214, 0x2234, 0x2a75,
  0x2a55, 0x2a55, 0x2a54, 0x2a34, 0x2a34, 0x2a34, 0x2234, 0x2a54, 0x2a54, 0x2213, 0x2234, 0x21f3,
  0x21f3, 0x2214, 0x2214, 0x2214, 0x2234, 0x2214, 0x2234, 0x2234, 0x2234, 0x2a54, 0x3af6, 0x2214,
  0x2235, 0x2235, 0x2a55, 0x2255, 0x2a55, 0x2255, 0x2a55, 0x2a55, 0x2235, 0x2235, 0x2235, 0x2255,
  0x2276, 0x2a96, 0x2a76, 0x2a76, 0x2a76, 0x2a97, 0x2a77, 0x2276, 0x32d7, 0x2a97, 0x32d8, 0x32d7,
  0x2a76, 0x2a97, 0x32b7, 0x32d8, 0x32f8, 0x32f9, 0x3319, 0x335a, 0x337a, 0x3bdb, 0x3bdb, 0x6c9b,
  0x3b9c, 0x3b5a, 0x333b, 0x32fa, 0x2ad9, 0x2ab9, 0x2a98, 0x2257, 0x2a56, 0x32d7, 0x2256, 0x2236,
  0x2235, 0x2236, 0x2236, 0x2235, 0x2235, 0x2235, 0x2236, 0x2215, 0x2215, 0x3a95, 0x4b16, 0x21f4,
  0x2214, 0x2214, 0x21f4, 0x21f4, 0x2214, 0x2214, 0x21f4, 0x21f4, 0x21f4, 0x21f4, 0x21f4, 0x21f4,
  0x2235, 0x2215, 0x2214, 0x21f4, 0x21f4, 0x21f4, 0x21f4, 0x2214, 0x21f3, 0x21f4, 0x21f4, 0x2215,
  0x2214, 0x2214, 0x2a55, 0x2215, 0x2235, 0x2a35, 0x2215, 0x2214, 0x2214, 0x2235, 0x2a35, 0x2a35,
  0x2214, 0x2a55, 0x2214, 0x2a35, 0x2235, 0x2214, 0x2214, 0x2214, 0x2a15, 0x2214, 0x2214, 0x21f4,
  0x21f4, 0x2214, 0x21f4, 0x21d3, 0x21d3, 0x21d3, 0x21d4, 0x21f5, 0x2215, 0x2a56, 0x2a56, 0x2a35,
  0x3ad6, 0x2a35, 0x2a15, 0x2215, 0x2214, 0x2a35, 0x2a35, 0x3a96, 0x5398, 0x3297, 0x32b7, 0x2a97,
  0x2a76, 0x2a77, 0x2a77, 0x2a77, 0x2a97, 0x2a97, 0x2a97, 0x2a97, 0x2a97, 0x2a97, 0x2a97, 0x2ab7,
  0x2ab8, 0x2ab8, 0x2a97, 0x2a97, 0x2a97, 0x2a97, 0x2a97, 0x2a97, 0x2a77, 0x2a56, 0x2a77, 0x2a76,
  0x2a56, 0x2a76, 0x32b7, 0x32b7, 0x2a77, 0x2a97, 0x32b7, 0x2ab7, 0x32d7, 0x32d8, 0x2a76, 0x2a56,
  0x2a56, 0x2a56, 0x2a35, 0x2235, 0x2a56, 0x2a56, 0x2a76, 0x2a76, 0x2a76, 0x2a96, 0x32b7, 0x32d8,
  0x32f8, 0x53d9, 0x32b7, 0x2a76, 0x2a77, 0x2ab7, 0x2a76, 0x2256, 0x2256, 0x2276, 0x2a76, 0x2256,
  0x2255, 0x2a56, 0x2a56, 0x2215, 0x2a55, 0x2a76, 0x2a75, 0x2a76, 0x2a55, 0x2a55, 0x2a35, 0x2a55,
  0x2a34, 0x2a34, 0x32b5, 0x2a34, 0x2a35, 0x2a34, 0x2a34, 0x2214, 0x2214, 0x2a55, 0x2a35, 0x2a76,
  0x2a76, 0x2a55, 0x2a76, 0x2a75, 0x2a35, 0x2234, 0x2214, 0x2234, 0x3295, 0x2a34, 0x2214, 0x21f3,
  0x2214, 0x2a54, 0x32d6, 0x2a75, 0x2a55, 0x2a54, 0x2a75, 0x2a75, 0x2a75, 0x2a55, 0x2a76, 0x2a76,
  0x2a76, 0x32b6, 0x7499, 0x3ad6, 0x2a97, 0x2a76, 0x2a96, 0x2a76, 0x2a96, 0x2a96, 0x2a96, 0x2a96,
  0x2ab7, 0x2ad7, 0x32d8, 0x2ad8, 0x2ab8, 0x2ad8, 0x2ad8, 0x2ab7, 0x2ab7, 0x2ad8, 0x439a, 0x3b38,
  0x2ad8, 0x32f8, 0x3319, 0x3b59, 0x43ba, 0x3b7a, 0x3b7a, 0x3c1b, 0x3c1b, 0x4c5c, 0x54fd, 0x7d9d,
  0x441e, 0x43fc, 0x3bbc, 0x339c, 0x335b, 0x331a, 0x2ad9, 0x2ad8, 0x32f9, 0x2ad9, 0x2ab9, 0x2ab9,
  0x2298, 0x2ab8, 0x2ab8, 0x2ab8, 0x2a77, 0x2a56, 0x2256, 0x2256, 0x2a77, 0x3ab7, 0x5337, 0x2236,
  0x2a56, 0x2a76, 0x2a56, 0x2235, 0x2a56, 0x2235, 0x2235, 0x2235, 0x2a56, 0x2a76, 0x2235, 0x2256,
  0x2256, 0x42f7, 0x2a56, 0x2a36, 0x2a35, 0x2a35, 0x2a56, 0x3276, 0x2a35, 0x2a35, 0x2235, 0x2a56,
  0x2235, 0x2235, 0x32b6, 0x2256, 0x32b7, 0x2a56, 0x3ad7, 0x3296, 0x2235, 0x2a56, 0x3276, 0x2a56,
  0x2a56, 0x2a35, 0x2a35, 0x2a55, 0x2a55, 0x2a35, 0x2a35, 0x3296, 0x5b98, 0x2a35, 0x2a35, 0x2a35,
  0x2a55, 0x2a14, 0x2a15, 0x2215, 0x2235, 0x2215, 0x2236, 0x2236, 0x2a36, 0x2a56, 0x3276, 0x2a56,
  0x3276, 0x2a77, 0x2a77, 0x2a77, 0x3277, 0x32b7, 0x2a77, 0x3297, 0x3ad8, 0x32b8, 0x32f9, 0x32f9,
  0x32f8, 0x32d8, 0x32b8, 0x2a97, 0x32d8, 0x2ad8, 0x2ab8, 0x2ab8, 0x2ad8, 0x2ad8, 0x2ad8, 0x2ad8,
  0x2ad8, 0x2ad8, 0x2ad8, 0x32f9, 0x32f9, 0x32f9, 0x3319, 0x32d8, 0x2a98, 0x2a98, 0x32b8, 0x3b18,
  0x4358, 0x32d8, 0x32f9, 0x32f9, 0x32d8, 0x32d8, 0x32f8, 0x32d8, 0x3319, 0x3319, 0x2ab8, 0x2ab7,
  0x2a97, 0x2a76, 0x2a77, 0x2a76, 0x2a97, 0x2ab7, 0x32b8, 0x32b7, 0x32d7, 0x32f8, 0x3b39, 0x3b19,
  0x3b19, 0x32f8, 0x3319, 0x32d8, 0x2ab8, 0x2ab7, 0x2ab7, 0x2ab7, 0x2ab7, 0x2ad8, 0x2ab8, 0x2ab7,
  0x2a97, 0x2a97, 0x2a97, 0x2a97, 0x2ab7, 0x2ab7, 0x2a96, 0x32b7, 0x2a96, 0x2a76, 0x2a76, 0x2a76,
  0x32b6, 0x32b6, 0x6419, 0x2a55, 0x2a35, 0x2a55, 0x2a56, 0x2a55, 0x2a55, 0x2a56, 0x2a56, 0x2a76,
  0x2a76, 0x2a76, 0x2a76, 0x2a76, 0x2a76, 0x2a76, 0x2a35, 0x2a55, 0x2a96, 0x2a96, 0x2a75, 0x2a75,
  0x2a55, 0x2a96, 0x3b17, 0x32d7, 0x32b6, 0x2a96, 0x3296, 0x3af7, 0x32d7, 0x32b7, 0x32d7, 0x32d7,
  0x32d7, 0x32d7, 0x4338, 0x32f8, 0x32d8, 0x2ad8, 0x32f8, 0x32f8, 0x32d8, 0x32f8, 0x32f8, 0x32f8,
  0x3319, 0x3339, 0x335a, 0x3319, 0x3319, 0x3339, 0x333a, 0x3339, 0x3339, 0x3339, 0x3359, 0x3b9a,
  0x3b7a, 0x3b7a, 0x3b9b, 0x43db, 0x4bfb, 0x4c1b, 0x543b, 0x7d9d, 0x759e, 0x6d3d, 0x5cdc, 0x6cbb,
  0x85ff, 0x7d9e, 0x4c9e, 0x755e, 0x8dbd, 0x5c7c, 0x335a, 0x333a, 0x335a, 0x333b, 0x2b1b, 0x2b3b,
  0x22fa, 0x2b3b, 0x2b1a, 0x335a, 0x2ad8, 0x2ad9, 0x2ad9, 0x2a97, 0x32f9, 0x32f9, 0x2a98, 0x2a98,
  0x2ab8, 0x2ab8, 0x32b8, 0x2a97, 0x32d8, 0x2a97, 0x2a97, 0x2a77, 0x2a77, 0x2a76, 0x2a77, 0x2a77,
  0x2a77, 0x2a97, 0x2a77, 0x2a56, 0x2a76, 0x2a97, 0x2a97, 0x2a77, 0x2a77, 0x4b78, 0x3297, 0x2a97,
  0x2a77, 0x2256, 0x2a77, 0x2ab7, 0x3af8, 0x2a97, 0x2a76, 0x2a97, 0x2a97, 0x2a76, 0x2a56, 0x3276,
  0x2a76, 0x2a56, 0x2a76, 0x2a97, 0x32b7, 0x32b7, 0x3296, 0x5bfa, 0x5398, 0x3297, 0x2a77, 0x32b7,
  0x32b7, 0x2a56, 0x2a56, 0x2a77, 0x2a77, 0x2a77, 0x2a77, 0x2a77, 0x2a76, 0x3297, 0x4318, 0x3297,
  0x32b8, 0x32f9, 0x32f9, 0x3af9, 0x3b19, 0x3af9, 0x32d9, 0x32b8, 0x3b3a, 0x3b19, 0x3b3a, 0x3b3a,
  0x4bba, 0x3b39, 0x32f9, 0x32f9, 0x331a, 0x3319, 0x3319, 0x331a, 0x32f9, 0x32f9, 0x32f9, 0x32f9,
  0x3319, 0x32f9, 0x32f9, 0x32f9, 0x32f9, 0x32d9, 0x32f9, 0x3b19, 0x32d9, 0x3b19, 0x3af9, 0x3b19,
  0x4339, 0x3b3a, 0x3b3a, 0x3b3a, 0x3b39, 0x3b39, 0x3b7a, 0x3b3a, 0x3b5a, 0x3b3a, 0x32f9, 0x3319,
  0x32f8, 0x32d8, 0x32f8, 0x32f9, 0x32f9, 0x32f9, 0x32f9, 0x3319, 0x3339, 0x3339, 0x3b7a, 0x3b5a,
  0x3b7a, 0x3b39, 0x3b3a, 0x3319, 0x32b8, 0x32b8, 0x32f9, 0x3319, 0x3319, 0x32f9, 0x3319, 0x32f9,
  0x2af8, 0x32d8, 0x32d8, 0x32f8, 0x3b39, 0x3b38, 0x32f8, 0x2ab7, 0x32d7, 0x32d7, 0x4338, 0x3af7,
  0x3297, 0x2a97, 0x3297, 0x3297, 0x3276, 0x3296, 0x3297, 0x2a96, 0x3296, 0x3297, 0x2a96, 0x2a76,
  0x32b7, 0x2a96, 0x2a96, 0x3297, 0x3296, 0x2a76, 0x3297, 0x3296, 0x32b7, 0x2a96, 0x32b7, 0x2ab6,
  0x2ab6, 0x32d7, 0x32f7, 0x4bb9, 0x3b38, 0x32d7, 0x32d7, 0x3b18, 0x3b39, 0x3b39, 0x3b39, 0x3b39,
  0x3b39, 0x3b39, 0x3b59, 0x3b39, 0x3b59, 0x3359, 0x3b59, 0x3b5a, 0x3b7a, 0x3b7a, 0x3b5a, 0x3b7a,
  0x3bbb, 0x43dc, 0x4c3c, 0x3b9b, 0x3b9b, 0x543b, 0x74fc, 0x5c1a, 0x53fa, 0x32d7, 0x2a54, 0x2a95,
  0x3b79, 0x3b7a, 0x43db, 0x6cdc, 0x85bd, 0x64bc, 0x95dc, 0x74da, 0x4379, 0x3318, 0x32d8, 0x63f9,
  0x5c5c, 0x645b, 0x751d, 0x751d, 0xa63e, 0xbede, 0x9dfd, 0x7d1c, 0x9dfd, 0x6cbc, 0x4bdb, 0x3b7b,
  0x335b, 0x339c, 0x3bdc, 0x339c, 0x335b, 0x2b3a, 0x2b3a, 0x2b1a, 0x2b1a, 0x333a, 0x2b1a, 0x2b1a,
  0x331a, 0x331a, 0x3319, 0x32f9, 0x2ad9, 0x2ad8, 0x2ad8, 0x2ad8, 0x2ab8, 0x32d8, 0x2ad8, 0x2ab8,
  0x2ab8, 0x32d8, 0x4b79, 0x2a77, 0x2a97, 0x32d8, 0x32f9, 0x32d9, 0x2ad8, 0x32f8, 0x32f9, 0x32d8,
  0x32d8, 0x2ab8, 0x2ab8, 0x2ab8, 0x32f8, 0x32d8, 0x32d8, 0x32d8, 0x32f8, 0x32d8, 0x32f8, 0x3b18,
  0x32f8, 0x32f8, 0x32f8, 0x32f8, 0x3318, 0x3b59, 0x32f8, 0x32f8, 0x32d8, 0x32b8, 0x32b8, 0x3b19,
  0x3b18, 0x32b8, 0x32b8, 0x32b8, 0x32b8, 0x32b8, 0x2ab8, 0x32d8, 0x32f9, 0x3319, 0x3b19, 0x3b19,
  0x3319, 0x3b39, 0x3b5a, 0x3b59, 0x43ba, 0x3b3a, 0x3b5a, 0x32f9, 0x3b3a, 0x3b5a, 0x43bb, 0x43bb,
  0x439b, 0x439b, 0x3b7a, 0x43bb, 0x3b7b, 0x3b5a, 0x333a, 0x3b5a, 0x333a, 0x333a, 0x333a, 0x335a,
  0x335a, 0x335a, 0x3b7a, 0x333a, 0x3b3a, 0x3b3a, 0x3b3a, 0x437a, 0x3b5a, 0x437b, 0x435a, 0x4b9b,
  0x3b5a, 0x437b, 0x437a, 0x3b5a, 0x437b, 0x437a, 0x3b7a, 0x3b9b, 0x439a, 0x3b7a, 0x3b5a, 0x3b7a,
  0x3b39, 0x3b3a, 0x3b5a, 0x3b5a, 0x3b5a, 0x3b5a, 0x3b5a, 0x3b7a, 0x3b9a, 0x3b7a, 0x3b9a, 0x439b,
  0x43bb, 0x439b, 0x3b9b, 0x3b5a, 0x331a, 0x32d9, 0x3b5a, 0x3b7a, 0x335a, 0x3b7a, 0x335a, 0x335a,
  0x335a, 0x335a, 0x3339, 0x3339, 0x3b7a, 0x3bba, 0x3b9a, 0x3b79, 0x3b39, 0x3b39, 0x4b99, 0x4339,
  0x32d8, 0x32d8, 0x32d8, 0x32d8, 0x3297, 0x32b7, 0x32b7, 0x3296, 0x3296, 0x32d7, 0x32b7, 0x3296,
  0x32d7, 0x2ab7, 0x32b7, 0x32d7, 0x32d7, 0x32d7, 0x32f8, 0x32f8, 0x32f8, 0x32f8, 0x3318, 0x32f8,
  0x32f8, 0x32f8, 0x3318, 0x3b39, 0x3b59, 0x3b59, 0x3b39, 0x3b39, 0x3b7a, 0x3b7a, 0x3b7a, 0x3b7a,
  0x43ba, 0x43ba, 0x4c1b, 0x43bb, 0x43db, 0x3bba, 0x3b9a, 0x43bb, 0x43fb, 0x43fb, 0x43fc, 0x43fc,
  0x441c, 0x443c, 0x4c7d, 0x549d, 0x7d7d, 0x859d, 0x6c59, 0x5bb6, 0x5335, 0x29d2, 0x21b0, 0x194d,
  0x192c, 0x114c, 0x3272, 0x4356, 0x4b97, 0x4357, 0x3af6, 0x2213, 0x21d2, 0x21f3, 0x2a56, 0x6397,
  0x4339, 0x4338, 0x5399, 0x5bfa, 0x643a, 0x7cfc, 0x8d5c, 0x6c5a, 0x3a94, 0x3a93, 0x5335, 0x5357,
  0x5398, 0x5bf9, 0x855d, 0x95bd, 0x6cbc, 0x3bbc, 0x3bbc, 0x339b, 0x337b, 0x339b, 0x4c1c, 0x4bfb,
  0x337b, 0x335a, 0x43db, 0x335a, 0x2b19, 0x2b1a, 0x2b39, 0x3339, 0x2af9, 0x32f9, 0x2af9, 0x32f9,
  0x32f9, 0x32d8, 0x32d8, 0x2a98, 0x32f8, 0x4bba, 0x333a, 0x333a, 0x333a, 0x3b3a, 0x3b3a, 0x3b5a,
  0x3b3a, 0x3339, 0x2b19, 0x3319, 0x3339, 0x3319, 0x3318, 0x3318, 0x3b59, 0x3338, 0x3b7a, 0x3b59,
  0x3b79, 0x3b79, 0x3339, 0x3319, 0x3b39, 0x3b79, 0x3b79, 0x3b59, 0x3b79, 0x3b59, 0x3b39, 0x3b39,
  0x3b19, 0x32f8, 0x3b19, 0x3b3a, 0x32f9, 0x32f9, 0x3319, 0x3b5a, 0x3b5a, 0x3b7a, 0x43bb, 0x439a,
  0x439a, 0x43ba, 0x43db, 0x43ba, 0x439b, 0x43bb, 0x439b, 0x3b5a, 0x437b, 0x4bfc, 0x4c3c, 0x4c3c,
  0x4c1c, 0x4c1c, 0x43fc, 0x4c5c, 0x4c3c, 0x43fc, 0x3bbb, 0x3bbc, 0x3b9b, 0x3b9b, 0x3bdb, 0x3bbb,
  0x3b9b, 0x3bdb, 0x43db, 0x3bbb, 0x439b, 0x3b7b, 0x439b, 0x43db, 0x4bfc, 0x437b, 0x439b, 0x5c3c,
  0x43bb, 0x43db, 0x43db, 0x43bb, 0x43db, 0x43fb, 0x43db, 0x4c1b, 0x4c1b, 0x43db, 0x43fb, 0x43db,
  0x43db, 0x43db, 0x43db, 0x441b, 0x5c7c, 0x43db, 0x43bb, 0x3bbb, 0x43db, 0x3bdb, 0x3bbb, 0x43bb,
  0x43fb, 0x43fb, 0x43fb, 0x855c, 0x4bfb, 0x3b9b, 0x43db, 0x43fb, 0x3bdb, 0x43fb, 0x3bfb, 0x3bbb,
  0x3bdb, 0x43fb, 0x3bdb, 0x43fb, 0x441b, 0x443b, 0x443b, 0x441b, 0x3b7a, 0x3b5a, 0x3b39, 0x3319,
  0x3319, 0x32f9, 0x3b39, 0x3b19, 0x3b19, 0x3b19, 0x3b18, 0x32b7, 0x3af8, 0x3af8, 0x32d7, 0x32d7,
  0x3319, 0x32f8, 0x32f8, 0x3318, 0x3318, 0x3318, 0x3b59, 0x3b59, 0x3b79, 0x3b59, 0x3b59, 0x3b79,
  0x3b38, 0x2ad7, 0x3318, 0x3318, 0x3b59, 0x3b9a, 0x5c7b, 0x3b9a, 0x43ba, 0x3b9a, 0x3b9a, 0x43bb,
  0x43fb, 0x4c3c, 0x4c5c, 0x4c7c, 0x4c7c, 0x441b, 0x43fb, 0x4c3c, 0x4c7c, 0x4c5c, 0x445c, 0x4c7d,
  0x5cfd, 0x7ddd, 0x7ddd, 0x7d9d, 0x6459, 0x3272, 0x112e, 0x194f, 0x194f, 0x112d, 0x110c, 0x110b,
  0x192c, 0x218d, 0x110b, 0x110c, 0x198f, 0x2212, 0x2a32, 0x2212, 0x21d1, 0x21f2, 0x2215, 0x6396,
  0x2a56, 0x2a55, 0x3275, 0x2a14, 0x2213, 0x2a34, 0x3ab5, 0x4b16, 0x4b16, 0x3253, 0x29f1, 0x3a73,
  0x5b77, 0x6c19, 0x8d3b, 0xae3d, 0xbebe, 0xae3d, 0x853c, 0x7d1c, 0x43db, 0x3bbb, 0x3bdb, 0x4c1c,
  0x4c3d, 0x43fc, 0x3bdb, 0x337a, 0x337a, 0x337b, 0x3b9b, 0x3b9b, 0x337a, 0x335a, 0x3339, 0x337a,
  0x335a, 0x333a, 0x3319, 0x3319, 0x3b5a, 0x4bdb, 0x3b7b, 0x3b9b, 0x3bbb, 0x3b9b, 0x3b7a, 0x43bb,
  0x43ba, 0x43db, 0x337a, 0x335a, 0x43db, 0x43ba, 0x3b79, 0x3b79, 0x3b99, 0x3b7a, 0x43ba, 0x3b9a,
  0x3bba, 0x43ba, 0x3b7a, 0x3339, 0x3b79, 0x3b59, 0x3359, 0x43bb, 0x4c1b, 0x43da, 0x439a, 0x3b9a,
  0x3b7a, 0x3b39, 0x3b59, 0x439b, 0x3339, 0x3b5a, 0x335a, 0x3b9b, 0x3b9b, 0x43bb, 0x43fc, 0x4bfb,
  0x545b, 0x4bfb, 0x43db, 0x43fb, 0x5cbd, 0x43fc, 0x43fc, 0x441c, 0x441c, 0x4c7d, 0x4cbd, 0x54bd,
  0x4c7d, 0x4c7d, 0x4c9d, 0x54bd, 0x4c9d, 0x54bd, 0x4c7c, 0x443c, 0x443c, 0x441c, 0x4c3c, 0x443c,
  0x441c, 0x443c, 0x4c3c, 0x4c3c, 0x4c1c, 0x4c1c, 0x4c5d, 0x549d, 0x4c7d, 0x43fc, 0x43db, 0x4c1c,
  0x4c3c, 0x4c3c, 0x4c3c, 0x4c3c, 0x4c7c, 0x4c5c, 0x443c, 0x4c9c, 0x54bc, 0x4c7c, 0x4c5c, 0x4c5c,
  0x4c5c, 0x4c3c, 0x4c5c, 0x547c, 0x549c, 0x4c5c, 0x4c3c, 0x443c, 0x4c5c, 0x4c5c, 0x443c, 0x443c,
  0x4c3c, 0x549c, 0x547c, 0x4c3c, 0x441c, 0x443c, 0x445c, 0x445c, 0x445c, 0x447c, 0x445c, 0x443c,
  0x441c, 0x445c, 0x4c9c, 0x4c9c, 0x4c7c, 0x445c, 0x445c, 0x445c, 0x3b7a, 0x3b7a, 0x43db, 0x43db,
  0x3b9a, 0x3b9a, 0x439a, 0x3b7a, 0x3b7a, 0x3b7a, 0x3b79, 0x4bda, 0x4c1b, 0x43ba, 0x3b9a, 0x3b7a,
  0x3b9a, 0x3b9a, 0x3b9a, 0x3b9a, 0x439a, 0x4bfa, 0x3b9a, 0x3b9a, 0x3b9a, 0x3b9a, 0x439a, 0x43da,
  0x3b79, 0x3b7a, 0x3b7a, 0x3b9a, 0x3b9a, 0x3b9a, 0x5c9c, 0x43db, 0x43fb, 0x441b, 0x4c5c, 0x4c5c,
  0x5cdd, 0x54fd, 0x54bd, 0x54dd, 0x54dd, 0x54dd, 0x4c9c, 0x54dd, 0x54dd, 0x5cfc, 0x7ddd, 0xa6be,
  0xb71f, 0xa6de, 0x8e3e, 0x543a, 0x2233, 0x114f, 0x194f, 0x114e, 0x194e, 0x194e, 0x194d, 0x10c9,
  0x194c, 0x21cf, 0x198e, 0x194e, 0x198f, 0x19d0, 0x32b5, 0x641a, 0x53b9, 0x4b38, 0x2215, 0x6396,
  0x1971, 0x194e, 0x112e, 0x194e, 0x194d, 0x112d, 0x196e, 0x29f1, 0x29f1, 0x29d1, 0x21d0, 0x21b0,
  0x3ab4, 0x3a74, 0x5377, 0x6c7b, 0x7cdb, 0x957b, 0xae3d, 0xbe9e, 0xa63d, 0x7d5c, 0x74fb, 0x545b,
  0x5c7b, 0x6cfb, 0x95dc, 0x8d7c, 0x8d7c, 0x4c3b, 0x3bfc, 0x441c, 0x443d, 0x443d, 0x3bdb, 0x3bbb,
  0x3bdc, 0x3bdc, 0x339b, 0x3bbb, 0x3bdb, 0x3bfb, 0x3bfc, 0x441c, 0x441c, 0x441c, 0x443c, 0x441c,
  0x441c, 0x4c5c, 0x3bdb, 0x3bbb, 0x3bbb, 0x3bbb, 0x4c3c, 0x43fb, 0x43db, 0x43bb, 0x43db, 0x43db,
  0x43db, 0x4c1c, 0x4bfc, 0x3bbb, 0x3bbb, 0x3bbb, 0x3bbb, 0x441c, 0x4c3c, 0x4c7c, 0x4c3c, 0x43fb,
  0x441c, 0x43fc, 0x43dc, 0x441c, 0x441c, 0x43fc, 0x43fc, 0x441c, 0x441c, 0x443d, 0x4c3d, 0x547d,
  0x5cdd, 0x549d, 0x4c9d, 0x4c7d, 0x4cbd, 0x4cbd, 0x4c9d, 0x4c9d, 0x4cbd, 0x54de, 0x551e, 0x5d1e,
  0x551e, 0x551d, 0x551d, 0x54fd, 0x54fd, 0x5d3e, 0x54fd, 0x54dd, 0x54bd, 0x4cbd, 0x4c9d, 0x4c9d,
  0x54bd, 0x54bd, 0x54dd, 0x5cfe, 0x54be, 0x549d, 0x54be, 0x54de, 0x54de, 0x54bd, 0x4c9d, 0x4c5c,
  0x54bd, 0x54dd, 0x4cbd, 0x54fd, 0x54fd, 0x4cdd, 0x4cbd, 0x4cdd, 0x54dd, 0x5d1e, 0x54dd, 0x54bd,
  0x54bd, 0x54bd, 0x54bd, 0x5cdd, 0x54bd, 0x54bd, 0x54bd, 0x54bd, 0x54dd, 0x54dd, 0x4cbd, 0x4c9d,
  0x54bd, 0x5cfd, 0x54dd, 0x54bd, 0x54bd, 0x4cbd, 0x4cdd, 0x54dd, 0x4cbd, 0x54fd, 0x4cbd, 0x4c7c,
  0x4c7c, 0x4c9c, 0x4cbd, 0x4cbc, 0x54bd, 0x4c9d, 0x4c9d, 0x4c9d, 0x445c, 0x443c, 0x445c, 0x445c,
  0x443c, 0x443c, 0x441c, 0x43fb, 0x43fb, 0x441b, 0x4c3c, 0x4c7c, 0x4c5c, 0x4c3c, 0x43fb, 0x43db,
  0x441b, 0x4c3b, 0x4c3c, 0x4c3b, 0x4c3b, 0x64dc, 0x4c3b, 0x43fb, 0x441b, 0x43fb, 0x43db, 0x43db,
  0x441b, 0x441c, 0x43fb, 0x441c, 0x43fc, 0x43fb, 0x547b, 0x5c9c, 0x4c7c, 0x54dd, 0x54dd, 0x54bd,
  0x54dd, 0x549c, 0x75bd, 0x7dbd, 0x651c, 0x653d, 0x6d7d, 0x5cdb, 0x6d5c, 0x969e, 0x967e, 0xaf1f,
  0x8dfd, 0x5c7b, 0x4bd9, 0x32b6, 0x19d2, 0x1991, 0x2a13, 0x3274, 0x2a12, 0x192d, 0x10ea, 0x08c8,
  0x110a, 0x196d, 0x21af, 0x196e, 0x196e, 0x110c, 0x21d0, 0x42f5, 0x4b78, 0x5c1a, 0x4b99, 0x6396,
  0x21d3, 0x112d, 0x112e, 0x110c, 0x110b, 0x110b, 0x10ea, 0x110b, 0x112c, 0x218e, 0x3a71, 0x194d,
  0x3231, 0x218f, 0x194e, 0x29f1, 0x5bb8, 0x5bf8, 0x53b7, 0x8d7c, 0x8d7c, 0x751b, 0x6cfb, 0x6cfc,
  0x7d5d, 0x85bd, 0x95fd, 0x95bc, 0xc6fe, 0xa65d, 0xa63d, 0x5cbc, 0x549d, 0x4c5c, 0x443d, 0x4c5d,
  0x4c5d, 0x443d, 0x441c, 0x3bdc, 0x445c, 0x445d, 0x445c, 0x447d, 0x4c9d, 0x449d, 0x4cbd, 0x4cbd,
  0x4cdd, 0x4cbd, 0x445c, 0x445d, 0x441c, 0x441c, 0x441c, 0x441c, 0x441c, 0x441c, 0x4c3c, 0x43fb,
  0x441b, 0x4c5c, 0x441c, 0x441c, 0x4c5d, 0x4c5d, 0x4c5d, 0x4c7d, 0x4c9d, 0x4cbd, 0x4c9d, 0x4c7d,
  0x54bd, 0x4c7d, 0x549d, 0x549d, 0x54dd, 0x54dd, 0x4c7d, 0x4c7d, 0x4c9e, 0x54be, 0x54de, 0x5d1e,
  0x5cfe, 0x54fe, 0x5d3e, 0x5d3e, 0x553e, 0x551e, 0x54fe, 0x551e, 0x5d5e, 0x5d7e, 0x5d5e, 0x657e,
  0x65bf, 0x659e, 0x659f, 0x659e, 0x659e, 0x659f, 0x65be, 0x657e, 0x657e, 0x5d3e, 0x551e, 0x5d3e,
  0x5d3e, 0x5d3e, 0x5d1e, 0x5d1e, 0x5d1e, 0x54dd, 0x5cfe, 0x5d3e, 0x5d5e, 0x5d3e, 0x5d3e, 0x54fe,
  0x5d3e, 0x5d5e, 0x5d5e, 0x5d7e, 0x5d7e, 0x5d3e, 0x5d3e, 0x5d3e, 0x5d3e, 0x5d3e, 0x5cfe, 0x5cfe,
  0x5d1e, 0x653e, 0x5d1e, 0x759e, 0x5d3e, 0x5d3e, 0x5d3e, 0x5d3e, 0x5d5e, 0x5d5e, 0x5d3e, 0x551e,
  0x5d5e, 0x657e, 0x657e, 0x5d3e, 0x5d1e, 0x54fe, 0x551e, 0x5d3e, 0x5d5e, 0x657e, 0x5d3e, 0x5d3e,
  0x551e, 0x54fd, 0x54fd, 0x54fd, 0x551d, 0x54dd, 0x54fd, 0x54fd, 0x54dd, 0x4cdd, 0x4cdd, 0x54fd,
  0x54fd, 0x54fd, 0x4cbd, 0x4c9c, 0x4c9d, 0x4cbd, 0x54dd, 0x5cfd, 0x54bd, 0x4c9c, 0x4c9c, 0x4c7c,
  0x4c7c, 0x54dc, 0x5d1d, 0x549c, 0x54bd, 0x54bd, 0x4c9d, 0x4cbd, 0x54bd, 0x4c7c, 0x4c7c, 0x4c3c,
  0x4c5c, 0x4c7d, 0x4c7d, 0x4c7d, 0x4c7d, 0x547c, 0x8dfd, 0x95fd, 0x6d1d, 0x651d, 0x64fd, 0x5cdc,
  0x5c9c, 0x543a, 0x8dbc, 0xb6de, 0xaebe, 0x8ddd, 0x64bb, 0x2a53, 0x6459, 0x8e3e, 0x965e, 0x753d,
  0x43ba, 0x32f8, 0x2a96, 0x2213, 0x21d2, 0x3ab5, 0x6c39, 0x4af5, 0x21f1, 0x194d, 0x10c9, 0x08c8,
  0x110a, 0x218e, 0x21d0, 0x21d0, 0x21b0, 0x21d0, 0x21d1, 0x196f, 0x21d2, 0x3ad6, 0x4359, 0x6bd7,
  0x1150, 0x114e, 0x112d, 0x110b, 0x08ea, 0x08c9, 0x08a8, 0x08a8, 0x0887, 0x08c9, 0x29ce, 0x194c,
  0x3210, 0x29f1, 0x194d, 0x216e, 0x29d0, 0x3232, 0x3253, 0x5bb7, 0x851c, 0x8dbd, 0x857d, 0x751c,
  0x6cfc, 0x753d, 0x755d, 0x64fc, 0x6cfc, 0x755d, 0xa67e, 0xbefe, 0xa63d, 0x9ddc, 0x6cbb, 0x4bfb,
  0x5c5b, 0x959d, 0xb65d, 0xbe7d, 0xc6de, 0xbe7e, 0xae1d, 0x753d, 0x54de, 0x4cfe, 0x4d1e, 0x553e,
  0x553e, 0x553e, 0x54fe, 0x4cdd, 0x4cbd, 0x4cde, 0x54de, 0x4c7d, 0x4c7d, 0x4c7c, 0x54bd, 0x4c7d,
  0x4c7c, 0x549d, 0x4c7d, 0x4c5d, 0x4c7d, 0x54bd, 0x54dd, 0x54dd, 0x54fd, 0x5d1d, 0x5d3e, 0x54dd,
  0x5cfd, 0x5d1e, 0x5d3e, 0x5d3e, 0x5d3e, 0x5d3e, 0x5d3e, 0x5d1e, 0x5d3e, 0x5d3e, 0x5d3e, 0x6dbe,
  0x5d5e, 0x5d5e, 0x659f, 0x65be, 0x65bf, 0x659e, 0x659f, 0x659e, 0x65be, 0x761f, 0x6ddf, 0x6ddf,
  0x761f, 0x75ff, 0x761f, 0x75ff, 0x6dff, 0x6ddf, 0x6ddf, 0x6ddf, 0x75ff, 0x6dbf, 0x659e, 0x659f,
  0x6dbe, 0x75de, 0x659f, 0x6d9e, 0x6dbf, 0x657e, 0x659e, 0x65bf, 0x6ddf, 0x6dbf, 0x6dbe, 0x75be,
  0x6ddf, 0x6dbf, 0x6ddf, 0x6ddf, 0x6dbe, 0x659e, 0x6dde, 0x659e, 0x6dbe, 0x657e, 0x655e, 0x6d9e,
  0x6dbe, 0x6dde, 0x6d9e, 0x6d9e, 0x6dbf, 0x659e, 0x6ddf, 0x6dbe, 0x6dbf, 0x6ddf, 0x6ddf, 0x6ddf,
  0x6ddf, 0x6dff, 0x75fe, 0x6dbe, 0x657e, 0x657e, 0x659f, 0x65be, 0x6dbf, 0x6dbf, 0x6dbf, 0x659f,
  0x659f, 0x657e, 0x659e, 0x6dbe, 0x657e, 0x657e, 0x659e, 0x5d7e, 0x5d5e, 0x5d7e, 0x5d7e, 0x5d7e,
  0x5d5e, 0x5d5e, 0x5d3d, 0x5d3d, 0x5d3d, 0x5d3d, 0x657e, 0x5d3d, 0x4cdd, 0x551d, 0x5d1d, 0x5d1d,
  0x5d1d, 0x5d1d, 0x54fc, 0x5d5e, 0x657e, 0x5d5e, 0x5d5e, 0x5d5e, 0x5d5e, 0x5d3e, 0x5d5e, 0x54fd,
  0x54dd, 0x54bd, 0x54dd, 0x7d9d, 0xb6be, 0xc6fe, 0xd73e, 0xd73e, 0xb63d, 0xa5fd, 0x7499, 0x6439,
  0x851b, 0xa69e, 0xaeff, 0x967f, 0x7dbe, 0x64fd, 0x4c1b, 0x4bd9, 0x751c, 0x6d1d, 0x4c1b, 0x3b38,
  0x32b6, 0x2a54, 0x2213, 0x1990, 0x3273, 0x3232, 0x196e, 0x090b, 0x110a, 0x10ea, 0x10c9, 0x08c8,
  0x192b, 0x196d, 0x198e, 0x196e, 0x198e, 0x19af, 0x19af, 0x19d0, 0x3274, 0x2a54, 0x19d3, 0x6374,
  0x1170, 0x196f, 0x114e, 0x112d, 0x112d, 0x110c, 0x08c9, 0x08a7, 0x0887, 0x0887, 0x0887, 0x10c8,
  0x194c, 0x216d, 0x10ea, 0x10ea, 0x194d, 0x192d, 0x194d, 0x29d1, 0x4b37, 0x643a, 0x643b, 0x649c,
  0x64bd, 0x5c7c, 0x649c, 0x5c5b, 0x64bc, 0x545b, 0x6cdb, 0x855c, 0x9dbd, 0x73f7, 0x7418, 0x5b76,
  0x6bf8, 0x8498, 0xb5db, 0xb5bc, 0xad7b, 0xa57b, 0xc65c, 0xcebe, 0x9dbd, 0x64bc, 0x5d1d, 0x6d7e,
  0x657e, 0x6dbe, 0x6d7e, 0x5d5e, 0x5d3e, 0x551e, 0x551e, 0x5d5e, 0x551d, 0x551d, 0x54fd, 0x54fd,
  0x54fd, 0x5d1e, 0x54fd, 0x443c, 0x4c7d, 0x54fd, 0x659e, 0x659e, 0x5d5e, 0x5d5e, 0x655e, 0x655e,
  0x657e, 0x6dbe, 0x6dde, 0x659e, 0x5d7e, 0x659e, 0x6dbe, 0x75ff, 0x7e3e, 0x75df, 0x6ddf, 0x6ddf,
  0x6dde, 0x6dff, 0x6dff, 0x6dff, 0x6e1f, 0x7e5f, 0x763f, 0x7e5f, 0x869f, 0x867f, 0x7e5f, 0x7e5f,
  0x7e7f, 0x7e5f, 0x7e7f, 0x7e7f, 0x7e5f, 0x7e3f, 0x763f, 0x761f, 0x763f, 0x763f, 0x867f, 0x761f,
  0x761f, 0x761f, 0x761f, 0x761f, 0x7e1f, 0x75ff, 0x6dde, 0x761f, 0x7e5f, 0x7e5f, 0x75ff, 0x8e5f,
  0x6ddf, 0x761f, 0x7e3f, 0x7e5f, 0x763f, 0x761f, 0x7e3f, 0x7e3f, 0x7e3f, 0x75de, 0x75fe, 0x7e3f,
  0x865f, 0x7e5f, 0x761f, 0x6ddf, 0x75ff, 0x7e3f, 0x7e5f, 0x865f, 0x7e5f, 0x7e5f, 0x7e5f, 0x867f,
  0x867f, 0x7e5f, 0x7e3f, 0x7e3f, 0x761f, 0x761f, 0x763f, 0x7e5f, 0x7e5f, 0x7e5f, 0x7e5f, 0x763f,
  0x75ff, 0x761e, 0x7e3f, 0x7e3f, 0x7e3f, 0x7e5f, 0x6e1f, 0x761f, 0x6dff, 0x6dff, 0x6dff, 0x6dff,
  0x65be, 0x657e, 0x6dde, 0x6dde, 0x6dde, 0x6dfe, 0x6dfe, 0x6dbe, 0x5d5d, 0x659e, 0x6dbe, 0x6d9e,
  0x6dbe, 0x75fe, 0x659e, 0x6dbe, 0x6dde, 0x6dbe, 0x6dbe, 0x6dbe, 0x6d9e, 0x6d9e, 0x75be, 0x5cbc,
  0x4c5b, 0x5c7b, 0xb69e, 0xc6fe, 0xbe7d, 0xa5dc, 0x9d7b, 0x8d1a, 0x7438, 0x5b55, 0x63f8, 0x8d7c,
  0x95fe, 0x8e3f, 0x7d9e, 0x5cdc, 0x4c1b, 0x543b, 0x64bd, 0x753d, 0x6cfc, 0x4bda, 0x3b38, 0x32d6,
  0x2a75, 0x21f1, 0x196e, 0x112c, 0x194c, 0x08a9, 0x0087, 0x0066, 0x0886, 0x0886, 0x0887, 0x08c8,
  0x10ea, 0x10ea, 0x10ea, 0x10ea, 0x10ea, 0x110b, 0x116d, 0x21d0, 0x32b4, 0x3295, 0x21f3, 0x6353,
  0x1170, 0x196f, 0x114e, 0x114e, 0x196f, 0x198f, 0x21af, 0x21ad, 0x10ea, 0x08a8, 0x0887, 0x08a7,
  0x08a7, 0x08a8, 0x08a8, 0x08c8, 0x194d, 0x196e, 0x198f, 0x2190, 0x29f2, 0x3ab6, 0x3af8, 0x3af7,
  0x3af8, 0x2a95, 0x2212, 0x2a54, 0x3b38, 0x43ba, 0x4bda, 0x6cbc, 0x84fd, 0x84dc, 0x9d9d, 0x7c59,
  0x4292, 0x3a31, 0x3a52, 0x3a31, 0x4ab2, 0x5b76, 0x3211, 0x4ab3, 0x8498, 0x84db, 0x7cfc, 0x7d1c,
  0xa63e, 0xcf3e, 0xcf3e, 0xa67e, 0x85de, 0xa69f, 0x9e5e, 0x54dc, 0x5d3d, 0x5d7e, 0x5d7e, 0x5d3d,
  0x5d3d, 0x5d5e, 0x659e, 0x6dde, 0x75fe, 0x6dde, 0x6dfe, 0x6dde, 0x6dde, 0x7e7f, 0x761f, 0x75ff,
  0x761f, 0x763f, 0x763f, 0x7e5f, 0x761e, 0x761e, 0x761e, 0x7e5f, 0x867f, 0x8e9f, 0x96bf, 0x8ebf,
  0x8e9f, 0x8e9f, 0x869f, 0x7e7f, 0x867f, 0x86bf, 0x8ebf, 0x96df, 0xa71f, 0x9eff, 0x9eff, 0x9eff,
  0x9eff, 0x96ff, 0x96ff, 0x96df, 0x96df, 0x96df, 0x96df, 0x8ebf, 0x869f, 0x869f, 0x8edf, 0x8ebf,
  0x869f, 0x867f, 0x8e9f, 0x8ebf, 0x96bf, 0x96bf, 0x96bf, 0x96df, 0x8edf, 0x8ebf, 0x867f, 0x969f,
  0x867f, 0x8ebf, 0x8ebf, 0x8ebf, 0x8ebf, 0x8ebf, 0x8ebf, 0x96bf, 0x8e9f, 0x8e9f, 0x8e7f, 0x96bf,
  0x9eff, 0x9eff, 0x8ebf, 0x7e3e, 0x8e9f, 0x96df, 0x96ff, 0x96df, 0x96df, 0x96df, 0x96df, 0x9eff,
  0x96df, 0x8ebf, 0x8ebf, 0x96df, 0x8e9f, 0x8e9f, 0x8ebf, 0x96df, 0x96ff, 0x96df, 0x9eff, 0x9eff,
  0x96bf, 0x96df, 0x96df, 0xa71f, 0xa71f, 0x8ebf, 0x867f, 0x867f, 0x867f, 0x867f, 0x867f, 0x7e5f,
  0x7e5f, 0x761e, 0x7e5f, 0x7e5f, 0x765f, 0x7e5f, 0x8e9f, 0x96bf, 0x75fe, 0x75de, 0x75de, 0x75be,
  0x75be, 0x85fe, 0x85dd, 0x6d1c, 0x75be, 0x655d, 0x6d3d, 0x85bd, 0xb6be, 0xb6be, 0xae9e, 0x95bd,
  0x957c, 0xb65e, 0x9d5b, 0x7419, 0x63b7, 0x42b4, 0x2170, 0x194f, 0x196f, 0x5376, 0x6c59, 0x53fa,
  0x649b, 0x64fc, 0x3338, 0x3b37, 0x32d5, 0x541a, 0x541a, 0x64bc, 0x4378, 0x2ab5, 0x2a54, 0x2212,
  0x21d1, 0x198f, 0x110b, 0x08a8, 0x08a8, 0x10ea, 0x08a8, 0x0086, 0x0886, 0x0886, 0x08a7, 0x08a8,
  0x08a8, 0x08a8, 0x08a8, 0x08c9, 0x08c9, 0x08c9, 0x112b, 0x116e, 0x1990, 0x21d1, 0x1990, 0x52f1,
  0x1170, 0x114e, 0x116f, 0x116f, 0x198f, 0x5355, 0x5355, 0x3a93, 0x4b55, 0x3ad3, 0x112b, 0x10eb,
  0x10ea, 0x08c9, 0x110b, 0x110b, 0x194d, 0x1990, 0x2a33, 0x2a34, 0x2a13, 0x2a13, 0x3296, 0x4358,
  0x3296, 0x21d2, 0x112d, 0x21d1, 0x3294, 0x32d6, 0x3af6, 0x42f5, 0x3252, 0x29d1, 0x3a94, 0x5376,
  0x4292, 0x10ca, 0x29af, 0x29d0, 0x194d, 0x216f, 0x3a32, 0x4ad5, 0x5b77, 0x6c19, 0x745a, 0x7cfc,
  0x7d3c, 0x95fd, 0x9e1d, 0xc71f, 0xb6be, 0xa65e, 0xc73f, 0xa63d, 0x95fd, 0x95fd, 0x963e, 0x7d5c,
  0x4378, 0x649c, 0x759d, 0x7e1e, 0x867e, 0x867e, 0x867e, 0x867e, 0x8e9f, 0x96bf, 0x8e7f, 0x969f,
  0x9edf, 0x9edf, 0x96bf, 0x96bf, 0x9ede, 0xaeff, 0xa6de, 0xb6ff, 0xc75f, 0xdf9f, 0xe7bf, 0xcf7f,
  0xbf7f, 0xbf5f, 0xb73f, 0xb73f, 0xb73f, 0xa71f, 0xb75f, 0xbf9f, 0xcfbf, 0xbf9f, 0xbf9f, 0xbf9f,
  0xb77f, 0xb77f, 0xb77f, 0xb77f, 0xbf7f, 0xc79f, 0xb77f, 0xaf7f, 0xaf5f, 0xa75f, 0xa75f, 0xaf7f,
  0xaf7f, 0xaf7f, 0xaf7f, 0xaf5f, 0xaf5f, 0xaf5f, 0xaf5f, 0xaf7f, 0xa75f, 0xa75f, 0xa73f, 0xb71e,
  0xaf3f, 0xb75f, 0xaf5f, 0xaf5f, 0xaf7f, 0xaf5f, 0xaf5f, 0xaf5f, 0x9f1f, 0xb77f, 0xb77f, 0xb77f,
  0xbf9f, 0xaf7f, 0xb77f, 0xb79f, 0xbf9f, 0xb79f, 0xaf5f, 0xaf7f, 0xb77f, 0xaf5f, 0xb77f, 0xb77f,
  0xb77f, 0xaf3f, 0x9efe, 0x9efe, 0xbf5f, 0xcfbf, 0xcf9f, 0xc79f, 0xbf5f, 0xb75f, 0xbf5f, 0xd79f,
  0xe7bf, 0xdfbf, 0xcf9f, 0xdfdf, 0xd7bf, 0xaf3f, 0x9eff, 0x8ebf, 0x96df, 0x8e9f, 0x867f, 0x867f,
  0x865e, 0x865f, 0x8e7f, 0x865f, 0x6d7d, 0x75be, 0xa6de, 0xbf3f, 0xa6df, 0x967e, 0x861e, 0x85de,
  0x85df, 0x8dfe, 0xcf3f, 0x8d9e, 0x64de, 0x5cbd, 0x859e, 0xa67e, 0xa63e, 0xae7e, 0xb69e, 0x959c,
  0x851b, 0x955b, 0x84b9, 0x5bb7, 0x3212, 0x192e, 0x08cb, 0x10cb, 0x198e, 0x21cf, 0x21af, 0x32b5,
  0x4358, 0x4399, 0x21f2, 0x32b5, 0x3b17, 0x32b4, 0x2a32, 0x4377, 0x3af6, 0x2232, 0x21f1, 0x19af,
  0x114d, 0x112c, 0x194c, 0x110b, 0x110b, 0x196e, 0x112c, 0x08c9, 0x08c8, 0x08c8, 0x218e, 0x2a31,
  0x21d0, 0x198e, 0x10ea, 0x112b, 0x196c, 0x08c9, 0x090a, 0x112d, 0x114e, 0x198f, 0x114e, 0x4a6f,
  0x1170, 0x19af, 0x21d0, 0x114f, 0x114e, 0x090d, 0x110b, 0x08ca, 0x08eb, 0x090c, 0x112c, 0x112c,
  0x112d, 0x196e, 0x198f, 0x198f, 0x198f, 0x19b0, 0x19b0, 0x21b0, 0x21b0, 0x21b1, 0x21f2, 0x21d1,
  0x21d1, 0x196f, 0x110d, 0x110c, 0x08eb, 0x110c, 0x21b0, 0x21b1, 0x2213, 0x2a33, 0x4316, 0x2a10,
  0x194c, 0x10c9, 0x29ae, 0x192c, 0x31ef, 0x3211, 0x29cf, 0x3a31, 0x3231, 0x42d4, 0x6c39, 0x74bb,
  0x8dbd, 0x647a, 0x3317, 0x4bda, 0x439a, 0x4bba, 0x74dd, 0x7d1e, 0x74fc, 0x647c, 0x6cfd, 0x755e,
  0x7d9e, 0x8e1f, 0x9ebf, 0xa71f, 0xaf3f, 0xaf3f, 0xaf1f, 0xbf7f, 0xd7bf, 0xcf9f, 0xaeff, 0xa6bf,
  0xa67e, 0xc75f, 0xc79f, 0xbf5f, 0xcf7f, 0xe7df, 0xd77f, 0xd79f, 0xefff, 0xefff, 0xefff, 0xf7ff,
  0xefff, 0xe7df, 0xdfdf, 0xe7df, 0xe7df, 0xdfbf, 0xe7ff, 0xe7ff, 0xe7ff, 0xefff, 0xefff, 0xe7ff,
  0xd7df, 0xdfdf, 0xdfdf, 0xdfdf, 0xefff, 0xe7ff, 0xd7df, 0xcfdf, 0xd7df, 0xcfdf, 0xcfdf, 0xdfff,
  0xd7df, 0xc7df, 0xc7df, 0xc7df, 0xcfdf, 0xcfdf, 0xbfbf, 0xc7bf, 0xbfbf, 0xc7bf, 0xe7df, 0xf7df,
  0xdfbf, 0xcfdf, 0xc7bf, 0xc7bf, 0xc7bf, 0xc7bf, 0xcfdf, 0xc7df, 0xc7df, 0xcfdf, 0xdfdf, 0xe7ff,
  0xd7df, 0xc7bf, 0xdfdf, 0xe7ff, 0xe7df, 0xd7df, 0xcfbf, 0xd7df, 0xd7bf, 0xcfbf, 0xd7df, 0xdfdf,
  0xd7df, 0xd7df, 0xd7bf, 0xdfbf, 0xefdf, 0xf7ff, 0xf7ff, 0xefff, 0xe7ff, 0xdfdf, 0xdfdf, 0xefff,
  0xf7ff, 0xefff, 0xe7ff, 0xdfdf, 0xd7bf, 0xcfbf, 0xbf5f, 0x9e9e, 0x9ebe, 0x967e, 0x8e5e, 0x8e3e,
  0x8e1e, 0x8e5f, 0x967e, 0x8e3e, 0x8e3e, 0xaeff, 0xb75f, 0xaf3f, 0xaeff, 0x969f, 0x7dbf, 0x757f,
  0x757f, 0x7d7f, 0x857e, 0x5c7e, 0x5c7e, 0x6cde, 0x6cfe, 0x753e, 0x751d, 0x6cbb, 0x851b, 0x63b7,
  0x7479, 0x6bf7, 0x4270, 0x218e, 0x192d, 0x10ec, 0x10ca, 0x10ca, 0x194c, 0x192c, 0x194d, 0x2a12,
  0x21f2, 0x2a54, 0x21f2, 0x21f1, 0x21d1, 0x198f, 0x198f, 0x21d0, 0x194d, 0x114d, 0x196e, 0x196e,
  0x198e, 0x196e, 0x21d0, 0x21af, 0x198e, 0x196e, 0x196e, 0x196e, 0x198e, 0x21af, 0x21f1, 0x2a53,
  0x2a32, 0x21af, 0x110a, 0x08a8, 0x0887, 0x08a8, 0x29cd, 0x21ce, 0x090d, 0x092d, 0x092e, 0x3a0d,
  0x1150, 0x114e, 0x116e, 0x114e, 0x090c, 0x08eb, 0x08c9, 0x08a9, 0x08ca, 0x08ca, 0x194c, 0x424f,
  0x08eb, 0x08eb, 0x08ea, 0x110b, 0x110b, 0x110b, 0x110c, 0x112c, 0x112c, 0x196e, 0x196f, 0x196f,
  0x1990, 0x1990, 0x19b1, 0x19d2, 0x19d2, 0x19b2, 0x2214, 0x2214, 0x2213, 0x19b0, 0x110c, 0x08ca,
  0x08a9, 0x08a8, 0x08a8, 0x10ca, 0x10eb, 0x10eb, 0x10eb, 0x10ca, 0x10eb, 0x110c, 0x110c, 0x196f,
  0x3a93, 0x5b95, 0x84f9, 0x32b5, 0x21f3, 0x1971, 0x1971, 0x21d3, 0x2a34, 0x3298, 0x3b7c, 0x4bfd,
  0x64ff, 0x6d5f, 0x6d9f, 0x7e1f, 0x763f, 0x761f, 0x7e7f, 0x96df, 0x9eff, 0xa6ff, 0x9ebf, 0x6d5e,
  0x6d3e, 0x969f, 0xa71f, 0x96df, 0x8e9f, 0x9eff, 0x96bf, 0xa71f, 0xb77f, 0xbfbf, 0xc7bf, 0xcfdf,
  0xd7ff, 0xc7df, 0xc79f, 0xd7df, 0xa6bf, 0x85bd, 0xbf3f, 0xc77f, 0xd7df, 0xe7ff, 0xefff, 0xe7ff,
  0xefff, 0xefff, 0xefdf, 0xe7bf, 0xffff, 0xffff, 0xf7ff, 0xefff, 0xf7ff, 0xf7ff, 0xf7ff, 0xf7ff,
  0xf7ff, 0xf7ff, 0xf7ff, 0xefff, 0xf7ff, 0xf7ff, 0xefff, 0xefff, 0xefff, 0xe7ff, 0xf7ff, 0xffff,
  0xf7df, 0xefff, 0xf7ff, 0xf7ff, 0xf7ff, 0xefdf, 0xefff, 0xf7ff, 0xf7ff, 0xf7ff, 0xffff, 0xffff,
  0xffff, 0xf7ff, 0xf7ff, 0xffff, 0xffff, 0xf7ff, 0xf7ff, 0xdfbf, 0xc75f, 0xbf1f, 0xbf3f, 0xcf9f,
  0xd79f, 0xd7bf, 0xcf3f, 0xa59d, 0xbebe, 0xcfdf, 0xbfbf, 0xbfbf, 0xb79f, 0xaf7f, 0xb77f, 0xbf9f,
  0xc7bf, 0xbfbf, 0xb79f, 0x9f5f, 0x96df, 0x8e9f, 0x7ddf, 0x757e, 0x9e3f, 0x85df, 0x757f, 0x6d1f,
  0x6d3f, 0x757f, 0x759f, 0x7dff, 0x969f, 0x8e9f, 0x96bf, 0x865f, 0x865f, 0x75bf, 0x5cbe, 0x549e,
  0x545d, 0x439b, 0x21f3, 0x2a35, 0x21f3, 0x3295, 0x4317, 0x4358, 0x643a, 0x6459, 0x5b95, 0x3a70,
  0x190b, 0x10ca, 0x08a9, 0x08a9, 0x08a9, 0x10cb, 0x110c, 0x110b, 0x10ea, 0x08c9, 0x08c9, 0x10ea,
  0x110b, 0x2212, 0x21f2, 0x21f2, 0x2212, 0x21f1, 0x21d0, 0x2a11, 0x21b0, 0x198f, 0x21b0, 0x198f,
  0x198f, 0x196e, 0x194d, 0x196e, 0x196d, 0x112c, 0x114d, 0x112c, 0x112d, 0x21d0, 0x21f1, 0x21d0,
  0x21f1, 0x19af, 0x110b, 0x112a, 0x0087, 0x08a8, 0x08a9, 0x08ca, 0x08eb, 0x090d, 0x090d, 0x39ed,
  0x112f, 0x112e, 0x112e, 0x112d, 0x090c, 0x08ca, 0x08c9, 0x08a9, 0x08a9, 0x08a9, 0x214b, 0x4aaf,
  0x08ca, 0x110b, 0x110b, 0x110b, 0x110c, 0x112c, 0x114d, 0x114e, 0x114e, 0x1990, 0x19b1, 0x1990,
  0x1991, 0x1991, 0x1170, 0x19b1, 0x114f, 0x114f, 0x1991, 0x21b1, 0x19b1, 0x114e, 0x090c, 0x110c,
  0x112c, 0x08ea, 0x08ca, 0x110c, 0x110c, 0x110d, 0x110d, 0x10ec, 0x112e, 0x21d2, 0x21f3, 0x2a14,
  0x21f3, 0x1990, 0x6373, 0x4af4, 0x3253, 0x1950, 0x1110, 0x2235, 0x2a97, 0x2a77, 0x32da, 0x2aba,
  0x2afb, 0x333c, 0x3b7d, 0x441d, 0x54de, 0x54be, 0x54de, 0x5d3e, 0x657e, 0x75df, 0x861f, 0x7dbf,
  0x757e, 0x759f, 0x85ff, 0x863f, 0x75df, 0x75df, 0x7e1f, 0x969f, 0x9eff, 0xaf3f, 0xb77f, 0xa71f,
  0xaf3f, 0xb77f, 0xbf9f, 0xbf5f, 0xb71f, 0xa67f, 0x7d5e, 0x6d1d, 0x85fe, 0xaeff, 0xb73f, 0xbf3e,
  0xae9e, 0xa5fd, 0xae1d, 0xa5bd, 0xb69e, 0xb69e, 0xb69e, 0xcf5f, 0xc71e, 0xb6be, 0xbf1f, 0xbf1f,
  0xbf1f, 0xe7bf, 0xefff, 0xefdf, 0xe7df, 0xdfbf, 0xe7df, 0xe7df, 0xefdf, 0xefff, 0xf7ff, 0xffff,
  0xffff, 0xf7ff, 0xefff, 0xf7ff, 0xefdf, 0xe7bf, 0xe7bf, 0xe7bf, 0xefdf, 0xe7df, 0xefdf, 0xefdf,
  0xcf5f, 0xcf5f, 0xd79f, 0xdf9f, 0xd79f, 0xc77f, 0xbf5f, 0x9ebf, 0x863f, 0x861f, 0x75bf, 0x6d3e,
  0x647c, 0x53ba, 0x537a, 0x95de, 0xa6bf, 0x9eff, 0x9f1f, 0x9f1f, 0x8ebf, 0x8e9f, 0x8e7f, 0x8e7f,
  0x969f, 0x9ebf, 0xa71f, 0x9edf, 0x7e3f, 0x75bf, 0x5cbe, 0x547e, 0x6cfe, 0x549e, 0x547e, 0x4bdd,
  0x3b5c, 0x3b5c, 0x43fe, 0x4c3e, 0x4c7e, 0x54de, 0x5cbe, 0x4c5e, 0x4c5e, 0x4c5e, 0x4c1e, 0x547e,
  0x5c9e, 0x4c1d, 0x32b7, 0x3b17, 0x3275, 0x2a33, 0x3294, 0x4b56, 0x3a92, 0x218e, 0x110c, 0x110c,
  0x110c, 0x10ec, 0x08aa, 0x08aa, 0x08cb, 0x1970, 0x19b2, 0x19b1, 0x114d, 0x194d, 0x194d, 0x110b,
  0x110b, 0x112d, 0x112d, 0x196e, 0x196e, 0x196e, 0x196e, 0x21d0, 0x198f, 0x114d, 0x2a10, 0x112c,
  0x112c, 0x112c, 0x110b, 0x112c, 0x112c, 0x112c, 0x4af1, 0x320e, 0x112c, 0x196d, 0x196d, 0x10eb,
  0x08ea, 0x10ea, 0x0887, 0x0887, 0x0087, 0x08c8, 0x0087, 0x08a9, 0x08ea, 0x08eb, 0x090c, 0x39ec,
  0x110e, 0x112e, 0x112d, 0x090c, 0x08ec, 0x08ca, 0x0888, 0x0887, 0x0888, 0x0088, 0x0088, 0x08a9,
  0x08c9, 0x08c9, 0x08c9, 0x112b, 0x218e, 0x110b, 0x112d, 0x114d, 0x114e, 0x196f, 0x116f, 0x114e,
  0x114e, 0x092d, 0x090c, 0x090c, 0x08eb, 0x08ca, 0x110c, 0x194d, 0x5354, 0x08ec, 0x110c, 0x110c,
  0x110c, 0x110c, 0x110c, 0x112e, 0x114e, 0x1990, 0x21f2, 0x21d3, 0x3275, 0x2a35, 0x21f4, 0x21d3,
  0x1971, 0x112f, 0x194f, 0x3252, 0x42d4, 0x3233, 0x1151, 0x19b3, 0x1a15, 0x2216, 0x32d9, 0x437b,
  0x2279, 0x2aba, 0x22ba, 0x333c, 0x3b9d, 0x3bbd, 0x337c, 0x337c, 0x3bdd, 0x33bd, 0x339d, 0x441e,
  0x859e, 0x7d5e, 0x43fe, 0x441e, 0x4c5e, 0x5cff, 0x6d7f, 0x757e, 0x861f, 0x75df, 0x757f, 0x7ddf,
  0x75bf, 0x759f, 0x755f, 0x6d1e, 0x6d1f, 0x64df, 0x6d1f, 0x6d1e, 0x651e, 0x863f, 0x7dff, 0x85ff,
  0x7d9f, 0x541e, 0x433b, 0x541d, 0x5c9d, 0x7dbe, 0x9ebf, 0x9ebf, 0x861f, 0x5cde, 0x651e, 0x651e,
  0x6d5f, 0x8e3f, 0xa6df, 0xa6df, 0x969f, 0x96bf, 0xaf1f, 0xbf7f, 0xd7bf, 0xd7bf, 0xcf7f, 0xd79f,
  0xd7bf, 0xd7bf, 0xd7df, 0xd7bf, 0xc79f, 0x8e3f, 0x75de, 0x965f, 0xc75f, 0xcf9f, 0xbf5f, 0xaeff,
  0x8e5f, 0x6d9f, 0x7ddf, 0x861f, 0x96bf, 0x865f, 0x659f, 0x5d5f, 0x5d5f, 0x659f, 0x657f, 0x655f,
  0x653f, 0x651e, 0x5cbd, 0x5cbe, 0x75bf, 0x75bf, 0x75bf, 0x6d7f, 0x6d5f, 0x6d5f, 0x5cde, 0x64df,
  0x64be, 0x7d5e, 0x85be, 0x85de, 0x651e, 0x4c1d, 0x3b9c, 0x3b9d, 0x4bfd, 0x335c, 0x3b5c, 0x333b,
  0x2aba, 0x2abb, 0x331c, 0x333c, 0x3b9c, 0x3b7c, 0x32fb, 0x331b, 0x333b, 0x331b, 0x331b, 0x331a,
  0x32d9, 0x2235, 0x2214, 0x645b, 0x645c, 0x4318, 0x3af7, 0x4b78, 0x42f6, 0x21f1, 0x112e, 0x112e,
  0x110e, 0x110e, 0x110e, 0x112f, 0x114f, 0x1991, 0x19d2, 0x196f, 0x110c, 0x112d, 0x110c, 0x112d,
  0x194d, 0x21af, 0x3251, 0x194d, 0x194d, 0x194d, 0x196e, 0x21f0, 0x112c, 0x08ea, 0x10ea, 0x110b,
  0x110b, 0x110b, 0x110b, 0x110b, 0x10eb, 0x10ea, 0x214b, 0x110a, 0x08a8, 0x0888, 0x0087, 0x0067,
  0x0067, 0x0066, 0x0066, 0x0066, 0x0066, 0x0887, 0x0087, 0x08a8, 0x08ca, 0x08eb, 0x090b, 0x39ec,
  0x110e, 0x110d, 0x090c, 0x114d, 0x090b, 0x08a9, 0x0867, 0x0046, 0x0067, 0x0087, 0x0087, 0x0888,
  0x08a9, 0x08a8, 0x08a8, 0x08c9, 0x112b, 0x08ca, 0x08eb, 0x090b, 0x112c, 0x08ec, 0x090c, 0x08eb,
  0x08eb, 0x090b, 0x08eb, 0x08ea, 0x08ca, 0x08ca, 0x08eb, 0x10eb, 0x112c, 0x08ec, 0x08ec, 0x08cb,
  0x08cb, 0x08eb, 0x10ec, 0x110c, 0x110d, 0x110d, 0x112f, 0x19b2, 0x21d2, 0x1972, 0x1972, 0x1992,
  0x1992, 0x1971, 0x21b1, 0x3233, 0x8498, 0x73f6, 0x1172, 0x1172, 0x19b3, 0x19f4, 0x2a77, 0x32d9,
  0x2258, 0x3b3a, 0x2a99, 0x2299, 0x32fb, 0x439c, 0x3b5c, 0x22db, 0x22bb, 0x2afc, 0x2afc, 0x2b1c,
  0x335d, 0x2b3c, 0x43fe, 0x3bfe, 0x33be, 0x3bfe, 0x441e, 0x445e, 0x5cde, 0x5cde, 0x443e, 0x4c5e,
  0x43fd, 0x3b9d, 0x3bde, 0x549e, 0x547e, 0x2b5e, 0x2b5e, 0x3bde, 0x447f, 0x5d1e, 0x7dff, 0x75bf,
  0xa69f, 0x8e1f, 0x7dbf, 0x6d9f, 0x655f, 0x75df, 0x75ff, 0x6d9f, 0x6d9f, 0x54be, 0x6d5f, 0x5d1f,
  0x443f, 0x445f, 0x5d3f, 0x6dbf, 0x75ff, 0x8e5f, 0x863f, 0x969f, 0xaf1f, 0xb73f, 0xb73f, 0xbf3f,
  0xc77f, 0xaf3f, 0xaf5f, 0xa71f, 0x865f, 0x7e3f, 0x7dff, 0x6d9f, 0x6d7f, 0x7e1f, 0x9eff, 0x9edf,
  0x9e9f, 0x7dff, 0x5cff, 0x5d3f, 0x75df, 0x6ddf, 0x75df, 0x5d5f, 0x5d1f, 0x54df, 0x4cbf, 0x655f,
  0x657f, 0x5d1f, 0x5d1f, 0x54ff, 0x5cff, 0x5cfe, 0x5cfe, 0x54de, 0x3c1d, 0x43fe, 0x441e, 0x43fe,
  0x43fd, 0x4bfd, 0x4bfd, 0x43bc, 0x3b7c, 0x335c, 0x333c, 0x3b5c, 0x43bc, 0x333b, 0x331b, 0x32da,
  0x2a9a, 0x2a9a, 0x32db, 0x2a9a, 0x2a9a, 0x32da, 0x2a99, 0x2a99, 0x2a99, 0x2a57, 0x2a37, 0x2215,
  0x19b3, 0x19b2, 0x21d2, 0x3af6, 0x4317, 0x2a34, 0x3ab6, 0x4317, 0x5398, 0x21d2, 0x2a12, 0x1990,
  0x110d, 0x112e, 0x112f, 0x112f, 0x110e, 0x110e, 0x112d, 0x110c, 0x110c, 0x090c, 0x08eb, 0x08eb,
  0x08cb, 0x110c, 0x218e, 0x110c, 0x110b, 0x10eb, 0x10ea, 0x110a, 0x08c9, 0x08a9, 0x08c9, 0x10ea,
  0x08c9, 0x08ca, 0x08ca, 0x08c9, 0x08ea, 0x218d, 0x0888, 0x0887, 0x0887, 0x0066, 0x0067, 0x0066,
  0x0066, 0x0065, 0x0045, 0x0045, 0x0045, 0x0066, 0x0087, 0x0088, 0x00a9, 0x08ca, 0x08eb, 0x39ec,
  0x090e, 0x110c, 0x08eb, 0x08ca, 0x08a9, 0x0087, 0x0066, 0x0045, 0x0046, 0x0066, 0x0067, 0x0087,
  0x0088, 0x0888, 0x0088, 0x08a8, 0x0888, 0x00a8, 0x08a9, 0x08c9, 0x08c9, 0x08ca, 0x08ca, 0x08ca,
  0x08c9, 0x08ca, 0x08ca, 0x08ca, 0x08ca, 0x08aa, 0x08aa, 0x08ca, 0x08ca, 0x08ca, 0x110c, 0x08cb,
  0x08cb, 0x08cb, 0x112d, 0x10ec, 0x10ec, 0x10ec, 0x110d, 0x10ed, 0x110f, 0x112f, 0x1150, 0x1171,
  0x1172, 0x1150, 0x1971, 0x1991, 0x1970, 0x1970, 0x29f2, 0x29f2, 0x1172, 0x1172, 0x19b3, 0x2215,
  0x19f4, 0x19f4, 0x2237, 0x2277, 0x2a98, 0x32da, 0x2ada, 0x2ada, 0x3b3b, 0x3b3b, 0x331b, 0x2afb,
  0x2adb, 0x2afb, 0x2b3c, 0x2b5c, 0x339d, 0x339d, 0x337d, 0x339d, 0x3bfd, 0x441d, 0x3bbd, 0x43fd,
  0x337c, 0x2b3c, 0x335d, 0x441e, 0x337d, 0x233d, 0x2b3d, 0x3bfe, 0x447e, 0x4c9e, 0x5cfe, 0x54ff,
  0x8dff, 0x6d5e, 0x653f, 0x657f, 0x659f, 0x5d5f, 0x5d7f, 0x659f, 0x7dff, 0x6d9f, 0x655f, 0x5cff,
  0x4c7f, 0x4c9f, 0x551f, 0x6d9f, 0x6ddf, 0x7dff, 0x655f, 0x75df, 0x861f, 0x865f, 0xb6ff, 0xd77f,
  0xaf1f, 0x96df, 0x8e9f, 0x7e5f, 0x761f, 0x75df, 0x659f, 0x5d3f, 0x54bf, 0x447e, 0x54ff, 0x863f,
  0x6dbf, 0x6d9f, 0x655f, 0x5cfe, 0x54de, 0x5d1f, 0x75df, 0x657f, 0x5d3f, 0x4c9f, 0x447f, 0x4cbe,
  0x54be, 0x447f, 0x4c9f, 0x4c9e, 0x54de, 0x5d1e, 0x4c7e, 0x54be, 0x441d, 0x441d, 0x547d, 0x547d,
  0x441e, 0x3b5c, 0x333c, 0x437c, 0x3b5c, 0x32fb, 0x2ada, 0x2aba, 0x3b3b, 0x439b, 0x32fa, 0x2279,
  0x2279, 0x2a79, 0x32b9, 0x2a99, 0x2ab9, 0x435a, 0x2a98, 0x2a78, 0x2216, 0x19d4, 0x21d3, 0x3a94,
  0x19b2, 0x1991, 0x1991, 0x19b1, 0x1991, 0x1991, 0x2a13, 0x1991, 0x1971, 0x1970, 0x112f, 0x090e,
  0x090d, 0x112e, 0x112e, 0x08ed, 0x110d, 0x10eb, 0x08eb, 0x08ca, 0x08ca, 0x08cb, 0x08eb, 0x08ca,
  0x08ca, 0x08ca, 0x08ca, 0x08ca, 0x08ca, 0x08ca, 0x08c9, 0x08a9, 0x08ea, 0x08a9, 0x0888, 0x0888,
  0x0888, 0x08a8, 0x0887, 0x0888, 0x0888, 0x08e9, 0x0887, 0x0887, 0x0866, 0x0046, 0x0046, 0x0045,
  0x0045, 0x0045, 0x0045, 0x0045, 0x0045, 0x0045, 0x0066, 0x0067, 0x0088, 0x00a9, 0x00ca, 0x39ec,
  0x08ed, 0x08ec, 0x08eb, 0x08eb, 0x00a9, 0x0087, 0x0887, 0x0045, 0x0045, 0x0045, 0x0066, 0x0066,
  0x0087, 0x00a8, 0x0087, 0x0087, 0x0087, 0x0088, 0x0088, 0x0087, 0x08a8, 0x08a9, 0x08ca, 0x08a9,
  0x08a9, 0x08c9, 0x08ca, 0x08a9, 0x08a9, 0x08a9, 0x08a9, 0x08aa, 0x08ca, 0x08a9, 0x08aa, 0x08aa,
  0x08ab, 0x08cb, 0x196e, 0x08cb, 0x08cb, 0x08cb, 0x10eb, 0x110d, 0x112f, 0x0930, 0x0930, 0x0930,
  0x0930, 0x0950, 0x0930, 0x0930, 0x1150, 0x1970, 0x1970, 0x1971, 0x1172, 0x1171, 0x1992, 0x2a14,
  0x19d3, 0x19d3, 0x21d4, 0x19d4, 0x21f5, 0x3ab8, 0x3af8, 0x2278, 0x2ad9, 0x32fa, 0x2ada, 0x227a,
  0x2279, 0x2aba, 0x2afb, 0x2afb, 0x22db, 0x22db, 0x22bb, 0x2ada, 0x2b1a, 0x2afb, 0x2b1b, 0x3b9c,
  0x43bc, 0x3b7c, 0x2b3c, 0x3b9c, 0x333c, 0x22fc, 0x2afc, 0x337d, 0x443d, 0x3c1d, 0x33dd, 0x3bfd,
  0x3c1d, 0x3c1e, 0x447e, 0x551f, 0x551e, 0x4cff, 0x551f, 0x5d5f, 0x54ff, 0x3c3e, 0x3c1e, 0x443e,
  0x4c7f, 0x443e, 0x4c7f, 0x4c9e, 0x54df, 0x54be, 0x54de, 0x5cfe, 0x657f, 0x75df, 0x8e3f, 0xaebf,
  0x8e7f, 0x763f, 0x6dff, 0x65df, 0x65bf, 0x551f, 0x551f, 0x653f, 0x4c7e, 0x3bdd, 0x33de, 0x447f,
  0x445e, 0x445e, 0x5cde, 0x7dbe, 0x4c7e, 0x4c7e, 0x3c3d, 0x445d, 0x6d3e, 0x6d1e, 0x3bfe, 0x3c1e,
  0x3bdd, 0x337c, 0x3bdd, 0x441e, 0x443e, 0x3bdd, 0x337c, 0x3bbc, 0x337c, 0x3bbc, 0x5c7c, 0x4bfc,
  0x3b5c, 0x2a99, 0x2a98, 0x2a98, 0x2a99, 0x2ab9, 0x2a78, 0x2237, 0x2257, 0x1a37, 0x2237, 0x2238,
  0x2237, 0x2237, 0x4b79, 0x3af8, 0x1a36, 0x1a15, 0x2215, 0x2235, 0x19b3, 0x19b2, 0x1992, 0x3233,
  0x1991, 0x1171, 0x1170, 0x1990, 0x114f, 0x114f, 0x114f, 0x114f, 0x1150, 0x1990, 0x1970, 0x112f,
  0x112f, 0x090e, 0x090e, 0x08ed, 0x110c, 0x08eb, 0x08aa, 0x08aa, 0x08aa, 0x08ca, 0x08ca, 0x08ca,
  0x08eb, 0x08ca, 0x08ca, 0x10ea, 0x08c9, 0x08a9, 0x08a8, 0x0888, 0x0087, 0x0867, 0x0888, 0x08a9,
  0x0887, 0x0887, 0x0866, 0x0067, 0x0887, 0x0887, 0x0066, 0x0066, 0x0045, 0x0024, 0x0045, 0x0045,
  0x0045, 0x0044, 0x0045, 0x0045, 0x0045, 0x0045, 0x0066, 0x0067, 0x0088, 0x00a9, 0x00a9, 0x31cb,
  0x08ec, 0x08ec, 0x08cb, 0x08ca, 0x00a9, 0x0087, 0x0045, 0x0045, 0x0045, 0x0045, 0x0046, 0x0066,
  0x0066, 0x0066, 0x0066, 0x0067, 0x0087, 0x0088, 0x0088, 0x0087, 0x0088, 0x0088, 0x0088, 0x00a9,
  0x08a9, 0x08a9, 0x00a9, 0x0089, 0x00a9, 0x08a9, 0x08a9, 0x0889, 0x0089, 0x0089, 0x08aa, 0x08aa,
  0x08aa, 0x08aa, 0x08aa, 0x08aa, 0x08aa, 0x10eb, 0x29cd, 0x7cd7, 0xa61b, 0xa61c, 0xae1c, 0xae5c,
  0xb65c, 0xb65c, 0xbe5c, 0xadba, 0x4271, 0x112f, 0x1150, 0x1150, 0x1171, 0x1171, 0x1971, 0x1992,
  0x1992, 0x19b2, 0x21b2, 0x21b2, 0x21d2, 0x21b3, 0x19d4, 0x19d5, 0x19f6, 0x1a17, 0x1a38, 0x1a38,
  0x2279, 0x2ab9, 0x2aba, 0x2a99, 0x2279, 0x2258, 0x2258, 0x2a57, 0x32b8, 0x2258, 0x2258, 0x2299,
  0x2aba, 0x2299, 0x2ada, 0x2299, 0x229a, 0x227a, 0x1a59, 0x2adb, 0x2afb, 0x2b1b, 0x2b5c, 0x2b7c,
  0x33bd, 0x3bfd, 0x33dd, 0x3c1d, 0x4c9e, 0x753e, 0x8dbe, 0x753d, 0x4c3d, 0x337d, 0x339d, 0x3bdd,
  0x4c3d, 0x4c3d, 0x4c5d, 0x3bfc, 0x3c1d, 0x447d, 0x54fe, 0x5d1e, 0x655e, 0x6d9f, 0x6d9e, 0x6d9e,
  0x6dbf, 0x5d7f, 0x5d5f, 0x5d5f, 0x551f, 0x4c9e, 0x445e, 0x547d, 0x64dd, 0x4bfc, 0x43dc, 0x43dc,
  0x43bc, 0x4bfc, 0x541c, 0x6c9c, 0xb65e, 0xae3e, 0x7d3d, 0x43dc, 0x4bfc, 0x647c, 0x2b5c, 0x43fd,
  0x3b7b, 0x333b, 0x333b, 0x3b7c, 0x3bbc, 0x4bbb, 0x331b, 0x2afa, 0x2afa, 0x32f9, 0x4bba, 0x3318,
  0x2257, 0x2215, 0x2a56, 0x2a56, 0x2256, 0x2a77, 0x2a56, 0x19f5, 0x19f5, 0x2215, 0x1a15, 0x19f5,
  0x19f4, 0x19f4, 0x19f4, 0x19f4, 0x19d3, 0x19d3, 0x19b2, 0x1992, 0x1991, 0x1170, 0x1150, 0x1150,
  0x1130, 0x092f, 0x112f, 0x090e, 0x110e, 0x112e, 0x3a30, 0xb5fa, 0xc67c, 0xc6bd, 0xbe9d, 0x9dfc,
  0x53d7, 0x2a12, 0x090e, 0x090d, 0x08ec, 0x08cb, 0x08aa, 0x08aa, 0x08aa, 0x08ca, 0x08ca, 0x08aa,
  0x08a9, 0x08a9, 0x08a9, 0x08a9, 0x0888, 0x0888, 0x0887, 0x0067, 0x0067, 0x0067, 0x0867, 0x0867,
  0x0867, 0x0066, 0x0066, 0x0066, 0x0046, 0x0046, 0x0045, 0x0045, 0x0025, 0x0024, 0x0045, 0x0045,
  0x0045, 0x0024, 0x0024, 0x0045, 0x0045, 0x0045, 0x0046, 0x0067, 0x0088, 0x0088, 0x00a8, 0x31cb,
  0x19b0, 0x21cf, 0x21ef, 0x21cf, 0x21ce, 0x21ad, 0x218c, 0x21ac, 0x21ac, 0x21ac, 0x21ac, 0x21ac,
  0x21ab, 0x21ab, 0x29ab, 0x29ac, 0x29cc, 0x29ec, 0x29cd, 0x29ed, 0x29ed, 0x29cd, 0x29cc, 0x29ac,
  0x29ad, 0x21ad, 0x21ad, 0x21ad, 0x21ad, 0x21ad, 0x29ce, 0x29ee, 0x29ee, 0x29ee, 0x29ee, 0x2a0f,
  0x322f, 0x320f, 0x218d, 0x08ca, 0x110b, 0x4b54, 0x8dbc, 0x963e, 0x963e, 0x963e, 0x9e3e, 0xa67e,
  0xae7e, 0xae9e, 0x7cfb, 0x3ad7, 0x2a34, 0x2a53, 0x3ab5, 0x42f5, 0x4336, 0x2a34, 0x2a34, 0x3275,
  0x3275, 0x3a94, 0x42b5, 0x42b5, 0x3a94, 0x6376, 0x6bd7, 0x63f8, 0x63f9, 0x63fa, 0x6c1a, 0x5bfa,
  0x6c5b, 0x747b, 0x641a, 0x745a, 0x6c3a, 0x5bd9, 0x53b9, 0x5bba, 0x63fa, 0x641b, 0x641b, 0x641b,
  0x5bfb, 0x5bfb, 0x5bfb, 0x5bbb, 0x5bdb, 0x5bfb, 0x5bdb, 0x6c5c, 0x747c, 0x6c3c, 0x645c, 0x643c,
  0x5c3c, 0x5c3c, 0x543c, 0x74dd, 0xb63d, 0xd6fe, 0xd6de, 0xc6be, 0xa61e, 0x7d3d, 0x857d, 0x855d,
  0x8d7c, 0xe77f, 0xbedf, 0x7dbf, 0x653e, 0x5d1e, 0x5d3e, 0x653d, 0x6d7e, 0x655e, 0x6d9e, 0x75be,
  0x6d9e, 0x5d5e, 0x54fe, 0x4c9d, 0x4c5d, 0x543c, 0x4bfc, 0x543c, 0x95bd, 0x855d, 0x857d, 0x855d,
  0x855d, 0x8d7d, 0x8d7d, 0x95bd, 0xa5fd, 0x955b, 0x84da, 0x957d, 0x95bd, 0x851d, 0x957d, 0x9d9d,
  0x8d5c, 0x8d1b, 0x749b, 0x53da, 0x641b, 0x84fb, 0x6c1a, 0x6c3b, 0x747b, 0x7c9b, 0x8cfb, 0x9d3b,
  0x951b, 0x94fa, 0x9d3a, 0x953a, 0x951a, 0x8cfa, 0x8cfb, 0x8cfa, 0x8cda, 0x8cfa, 0x94fa, 0x8cfa,
  0x8cfa, 0x94fa, 0x94f9, 0x951a, 0x94f9, 0x8cd9, 0x8cd9, 0x84b8, 0x8cd9, 0x7c78, 0x7c78, 0x7c78,
  0x8498, 0x8498, 0x8cd8, 0x9d18, 0x73f5, 0x192e, 0x194e, 0x3210, 0x8d19, 0xae1d, 0xae5e, 0x95fe,
  0x8dde, 0x7d3c, 0x4316, 0x114f, 0x08ec, 0x08cb, 0x08aa, 0x08aa, 0x08aa, 0x216c, 0x3a4f, 0x3a4f,
  0x320e, 0x320d, 0x29cd, 0x29cc, 0x29cc, 0x29ec, 0x29ed, 0x29ed, 0x29cc, 0x21ab, 0x21ab, 0x29ac,
  0x29cc, 0x29ed, 0x29ec, 0x29ac, 0x218b, 0x218b, 0x216a, 0x216a, 0x216a, 0x216a, 0x216a, 0x216b,
  0x216b, 0x216a, 0x218a, 0x218b, 0x216b, 0x194a, 0x194a, 0x194b, 0x196c, 0x218c, 0x21ac, 0x4a8e,
  0x6dbf, 0x6d7e, 0x655e, 0x6d7e, 0x75be, 0x7dde, 0x7dde, 0x7dde, 0x7dde, 0x85fe, 0x861e, 0x8e3e,
  0x965e, 0x965e, 0x965e, 0x965e, 0x9e7e, 0x9e7e, 0x9e7e, 0x9e7e, 0x9e7e, 0x9e7e, 0x9e7e, 0x9e7e,
  0x9e7e, 0x9e7e, 0x963e, 0x8e3e, 0x8e1e, 0x8e1e, 0x961e, 0x8e1e, 0x85be, 0x7d9f, 0x7dbf, 0x85bf,
  0x85df, 0x8ddf, 0x8d7c, 0x4ad2, 0x3a51, 0x4b57, 0x53ba, 0x5c1b, 0x5c1b, 0x5c1b, 0x853c, 0xb69e,
  0x959c, 0x5bfa, 0x749b, 0x7cbb, 0x851c, 0x957d, 0x9dde, 0x9dbd, 0x8d5c, 0x851c, 0x8d3c, 0x957c,
  0x8d5c, 0x84fb, 0x7cfb, 0x84fa, 0x84fb, 0x84fa, 0x84fa, 0x84fa, 0x84fa, 0x84da, 0x84da, 0x8d1a,
  0x953a, 0x9d5b, 0x9d3a, 0x951a, 0x951a, 0x951a, 0x953a, 0x953a, 0x9d7b, 0x9d7b, 0xa57b, 0xa57b,
  0x9d7b, 0x9d7b, 0x9d5b, 0x9d5b, 0x9d3b, 0x9d5b, 0x9d5b, 0x9d5b, 0x951a, 0x6bd8, 0x6bd8, 0x6bf8,
  0x7418, 0x7c18, 0x73d7, 0x7418, 0xadfc, 0x5bfb, 0x959e, 0x7cfe, 0x7d1e, 0x851d, 0x853e, 0x74dd,
  0x7d1d, 0xb67f, 0x95bf, 0x859f, 0x859e, 0x7d7e, 0x85be, 0x8dde, 0x8dbe, 0x95bd, 0x9ddc, 0xae3d,
  0xae1d, 0xa61d, 0xae1d, 0xaddc, 0xa5bc, 0xa5bd, 0x9dbd, 0x959d, 0x95be, 0x95be, 0x95be, 0x95be,
  0x95be, 0x8d7e, 0x855e, 0x857e, 0x8d9e, 0x63f8, 0x3255, 0x5356, 0x7cba, 0x2a55, 0x7c79, 0x8cb9,
  0x84b9, 0x8499, 0x7c79, 0x7459, 0x7479, 0x7c79, 0x7c59, 0x7439, 0x745a, 0x747a, 0x747a, 0x7c9a,
  0x7c7a, 0x747a, 0x747a, 0x747a, 0x747a, 0x747a, 0x745a, 0x745a, 0x7c5a, 0x7c7a, 0x7c9a, 0x7c9a,
  0x84ba, 0x84ba, 0x84ba, 0x84ba, 0x7c9a, 0x7c9a, 0x7c7a, 0x7c7a, 0x745a, 0x6c39, 0x6c39, 0x6c39,
  0x6c5a, 0x745a, 0x745a, 0x6c39, 0x6c39, 0x6c18, 0x5335, 0x42d4, 0x3a95, 0x4b58, 0x74bc, 0x8d7d,
  0x855d, 0x855d, 0x857e, 0x5395, 0x4290, 0x8d1a, 0x955a, 0x84d8, 0x63f6, 0x5376, 0x7cba, 0x8d9c,
  0x961e, 0x963e, 0x963e, 0x963e, 0x8e3e, 0x8e3e, 0x861e, 0x8e3e, 0x8e3e, 0x8e3e, 0x8e3e, 0x8e5e,
  0x8e5e, 0x8e3e, 0x863e, 0x7dfe, 0x7dfe, 0x7dde, 0x85fe, 0x7dfe, 0x7dfe, 0x7dbe, 0x7dbe, 0x7dde,
  0x85de, 0x7dde, 0x7dbe, 0x7dde, 0x7dbe, 0x6d5e, 0x651e, 0x651e, 0x653e, 0x6d5e, 0x6d7e, 0x95fe,
  0x4d1f, 0x54dd, 0x445d, 0x447e, 0x4cbd, 0x5cfd, 0x5cfd, 0x5d1d, 0x653d, 0x5d1d, 0x759d, 0x7dde,
  0x7dfd, 0x7e1d, 0x861e, 0x861e, 0x963e, 0x9e9e, 0x965e, 0x965e, 0x8e3d, 0x8e3e, 0x8e1e, 0x8e1e,
  0x85fd, 0x85fe, 0x7d9d, 0x757d, 0x6d3d, 0x6d5e, 0x6d1d, 0x6d1d, 0x543b, 0x43fd, 0x43dc, 0x43dc,
  0x43bc, 0x4b9a, 0x5313, 0x214b, 0x29d0, 0x3254, 0x3234, 0x3275, 0x3a75, 0x3a75, 0x3a95, 0x3a95,
  0x2a14, 0x42f6, 0x5b77, 0x5378, 0x5b98, 0x5b98, 0x5bb9, 0x5bd9, 0x5bb9, 0x641b, 0x74bc, 0x74dc,
  0x749b, 0x7d3d, 0x855d, 0x855d, 0x857d, 0x8d7d, 0x95be, 0x8d9d, 0x8d9d, 0x857d, 0x857d, 0x857d,
  0x8d7d, 0x8d7d, 0x8d7d, 0x853d, 0x7cfc, 0x84fc, 0x7cfc, 0x7cfc, 0x851c, 0x955c, 0xa5dd, 0x957d,
  0x957d, 0x957d, 0x957d, 0x955d, 0x8d5d, 0x8d5c, 0x955d, 0x957c, 0x955c, 0x84fc, 0x8d1c, 0x8d1c,
  0x8cfc, 0x8cfc, 0x7c59, 0x3a34, 0x3a75, 0x3ab8, 0x5379, 0x5379, 0x539a, 0x5bb9, 0x53ba, 0x53ba,
  0x5bba, 0x5bda, 0x5bba, 0x63da, 0x6bfb, 0x63fb, 0x6c1b, 0x747c, 0x851d, 0xa5dd, 0xc69d, 0xd71e,
  0xd71e, 0xd6fe, 0xcede, 0xc69e, 0x8cba, 0x743a, 0x743b, 0x745b, 0x745b, 0x745b, 0x745b, 0x745b,
  0x745b, 0x745a, 0x6c3a, 0x6c5a, 0x747b, 0x63f9, 0x29f2, 0x3ab4, 0x42f4, 0x3232, 0x84ba, 0x953c,
  0x953c, 0x953c, 0x8d3c, 0x8d3c, 0x8d3c, 0x8d3c, 0x84fc, 0x84dc, 0x84dc, 0x7cdc, 0x7cdc, 0x7cdd,
  0x7cdd, 0x74dd, 0x7cfd, 0x7cfd, 0x7d1d, 0x851d, 0x851d, 0x853d, 0x853d, 0x851d, 0x851d, 0x84fc,
  0x84fc, 0x84fc, 0x84fc, 0x84dc, 0x7cdc, 0x7cbc, 0x749c, 0x747b, 0x6c3a, 0x641a, 0x6c3a, 0x6c3a,
  0x6c1a, 0x641a, 0x6419, 0x63d8, 0x63f8, 0x6bf8, 0x63b8, 0x5356, 0x4af6, 0x4af6, 0x4af6, 0x42d6,
  0x2a34, 0x21b1, 0x3273, 0x5b54, 0x6bf5, 0x42f5, 0x2a14, 0x2a33, 0x2a34, 0x2a54, 0x3af5, 0x4b77,
  0x74da, 0x85bd, 0x8e3e, 0x8e3f, 0x8e1e, 0x75be, 0x7dde, 0x7dfe, 0x7dfe, 0x863e, 0x7e1e, 0x7e1e,
  0x7e1e, 0x7e1e, 0x7dfe, 0x75bd, 0x759d, 0x7dbd, 0x7ddd, 0x7dbd, 0x75bd, 0x6d9d, 0x6d9d, 0x75bd,
  0x75dd, 0x75dd, 0x75bd, 0x6dbd, 0x6d9e, 0x54fd, 0x4c9d, 0x447d, 0x4c9d, 0x54fd, 0x4cde, 0x6d3d,
  0x339b, 0x3339, 0x3319, 0x3339, 0x3b59, 0x43ba, 0x4bda, 0x4bfa, 0x4c1b, 0x545b, 0x547b, 0x5c9b,
  0x64dc, 0x6d1c, 0x6d3c, 0x753c, 0x7d9c, 0x85bc, 0x7dbc, 0x7d9c, 0x7d7c, 0x7d7c, 0x755c, 0x753b,
  0x753b, 0x751b, 0x6cdb, 0x649b, 0x5c5a, 0x541a, 0x4357, 0x2a73, 0x21f1, 0x21d1, 0x29f2, 0x2a12,
  0x3253, 0x216c, 0x10a7, 0x10c8, 0x10eb, 0x10ec, 0x10ec, 0x110c, 0x110c, 0x10ec, 0x190d, 0x110d,
  0x110e, 0x110f, 0x1130, 0x1130, 0x1151, 0x1971, 0x1151, 0x1130, 0x1151, 0x19b4, 0x2215, 0x2a35,
  0x2215, 0x3339, 0x3b7a, 0x3b7a, 0x3b79, 0x3b7a, 0x3b9a, 0x3b9a, 0x3b9a, 0x3b7a, 0x3b7a, 0x3359,
  0x3359, 0x3b79, 0x3b79, 0x32f8, 0x2ab7, 0x32d8, 0x32b7, 0x32d7, 0x32d7, 0x3b18, 0x3ad7, 0x2a97,
  0x2ab7, 0x32b8, 0x32b8, 0x32d8, 0x32d8, 0x32d8, 0x32d8, 0x32d8, 0x32d7, 0x32b7, 0x32b7, 0x2a97,
  0x2a76, 0x2a76, 0x2a13, 0x296f, 0x29b0, 0x2191, 0x21b1, 0x21b2, 0x21d2, 0x21d2, 0x21b2, 0x21d2,
  0x21d3, 0x21d3, 0x21d3, 0x21d3, 0x21d3, 0x1992, 0x1972, 0x1993, 0x19d4, 0x19b4, 0x42f5, 0x4b35,
  0x4b77, 0x5377, 0x4b57, 0x3ab5, 0x2a14, 0x21b3, 0x21b4, 0x21d4, 0x21b3, 0x21b3, 0x21b3, 0x21b3,
  0x21b3, 0x21b2, 0x21b2, 0x2191, 0x2191, 0x1970, 0x192d, 0x3233, 0x3a95, 0x21b1, 0x3297, 0x32d8,
  0x32d8, 0x32d8, 0x32b7, 0x32b7, 0x3297, 0x2a77, 0x2276, 0x2276, 0x2256, 0x2256, 0x1a56, 0x2276,
  0x2277, 0x2297, 0x2297, 0x2ab7, 0x2ab7, 0x2ad8, 0x2ad8, 0x32d8, 0x32f8, 0x2ad7, 0x32d7, 0x2ab6,
  0x2ab6, 0x2a96, 0x2a96, 0x2a96, 0x2275, 0x2255, 0x2214, 0x19f3, 0x19b2, 0x1192, 0x1192, 0x11b3,
  0x19d3, 0x19d3, 0x19b2, 0x1991, 0x1991, 0x1991, 0x1971, 0x1970, 0x194f, 0x194f, 0x194e, 0x192d,
  0x190b, 0x08a8, 0x0888, 0x10c9, 0x10e9, 0x29ae, 0x10ec, 0x08cb, 0x10cb, 0x10ca, 0x10ca, 0x190b,
  0x29af, 0x21d0, 0x3ab3, 0x53b5, 0x6438, 0x6458, 0x5c59, 0x5c79, 0x5c79, 0x751a, 0x6d3b, 0x6d3b,
  0x6d3c, 0x6d3c, 0x6d1b, 0x64fb, 0x64db, 0x6cdb, 0x6cdb, 0x6cdb, 0x64db, 0x64ba, 0x5cba, 0x64ba,
  0x64ba, 0x5c9a, 0x5c9a, 0x545a, 0x541a, 0x43ba, 0x3b59, 0x3338, 0x3b59, 0x3b58, 0x3359, 0x53f9,
  0x29f3, 0x29d2, 0x21d2, 0x29d3, 0x2a34, 0x3255, 0x3a75, 0x4b17, 0x5357, 0x5398, 0x63d9, 0x6c19,
  0x7459, 0x749a, 0x7c9a, 0x747a, 0x747a, 0x7c9a, 0x7cba, 0x7cb9, 0x84d9, 0x8cfa, 0x8cd9, 0x84d9,
  0x84d9, 0x84b9, 0x7c78, 0x4af3, 0x29f1, 0x29d0, 0x21b0, 0x21af, 0x218f, 0x218f, 0x21af, 0x29b0,
  0x29cf, 0x29ef, 0x29cd, 0x29ad, 0x29ad, 0x216d, 0x216d, 0x192c, 0x216d, 0x216e, 0x21ae, 0x216d,
  0x216d, 0x218e, 0x218e, 0x29cf, 0x31ef, 0x31ee, 0x29ad, 0x216d, 0x218d, 0x31f0, 0x3a31, 0x5334,
  0x5b35, 0x6b95, 0x7c16, 0x8416, 0x7bd6, 0x7bf6, 0x7c17, 0x7c37, 0x7c38, 0x7c37, 0x7c58, 0x8478,
  0x94d8, 0x8cb8, 0x52f3, 0x4ab3, 0x6b96, 0x6b96, 0x6396, 0x6376, 0x5b76, 0x3a74, 0x3a95, 0x3a54,
  0x3a75, 0x4294, 0x3a74, 0x4294, 0x4295, 0x42b5, 0x4ad5, 0x4ab4, 0x4293, 0x4ab4, 0x42b4, 0x42b4,
  0x4293, 0x4293, 0x3a52, 0x3210, 0x3210, 0x3210, 0x3210, 0x3211, 0x3a31, 0x3a31, 0x3231, 0x3231,
  0x3232, 0x2a32, 0x3232, 0x3232, 0x3232, 0x3231, 0x3231, 0x3252, 0x42d4, 0x4b35, 0x5b75, 0x5b96,
  0x5b96, 0x5355, 0x5314, 0x4af3, 0x4ad3, 0x4292, 0x4272, 0x3212, 0x3232, 0x3232, 0x3232, 0x3a32,
  0x3232, 0x3a31, 0x3231, 0x3231, 0x3a51, 0x3a52, 0x3a52, 0x4293, 0x4ad4, 0x4af3, 0x52f3, 0x52f3,
  0x52f3, 0x4af3, 0x4ad3, 0x4ab3, 0x4292, 0x4293, 0x42b3, 0x4272, 0x3a31, 0x4a92, 0x4ab3, 0x5b14,
  0x6333, 0x7c15, 0x94f8, 0x9cf8, 0x94d8, 0x8c98, 0x7c37, 0x8457, 0x8478, 0x8478, 0x8498, 0x84b8,
  0x8cb8, 0x8cb8, 0x8498, 0x8498, 0x8498, 0x8478, 0x7c78, 0x6bd5, 0x7394, 0x94d7, 0x7bf5, 0x6b94,
  0x73d6, 0x5b54, 0x5b34, 0x3210, 0x31ef, 0x3210, 0x3230, 0x3230, 0x3230, 0x3230, 0x3230, 0x3210,
  0x320f, 0x31ef, 0x320f, 0x31ef, 0x320f, 0x3a50, 0x216c, 0x21ae, 0x29f0, 0x29f0, 0x29cf, 0x29af,
  0x29af, 0x3231, 0x42b3, 0x3a51, 0x42b3, 0x42b3, 0x4b14, 0x4b14, 0x4af4, 0x42d4, 0x42f4, 0x63d7,
  0x84da, 0x7cba, 0x7459, 0x7459, 0x7459, 0x6c79, 0x6c59, 0x6c59, 0x6c79, 0x63f8, 0x63d8, 0x5bb7,
  0x5b97, 0x5b56, 0x4293, 0x3233, 0x3233, 0x21d2, 0x21d2, 0x21d2, 0x21f3, 0x21d2, 0x21b2, 0x3a72,
  0x194d, 0x194c, 0x194c, 0x194d, 0x218e, 0x218e, 0x218e, 0x21ae, 0x29cf, 0x29cf, 0x3a50, 0x5b55,
  0x3a51, 0x42b3, 0x42b4, 0x42d4, 0x42d4, 0x42b4, 0x42b4, 0x4293, 0x4b15, 0x63d7, 0x84b9, 0x7438,
  0x4af4, 0x3251, 0x3a93, 0x42d5, 0x3ab5, 0x3a95, 0x3a95, 0x3a94, 0x3a74, 0x3a74, 0x3a94, 0x3a94,
  0x3a74, 0x3a74, 0x3a93, 0x3a93, 0x3273, 0x3253, 0x3253, 0x3253, 0x2a33, 0x3274, 0x3295, 0x3295,
  0x3295, 0x3295, 0x3295, 0x32b5, 0x3ad6, 0x3ad6, 0x3af6, 0x3af6, 0x3ad6, 0x3af7, 0x4338, 0x4b58,
  0x4b78, 0x4b78, 0x53b9, 0x53b9, 0x4b98, 0x4b78, 0x4b78, 0x4b58, 0x4b78, 0x5399, 0x4b98, 0x4b99,
  0x5bd8, 0x851a, 0x84fa, 0x8d3a, 0x6c38, 0x4b78, 0x53b8, 0x53b8, 0x5bd9, 0x53d9, 0x53b9, 0x53b9,
  0x5bd9, 0x63f9, 0x63f8, 0x63f8, 0x5bd8, 0x5bd8, 0x5bd8, 0x63d8, 0x63d8, 0x63d8, 0x6c39, 0x6c18,
  0x5b97, 0x63b8, 0x63d8, 0x63d8, 0x5bd8, 0x5bd8, 0x5bd8, 0x5bd9, 0x5bd9, 0x5bd9, 0x5bd8, 0x5bf9,
  0x641a, 0x6419, 0x5c19, 0x5bf9, 0x6419, 0x5c19, 0x5c19, 0x643a, 0x645a, 0x645a, 0x6c7a, 0x7cdb,
  0x749a, 0x747a, 0x747a, 0x6c59, 0x6c59, 0x6c19, 0x63f8, 0x63f9, 0x63d8, 0x5bd8, 0x5bd8, 0x63f9,
  0x63f8, 0x6419, 0x6439, 0x6419, 0x63f9, 0x6439, 0x6419, 0x6c39, 0x6439, 0x6418, 0x6418, 0x6418,
  0x63f8, 0x63f8, 0x5bd8, 0x53b8, 0x5398, 0x5398, 0x53b8, 0x53d9, 0x5398, 0x4b77, 0x5398, 0x5bd9,
  0x5bf9, 0x5397, 0x5bf9, 0x5398, 0x4b57, 0x4b57, 0x5bd8, 0x5397, 0x5398, 0x5397, 0x5bd8, 0x5bf8,
  0x5bd8, 0x5bd8, 0x5bb7, 0x5377, 0x5376, 0x4b56, 0x4b16, 0x42f5, 0x42d4, 0x42d5, 0x42d5, 0x42f5,
  0x5357, 0x4b57, 0x4b36, 0x4b16, 0x42f5, 0x42d5, 0x4b16, 0x4b15, 0x42f5, 0x42f5, 0x4af4, 0x4af4,
  0x4af4, 0x42f4, 0x42d4, 0x42d4, 0x42d4, 0x42f4, 0x42d4, 0x3ab5, 0x4b17, 0x4316, 0x42f6, 0x42d5,
  0x42d5, 0x42f6, 0x4b16, 0x4b16, 0x4b16, 0x42f5, 0x42f5, 0x4b15, 0x4b16, 0x4b36, 0x5356, 0x5356,
  0x4af4, 0x4af4, 0x3a72, 0x3252, 0x3231, 0x3231, 0x3211, 0x3210, 0x3a51, 0x3230, 0x31f0, 0x31ef,
  0x3210, 0x320f, 0x29ce, 0x218d, 0x216d, 0x194c, 0x192c, 0x192c, 0x192c, 0x192c, 0x194d, 0x422e,
  0x29d0, 0x29cf, 0x21af, 0x218e, 0x218e, 0x218e, 0x218e, 0x218e, 0x21ae, 0x21ae, 0x21af, 0x29d0,
  0x29d0, 0x29f0, 0x2a11, 0x3232, 0x3253, 0x3253, 0x3273, 0x3233, 0x3a94, 0x3ab4, 0x3a73, 0x3253,
  0x2a33, 0x2a53, 0x3253, 0x3294, 0x3ab5, 0x3295, 0x3a95, 0x3ab5, 0x3ab5, 0x3ab5, 0x42f6, 0x3af6,
  0x3ad6, 0x3ad6, 0x3ad5, 0x3ab4, 0x3ad5, 0x4316, 0x3af6, 0x3ad5, 0x3ad6, 0x42f6, 0x3ad5, 0x42f6,
  0x4b37, 0x3ab6, 0x3ad6, 0x3ad6, 0x3ad6, 0x3af6, 0x4337, 0x4337, 0x4317, 0x4337, 0x4357, 0x4338,
  0x4358, 0x4338, 0x4337, 0x5398, 0x5bf9, 0x5bf9, 0x5bf9, 0x645a, 0x6c7a, 0x6c9b, 0x645a, 0x647a,
  0x74db, 0x853b, 0x7d1b, 0x5c19, 0x4b98, 0x5c3a, 0x5c39, 0x645a, 0x6c9a, 0x6c9a, 0x6c7a, 0x74bb,
  0x74da, 0x74ba, 0x74ba, 0x7cdb, 0x74db, 0x74bb, 0x749a, 0x6c7a, 0x749a, 0x74bb, 0x7cdb, 0x7cba,
  0x6c5a, 0x749a, 0x749a, 0x749a, 0x749a, 0x749a, 0x6c7a, 0x749a, 0x749a, 0x6c7a, 0x749a, 0x74ba,
  0x74ba, 0x74ba, 0x74ba, 0x74ba, 0x74ba, 0x74ba, 0x74bb, 0x74ba, 0x7cfb, 0x7d1b, 0x7d1b, 0x855c,
  0x8d7c, 0x8d5c, 0x8d5c, 0x8d3b, 0x853b, 0x851b, 0x84fb, 0x7cfb, 0x7cfb, 0x7cdb, 0x7cdb, 0x74ba,
  0x74ba, 0x7cdb, 0x7cdb, 0x7cdb, 0x7cfb, 0x7cdb, 0x7cdb, 0x7cfb, 0x7cfb, 0x7cfb, 0x7cfb, 0x7cda,
  0x74bb, 0x74bb, 0x74ba, 0x74ba, 0x6c9a, 0x6c7a, 0x6c9a, 0x6c9a, 0x6c9a, 0x6c9a, 0x647a, 0x6c7a,
  0x6c7a, 0x647a, 0x645a, 0x6cba, 0x6cba, 0x647a, 0x6459, 0x6479, 0x6459, 0x645a, 0x6c7a, 0x6c7a,
  0x6459, 0x6439, 0x5c19, 0x5bf8, 0x6419, 0x53b8, 0x5398, 0x5377, 0x4b77, 0x4b57, 0x4b57, 0x4b77,
  0x4b77, 0x4b57, 0x4b36, 0x4336, 0x4316, 0x4316, 0x4316, 0x4316, 0x4316, 0x42f5, 0x42f5, 0x42d5,
  0x4315, 0x4316, 0x42f5, 0x3ad5, 0x3ad5, 0x3ad5, 0x42d5, 0x42f6, 0x5378, 0x5398, 0x5378, 0x4b78,
  0x4b57, 0x5398, 0x53b8, 0x5bb8, 0x5398, 0x5377, 0x4b37, 0x4b16, 0x42f5, 0x42f6, 0x42f6, 0x42f5,
  0x3ab4, 0x3253, 0x3232, 0x3232, 0x3232, 0x3232, 0x3231, 0x29f0, 0x3230, 0x3230, 0x3210, 0x2a0f,
  0x2a0f, 0x29ef, 0x29ef, 0x21ae, 0x218d, 0x196d, 0x216d, 0x216d, 0x216d, 0x216d, 0x218d, 0x52af,
  0x3ab5, 0x3273, 0x3293, 0x3a72, 0x218e, 0x218e, 0x21af, 0x21af, 0x21af, 0x21af, 0x29cf, 0x29f1,
  0x2a11, 0x3232, 0x3232, 0x3273, 0x3273, 0x3294, 0x3a95, 0x42d5, 0x3232, 0x5355, 0x3273, 0x3253,
  0x3253, 0x3274, 0x3274, 0x3274, 0x3ab5, 0x3ad6, 0x42f6, 0x3ad6, 0x3ad6, 0x5bb7, 0xa59a, 0xadba,
  0xa59a, 0xa579, 0xa579, 0xa579, 0xa579, 0xadba, 0xadba, 0xadda, 0xb5da, 0xb5da, 0xadb9, 0xb5d9,
  0xb5da, 0xb5da, 0xb5da, 0xb5b9, 0xb5ba, 0xadb9, 0xb5da, 0xb5fb, 0xb5ba, 0xb5fa, 0xb5fa, 0xb5fa,
  0xb5fa, 0xb5da, 0xb5fa, 0xb61b, 0xb5fb, 0xb5fb, 0xb61b, 0xbe5c, 0xc67c, 0xbe7c, 0xbe5c, 0xc67c,
  0xc69c, 0xc69d, 0xbe7c, 0xb61b, 0xbe3c, 0xbe3c, 0xbe5c, 0xbe5c, 0xbe5c, 0xbe5c, 0xbe5c, 0xbe7d,
  0xc69d, 0xc67d, 0xc67d, 0xc69d, 0xc69d, 0xcebd, 0xbe5c, 0xc67c, 0xc67c, 0xc67c, 0xce9d, 0xc69d,
  0xc67c, 0xc69d, 0xc69d, 0xcebd, 0xc69d, 0xc67d, 0xc67d, 0xc67d, 0xc69d, 0xc69d, 0xc67c, 0xc69d,
  0xc67c, 0xbe5c, 0xc67c, 0xbe7c, 0xc67c, 0xc67c, 0xc69d, 0xc69d, 0xc69d, 0xc69d, 0xbe7d, 0xbe7d,
  0xc69d, 0xc69d, 0xc69d, 0xc69d, 0xc69d, 0xc69d, 0xc67c, 0xc67c, 0xc67c, 0xbe5c, 0xbe7c, 0xc67c,
  0xc67c, 0xc67c, 0xc69d, 0xc67c, 0xc69d, 0xc69d, 0xc69d, 0xc69d, 0xcebd, 0xcebd, 0xcedd, 0xcebd,
  0xcebd, 0xcebd, 0xce9d, 0xce9d, 0xc65c, 0xc69d, 0xc69c, 0xce9c, 0xcebd, 0xc69d, 0xc67c, 0xc69d,
  0xc69d, 0xc69c, 0xbe7c, 0xc69c, 0xc69c, 0xbe5c, 0xbe5c, 0xbe7c, 0xbe5c, 0xbe5c, 0xbe5c, 0xc67c,
  0xbe5c, 0xbe3b, 0xbe3b, 0xbe3b, 0xb5fb, 0xbe3b, 0xb5fb, 0xb5fb, 0xb61b, 0xb5fa, 0xb5fa, 0xb5fa,
  0xb5fa, 0xb5da, 0xadb9, 0xb5da, 0xadb9, 0xadda, 0xb5da, 0xad99, 0xad99, 0xadb9, 0xadb9, 0xadb9,
  0xadb9, 0xadb9, 0xb5ba, 0xadb9, 0xadb9, 0xadb9, 0xadb9, 0xadba, 0xadba, 0xadba, 0xadba, 0xadbb,
  0x9d7a, 0x7cba, 0x5bda, 0x5bd9, 0x53b9, 0x5378, 0x4b37, 0x3ad6, 0x3295, 0x3274, 0x3274, 0x3274,
  0x3253, 0x3211, 0x42d4, 0x3a72, 0x3a94, 0x3ab4, 0x3a93, 0x3273, 0x3a93, 0x3a93, 0x3a93, 0x3a72,
  0x3231, 0x3211, 0x29cf, 0x29cf, 0x29f0, 0x29f0, 0x3210, 0x3210, 0x218e, 0x218e, 0x21ae, 0x52b0,
  0x42d6, 0x2a11, 0x21d0, 0x29d0, 0x29d0, 0x29d0, 0x29d0, 0x29d0, 0x29f0, 0x29f1, 0x29f1, 0x2a11,
  0x2a12, 0x2a12, 0x2a33, 0x3254, 0x3274, 0x42d5, 0x42d5, 0x4af5, 0x3232, 0x3274, 0x3a95, 0x3a95,
  0x3a95, 0x3ad6, 0x3ad6, 0x42f6, 0x42f7, 0x42f7, 0x4317, 0x4b58, 0x8cfa, 0xdf3e, 0xffff, 0xffff,
  0xffff, 0xef7e, 0xf79e, 0xf7bf, 0xf7bf, 0xf7bf, 0xf7bf, 0xf7bf, 0xf7bf, 0xf7bf, 0xf7bf, 0xf7bf,
  0xf7bf, 0xf7bf, 0xf7bf, 0xf7bf, 0xf7bf, 0xf7bf, 0xf7bf, 0xf7bf, 0xf7bf, 0xf7df, 0xf7bf, 0xf7bf,
  0xf7bf, 0xf7bf, 0xf7be, 0xf7be, 0xf7be, 0xf7be, 0xf7be, 0xf7be, 0xf7be, 0xf7be, 0xf7bf, 0xf7be,
  0xf7be, 0xf7be, 0xf7bf, 0xf7bf, 0xf7bf, 0xf7bf, 0xf7bf, 0xf7bf, 0xf7bf, 0xf7df, 0xffdf, 0xffdf,
  0xf7df, 0xf7df, 0xffdf, 0xffdf, 0xffdf, 0xffdf, 0xffdf, 0xf7df, 0xf7df, 0xf7df, 0xffdf, 0xf7df,
  0xf7df, 0xf7df, 0xf7df, 0xf7df, 0xffdf, 0xffdf, 0xffdf, 0xf7df, 0xffdf, 0xffdf, 0xffdf, 0xffdf,
  0xf7df, 0xf7df, 0xf7bf, 0xf7bf, 0xf7bf, 0xf7df, 0xffdf, 0xffdf, 0xf7bf, 0xf7bf, 0xf7bf, 0xf7bf,
  0xffdf, 0xf7df, 0xf7bf, 0xf7bf, 0xf7bf, 0xf7df, 0xffdf, 0xf7df, 0xf7bf, 0xf7bf, 0xf7df, 0xf7df,
  0xffdf, 0xffdf, 0xffdf, 0xf7df, 0xf7df, 0xf7df, 0xf7bf, 0xf7bf, 0xf7df, 0xffdf, 0xffdf, 0xffdf,
  0xffdf, 0xf7df, 0xf7df, 0xf7df, 0xffdf, 0xffdf, 0xffdf, 0xffdf, 0xffdf, 0xffdf, 0xffdf, 0xffdf,
  0xffdf, 0xf7df, 0xf7df, 0xf7df, 0xf7df, 0xf7df, 0xf7bf, 0xf7bf, 0xf7bf, 0xf7bf, 0xf7df, 0xf7df,
  0xf7df, 0xf7df, 0xf7df, 0xf7df, 0xf7df, 0xf7df, 0xf7df, 0xf7df, 0xf7bf, 0xf7bf, 0xf7df, 0xf7df,
  0xf7df, 0xf7df, 0xf7bf, 0xf7df, 0xf7bf, 0xf7bf, 0xf7df, 0xf7bf, 0xf7bf, 0xf7bf, 0xf7bf, 0xf7bf,
  0xf7bf, 0xf7bf, 0xf7bf, 0xf7bf, 0xf7bf, 0xf7bf, 0xf7bf, 0xf7bf, 0xf7bf, 0xf7bf, 0xffdf, 0xffff,
  0xffdf, 0xefbf, 0xadfc, 0x5bf9, 0x4b79, 0x4b78, 0x4b38, 0x4317, 0x3ad6, 0x3ab6, 0x3ab5, 0x3a95,
  0x3ab5, 0x3ab5, 0x3a94, 0x3252, 0x3211, 0x3a94, 0x3a95, 0x3a74, 0x3a74, 0x3253, 0x3253, 0x3253,
  0x3233, 0x3232, 0x3212, 0x2a11, 0x29f1, 0x29d0, 0x3252, 0x3ab4, 0x2a12, 0x21d1, 0x29f1, 0x4ab2,
  0x21b0, 0x21af, 0x21af, 0x21af, 0x21af, 0x21af, 0x21af, 0x29d0, 0x29d0, 0x29d0, 0x29d1, 0x29f1,
  0x29f1, 0x29f1, 0x29f2, 0x3233, 0x3a73, 0x42b3, 0x3231, 0x3253, 0x3253, 0x3274, 0x3274, 0x3a75,
  0x3ab5, 0x42d6, 0x3ad6, 0x42d6, 0x4b38, 0x5358, 0x9d3a, 0xd6fd, 0xf7df, 0xffff, 0xffff, 0xf79e,
  0xad98, 0x424f, 0x4270, 0x4270, 0x4a90, 0x4a90, 0x4a90, 0x4a90, 0x4a90, 0x4a8f, 0x4a8f, 0x4a90,
  0x4a90, 0x4ab0, 0x4ab0, 0x4a90, 0x4a90, 0x4290, 0x4a90, 0x4ab1, 0x4ab1, 0x52d2, 0x4ad1, 0x4ab1,
  0x52d1, 0x52d2, 0x4ad2, 0x52d2, 0x52d2, 0x4ab2, 0x4ab2, 0x52d2, 0x52f3, 0x52f3, 0x5b54, 0x52f3,
  0x5313, 0x52f3, 0x5313, 0x52f3, 0x5313, 0x5313, 0x52f3, 0x52f3, 0x52f3, 0x5b13, 0x5b13, 0x5b34,
  0x5b13, 0x5313, 0x5b13, 0x5b13, 0x5b13, 0x5b13, 0x5b13, 0x5b13, 0x52f2, 0x5b13, 0x5b13, 0x5b13,
  0x5b13, 0x5b13, 0x5b13, 0x5b13, 0x5b33, 0x5b34, 0x5b34, 0x5b34, 0x5b33, 0x5b33, 0x5b33, 0x6354,
  0x6354, 0x6354, 0x5b33, 0x5b13, 0x5b33, 0x6334, 0x6375, 0x6374, 0x6353, 0x5b33, 0x5b33, 0x6334,
  0x6354, 0x6354, 0x5b33, 0x5b33, 0x5b33, 0x6354, 0x6375, 0x6375, 0x6354, 0x6354, 0x6374, 0x6374,
  0x6354, 0x6374, 0x6374, 0x6354, 0x6374, 0x6354, 0x5b13, 0x5b13, 0x5b33, 0x5b33, 0x5b33, 0x5b33,
  0x5b33, 0x5b12, 0x5b13, 0x5b13, 0x5b33, 0x5b33, 0x5b12, 0x52f2, 0x52f2, 0x5b33, 0x5b33, 0x5b33,
  0x5b54, 0x5b33, 0x5313, 0x5b13, 0x5b33, 0x5b54, 0x52f2, 0x5313, 0x5313, 0x52f2, 0x5b13, 0x52f2,
  0x52f2, 0x5b13, 0x5b12, 0x5312, 0x52f2, 0x5b13, 0x52f2, 0x52f2, 0x52d2, 0x52d1, 0x52d1, 0x52f2,
  0x52f2, 0x52f2, 0x52f2, 0x52f2, 0x52d1, 0x52d1, 0x52f2, 0x52d2, 0x4ab0, 0x4ad1, 0x4ab0, 0x4a90,
  0x4ab0, 0x4ab1, 0x4ab0, 0x4a90, 0x4a90, 0x428f, 0x4270, 0x4a90, 0x4a91, 0x4a91, 0x94d6, 0xd6bb,
  0xf7df, 0xffff, 0xf7df, 0xdf3e, 0x953a, 0x6419, 0x4b78, 0x4b78, 0x4b57, 0x4337, 0x3ad5, 0x3ab5,
  0x3274, 0x3274, 0x3274, 0x3274, 0x3253, 0x3a73, 0x3211, 0x3232, 0x3a53, 0x3253, 0x3253, 0x3233,
  0x3233, 0x3232, 0x3211, 0x3211, 0x3211, 0x29f1, 0x29d0, 0x29b0, 0x29f0, 0x2a11, 0x3232, 0x4ab2,
  0x29f1, 0x29f0, 0x29d0, 0x29d0, 0x29d0, 0x29d0, 0x29d0, 0x29f0, 0x29f1, 0x29f1, 0x2a12, 0x3232,
  0x3253, 0x3252, 0x42d4, 0x29f1, 0x29d0, 0x3a73, 0x3233, 0x3253, 0x3274, 0x3ab5, 0x3ab6, 0x3ad6,
  0x42f7, 0x4b37, 0x5378, 0x5379, 0x951b, 0xe75e, 0xffff, 0xffff, 0xffff, 0xf7bf, 0xbe3b, 0x6bb3,
  0x29ce, 0x29ce, 0x29ce, 0x29ce, 0x29cf, 0x29ce, 0x29ce, 0x29cf, 0x29ce, 0x29ae, 0x29ae, 0x29ce,
  0x29cf, 0x29cf, 0x29cf, 0x29cf, 0x29cf, 0x29cf, 0x31f0, 0x31f0, 0x31f0, 0x31f0, 0x31f0, 0x31f0,
  0x3210, 0x3a31, 0x3a31, 0x3a51, 0x3a51, 0x3a31, 0x3a51, 0x3a52, 0x4272, 0x4293, 0x4293, 0x4272,
  0x4293, 0x4293, 0x4293, 0x4293, 0x4293, 0x4293, 0x4293, 0x4293, 0x4293, 0x4293, 0x4293, 0x4ab3,
  0x4293, 0x4272, 0x4252, 0x4272, 0x4293, 0x4293, 0x4272, 0x4272, 0x4272, 0x4272, 0x4a93, 0x4ab3,
  0x4a93, 0x4a93, 0x4a92, 0x4a92, 0x4a92, 0x4ab3, 0x4ab3, 0x4ab3, 0x4ab3, 0x4a93, 0x4a93, 0x4ab3,
  0x4ad4, 0x4ad3, 0x4a92, 0x4a92, 0x4a92, 0x4ab3, 0x4ab4, 0x4ab4, 0x4ab3, 0x4a92, 0x4a92, 0x4a93,
  0x4ab3, 0x4ab3, 0x4a92, 0x4a92, 0x4a93, 0x4ab3, 0x4ab4, 0x4ab4, 0x4ad3, 0x4ab3, 0x4ab3, 0x4ad3,
  0x4ab3, 0x4ab3, 0x4ab3, 0x4ab3, 0x4a93, 0x4a72, 0x4272, 0x4272, 0x4272, 0x4a93, 0x4272, 0x4272,
  0x4272, 0x4251, 0x4251, 0x4272, 0x4272, 0x4251, 0x4272, 0x4252, 0x3a51, 0x3a51, 0x4272, 0x4292,
  0x4292, 0x4272, 0x4272, 0x4272, 0x4272, 0x4ad3, 0x4af4, 0x4292, 0x3a72, 0x3a52, 0x3a51, 0x3a52,
  0x3a52, 0x3a52, 0x4272, 0x4272, 0x4252, 0x3a52, 0x3a51, 0x3a10, 0x3210, 0x3210, 0x320f, 0x3210,
  0x3210, 0x3a31, 0x3210, 0x3210, 0x3210, 0x3210, 0x3210, 0x3210, 0x31ef, 0x31ef, 0x29ce, 0x29ce,
  0x29cf, 0x29cf, 0x29cf, 0x29ce, 0x29ae, 0x29ae, 0x29ae, 0x29ae, 0x29cf, 0x31cf, 0x31cf, 0x39ee,
  0xa516, 0xef5e, 0xffff, 0xffff, 0xffdf, 0xe77e, 0x9519, 0x6c19, 0x5bb8, 0x5bf9, 0x4b37, 0x4337,
  0x3ab5, 0x3a95, 0x3a74, 0x3274, 0x3274, 0x3274, 0x3a72, 0x29ef, 0x4293, 0x3a73, 0x5315, 0x4af4,
  0x42b4, 0x3a52, 0x3231, 0x3211, 0x3211, 0x29f1, 0x29f1, 0x29d0, 0x21af, 0x29af, 0x3231, 0x5b13,
  0x29f1, 0x29f0, 0x29f0, 0x29d0, 0x21d0, 0x29f0, 0x29f0, 0x29f1, 0x29f1, 0x2a12, 0x3232, 0x42b4,
  0x4b14, 0x3a51, 0x3210, 0x42b4, 0x3232, 0x3233, 0x3a53, 0x3a74, 0x42b5, 0x42f6, 0x42f7, 0x4338,
  0x4b78, 0x5398, 0x8cf9, 0xc67c, 0xf7df, 0xffff, 0xffff, 0xffdf, 0xdefc, 0x6bb4, 0x3210, 0x29ef,
  0x29ef, 0x29cf, 0x29ce, 0x29ce, 0x29ce, 0x29cf, 0x29ce, 0x29cf, 0x29ce, 0x29ae, 0x31ce, 0x29ce,
  0x29ef, 0x31ef, 0x31ef, 0x29cf, 0x31ef, 0x31ef, 0x31ef, 0x31ef, 0x31ef, 0x31f0, 0x320f, 0x320f,
  0x3210, 0x3a31, 0x3a30, 0x3a51, 0x3a51, 0x3a51, 0x3a30, 0x3a51, 0x4292, 0x4272, 0x4293, 0x4ab3,
  0x4ad3, 0x4ad3, 0x4ab3, 0x4ad4, 0x4ab3, 0x4ab3, 0x4293, 0x42b3, 0x4ad3, 0x4293, 0x52f4, 0x5314,
  0x52d3, 0x4a92, 0x4271, 0x4292, 0x4a93, 0x4272, 0x4272, 0x4272, 0x4272, 0x4a92, 0x4a92, 0x4a92,
  0x4a92, 0x4272, 0x4a92, 0x4a92, 0x4ab2, 0x52d3, 0x4ab3, 0x4a92, 0x4a92, 0x4ab3, 0x4ab2, 0x4ab3,
  0x4ab3, 0x4ab3, 0x4ab3, 0x4ab2, 0x4ab2, 0x4ab2, 0x4ab3, 0x4ad3, 0x4ab3, 0x4ab2, 0x4ab2, 0x4ab2,
  0x4ab3, 0x4ab3, 0x4ab2, 0x4ab2, 0x4ab2, 0x4a93, 0x52d4, 0x52d4, 0x4ad3, 0x4ad3, 0x4ad3, 0x52d3,
  0x4ad3, 0x4ab3, 0x4ab3, 0x4ab3, 0x4a92, 0x4a72, 0x4271, 0x4251, 0x4251, 0x4272, 0x4271, 0x4251,
  0x4251, 0x4251, 0x4251, 0x4251, 0x4272, 0x4271, 0x4251, 0x4251, 0x3a51, 0x4251, 0x4272, 0x4292,
  0x4292, 0x4292, 0x4292, 0x4292, 0x4292, 0x4292, 0x5b75, 0x4af3, 0x4271, 0x3a51, 0x4272, 0x4272,
  0x3a51, 0x4272, 0x3a51, 0x4271, 0x4251, 0x3a51, 0x3a51, 0x3a30, 0x3a10, 0x320f, 0x320f, 0x3a10,
  0x3a10, 0x3a30, 0x320f, 0x320f, 0x320f, 0x31ef, 0x31ef, 0x3210, 0x31ef, 0x31ef, 0x31ce, 0x29ce,
  0x29ce, 0x29ce, 0x29ce, 0x29ae, 0x29ce, 0x29ad, 0x29ad, 0x29ad, 0x29ae, 0x29ce, 0x31ce, 0x31ce,
  0x31ee, 0x6b71, 0xd6bb, 0xf7be, 0xffff, 0xffff, 0xffdf, 0xd6dd, 0x8cf9, 0x5bf9, 0x53d9, 0x5398,
  0x4b78, 0x42d5, 0x3a95, 0x3a94, 0x3a94, 0x3274, 0x3a73, 0x3a72, 0x3210, 0x4b14, 0x42b2, 0x3a92,
  0x5335, 0x4293, 0x3a72, 0x3231, 0x3a52, 0x3231, 0x29f0, 0x29cf, 0x21af, 0x21af, 0x29f0, 0x52f2,
  0x29f1, 0x29d0, 0x29d0, 0x29f0, 0x21d0, 0x21d0, 0x29d0, 0x29f0, 0x29f0, 0x29f1, 0x4293, 0x29f0,
  0x3211, 0x3252, 0x3252, 0x3232, 0x3253, 0x3a53, 0x3a74, 0x3a95, 0x42d5, 0x4b17, 0x4b58, 0x5bb9,
  0x84b9, 0xcedc, 0xf7be, 0xffff, 0xffff, 0xffff, 0xd6bc, 0x94b7, 0x3230, 0x320f, 0x29ef, 0x29ce,
  0x29ce, 0x29ce, 0x29ae, 0x29ae, 0x29ce, 0x29ce, 0x29ce, 0x29ce, 0x29ce, 0x29ce, 0x29ce, 0x29ce,
  0x29ce, 0x31ef, 0x29ce, 0x29ce, 0x31ef, 0x31ef, 0x31ef, 0x3210, 0x31ef, 0x31ef, 0x320f, 0x3230,
  0x3230, 0x3a30, 0x3a30, 0x3a30, 0x3a51, 0x3a30, 0x3a51, 0x4271, 0x4271, 0x4272, 0x4292, 0x4292,
  0x42b3, 0x4ad3, 0x4ad3, 0x4af4, 0x4ad3, 0x4ab3, 0x4ab3, 0x4ab3, 0x4ab3, 0x4ad3, 0x52f4, 0x4ab3,
  0x4a92, 0x4291, 0x4292, 0x4271, 0x4271, 0x4a92, 0x4271, 0x4271, 0x4271, 0x4ab2, 0x4a92, 0x4ab3,
  0x4a92, 0x4271, 0x4a92, 0x4ab3, 0x4ab3, 0x4ab3, 0x52d3, 0x4a92, 0x4ab2, 0x4ab2, 0x4ab2, 0x4ab3,
  0x4ab3, 0x4ad3, 0x4a92, 0x4ad3, 0x4ab3, 0x4ad3, 0x4ad4, 0x52d3, 0x4ab2, 0x4ad3, 0x4ab3, 0x4ab3,
  0x4ad3, 0x4ab3, 0x4ab2, 0x4ad3, 0x4ab3, 0x4ad3, 0x52d4, 0x52d4, 0x4ad3, 0x4ab3, 0x4ab3, 0x4ab2,
  0x4ab2, 0x4ab2, 0x4ab2, 0x4ad3, 0x4ab2, 0x4ab2, 0x4292, 0x4251, 0x4251, 0x4272, 0x4271, 0x4251,
  0x4251, 0x3a30, 0x3a30, 0x4251, 0x4251, 0x4251, 0x3a31, 0x3a51, 0x3a30, 0x3a31, 0x3a51, 0x4292,
  0x4292, 0x4ab2, 0x4272, 0x4292, 0x42b3, 0x4ab3, 0x4ad3, 0x4ad3, 0x4ab3, 0x4292, 0x4272, 0x4271,
  0x4271, 0x3a51, 0x3a51, 0x3a50, 0x3a51, 0x4292, 0x3a30, 0x3a30, 0x3a30, 0x320f, 0x320f, 0x320f,
  0x320f, 0x3a0f, 0x31ef, 0x31ef, 0x31ef, 0x31ef, 0x31ee, 0x31ef, 0x31ef, 0x29ce, 0x29ae, 0x29ad,
  0x29ad, 0x29ad, 0x29ad, 0x29ae, 0x29ce, 0x29ad, 0x29ad, 0x29ad, 0x29ad, 0x29ce, 0x29ce, 0x29ce,
  0x29ce, 0x31ef, 0x3a50, 0x9d37, 0xd6bc, 0xffdf, 0xffdf, 0xffff, 0xf7bf, 0xd6dd, 0x953b, 0x4b78,
  0x53b9, 0x4b37, 0x3ab5, 0x3ab5, 0x3a94, 0x3a94, 0x3a73, 0x3253, 0x3252, 0x3a72, 0x3231, 0x3a51,
  0x3a70, 0x3a71, 0x42b3, 0x3231, 0x3231, 0x29f0, 0x29d0, 0x21cf, 0x21af, 0x21cf, 0x29d0, 0x52d2,
  0x29f1, 0x3211, 0x2a11, 0x3211, 0x3211, 0x3232, 0x3a52, 0x4292, 0x29f0, 0x3210, 0x3232, 0x3a52,
  0x3253, 0x3a53, 0x3a73, 0x3a94, 0x3a94, 0x42d5, 0x42f6, 0x4b16, 0x5bb7, 0x5b97, 0x84b9, 0xd6dd,
  0xf7bf, 0xffff, 0xffff, 0xffff, 0xef9e, 0xbdfa, 0x3a52, 0x3231, 0x3231, 0x3230, 0x3230, 0x320f,
  0x29ef, 0x320f, 0x31ef, 0x3210, 0x320f, 0x320f, 0x31ef, 0x320f, 0x3210, 0x320f, 0x320f, 0x3210,
  0x3210, 0x3210, 0x3210, 0x3230, 0x3a30, 0x3230, 0x3230, 0x3230, 0x3a30, 0x3a51, 0x3a71, 0x4292,
  0x4272, 0x4292, 0x4292, 0x4292, 0x42b2, 0x42b2, 0x4ad3, 0x4ab3, 0x4ad3, 0x4af4, 0x5355, 0x5314,
  0x5315, 0x5b76, 0x63b6, 0x5334, 0x5314, 0x5b35, 0x5b55, 0x5b55, 0x5b55, 0x5b75, 0x6376, 0x5314,
  0x4ad3, 0x5b34, 0x5314, 0x52f3, 0x5314, 0x52f3, 0x52f3, 0x52f3, 0x5b34, 0x6375, 0x5b34, 0x5314,
  0x5b14, 0x5314, 0x5b34, 0x5b35, 0x5b55, 0x5b55, 0x5b34, 0x5314, 0x5314, 0x5b34, 0x5b34, 0x5b34,
  0x5b55, 0x6396, 0x5b34, 0x5b75, 0x5b75, 0x5b55, 0x5b55, 0x6375, 0x5b35, 0x5b55, 0x5b75, 0x5b55,
  0x5b55, 0x5b75, 0x5b55, 0x5b75, 0x5b55, 0x5b55, 0x5b55, 0x5b55, 0x63b6, 0x6395, 0x5314, 0x5b54,
  0x5b34, 0x5b34, 0x5b34, 0x5b75, 0x5b34, 0x5314, 0x5334, 0x5b34, 0x5314, 0x5b34, 0x52f3, 0x4ab2,
  0x52d2, 0x52f3, 0x52d3, 0x4ad3, 0x52d3, 0x4ad3, 0x4ab2, 0x52f3, 0x52d3, 0x4ad3, 0x4ad3, 0x5314,
  0x52f4, 0x5314, 0x5b35, 0x5334, 0x5335, 0x5335, 0x5314, 0x4af4, 0x4af3, 0x6bd6, 0x4ad3, 0x4ad3,
  0x4ad3, 0x5334, 0x4ad3, 0x42b2, 0x4ad3, 0x4af3, 0x4292, 0x4292, 0x4291, 0x4271, 0x4271, 0x4291,
  0x3a71, 0x4271, 0x4271, 0x3a50, 0x3a50, 0x3a50, 0x3a30, 0x3a30, 0x4271, 0x3a71, 0x320f, 0x322f,
  0x3230, 0x31ef, 0x3a30, 0x3230, 0x320f, 0x320f, 0x3a30, 0x320f, 0x31ef, 0x320f, 0x3a50, 0x320f,
  0x3a30, 0x3a50, 0x3a51, 0x3a30, 0x4ad1, 0x8c96, 0xe75e, 0xffff, 0xffff, 0xffff, 0xf7df, 0xdf1e,
  0x84da, 0x5378, 0x4b57, 0x4b37, 0x5357, 0x42f6, 0x42d5, 0x3ab4, 0x3ab4, 0x3a94, 0x3ab4, 0x42b3,
  0x3a93, 0x3210, 0x29ad, 0x3231, 0x4293, 0x4b15, 0x2a11, 0x2a11, 0x29f1, 0x2a11, 0x3211, 0x52f3,
  0x3212, 0x3a31, 0x3231, 0x3a52, 0x3a72, 0x3231, 0x4271, 0x4ab2, 0x3a72, 0x3232, 0x3212, 0x3211,
  0x3232, 0x3253, 0x3a73, 0x4294, 0x42b5, 0x4af6, 0x5357, 0x5b97, 0x7c57, 0xce9c, 0xf7bf, 0xffff,
  0xffff, 0xffff, 0xef7e, 0xa579, 0x73f5, 0x3232, 0x3a53, 0x3252, 0x3231, 0x29ef, 0x31f0, 0x29ef,
  0x29cf, 0x29ef, 0x29cf, 0x31ef, 0x29cf, 0x29ef, 0x29ef, 0x31ef, 0x3210, 0x31ef, 0x31ef, 0x31ef,
  0x29ef, 0x31ef, 0x3210, 0x3210, 0x3210, 0x31ef, 0x320f, 0x3210, 0x3a30, 0x3a72, 0x3a51, 0x3a71,
  0x3a51, 0x3a51, 0x4292, 0x4292, 0x42b2, 0x4ab3, 0x42b2, 0x42b3, 0x4ad3, 0x4af4, 0x4af4, 0x4ad3,
  0x4ad3, 0x5314, 0x4af4, 0x5355, 0x5b55, 0x5314, 0x4af4, 0x5334, 0x5314, 0x5314, 0x4ad3, 0x4ad3,
  0x4ab2, 0x52f3, 0x4ad2, 0x4ab2, 0x4ad2, 0x4ab2, 0x4ab2, 0x4ab2, 0x52d3, 0x52d2, 0x4ab2, 0x4a91,
  0x4ab2, 0x52f3, 0x4ab2, 0x4ab2, 0x52d3, 0x52f3, 0x4ab2, 0x52d3, 0x52f3, 0x5313, 0x52f3, 0x52f3,
  0x5314, 0x5b34, 0x5313, 0x5b34, 0x5b34, 0x5b34, 0x6375, 0x5b54, 0x5314, 0x5b34, 0x5b34, 0x5b34,
  0x5b55, 0x5314, 0x5314, 0x5b54, 0x5314, 0x5b55, 0x6355, 0x5b34, 0x5b54, 0x5b54, 0x52f3, 0x5313,
  0x52f3, 0x4ad3, 0x4ad3, 0x5b14, 0x5b34, 0x52d3, 0x52f3, 0x4ab2, 0x4ab3, 0x4ad3, 0x4ab2, 0x4a91,
  0x4ab1, 0x4ad2, 0x4a91, 0x4292, 0x4a92, 0x4a92, 0x4271, 0x4ab2, 0x4a92, 0x4ab3, 0x4ab3, 0x4ad3,
  0x4ad3, 0x4ab3, 0x5334, 0x4af3, 0x4af4, 0x4ad3, 0x4ad3, 0x4ad3, 0x4ad3, 0x4af3, 0x4ad3, 0x42b3,
  0x4ad3, 0x4ad3, 0x4272, 0x3a72, 0x4ab3, 0x4272, 0x3a71, 0x4271, 0x4271, 0x4271, 0x3a51, 0x3a51,
  0x3a51, 0x3a51, 0x4271, 0x3a30, 0x3a30, 0x3210, 0x320f, 0x320f, 0x3a30, 0x3a30, 0x31ef, 0x29ce,
  0x29ef, 0x29ce, 0x320f, 0x3a30, 0x31ef, 0x29cf, 0x320f, 0x320f, 0x31ef, 0x31ef, 0x320f, 0x320f,
  0x3210, 0x3a30, 0x3a51, 0x3a71, 0x3a51, 0x4271, 0x6394, 0x9d17, 0xef7e, 0xffff, 0xffff, 0xffff,
  0xf7df, 0xcebd, 0x8cb9, 0x5397, 0x4b37, 0x4b36, 0x42d5, 0x3a94, 0x3a93, 0x3a93, 0x3a93, 0x3a52,
  0x3a32, 0x3a52, 0x4272, 0x31ef, 0x31ef, 0x3a51, 0x42b3, 0x3a93, 0x2a11, 0x29f0, 0x2a11, 0x5b13,
  0x3a73, 0x3a72, 0x3a52, 0x3a72, 0x3211, 0x42d4, 0x5315, 0x3a52, 0x3211, 0x3211, 0x3211, 0x3211,
  0x3252, 0x3a53, 0x3a74, 0x42b4, 0x4af6, 0x5377, 0x7c58, 0xc65b, 0xf7bf, 0xffff, 0xffff, 0xffff,
  0xef7e, 0xad99, 0x52d2, 0x3232, 0x3253, 0x3a32, 0x3232, 0x3211, 0x3210, 0x3210, 0x3210, 0x3210,
  0x3210, 0x3210, 0x3210, 0x3231, 0x3231, 0x3a31, 0x3a51, 0x3a51, 0x3a51, 0x3a51, 0x3a72, 0x3a72,
  0x3a72, 0x4292, 0x4292, 0x4292, 0x4292, 0x42b3, 0x42b3, 0x4af4, 0x4af4, 0x4af4, 0x4af4, 0x5314,
  0x4b14, 0x4af4, 0x5314, 0x5b96, 0x5b76, 0x5335, 0x5335, 0x5335, 0x63d7, 0x63b6, 0x63b6, 0x7417,
  0x84b8, 0x6bb6, 0x5b76, 0x63b7, 0x6c18, 0x6c18, 0x63b7, 0x6bd7, 0x6bd7, 0x5b55, 0x5b55, 0x5b56,
  0x6376, 0x6375, 0x6375, 0x6376, 0x6396, 0x6375, 0x6396, 0x6396, 0x6396, 0x6376, 0x6396, 0x6396,
  0x6375, 0x6376, 0x6396, 0x6396, 0x6376, 0x6376, 0x6355, 0x6376, 0x6396, 0x6396, 0x6375, 0x6396,
  0x7417, 0x63b6, 0x6bd7, 0x6bb7, 0x63b6, 0x6bb6, 0x6bd7, 0x6bd7, 0x6bd7, 0x6bb7, 0x63b6, 0x63b6,
  0x6bb7, 0x6bb7, 0x6bb7, 0x6bb6, 0x63b6, 0x6bb7, 0x73f7, 0x6bd7, 0x6375, 0x6396, 0x6396, 0x6355,
  0x5b55, 0x5b55, 0x6376, 0x5b55, 0x5b55, 0x5b55, 0x5b35, 0x52f4, 0x52f4, 0x52f4, 0x52d3, 0x52d3,
  0x52d3, 0x4ab3, 0x4ab3, 0x4ab3, 0x52d3, 0x52d3, 0x52d3, 0x52d3, 0x52d4, 0x52f4, 0x5314, 0x5314,
  0x5335, 0x6396, 0x5b76, 0x5b55, 0x5b96, 0x63b6, 0x6396, 0x6396, 0x5b96, 0x5355, 0x63b6, 0x6c17,
  0x5335, 0x5314, 0x52f4, 0x5314, 0x4af4, 0x5314, 0x5335, 0x5335, 0x5335, 0x5b35, 0x42b2, 0x4293,
  0x4ab3, 0x4292, 0x4272, 0x4292, 0x4ab3, 0x4272, 0x4292, 0x4292, 0x4272, 0x3a72, 0x4292, 0x3a72,
  0x3a51, 0x3a51, 0x3a31, 0x3a31, 0x3a51, 0x3a51, 0x3a31, 0x3a31, 0x3a51, 0x3a30, 0x3a30, 0x3a30,
  0x3a51, 0x3a50, 0x4271, 0x4271, 0x4271, 0x4272, 0x3a71, 0x3a51, 0x4ab1, 0xbe19, 0xef9e, 0xffff,
  0xffff, 0xffff, 0xffff, 0xdf1d, 0x8cd8, 0x4b36, 0x4b56, 0x4316, 0x3ab4, 0x42b4, 0x3a93, 0x3a52,
  0x3a31, 0x3a31, 0x3a31, 0x31f0, 0x29cf, 0x29af, 0x218e, 0x29ae, 0x4af3, 0x42d4, 0x3a93, 0x6374,
  0x6c15, 0x6394, 0x7416, 0x5333, 0x3a52, 0x3a73, 0x3a73, 0x3252, 0x3a73, 0x4ad4, 0x3a73, 0x3a93,
  0x42b4, 0x42b5, 0x42d6, 0x5b78, 0x6bf7, 0xbe3b, 0xef7e, 0xffff, 0xffff, 0xffff, 0xf7bf, 0xbdda,
  0x4ab2, 0x3231, 0x3231, 0x3211, 0x3232, 0x3a52, 0x3231, 0x3210, 0x29ef, 0x3210, 0x31ef, 0x31ef,
  0x31ef, 0x31ef, 0x31ef, 0x3210, 0x320f, 0x3210, 0x3210, 0x3210, 0x3210, 0x3210, 0x3a30, 0x3a51,
  0x3a31, 0x3a51, 0x3a51, 0x3a51, 0x3a51, 0x42b2, 0x4292, 0x4292, 0x4293, 0x4ad3, 0x4ad3, 0x5314,
  0x4af3, 0x4af4, 0x5335, 0x4af3, 0x5334, 0x5b76, 0x5b55, 0x5b76, 0x5b76, 0x6396, 0x63b6, 0x63b6,
  0x5b54, 0x7417, 0x6bd6, 0x6bf6, 0x7c57, 0x73f6, 0x6bb6, 0x6bd6, 0x6396, 0x5b55, 0x5b55, 0x5b55,
  0x5b55, 0x6375, 0x5b55, 0x5b55, 0x6355, 0x5b35, 0x5b34, 0x5b55, 0x6355, 0x5b14, 0x5b54, 0x6375,
  0x52f3, 0x5b34, 0x6375, 0x5b54, 0x5b34, 0x6355, 0x6355, 0x5b34, 0x5b34, 0x6375, 0x5b34, 0x5b34,
  0x5b55, 0x5b34, 0x6355, 0x6355, 0x6355, 0x6355, 0x6376, 0x6355, 0x6355, 0x6355, 0x6355, 0x6355,
  0x6355, 0x5b34, 0x6355, 0x6355, 0x6355, 0x6355, 0x6b96, 0x6b96, 0x6396, 0x6395, 0x6375, 0x6396,
  0x6395, 0x5b34, 0x6375, 0x6375, 0x5b34, 0x5b54, 0x5b54, 0x52f3, 0x5b14, 0x5b14, 0x52f3, 0x52f3,
  0x52f3, 0x52f3, 0x52d3, 0x5b14, 0x5b14, 0x52f3, 0x52f3, 0x5b14, 0x52d3, 0x52d3, 0x5b34, 0x5b55,
  0x6375, 0x5b34, 0x6396, 0x63b6, 0x5b75, 0x63b6, 0x6396, 0x5b75, 0x5b75, 0x5b55, 0x6bd6, 0x6bf6,
  0x6395, 0x5b75, 0x5b75, 0x5b55, 0x5b55, 0x5b34, 0x6395, 0x6375, 0x52f3, 0x5334, 0x4ad3, 0x4292,
  0x4ab3, 0x4a92, 0x4271, 0x4271, 0x4272, 0x4271, 0x4271, 0x4292, 0x4251, 0x4271, 0x4292, 0x4271,
  0x3a51, 0x3a50, 0x3a30, 0x3a51, 0x3a51, 0x3a51, 0x3a30, 0x3a30, 0x3a51, 0x3a30, 0x3a30, 0x3a30,
  0x3a30, 0x3a50, 0x3a50, 0x4271, 0x3a51, 0x3a50, 0x3a51, 0x3a51, 0x3a51, 0x3a51, 0x8475, 0xc61a,
  0xf7be, 0xffff, 0xffff, 0xffff, 0xffdf, 0xd6dc, 0x7436, 0x42f5, 0x42f5, 0x3ab4, 0x42f5, 0x42b3,
  0x3a93, 0x42b3, 0x3a52, 0x3a52, 0x4293, 0x42b3, 0x42b3, 0x4291, 0x3230, 0x42d3, 0x5b74, 0x7c36,
  0x4290, 0x5313, 0x42b2, 0x4ad3, 0x4b14, 0x3a30, 0x31ef, 0x3210, 0x4293, 0x4293, 0x4294, 0x4294,
  0x42b4, 0x42b5, 0x6bf7, 0xc65c, 0xf7df, 0xffff, 0xffff, 0xffff, 0xf7bf, 0xc65b, 0x73b4, 0x3231,
  0x3231, 0x3a51, 0x3a51, 0x3230, 0x3230, 0x3210, 0x3210, 0x320f, 0x29ee, 0x29ce, 0x29ce, 0x29ee,
  0x31ef, 0x29ef, 0x29ee, 0x31ef, 0x320f, 0x320f, 0x31ef, 0x3210, 0x3230, 0x3210, 0x3a30, 0x3a30,
  0x3a30, 0x3a30, 0x3a30, 0x3a51, 0x4271, 0x4271, 0x4271, 0x4271, 0x4272, 0x4ab3, 0x4ab3, 0x4ab3,
  0x4af4, 0x4af4, 0x4af4, 0x5314, 0x52f4, 0x5314, 0x5315, 0x5b35, 0x5b56, 0x5b55, 0x5b75, 0x5b54,
  0x6375, 0x5b75, 0x5b34, 0x5b55, 0x5b55, 0x5b34, 0x5b34, 0x5b34, 0x5b34, 0x5314, 0x5313, 0x5b14,
  0x5b14, 0x5313, 0x5313, 0x5b14, 0x52f4, 0x5b14, 0x5af4, 0x52f3, 0x52f3, 0x5b14, 0x52f3, 0x52f3,
  0x52f3, 0x5af3, 0x5af4, 0x5b14, 0x52f3, 0x5b14, 0x5b14, 0x52f3, 0x5b14, 0x5b34, 0x5b34, 0x5b34,
  0x5b34, 0x5b34, 0x6355, 0x5b34, 0x5b54, 0x6355, 0x6375, 0x6354, 0x6354, 0x5b34, 0x5b54, 0x6354,
  0x6355, 0x5b54, 0x5b54, 0x5b34, 0x6354, 0x6355, 0x6375, 0x6375, 0x6375, 0x5b54, 0x5b54, 0x5b54,
  0x6354, 0x5b34, 0x5b14, 0x5b54, 0x5b34, 0x5b34, 0x5b33, 0x5b34, 0x5b34, 0x5b13, 0x52f3, 0x52f3,
  0x52f3, 0x52f3, 0x52f3, 0x5b13, 0x52f3, 0x52f3, 0x52f3, 0x52f3, 0x52d2, 0x52f3, 0x5b14, 0x5b54,
  0x5b34, 0x5b34, 0x5b54, 0x5b75, 0x5314, 0x5b55, 0x5b75, 0x5334, 0x5335, 0x5314, 0x5314, 0x6bd6,
  0x5313, 0x5313, 0x52f3, 0x5314, 0x5314, 0x52f3, 0x5b54, 0x6375, 0x4a92, 0x4a92, 0x4ab2, 0x4292,
  0x4271, 0x4292, 0x3a51, 0x3a30, 0x3a50, 0x3a51, 0x3a50, 0x3a30, 0x3a51, 0x3a51, 0x3a30, 0x3a51,
  0x3a51, 0x3a10, 0x3a10, 0x3a30, 0x3a30, 0x3a30, 0x3a50, 0x3230, 0x320f, 0x3210, 0x3230, 0x3210,
  0x3a30, 0x3a50, 0x320f, 0x3a10, 0x3a30, 0x320f, 0x3a30, 0x3a30, 0x3a30, 0x3a51, 0x3a51, 0x4271,
  0x6352, 0xad78, 0xf7bf, 0xffff, 0xffff, 0xffff, 0xf7df, 0xd6dc, 0x6395, 0x42d4, 0x42d5, 0x42f5,
  0x4b36, 0x4b15, 0x3a51, 0x3a51, 0x3231, 0x5314, 0x4af3, 0x31ee, 0x320e, 0x31ed, 0x4af1, 0x320d,
  0x5b56, 0x5b55, 0x5b96, 0x5355, 0x5335, 0x52f3, 0x4ad3, 0x42b3, 0x42b3, 0x42b4, 0x42b4, 0x42b4,
  0x7c57, 0xb5fa, 0xef9e, 0xffff, 0xffff, 0xffff, 0xffdf, 0xd6bc, 0x5b12, 0x3210, 0x3210, 0x3210,
  0x3210, 0x29ef, 0x29ef, 0x29ef, 0x29cf, 0x29ef, 0x29cf, 0x29ef, 0x29ce, 0x29ce, 0x29ce, 0x29ce,
  0x29ce, 0x29ce, 0x29ce, 0x31ef, 0x31ef, 0x29ce, 0x29ce, 0x320f, 0x31ef, 0x31ef, 0x320f, 0x320f,
  0x3a10, 0x3a30, 0x3a30, 0x4251, 0x3a51, 0x4251, 0x4251, 0x4251, 0x4292, 0x4a92, 0x4272, 0x4ab3,
  0x4af4, 0x4ad3, 0x4ad3, 0x5315, 0x4ab3, 0x4ad4, 0x4ad4, 0x4ad4, 0x52f4, 0x52f4, 0x5314, 0x52f4,
  0x5314, 0x5314, 0x5b34, 0x5b34, 0x5b34, 0x52f4, 0x5314, 0x5314, 0x5314, 0x52f3, 0x52f3, 0x52f3,
  0x52f3, 0x5b34, 0x5b14, 0x5b34, 0x5af3, 0x5b34, 0x5af3, 0x5af3, 0x52f3, 0x5b14, 0x5b14, 0x5b14,
  0x5b14, 0x5b14, 0x5af4, 0x5b13, 0x5af3, 0x5af3, 0x5af3, 0x5af3, 0x5b14, 0x52f3, 0x5b14, 0x52f3,
  0x5b13, 0x5b34, 0x5b14, 0x5b34, 0x5b34, 0x5b34, 0x6375, 0x6354, 0x5b14, 0x5b14, 0x5b34, 0x5b13,
  0x6354, 0x5b14, 0x5b14, 0x5b34, 0x5b13, 0x6354, 0x6375, 0x5b34, 0x5b34, 0x5313, 0x5313, 0x5b34,
  0x5b14, 0x52f3, 0x52f3, 0x5b13, 0x5b13, 0x52f3, 0x5313, 0x5b13, 0x52f3, 0x52d3, 0x52d2, 0x4ab2,
  0x52b2, 0x52d2, 0x52d2, 0x52b2, 0x52d2, 0x52d2, 0x52d2, 0x52d2, 0x52d3, 0x52f3, 0x52f3, 0x5314,
  0x4ad3, 0x5314, 0x5314, 0x52f3, 0x52f3, 0x5314, 0x5b34, 0x52f4, 0x5334, 0x52f4, 0x4ad3, 0x4ad3,
  0x6396, 0x5313, 0x4ab2, 0x4ab2, 0x4ab2, 0x4ad3, 0x4ad3, 0x4292, 0x4292, 0x4292, 0x4271, 0x4251,
  0x4251, 0x4ab2, 0x3a51, 0x3a51, 0x3a51, 0x3a50, 0x3a30, 0x3a30, 0x3a51, 0x3a10, 0x3a10, 0x3a30,
  0x3a30, 0x3a30, 0x3a51, 0x3a30, 0x31ef, 0x3a10, 0x3a10, 0x31cf, 0x31ef, 0x3a30, 0x31ef, 0x31ef,
  0x320f, 0x320f, 0x31ef, 0x320f, 0x31ef, 0x31ef, 0x31ef, 0x320f, 0x31ef, 0x31ef, 0x3210, 0x3210,
  0x31ef, 0x3210, 0x6353, 0xdefd, 0xf7df, 0xffff, 0xffff, 0xffff, 0xffdf, 0xd69c, 0x94f8, 0x4af4,
  0x42d4, 0x4af4, 0x4af4, 0x4af4, 0x4ad4, 0x4292, 0x4af4, 0x5356, 0x4af4, 0x42b2, 0x3a92, 0x4af4,
  0x63f7, 0x5b76, 0x5335, 0x4af4, 0x4af4, 0x3a72, 0x3a72, 0x4272, 0x4293, 0x4ad4, 0x6b96, 0xc65b,
  0xef9e, 0xffff, 0xffff, 0xffff, 0xffdf, 0xdedc, 0x94f7, 0x3210, 0x3211, 0x3231, 0x3231, 0x3210,
  0x3230, 0x3210, 0x3210, 0x3210, 0x3210, 0x3210, 0x3210, 0x31ef, 0x31ef, 0x3210, 0x320f, 0x31ef,
  0x3210, 0x3210, 0x31ef, 0x3210, 0x3210, 0x320f, 0x3210, 0x3a31, 0x3a51, 0x3a30, 0x3a51, 0x3a51,
  0x4271, 0x4271, 0x4292, 0x4292, 0x4271, 0x4292, 0x4292, 0x4ab3, 0x4af3, 0x4ad3, 0x4ab3, 0x4ad3,
  0x5335, 0x4af4, 0x4af4, 0x5335, 0x52f5, 0x52f5, 0x5315, 0x5314, 0x5b35, 0x4ab3, 0x6376, 0x5b55,
  0x5b35, 0x5b55, 0x5b55, 0x5314, 0x5b14, 0x5314, 0x52f4, 0x5314, 0x52f4, 0x52f4, 0x5b14, 0x52f4,
  0x52f3, 0x5b34, 0x5b14, 0x5b14, 0x5b14, 0x5af4, 0x5b14, 0x5b14, 0x5b14, 0x5af4, 0x5b14, 0x5af4,
  0x5af4, 0x5b14, 0x5b34, 0x5af4, 0x5b14, 0x6314, 0x5af4, 0x5b34, 0x6355, 0x5b34, 0x5b34, 0x5b34,
  0x6335, 0x6355, 0x5b35, 0x6335, 0x5b34, 0x6355, 0x6b75, 0x6355, 0x5b35, 0x6335, 0x5b34, 0x6355,
  0x6375, 0x5b35, 0x5b35, 0x6335, 0x5b34, 0x6375, 0x6b75, 0x6355, 0x5b55, 0x6375, 0x5b14, 0x5b34,
  0x6355, 0x5b34, 0x5b14, 0x6355, 0x6355, 0x5b14, 0x5b34, 0x5b34, 0x52f3, 0x5b14, 0x5b14, 0x52d3,
  0x52f3, 0x5b14, 0x5af3, 0x52d3, 0x5af3, 0x5b14, 0x52f3, 0x5b14, 0x5b34, 0x52f4, 0x5b55, 0x5b35,
  0x5b14, 0x5b35, 0x52f4, 0x5314, 0x5314, 0x5b35, 0x6396, 0x5314, 0x5335, 0x5b35, 0x5314, 0x5314,
  0x5314, 0x6396, 0x5b35, 0x5335, 0x5b55, 0x5b75, 0x4ad3, 0x52f4, 0x52f4, 0x5335, 0x4ab3, 0x4af3,
  0x4ad3, 0x4292, 0x4ab3, 0x4272, 0x4292, 0x4272, 0x4251, 0x4271, 0x4292, 0x4271, 0x4251, 0x4ab2,
  0x4271, 0x4271, 0x4292, 0x4292, 0x3a51, 0x4251, 0x3a30, 0x3a10, 0x3a30, 0x3a30, 0x3a51, 0x3210,
  0x3a30, 0x3a30, 0x3a30, 0x3a51, 0x3a30, 0x3a10, 0x3210, 0x3a30, 0x3a30, 0x3a30, 0x3a30, 0x3a30,
  0x3230, 0x3a30, 0x3a31, 0x3a72, 0x9d18, 0xe71d, 0xffdf, 0xffdf, 0xffff, 0xffff, 0xffdf, 0xce7b,
  0x73f6, 0x5b55, 0x5314, 0x5315, 0x4af4, 0x42b3, 0x3a72, 0x3a72, 0x42b4, 0x4b15, 0x4b15, 0x5336,
  0x4af4, 0x4af4, 0x42d4, 0x3a73, 0x3a72, 0x4273, 0x4293, 0x4ad3, 0x7417, 0xcebc, 0xf7bf, 0xffff,
  0xffff, 0xffff, 0xf7bf, 0xdedd, 0xad78, 0x3a10, 0x31f1, 0x3211, 0x3231, 0x3231, 0x3231, 0x3210,
  0x3210, 0x3210, 0x3210, 0x320f, 0x320f, 0x31ef, 0x31ef, 0x31ef, 0x3210, 0x3230, 0x320f, 0x320f,
  0x31ef, 0x29ef, 0x320f, 0x3230, 0x3210, 0x3a30, 0x3a50, 0x3a30, 0x3a30, 0x3a51, 0x4271, 0x4271,
  0x4271, 0x4272, 0x3a71, 0x4292, 0x4271, 0x4292, 0x42b2, 0x4ab3, 0x4ab3, 0x4ab3, 0x42b3, 0x4ad3,
  0x4af4, 0x5314, 0x5314, 0x4ad4, 0x4ad4, 0x5314, 0x63b6, 0x5334, 0x4252, 0x52f4, 0x52f4, 0x4ad3,
  0x4ad3, 0x4ad3, 0x52f4, 0x52f4, 0x5b14, 0x52f4, 0x52f4, 0x52f3, 0x5313, 0x5b14, 0x5af3, 0x52f3,
  0x52f3, 0x5b13, 0x5b14, 0x5b14, 0x5b34, 0x52f3, 0x52d3, 0x5b13, 0x5b14, 0x5b34, 0x5b34, 0x5b13,
  0x52f3, 0x5b13, 0x5b34, 0x5b34, 0x5b13, 0x5b13, 0x5b14, 0x5b14, 0x5b34, 0x6354, 0x5b34, 0x6354,
  0x6354, 0x6354, 0x6354, 0x6354, 0x6354, 0x6354, 0x6375, 0x6374, 0x6354, 0x6354, 0x6354, 0x6354,
  0x6354, 0x6354, 0x6354, 0x6354, 0x6354, 0x6354, 0x6375, 0x6355, 0x5b34, 0x5b34, 0x5b34, 0x5b34,
  0x5b34, 0x5b34, 0x5b14, 0x5b34, 0x5b14, 0x5b14, 0x5b14, 0x5b13, 0x5af3, 0x5af3, 0x52d3, 0x52d2,
  0x52f3, 0x5af3, 0x52b2, 0x52d2, 0x52d2, 0x52b2, 0x52d2, 0x52f3, 0x52d3, 0x52f3, 0x5313, 0x52f3,
  0x52f3, 0x5314, 0x5314, 0x52f3, 0x5314, 0x5b34, 0x5b14, 0x5b34, 0x5b35, 0x5b14, 0x52f4, 0x5314,
  0x5314, 0x5314, 0x6bb6, 0x4af4, 0x5335, 0x5314, 0x4ad3, 0x4ad3, 0x52f4, 0x5314, 0x4ad3, 0x4ad3,
  0x4ab2, 0x4292, 0x4ab2, 0x4ad3, 0x4ad3, 0x4272, 0x4272, 0x4272, 0x4251, 0x3a51, 0x4251, 0x4271,
  0x4271, 0x4271, 0x3a51, 0x3a30, 0x3a30, 0x3a30, 0x3a10, 0x3210, 0x3a31, 0x3a31, 0x3210, 0x3a51,
  0x3230, 0x3230, 0x3a31, 0x3a30, 0x3a30, 0x3a30, 0x3a30, 0x3210, 0x3230, 0x3a50, 0x3a71, 0x3a30,
  0x3230, 0x3230, 0x3231, 0x3231, 0x3a51, 0x4ab2, 0x9cf7, 0xdf1d, 0xf7bf, 0xffdf, 0xffff, 0xffff,
  0xf7bf, 0xd6dd, 0x8cd7, 0x5b54, 0x5314, 0x4af4, 0x4293, 0x3a72, 0x3a73, 0x4273, 0x3a93, 0x4294,
  0x42d4, 0x42d4, 0x4ad4, 0x4ad5, 0x4ad5, 0x42b4, 0x7c36, 0xc65b, 0xf7df, 0xffff, 0xffff, 0xffff,
  0xffff, 0xf7bf, 0xd6bd, 0x9519, 0x84b8, 0x7437, 0x6c17, 0x5b54, 0x5b55, 0x6396, 0x5b75, 0x4292,
  0x5333, 0x7c36, 0x5b74, 0x5333, 0x6bf5, 0x6bd5, 0x6394, 0x7c36, 0x7c56, 0x7c56, 0x7436, 0x52f2,
  0x4ad1, 0x7435, 0x6bd5, 0x5b95, 0x5b75, 0x5b95, 0x6395, 0x4ad2, 0x6395, 0x7436, 0x7436, 0x6bf6,
  0x5334, 0x5b74, 0x5b75, 0x6395, 0x5b95, 0x5b75, 0x6395, 0x6bf6, 0x5b54, 0x5b95, 0x7c77, 0x7c77,
  0x7457, 0x7457, 0x63b5, 0x63b6, 0x7437, 0x63d6, 0x9539, 0x9538, 0x7c76, 0x84b7, 0x6bf6, 0x63b6,
  0x7417, 0x6396, 0x5b75, 0x6bb6, 0x6395, 0x5b54, 0x6bd5, 0x7c56, 0x7436, 0x6bd6, 0x5b34, 0x5b34,
  0x7416, 0x7c56, 0x8477, 0x8497, 0x6395, 0x6355, 0x6375, 0x6395, 0x6395, 0x6375, 0x6bb5, 0x6bb5,
  0x6374, 0x7415, 0x7416, 0x73f6, 0x6bd5, 0x6bb5, 0x6374, 0x6bb5, 0x7416, 0x6394, 0x73d5, 0x8477,
  0x6bd5, 0x73f5, 0x94f8, 0x7c36, 0x7416, 0x7416, 0x7c37, 0x7c56, 0x94f8, 0x7c57, 0x7416, 0x7416,
  0x7416, 0x8cb7, 0x8497, 0x7416, 0x7416, 0x7417, 0x8478, 0x7c36, 0x8cb7, 0x94f8, 0x94d7, 0x8cd8,
  0x6bd6, 0x6bd6, 0x6bb6, 0x6395, 0x5b34, 0x73f5, 0x8496, 0x73f5, 0x5b54, 0x6bb5, 0x6bb5, 0x6354,
  0x6374, 0x6395, 0x6375, 0x7c36, 0x6354, 0x5b54, 0x6bb5, 0x6bb5, 0x6354, 0x5b54, 0x6bf5, 0x6bd5,
  0x6395, 0x6bd6, 0x6bb6, 0x63b6, 0x7457, 0x63b6, 0x6375, 0x7c57, 0x8497, 0x7416, 0x7416, 0x6bd6,
  0x6396, 0x6bf6, 0x8cf9, 0xae1b, 0x7436, 0x5b55, 0x7c77, 0x7c77, 0x7c77, 0x84b7, 0x6395, 0x5334,
  0x5b74, 0x63d5, 0x63b5, 0x63b5, 0x8d18, 0x7c56, 0x4af3, 0x63b5, 0x6bd5, 0x6bf5, 0x7c56, 0x7c56,
  0x84b8, 0x63b5, 0x5b54, 0x5b54, 0x4af3, 0x7415, 0x84b7, 0x6bf5, 0x5313, 0x5313, 0x7c56, 0x8497,
  0x7c76, 0x6bf5, 0x3a51, 0x52f3, 0x5b75, 0x6395, 0x5b75, 0x5354, 0x5b95, 0x5313, 0x63b5, 0x7415,
  0x6bf5, 0x6c16, 0x6bf6, 0x63d5, 0x7436, 0x8497, 0x8497, 0x9d59, 0xce9c, 0xf7bf, 0xffdf, 0xffff,
  0xffff, 0xffff, 0xf7df, 0xc67b, 0x94f8, 0x5335, 0x5b56, 0x5b57, 0x5315, 0x4ad5, 0x4294, 0x42b4,
  0x4ad4, 0x4af5, 0x5b77, 0x5315, 0x6bd6, 0xce7b, 0xef9e, 0xffff, 0xffff, 0xffdf, 0xf7bf, 0xf7bf,
  0xcebc, 0x8cb8, 0x5314, 0x4b14, 0x4ad3, 0x4292, 0x4293, 0x3a51, 0x3a72, 0x4292, 0x3a92, 0x3231,
  0x3a71, 0x4ad2, 0x3a51, 0x3a71, 0x4292, 0x42b2, 0x42b3, 0x42b2, 0x42b2, 0x42b2, 0x42b2, 0x3a71,
  0x3a71, 0x5313, 0x42b2, 0x4292, 0x4292, 0x42b2, 0x42b2, 0x4292, 0x4ad2, 0x4af2, 0x4af3, 0x4ad2,
  0x42b3, 0x4af3, 0x4b14, 0x4b14, 0x5314, 0x4b14, 0x5375, 0x5b95, 0x5355, 0x5355, 0x5b95, 0x63b5,
  0x5b75, 0x5354, 0x5314, 0x5354, 0x6bd6, 0x6396, 0xa59a, 0xb63b, 0x7c77, 0x8cd7, 0x7417, 0x63b6,
  0x6bf7, 0x63b6, 0x6396, 0x63b6, 0x63b5, 0x6395, 0x5b74, 0x6375, 0x6395, 0x6395, 0x5b34, 0x5b55,
  0x6395, 0x6395, 0x63b5, 0x6bd6, 0x6395, 0x6374, 0x6395, 0x6395, 0x6354, 0x6354, 0x6395, 0x6b95,
  0x6375, 0x6bb5, 0x6395, 0x6bb5, 0x6395, 0x6354, 0x6354, 0x6375, 0x6bb5, 0x6374, 0x6374, 0x6bb5,
  0x6395, 0x6bb5, 0x7416, 0x6bd6, 0x6bd6, 0x63b6, 0x6bd6, 0x6bd6, 0x7416, 0x6bd6, 0x6bd6, 0x63b6,
  0x6395, 0x6bf6, 0x73f6, 0x6bd6, 0x6bb6, 0x63b6, 0x73f6, 0x73f6, 0x7416, 0x7c36, 0x7c36, 0x7c36,
  0x6395, 0x6375, 0x6375, 0x6395, 0x6375, 0x63b5, 0x6bd4, 0x6394, 0x5b34, 0x6374, 0x6354, 0x5b33,
  0x5b54, 0x6354, 0x6354, 0x6374, 0x5b13, 0x5b13, 0x6354, 0x5b54, 0x5b34, 0x5b34, 0x6395, 0x6374,
  0x5b55, 0x5b75, 0x63b5, 0x6395, 0x6395, 0x5b75, 0x5b75, 0x6bd6, 0x6bf6, 0x6bd6, 0x63b6, 0x6bd6,
  0x63b6, 0x5b55, 0x7c97, 0xa5ba, 0x9539, 0x63b6, 0x6bf6, 0x6c16, 0x63f6, 0x6bf6, 0x5b75, 0x5355,
  0x5b75, 0x5b95, 0x5b75, 0x5b74, 0x6bd5, 0x5b94, 0x4af3, 0x5b74, 0x63b5, 0x5b54, 0x5b54, 0x5b54,
  0x5b54, 0x5334, 0x52f3, 0x4af3, 0x42b2, 0x5333, 0x5333, 0x4af3, 0x42b2, 0x4ab2, 0x52f2, 0x5313,
  0x5312, 0x4af2, 0x3a71, 0x42b2, 0x4ad3, 0x42d2, 0x42b2, 0x42b2, 0x42f3, 0x42b2, 0x42d2, 0x4af3,
  0x42d2, 0x42d2, 0x42d2, 0x42b2, 0x4af2, 0x5313, 0x5313, 0x5333, 0x5b54, 0x6bd4, 0xd6dc, 0xef7e,
  0xf7df, 0xf7df, 0xffdf, 0xffff, 0xf7df, 0xe75e, 0x9d18, 0x6bf8, 0x5336, 0x5316, 0x4af5, 0x42b4,
  0x5b75, 0x42b3, 0x8456, 0xd6bc, 0xf7be, 0xffdf, 0xffdf, 0xf7bf, 0xf7be, 0xf79f, 0xdedd, 0x6bb5,
  0x3a92, 0x3a52, 0x3a32, 0x3231, 0x3210, 0x31f0, 0x29f0, 0x29cf, 0x29af, 0x29af, 0x29cf, 0x29cf,
  0x29cf, 0x29ef, 0x29cf, 0x29ef, 0x29ef, 0x29f0, 0x29f0, 0x29ef, 0x29ef, 0x29ce, 0x29ce, 0x29ce,
  0x29cf, 0x31ef, 0x31ef, 0x29ef, 0x31ef, 0x320f, 0x3210, 0x3210, 0x320f, 0x3210, 0x3230, 0x3a30,
  0x3a31, 0x3a31, 0x3a51, 0x3a72, 0x4292, 0x4292, 0x4292, 0x4293, 0x4293, 0x4293, 0x42b3, 0x42b3,
  0x42b3, 0x42b3, 0x42b3, 0x4ad3, 0x4ad4, 0x4af4, 0x63b6, 0x4ad3, 0x5315, 0x5315, 0x5335, 0x5335,
  0x52f4, 0x52f4, 0x52f4, 0x4af3, 0x4ad3, 0x52f3, 0x4ad3, 0x4ab3, 0x4a93, 0x4ab3, 0x4ad3, 0x4ab3,
  0x4ab3, 0x4ab3, 0x4a92, 0x4a92, 0x52b2, 0x4ab2, 0x52d2, 0x52f3, 0x52f3, 0x52d3, 0x52d3, 0x52f3,
  0x52d2, 0x52d3, 0x52d3, 0x52b2, 0x52b2, 0x52b3, 0x4ab2, 0x52d3, 0x52f3, 0x52d3, 0x52d3, 0x52f4,
  0x4ad3, 0x4ad3, 0x52f4, 0x52f4, 0x52d3, 0x52f3, 0x5b14, 0x52f4, 0x52f4, 0x52f4, 0x52d3, 0x52d3,
  0x52f4, 0x52d3, 0x52f4, 0x52f3, 0x52d3, 0x52f4, 0x5b14, 0x5b14, 0x5314, 0x5b14, 0x5b14, 0x5b14,
  0x52f3, 0x5313, 0x52d3, 0x52d3, 0x52d3, 0x52d3, 0x52d2, 0x52d2, 0x4ab2, 0x4a92, 0x4ab2, 0x4ab2,
  0x4ab2, 0x52d2, 0x52d2, 0x4ab2, 0x4ab2, 0x4ab2, 0x4ab2, 0x52f3, 0x4ad3, 0x4ab3, 0x4ab3, 0x4ad3,
  0x4ad3, 0x52d3, 0x4ad3, 0x4ad3, 0x4ad3, 0x52f4, 0x5314, 0x5314, 0x5334, 0x5314, 0x5b35, 0x5b55,
  0x5b55, 0x6bb6, 0x5b34, 0x4ab2, 0x5334, 0x5334, 0x42b3, 0x42d3, 0x4ad3, 0x42b3, 0x42b3, 0x42b3,
  0x42b3, 0x42b3, 0x42b3, 0x42b2, 0x42b2, 0x4292, 0x4272, 0x4272, 0x4292, 0x3a52, 0x3a51, 0x3a51,
  0x3a51, 0x3a51, 0x3a10, 0x3a30, 0x3a30, 0x3230, 0x3210, 0x320f, 0x31ef, 0x31ef, 0x320f, 0x31ef,
  0x31ef, 0x31ef, 0x31ef, 0x31ef, 0x31ef, 0x31ef, 0x31ef, 0x31ee, 0x31ef, 0x31ef, 0x31ef, 0x31ef,
  0x320f, 0x320f, 0x3230, 0x3230, 0x3230, 0x3a50, 0x3a30, 0x3230, 0x3a30, 0x3a50, 0x4271, 0x7bf4,
  0xce5b, 0xf79e, 0xf7df, 0xffdf, 0xffff, 0xffff, 0xffff, 0xe73e, 0xad9a, 0x5b34, 0x4b15, 0x5356,
  0x7bf3, 0xc63a, 0xf7bf, 0xffdf, 0xffdf, 0xf7bf, 0xe75e, 0xe73e, 0xd6bc, 0x8c97, 0x4ab3, 0x3a72,
  0x3a72, 0x3a52, 0x3211, 0x3210, 0x29cf, 0x29ae, 0x29ae, 0x29ae, 0x29ae, 0x29ae, 0x29ce, 0x29ae,
  0x29ae, 0x29ae, 0x29ae, 0x29ae, 0x29ef, 0x29ef, 0x29ce, 0x29ce, 0x29ce, 0x29ce, 0x29ce, 0x29ce,
  0x29ce, 0x29cf, 0x29ce, 0x31ce, 0x31ef, 0x31ef, 0x320f, 0x320f, 0x320f, 0x3a10, 0x3a30, 0x3a30,
  0x3a51, 0x4271, 0x4292, 0x4292, 0x4272, 0x4ab2, 0x4ad3, 0x4ad3, 0x4af3, 0x5314, 0x4ad3, 0x4ad3,
  0x4293, 0x4ab3, 0x4ab3, 0x4ad3, 0x4ad4, 0x52f4, 0x4251, 0x6bb5, 0x5b35, 0x5b55, 0x5314, 0x5b34,
  0x5b34, 0x5313, 0x5314, 0x52f3, 0x5b54, 0x52f3, 0x52f3, 0x52f3, 0x5b34, 0x6355, 0x52f3, 0x52f4,
  0x52f3, 0x5b34, 0x52d3, 0x52f3, 0x52f3, 0x52d3, 0x52f3, 0x5b13, 0x52d2, 0x5b13, 0x5b13, 0x5b13,
  0x5b13, 0x52f3, 0x6334, 0x5b13, 0x52f3, 0x52f2, 0x5af3, 0x5b33, 0x52f3, 0x52f3, 0x52f3, 0x5b34,
  0x52f3, 0x5314, 0x5b54, 0x5b34, 0x5b14, 0x6375, 0x6b75, 0x5b34, 0x5b34, 0x6354, 0x5b14, 0x6375,
  0x6375, 0x5b14, 0x6354, 0x5b34, 0x5b34, 0x6b95, 0x6355, 0x6354, 0x5b33, 0x6354, 0x6334, 0x5b33,
  0x5b33, 0x6354, 0x5b13, 0x5b34, 0x5af3, 0x5b13, 0x5b13, 0x52d2, 0x52d2, 0x5af3, 0x5b13, 0x52d2,
  0x52d2, 0x52d2, 0x52f2, 0x52f3, 0x4ab2, 0x4ab2, 0x52d2, 0x52f3, 0x52d3, 0x52f3, 0x52f3, 0x52f3,
  0x5314, 0x5314, 0x5b54, 0x52f4, 0x5314, 0x5b34, 0x5b35, 0x52f4, 0x5b14, 0x5b35, 0x6396, 0x6376,
  0x6bb7, 0x6bd7, 0x6375, 0x298f, 0x5313, 0x8cd9, 0x5335, 0x5335, 0x5334, 0x5314, 0x4af3, 0x4af3,
  0x4ad3, 0x52f3, 0x4ad3, 0x4a92, 0x4ab2, 0x52f3, 0x52f3, 0x4ad3, 0x4ad3, 0x4a92, 0x4271, 0x4270,
  0x4270, 0x3a50, 0x3a50, 0x4250, 0x4250, 0x3a2f, 0x3a2f, 0x3a30, 0x3a30, 0x320f, 0x3a0f, 0x3a0f,
  0x31ee, 0x320f, 0x3a0f, 0x3a0f, 0x3a2f, 0x320f, 0x320f, 0x31ee, 0x320f, 0x320f, 0x31ef, 0x320f,
  0x320f, 0x320f, 0x322f, 0x3a2f, 0x322f, 0x3230, 0x3a2f, 0x3a2f, 0x3a30, 0x4271, 0x4271, 0x4291,
  0x4291, 0x8c96, 0xc63a, 0xef5e, 0xf7bf, 0xffff, 0xffff, 0xffff, 0xffff, 0xe71d, 0xa537, 0x5312,
  0xef7e, 0xf7bf, 0xf7bf, 0xef7e, 0xe75e, 0xe73e, 0xce9d, 0x8cb7, 0x3232, 0x3231, 0x3231, 0x31f0,
  0x29f0, 0x29ef, 0x29cf, 0x29cf, 0x218d, 0x216d, 0x216d, 0x216d, 0x21ae, 0x218e, 0x218d, 0x218d,
  0x218d, 0x218d, 0x218d, 0x29ae, 0x29cf, 0x29cf, 0x21ae, 0x218e, 0x21ae, 0x29ae, 0x29ae, 0x29ae,
  0x29ae, 0x29ae, 0x29ae, 0x29ce, 0x31ef, 0x31ef, 0x31ef, 0x320f, 0x3210, 0x320f, 0x31ef, 0x3210,
  0x3230, 0x3a31, 0x3a51, 0x3a71, 0x3a51, 0x4271, 0x4292, 0x3a72, 0x4292, 0x42b3, 0x4292, 0x4272,
  0x4272, 0x42b3, 0x42b3, 0x5b34, 0x7436, 0x4251, 0x4272, 0x4af4, 0x5355, 0x5b75, 0x4ad3, 0x4ad3,
  0x4af3, 0x4ad3, 0x4ad3, 0x4ad3, 0x4ab2, 0x4ab2, 0x4a92, 0x4ab2, 0x52d3, 0x52f3, 0x52d3, 0x4ab2,
  0x4a92, 0x4271, 0x4271, 0x4a91, 0x4ab1, 0x4ab1, 0x52d2, 0x52f2, 0x52f2, 0x52f2, 0x52f2, 0x4ad2,
  0x4ad2, 0x4ab2, 0x4ab2, 0x4ab1, 0x4ab1, 0x4a91, 0x4a91, 0x4270, 0x4a71, 0x4270, 0x4250, 0x4270,
  0x4270, 0x4250, 0x4250, 0x4251, 0x4a71, 0x4ab2, 0x4ab2, 0x4a91, 0x4250, 0x4251, 0x4271, 0x4ab2,
  0x4ab2, 0x4250, 0x4250, 0x4251, 0x4ab2, 0x4ab2, 0x52d2, 0x52f2, 0x52f2, 0x52f2, 0x52d2, 0x52f2,
  0x52d2, 0x52f2, 0x52f2, 0x4a91, 0x4a71, 0x4a71, 0x52b1, 0x4a91, 0x4271, 0x4a71, 0x4a91, 0x4a91,
  0x4a91, 0x4a91, 0x4a71, 0x4271, 0x4251, 0x4271, 0x4271, 0x4251, 0x4251, 0x4271, 0x4272, 0x4272,
  0x4292, 0x4a92, 0x4ab2, 0x4ab2, 0x4ab2, 0x4ab2, 0x4ab2, 0x4ab3, 0x4ab3, 0x5b54, 0x5b75, 0x52f4,
  0x52f4, 0x5b15, 0x5b14, 0x3a10, 0x3a10, 0x4b14, 0x6c18, 0x5314, 0x4292, 0x42b2, 0x42b2, 0x4292,
  0x4292, 0x4271, 0x4271, 0x4251, 0x3a51, 0x4271, 0x4292, 0x4272, 0x3a51, 0x3a30, 0x320e, 0x31ee,
  0x31ee, 0x31ee, 0x31ce, 0x31ce, 0x31ee, 0x31ee, 0x31ee, 0x31ce, 0x29ce, 0x31ce, 0x31ce, 0x31ce,
  0x29ad, 0x29ad, 0x29ad, 0x29ad, 0x29ad, 0x29ad, 0x29ad, 0x29ad, 0x29ad, 0x29ad, 0x298d, 0x298d,
  0x29ad, 0x29ad, 0x29ad, 0x29cd, 0x29cd, 0x29ad, 0x29ad, 0x29ad, 0x29cd, 0x29ee, 0x31ee, 0x31ef,
  0x31ef, 0x320f, 0x3a0f, 0x6b93, 0xbe1a, 0xef7e, 0xf79e, 0xffdf, 0xffff, 0xffff, 0xffff, 0xd6dc,
  0xf7bf, 0xef7e, 0xe73d, 0xdf1d, 0xbe3b, 0x9d39, 0x5354, 0x3a93, 0x3a93, 0x3a93, 0x42b3, 0x3a72,
  0x3231, 0x3a51, 0x3231, 0x29cf, 0x29cf, 0x29ce, 0x29cf, 0x29ef, 0x3210, 0x29ef, 0x29ef, 0x29cf,
  0x29ce, 0x29ef, 0x3a51, 0x3230, 0x3a92, 0x3a71, 0x29ef, 0x3210, 0x3250, 0x3230, 0x3210, 0x3230,
  0x3210, 0x3210, 0x3a50, 0x3a71, 0x3a71, 0x3a50, 0x3a51, 0x4292, 0x4292, 0x4292, 0x4291, 0x4271,
  0x3a92, 0x4292, 0x42b2, 0x4af3, 0x4ad3, 0x4ad3, 0x4ad3, 0x5314, 0x4b14, 0x5334, 0x5b95, 0x63b6,
  0x63d6, 0x5b95, 0x6bd6, 0x84d8, 0x3a0e, 0x6395, 0x6c37, 0x7478, 0x84f9, 0x7cb8, 0x63d6, 0x6c17,
  0x7437, 0x6bf6, 0x6bf6, 0x6395, 0x5b74, 0x5b74, 0x63b5, 0x6bd5, 0x6bf6, 0x63b5, 0x5b54, 0x6395,
  0x6bf6, 0x6bd6, 0x6bb5, 0x6395, 0x5b13, 0x5b13, 0x6374, 0x6394, 0x6374, 0x6374, 0x6394, 0x6bb5,
  0x5b33, 0x6374, 0x6374, 0x6374, 0x6bd5, 0x73f5, 0x5b33, 0x6374, 0x6395, 0x6b95, 0x6374, 0x6394,
  0x63b5, 0x6bf5, 0x7c56, 0x73f5, 0x7416, 0x73f6, 0x6bb5, 0x6bd5, 0x7c77, 0x73f5, 0x7416, 0x7416,
  0x6b95, 0x7c56, 0x7416, 0x7416, 0x7416, 0x6bb5, 0x6bb6, 0x6bf6, 0x7416, 0x73f6, 0x73f6, 0x7416,
  0x7416, 0x73f6, 0x6bb5, 0x6374, 0x6374, 0x6374, 0x6374, 0x6354, 0x5b33, 0x5b54, 0x6354, 0x6374,
  0x6374, 0x6374, 0x6374, 0x6395, 0x5b54, 0x5b74, 0x6375, 0x6375, 0x5b54, 0x5b54, 0x5b34, 0x5b74,
  0x6bd6, 0x5b54, 0x6395, 0x6395, 0x6bf6, 0x6c16, 0x7437, 0x7c77, 0x8498, 0x8cf9, 0x8cf9, 0x7c98,
  0x7c58, 0x8d19, 0xa5bb, 0xa59a, 0x5b53, 0x4b14, 0x5bb6, 0x63b6, 0x6c16, 0x7c78, 0x6bf6, 0x63b6,
  0x5354, 0x5334, 0x5355, 0x5355, 0x5b55, 0x5b95, 0x5334, 0x4af3, 0x5334, 0x5b75, 0x5334, 0x5334,
  0x4af3, 0x4ad3, 0x4af3, 0x5313, 0x4af3, 0x5313, 0x52f3, 0x42b2, 0x42b2, 0x5313, 0x4ad2, 0x4af3,
  0x42b1, 0x3a71, 0x3a71, 0x3a71, 0x3a50, 0x3a70, 0x4291, 0x4291, 0x3a50, 0x3230, 0x3a50, 0x3a50,
  0x42b2, 0x4291, 0x3a50, 0x3230, 0x3230, 0x3230, 0x3a50, 0x3a50, 0x3a50, 0x3a30, 0x320f, 0x3a50,
  0x3a71, 0x3a71, 0x4291, 0x4292, 0x4ad2, 0xa579, 0xd6bc, 0xe73d, 0xf79e, 0xffdf, 0xffdf, 0xffdf,
  0xef5d, 0xe73d, 0xdefd, 0x8cb7, 0x4ad2, 0x3ab3, 0x42b4, 0x3a93, 0x3a93, 0x3a72, 0x42b2, 0x3230,
  0x3210, 0x320f, 0x31ef, 0x29ef, 0x29cf, 0x29ce, 0x3a71, 0x29ce, 0x29ce, 0x29ce, 0x31ef, 0x320f,
  0x320f, 0x3a50, 0x3230, 0x3230, 0x3230, 0x3210, 0x3230, 0x3230, 0x3a51, 0x3a51, 0x3a50, 0x3a50,
  0x3a50, 0x3a51, 0x3a71, 0x3a71, 0x3a71, 0x3a71, 0x4291, 0x4292, 0x42b2, 0x4ad2, 0x4af3, 0x5313,
  0x4af3, 0x4af3, 0x4b13, 0x5b95, 0x5b34, 0x5b54, 0x5b74, 0x5b94, 0x6395, 0x6bd6, 0x6c16, 0x7416,
  0x7416, 0x6bf6, 0x6bf6, 0x6c16, 0x6c16, 0x6c16, 0x7437, 0x6c16, 0x6c16, 0x7c77, 0x6bf6, 0x7416,
  0x7416, 0x73f6, 0x6bd5, 0x6bb5, 0x6bb5, 0x6bb5, 0x6bb5, 0x6bb4, 0x6bd5, 0x6394, 0x5b54, 0x6374,
  0x6394, 0x6b95, 0x6b95, 0x6354, 0x6353, 0x6353, 0x6353, 0x6b94, 0x6b94, 0x6354, 0x6374, 0x6b94,
  0x6b94, 0x6b94, 0x6b95, 0x6bb5, 0x6bb5, 0x6bd5, 0x6b94, 0x6bb4, 0x6bd5, 0x6bb4, 0x6bb4, 0x6394,
  0x6394, 0x6bb4, 0x6bf5, 0x73f5, 0x73f5, 0x73d5, 0x73f6, 0x73d5, 0x6bf5, 0x73f5, 0x73f5, 0x73d5,
  0x73d5, 0x6bd5, 0x73f5, 0x73f6, 0x73f5, 0x73d6, 0x73f6, 0x6bd5, 0x6bd5, 0x6bb5, 0x73d5, 0x73d5,
  0x7415, 0x73f5, 0x6bb5, 0x6bb4, 0x6b94, 0x6b94, 0x6394, 0x6374, 0x6374, 0x6353, 0x73d4, 0x7415,
  0x6bb4, 0x6bb5, 0x63b5, 0x63b5, 0x6bb5, 0x6395, 0x6bb5, 0x6bb5, 0x6bb5, 0x6374, 0x5b54, 0x5b74,
  0x6bd5, 0x6bd6, 0x6bb5, 0x63b5, 0x63b5, 0x63b5, 0x63d5, 0x6bf6, 0x7416, 0x6bf6, 0x6bf6, 0x6bd6,
  0x6bb5, 0x7416, 0x7436, 0x6bf6, 0x6bd5, 0x6bb5, 0x6bd5, 0x7c56, 0x7416, 0x7416, 0x7416, 0x7416,
  0x6bd5, 0x5313, 0x5313, 0x5b54, 0x5b54, 0x5333, 0x4af3, 0x5333, 0x52f3, 0x4ad2, 0x4ab2, 0x4af2,
  0x4ab2, 0x4271, 0x4291, 0x4291, 0x4291, 0x4291, 0x4291, 0x3a50, 0x3a50, 0x4270, 0x3a50, 0x3a50,
  0x3a50, 0x3a50, 0x322f, 0x3a50, 0x3a70, 0x3a70, 0x3a50, 0x3a4f, 0x322f, 0x3a2f, 0x3a2f, 0x320f,
  0x3a50, 0x3a50, 0x3a2f, 0x320f, 0x3a4f, 0x320f, 0x322f, 0x3a30, 0x3a30, 0x3a2f, 0x320f, 0x3a2f,
  0x42b1, 0x3230, 0x3a71, 0x3a71, 0x3a71, 0x3a71, 0x6373, 0xad79, 0xdedd, 0xe71d, 0xef7e, 0xf7bf,
  0xdf1d, 0xa537, 0x6bb3, 0x3a50, 0x3210, 0x3230, 0x3230, 0x29ef, 0x2a10, 0x29cf, 0x29ce, 0x29ae,
  0x218d, 0x218d, 0x218d, 0x218d, 0x218d, 0x21ae, 0x320f, 0x218d, 0x216d, 0x218d, 0x218d, 0x29ae,
  0x29ae, 0x29ef, 0x29cf, 0x29ae, 0x21ad, 0x29ae, 0x29ae, 0x29ae, 0x29ce, 0x29ce, 0x29ae, 0x29ce,
  0x29ce, 0x29ce, 0x31ef, 0x31ce, 0x31ee, 0x320f, 0x320f, 0x31ef, 0x320f, 0x3210, 0x3a30, 0x3a51,
  0x3a51, 0x3a51, 0x3a72, 0x4ad3, 0x3a51, 0x4272, 0x42b3, 0x42b2, 0x4272, 0x42b2, 0x4af3, 0x4ad3,
  0x52f3, 0x4ad3, 0x4ad3, 0x52f3, 0x5313, 0x4af3, 0x4af3, 0x4af2, 0x4af3, 0x6394, 0x4ad2, 0x52f3,
  0x52f3, 0x4ad2, 0x52f3, 0x4ad3, 0x4ad2, 0x4ad2, 0x5313, 0x4ad2, 0x52f3, 0x52f3, 0x4ad3, 0x4ab2,
  0x52d3, 0x52f3, 0x5b13, 0x52b2, 0x52b2, 0x52d2, 0x52b2, 0x5b34, 0x5b13, 0x4ab2, 0x5313, 0x5b13,
  0x5b13, 0x5b13, 0x5b34, 0x5b54, 0x5b13, 0x5b33, 0x52f2, 0x5b33, 0x5b54, 0x5b33, 0x52f2, 0x5312,
  0x5313, 0x5313, 0x5333, 0x5b34, 0x5b33, 0x5b33, 0x5b54, 0x5b33, 0x5333, 0x5b33, 0x5b34, 0x5b13,
  0x5b34, 0x5313, 0x5333, 0x5b54, 0x5b13, 0x5b34, 0x6354, 0x5b54, 0x6394, 0x5b54, 0x5b54, 0x5b54,
  0x5b54, 0x5b54, 0x5b54, 0x5313, 0x5b53, 0x5b13, 0x52f2, 0x52f2, 0x52d2, 0x52d2, 0x5b12, 0x5b32,
  0x52f2, 0x52f2, 0x52f2, 0x5313, 0x5313, 0x52f2, 0x4ad2, 0x4ad2, 0x52d2, 0x4ab1, 0x4ad2, 0x4ad2,
  0x5313, 0x52f2, 0x4ad2, 0x4ad2, 0x5313, 0x4af3, 0x4ad3, 0x4af3, 0x5334, 0x5313, 0x5313, 0x4af3,
  0x4ad3, 0x5313, 0x5313, 0x52f3, 0x52f3, 0x4af2, 0x4af3, 0x5b54, 0x5313, 0x52f3, 0x4ad2, 0x4ad2,
  0x42b2, 0x4271, 0x4271, 0x4291, 0x4291, 0x4291, 0x4271, 0x4291, 0x4271, 0x3a30, 0x322f, 0x3a30,
  0x3a2f, 0x3a0f, 0x320f, 0x3a0f, 0x320f, 0x320f, 0x31ef, 0x31ef, 0x320f, 0x320f, 0x320f, 0x320e,
  0x320e, 0x31ee, 0x31ee, 0x31ee, 0x320f, 0x322f, 0x31ee, 0x31ee, 0x31ee, 0x320e, 0x29cd, 0x29cd,
  0x31ee, 0x31ee, 0x29ce, 0x29ee, 0x322f, 0x29ce, 0x29cd, 0x29ad, 0x29ad, 0x29ac, 0x29ad, 0x29cd,
  0x29ee, 0x29ce, 0x29ce, 0x31ef, 0x320f, 0x320f, 0x320f, 0x3a2f, 0x6332, 0xbdd9, 0xdedc, 0xe71d,
  0x6bd3, 0x31ef, 0x31ef, 0x29ef, 0x320f, 0x3a71, 0x29ce, 0x29ae, 0x29ce, 0x218d, 0x218d, 0x218c,
  0x218d, 0x21ad, 0x218c, 0x21ad, 0x218d, 0x218d, 0x218d, 0x218d, 0x21ad, 0x29ae, 0x29ee, 0x218d,
  0x21ad, 0x21ad, 0x29ad, 0x29ad, 0x29ad, 0x29ad, 0x29cd, 0x29ad, 0x29ce, 0x29ce, 0x29ee, 0x29ee,
  0x31ee, 0x29ce, 0x31ee, 0x31ef, 0x320f, 0x320f, 0x3a30, 0x320f, 0x3a2f, 0x3a30, 0x3a30, 0x3a30,
  0x4271, 0x3a51, 0x3a51, 0x3a51, 0x4291, 0x42b2, 0x4292, 0x4291, 0x4ad2, 0x5313, 0x4292, 0x4291,
  0x4292, 0x4292, 0x4291, 0x4ab2, 0x4ab2, 0x4ad2, 0x4ad3, 0x4ad2, 0x4ab2, 0x4ab2, 0x4ad2, 0x5313,
  0x5b54, 0x52f2, 0x4ad2, 0x52f3, 0x52f2, 0x52d2, 0x4ad2, 0x4ad2, 0x52f3, 0x4ab2, 0x52d2, 0x52d2,
  0x5b13, 0x5b13, 0x5b13, 0x5b13, 0x5b12, 0x52f2, 0x52f2, 0x5af2, 0x5b12, 0x5b13, 0x5b13, 0x5b13,
  0x6353, 0x6b94, 0x6bb4, 0x6b94, 0x6374, 0x6353, 0x6374, 0x6bb4, 0x6374, 0x6374, 0x6373, 0x6353,
  0x6373, 0x6353, 0x6bd5, 0x6353, 0x6bb4, 0x6bb4, 0x6bb4, 0x6373, 0x6bb4, 0x6373, 0x6b94, 0x6bb5,
  0x6b94, 0x6b94, 0x6394, 0x6394, 0x6bb5, 0x6b94, 0x6bb4, 0x6374, 0x6394, 0x6bd5, 0x6bd5, 0x6374,
  0x73f5, 0x6bb5, 0x6bb5, 0x6bb4, 0x6394, 0x6354, 0x5b33, 0x5b13, 0x5b12, 0x5b12, 0x5b12, 0x52f2,
  0x5b12, 0x5b33, 0x5b33, 0x6353, 0x5b33, 0x73d5, 0x5b33, 0x4ab1, 0x4ab1, 0x5312, 0x5b33, 0x52f2,
  0x4ad2, 0x4ad2, 0x52f2, 0x52f3, 0x5b33, 0x52f3, 0x52f2, 0x52f2, 0x52f3, 0x52f2, 0x4ab2, 0x4ab2,
  0x4ab2, 0x4a91, 0x4291, 0x4270, 0x4271, 0x4271, 0x4291, 0x4a91, 0x4271, 0x4270, 0x4291, 0x4271,
  0x4291, 0x4291, 0x4291, 0x4291, 0x4250, 0x3a50, 0x4270, 0x3a30, 0x3a2f, 0x3a0f, 0x3a2f, 0x320f,
  0x3a2f, 0x3a0f, 0x31ee, 0x320e, 0x4250, 0x3a2f, 0x31ee, 0x320e, 0x320e, 0x31ed, 0x3a0e, 0x3a2f,
  0x320e, 0x320e, 0x31ee, 0x31ce, 0x31ee, 0x31ee, 0x31ee, 0x31ee, 0x31ce, 0x29cd, 0x29cd, 0x31ed,
  0x31ee, 0x31ed, 0x29ed, 0x29cd, 0x29cd, 0x29cd, 0x29cd, 0x31ee, 0x29cd, 0x29ac, 0x29ac, 0x29ac,
  0x29ad, 0x29cd, 0x29ce, 0x320e, 0x320e, 0x320e, 0x320e, 0x320e, 0x320f, 0x320f, 0x8c96, 0xc61a,
  0x29ce, 0x320f, 0x3210, 0x3230, 0x322f, 0x320f, 0x218d, 0x218d, 0x218d, 0x216c, 0x216c, 0x216c,
  0x218c, 0x218c, 0x216b, 0x216c, 0x216c, 0x216b, 0x216b, 0x216c, 0x216c, 0x216c, 0x218c, 0x218c,
  0x218c, 0x218c, 0x218c, 0x21ac, 0x29ac, 0x29ad, 0x29ad, 0x218c, 0x29ad, 0x29ad, 0x29ad, 0x29ad,
  0x29cd, 0x29cd, 0x29ce, 0x31ee, 0x31ee, 0x31ee, 0x31ee, 0x320e, 0x3a2f, 0x3a4f, 0x3a2f, 0x320f,
  0x3a2f, 0x322f, 0x3a2f, 0x3a2f, 0x3a2f, 0x3a50, 0x31ee, 0x320f, 0x4290, 0x4ad1, 0x3a50, 0x4270,
  0x4270, 0x4271, 0x4291, 0x4250, 0x4ab1, 0x4ab2, 0x4ad2, 0x4ad2, 0x4291, 0x4270, 0x52f2, 0x5b54,
  0x5b33, 0x4ab1, 0x4a91, 0x4ab1, 0x5b13, 0x4ab2, 0x4ab2, 0x4ad2, 0x4ad2, 0x4ab1, 0x52d2, 0x52f2,
  0x52f2, 0x52f2, 0x5b12, 0x5b12, 0x52f2, 0x52f2, 0x52d2, 0x52d1, 0x52d1, 0x52d1, 0x52d1, 0x52d1,
  0x5b12, 0x5b32, 0x5b32, 0x5b32, 0x5b12, 0x5312, 0x52f1, 0x5b32, 0x5b32, 0x5b33, 0x5b32, 0x5b53,
  0x6353, 0x6352, 0x6353, 0x6353, 0x6373, 0x6353, 0x6353, 0x6353, 0x6352, 0x6353, 0x6373, 0x6353,
  0x6353, 0x6352, 0x6353, 0x6373, 0x6373, 0x6353, 0x6353, 0x5b12, 0x52f1, 0x5b32, 0x5b32, 0x5b12,
  0x6373, 0x6353, 0x6373, 0x6373, 0x5b12, 0x5b12, 0x52f2, 0x52d1, 0x52d2, 0x52f2, 0x52d2, 0x52f2,
  0x5b12, 0x5b12, 0x5af2, 0x52f1, 0x5af2, 0x5b12, 0x52f2, 0x4a90, 0x4290, 0x4ab1, 0x4ab1, 0x4ab1,
  0x4ab1, 0x4ab1, 0x4ab1, 0x4ab1, 0x4ab1, 0x4a91, 0x4a91, 0x5313, 0x4ab1, 0x4ab1, 0x4291, 0x4a91,
  0x4270, 0x4271, 0x4271, 0x4271, 0x4270, 0x4270, 0x4271, 0x4270, 0x4270, 0x4270, 0x4290, 0x4250,
  0x4270, 0x4291, 0x4291, 0x4270, 0x3a2f, 0x3a50, 0x3a50, 0x3a2f, 0x3a4f, 0x3a2f, 0x31ee, 0x31cd,
  0x31ee, 0x31ee, 0x31cd, 0x31cd, 0x3a2f, 0x3a2f, 0x31ed, 0x31ed, 0x31ed, 0x31cd, 0x3a2e, 0x3a4f,
  0x3a0e, 0x31ee, 0x31cd, 0x31cd, 0x31cd, 0x31cd, 0x31cd, 0x31cd, 0x29ad, 0x29ad, 0x29cd, 0x31cd,
  0x29cd, 0x29cd, 0x29cd, 0x29ac, 0x29ac, 0x29ac, 0x298c, 0x29ac, 0x29ac, 0x29ac, 0x29ac, 0x218c,
  0x218c, 0x218c, 0x29ad, 0x29cd, 0x29cd, 0x29cd, 0x29cd, 0x29cd, 0x29ce, 0x31ee, 0x29ce, 0x29cd,
  0x320f, 0x31ef, 0x31ef, 0x29cf, 0x320f, 0x31ef, 0x29ad, 0x29ad, 0x218d, 0x216c, 0x31ee, 0x29cd,
  0x218c, 0x218c, 0x218c, 0x298d, 0x29ad, 0x29ad, 0x29ad, 0x29ad, 0x29ad, 0x29ad, 0x29ce, 0x29ad,
  0x29ae, 0x29ae, 0x29ae, 0x29ad, 0x29ad, 0x29ce, 0x320f, 0x3a0f, 0x31ef, 0x320f, 0x31ce, 0x31ee,
  0x31ef, 0x320f, 0x3a0f, 0x3a0f, 0x3a0f, 0x320f, 0x3a0f, 0x3a0f, 0x4271, 0x4270, 0x3a50, 0x3a30,
  0x4270, 0x3a30, 0x3a2f, 0x52d1, 0x3a2f, 0x320e, 0x3a2f, 0x4270, 0x4271, 0x4271, 0x4291, 0x4271,
  0x4a92, 0x4291, 0x4ab2, 0x4291, 0x4a91, 0x4a91, 0x4a92, 0x52f3, 0x52d2, 0x4a92, 0x5313, 0x5b33,
  0x52d2, 0x4a91, 0x4a91, 0x52d2, 0x52f2, 0x52f3, 0x52f3, 0x5313, 0x52f3, 0x5af3, 0x5b13, 0x5af3,
  0x5b13, 0x5b33, 0x6333, 0x6353, 0x6353, 0x5af3, 0x5b13, 0x5b13, 0x6334, 0x6334, 0x5b33, 0x5b33,
  0x6334, 0x6354, 0x6354, 0x5b34, 0x6354, 0x6354, 0x5b13, 0x5b33, 0x6374, 0x6b95, 0x6374, 0x6374,
  0x6bb4, 0x6b94, 0x6b94, 0x6b94, 0x6bb4, 0x6374, 0x6374, 0x6394, 0x6b94, 0x6b94, 0x6b94, 0x6374,
  0x6354, 0x6394, 0x6b94, 0x6b94, 0x6b95, 0x6354, 0x6b95, 0x6374, 0x6bb5, 0x6bb5, 0x6374, 0x6374,
  0x6b94, 0x6b94, 0x6b94, 0x6bb4, 0x6374, 0x6354, 0x5b13, 0x5b13, 0x5b13, 0x5b33, 0x6354, 0x5b33,
  0x5b33, 0x6354, 0x5b33, 0x5b33, 0x5b13, 0x5b13, 0x6354, 0x5b33, 0x5b33, 0x52f2, 0x4ab2, 0x52f2,
  0x6353, 0x52d2, 0x52d2, 0x52f3, 0x5b13, 0x52d2, 0x52f2, 0x5b13, 0x5b13, 0x5313, 0x52b2, 0x52d2,
  0x52b2, 0x52b2, 0x52d2, 0x4a91, 0x52d2, 0x4ab1, 0x4271, 0x4250, 0x4271, 0x4a91, 0x4270, 0x3a2f,
  0x3a2f, 0x4a91, 0x52f2, 0x4270, 0x4271, 0x4250, 0x4250, 0x4250, 0x4250, 0x3a0f, 0x3a0f, 0x3a0f,
  0x3a0f, 0x3a0f, 0x3a2f, 0x3a2f, 0x3a2f, 0x4250, 0x3a2f, 0x3a0f, 0x424f, 0x4250, 0x3a2f, 0x3a2f,
  0x3a2f, 0x3a2f, 0x3a0f, 0x320f, 0x3a0f, 0x31ee, 0x3a0f, 0x3a0f, 0x31ee, 0x31ee, 0x31ee, 0x31ee,
  0x31ee, 0x31ee, 0x31cd, 0x31cd, 0x31cd, 0x31ce, 0x31ee, 0x31cd, 0x31cd, 0x29ad, 0x31ed, 0x31cd,
  0x29ad, 0x29cd, 0x29ad, 0x31cd, 0x29ad, 0x29ad, 0x320e, 0x320e, 0x29ce, 0x31ee, 0x29ce, 0x31ee,
  0x21ad, 0x29ae, 0x29ae, 0x218e, 0x29ae, 0x29ae, 0x216c, 0x194b, 0x194b, 0x214b, 0x29ad, 0x218c,
  0x214b, 0x214b, 0x214c, 0x214c, 0x218d, 0x216c, 0x218d, 0x216c, 0x218c, 0x298d, 0x29ad, 0x298d,
  0x29ad, 0x29ad, 0x218d, 0x298d, 0x29ad, 0x29ad, 0x31ce, 0x31ee, 0x31ce, 0x29ad, 0x298d, 0x29ce,
  0x31ce, 0x29ce, 0x31ce, 0x31ce, 0x31cd, 0x31ef, 0x31ef, 0x31ef, 0x3a10, 0x31ef, 0x31ef, 0x320f,
  0x320f, 0x320f, 0x320f, 0x320f, 0x31ef, 0x320f, 0x3a30, 0x3a30, 0x3a30, 0x3a30, 0x3a30, 0x3a30,
  0x3a30, 0x3a30, 0x4291, 0x4250, 0x4250, 0x4250, 0x4271, 0x4271, 0x4271, 0x4a71, 0x4ab2, 0x4271,
  0x4251, 0x4251, 0x4230, 0x4a91, 0x4a71, 0x4a91, 0x4a91, 0x4a91, 0x4271, 0x4a92, 0x4a91, 0x4a92,
  0x52d2, 0x52d2, 0x52f2, 0x52b1, 0x52d2, 0x52b1, 0x4ab1, 0x4ab2, 0x52d2, 0x52d2, 0x52d2, 0x5b13,
  0x5af3, 0x5b13, 0x5b13, 0x5b13, 0x5b13, 0x5b13, 0x52d2, 0x52d2, 0x5b34, 0x5b13, 0x52f2, 0x5313,
  0x6354, 0x5b13, 0x5313, 0x6354, 0x5b33, 0x5b13, 0x6354, 0x5b33, 0x5313, 0x6354, 0x5b33, 0x5b13,
  0x5b34, 0x52f3, 0x5b34, 0x6354, 0x5b13, 0x5b34, 0x6354, 0x5b34, 0x6394, 0x6b95, 0x5b13, 0x5b13,
  0x5b13, 0x5b33, 0x5b33, 0x6374, 0x5af3, 0x5af3, 0x52b2, 0x52b2, 0x52b2, 0x52d2, 0x5af3, 0x52d2,
  0x52b2, 0x4ab1, 0x4a91, 0x5af3, 0x52b2, 0x52d2, 0x5af3, 0x52d2, 0x4ab1, 0x4a91, 0x4ab1, 0x4a91,
  0x4ab1, 0x4a71, 0x4270, 0x4a91, 0x52d2, 0x4a91, 0x4a71, 0x4250, 0x4250, 0x4a91, 0x4250, 0x4270,
  0x4250, 0x4251, 0x4271, 0x4271, 0x4a91, 0x4271, 0x4250, 0x4230, 0x4ad2, 0x4a70, 0x3a0f, 0x4230,
  0x3a0f, 0x3a2f, 0x4250, 0x39ef, 0x4270, 0x31ee, 0x31ce, 0x3a10, 0x3a0f, 0x31ef, 0x31ef, 0x31ef,
  0x31ce, 0x31ce, 0x3a2f, 0x31ee, 0x31ee, 0x31ee, 0x31ee, 0x31ee, 0x31ee, 0x3a0f, 0x31ce, 0x31cd,
  0x31ee, 0x31ce, 0x31ce, 0x31ce, 0x29cd, 0x31cd, 0x31cd, 0x31cd, 0x29cd, 0x31cd, 0x29ad, 0x29cd,
  0x31cd, 0x298d, 0x298c, 0x29ac, 0x29ad, 0x29ad, 0x29ad, 0x298c, 0x218c, 0x298c, 0x298c, 0x298c,
  0x218c, 0x298c, 0x216c, 0x298c, 0x298c, 0x218c, 0x29ad, 0x218c, 0x218c, 0x298d, 0x29ad, 0x29ae,
  0x29ad, 0x29ad, 0x21ad, 0x218d, 0x29ce, 0x216c, 0x192a, 0x194a, 0x194b, 0x194b, 0x194b, 0x194b,
  0x194b, 0x216b, 0x216b, 0x216b, 0x216c, 0x29ad, 0x216c, 0x216c, 0x218c, 0x218c, 0x218d, 0x218d,
  0x218c, 0x218c, 0x218c, 0x298c, 0x29ac, 0x29ad, 0x29cd, 0x29cd, 0x29ac, 0x29ac, 0x29ad, 0x29ad,
  0x29cd, 0x29ad, 0x29ad, 0x29ad, 0x31ee, 0x31ee, 0x31ee, 0x31ee, 0x31ee, 0x31ce, 0x31ef, 0x31ee,
  0x31ef, 0x3a30, 0x31ef, 0x31ef, 0x31ef, 0x3a50, 0x3a2f, 0x3a10, 0x3a50, 0x3a30, 0x3a51, 0x3a51,
  0x3a30, 0x3a50, 0x3a30, 0x4250, 0x3a2f, 0x3a2f, 0x4270, 0x4271, 0x4271, 0x4271, 0x4271, 0x4250,
  0x4251, 0x4271, 0x4271, 0x4a91, 0x4271, 0x4a91, 0x4271, 0x4a91, 0x4a91, 0x4a91, 0x4ab2, 0x4ab2,
  0x4ab2, 0x4ab2, 0x4ab1, 0x4a91, 0x4a90, 0x52d2, 0x4a70, 0x4a91, 0x52b1, 0x52b1, 0x52f2, 0x52d2,
  0x5b13, 0x52f2, 0x52f2, 0x5b12, 0x52d2, 0x52d2, 0x52f2, 0x52d2, 0x52d2, 0x52f2, 0x52d2, 0x52f2,
  0x5b13, 0x5b13, 0x5b13, 0x5b13, 0x5b33, 0x5b53, 0x6354, 0x5b33, 0x5b13, 0x5b13, 0x5b33, 0x5b33,
  0x6354, 0x5313, 0x5b13, 0x5b33, 0x5b33, 0x6354, 0x6354, 0x5b13, 0x5b33, 0x5b13, 0x52f2, 0x52d2,
  0x5b13, 0x5b53, 0x5b12, 0x52d1, 0x5b33, 0x52b1, 0x4a71, 0x52d2, 0x5af2, 0x5b13, 0x52f2, 0x52b1,
  0x4ab1, 0x4a90, 0x52f2, 0x52d2, 0x52b1, 0x52b1, 0x52d2, 0x4a91, 0x4270, 0x52f2, 0x52d1, 0x4250,
  0x4a70, 0x4ab1, 0x4270, 0x4a90, 0x4a91, 0x4a91, 0x4250, 0x4250, 0x4270, 0x4250, 0x4250, 0x4270,
  0x4a91, 0x4271, 0x4291, 0x4271, 0x4270, 0x4270, 0x4250, 0x4230, 0x3a2f, 0x3a0f, 0x3a0f, 0x422f,
  0x3a2f, 0x3a2f, 0x3a2f, 0x3a2f, 0x4250, 0x3a0f, 0x3a0f, 0x31ef, 0x3a30, 0x3a0f, 0x31ce, 0x31ee,
  0x31ee, 0x31ee, 0x320e, 0x3a0e, 0x31cd, 0x31cd, 0x31ee, 0x31ee, 0x31ee, 0x31ee, 0x31cd, 0x31ed,
  0x31ed, 0x31cd, 0x31cd, 0x31ed, 0x31cd, 0x31ee, 0x29ad, 0x31cd, 0x29cd, 0x29cd, 0x29cd, 0x31cd,
  0x29ac, 0x29ac, 0x29ac, 0x29ac, 0x29cd, 0x29ac, 0x298c, 0x216b, 0x29ac, 0x29ac, 0x218c, 0x298c,
  0x216c, 0x216c, 0x216c, 0x218c, 0x298c, 0x218c, 0x218c, 0x218c, 0x218c, 0x29ad, 0x29ad, 0x29ad,
  0x29ad, 0x29ce, 0x29ce, 0x194b, 0x216c, 0x216c, 0x218c, 0x216c, 0x216c, 0x216c, 0x216c, 0x218c,
  0x218c, 0x218c, 0x218c, 0x218c, 0x218d, 0x21ad, 0x31ee, 0x29ad, 0x29ad, 0x29ad, 0x29ad, 0x21ad,
  0x218d, 0x29cd, 0x29cd, 0x29cd, 0x31ee, 0x31ee, 0x322f, 0x320f, 0x31ee, 0x3a2f, 0x320f, 0x31ee,
  0x31ee, 0x31ee, 0x320f, 0x31ee, 0x320f, 0x320f, 0x31ee, 0x31ee, 0x320f, 0x3a2f, 0x3a30, 0x3a2f,
  0x3a30, 0x3a50, 0x4271, 0x4271, 0x4270, 0x3a50, 0x3a70, 0x4271, 0x3a50, 0x4270, 0x6b94, 0x4ab1,
  0x4a91, 0x4a91, 0x4291, 0x4a91, 0x4ab1, 0x4ad1, 0x4a91, 0x4ab1, 0x4ad2, 0x52f2, 0x4ad2, 0x4a91,
  0x4a91, 0x4ab1, 0x4ab1, 0x52d2, 0x4ad2, 0x4ab1, 0x4ab1, 0x52f2, 0x52d2, 0x4ab1, 0x4270, 0x4ab1,
  0x6374, 0x5b12, 0x52d1, 0x52d1, 0x52d1, 0x52d1, 0x52f1, 0x5b11, 0x5b11, 0x6352, 0x6372, 0x52d1,
  0x4ab0, 0x5b32, 0x6373, 0x6353, 0x6353, 0x6373, 0x6373, 0x6bb4, 0x73d4, 0x6bb4, 0x6bb4, 0x6bd4,
  0x6b94, 0x6b93, 0x6bb4, 0x6bb4, 0x6373, 0x6bb4, 0x73f5, 0x6bb4, 0x6bb4, 0x6bb4, 0x6373, 0x6b94,
  0x73d5, 0x6bb4, 0x6bb4, 0x6b94, 0x6373, 0x73d5, 0x73d5, 0x7c15, 0x6b93, 0x6b92, 0x8456, 0x73b4,
  0x73d4, 0x73d4, 0x6bb4, 0x6352, 0x6bb4, 0x6352, 0x5b32, 0x5b32, 0x5b32, 0x5311, 0x5b12, 0x6373,
  0x6352, 0x6352, 0x6b93, 0x6b93, 0x6352, 0x6352, 0x73f5, 0x6332, 0x52f1, 0x52f1, 0x5b12, 0x5b12,
  0x5b12, 0x5b12, 0x5b32, 0x5b33, 0x52f2, 0x5b12, 0x52f2, 0x4ab1, 0x4ad1, 0x4ad1, 0x52d1, 0x4ab1,
  0x4270, 0x5b32, 0x73d5, 0x4291, 0x4a91, 0x4271, 0x4ad1, 0x4ad1, 0x4250, 0x4250, 0x4250, 0x4270,
  0x5b32, 0x4290, 0x4270, 0x4270, 0x4ab1, 0x4ad1, 0x4a90, 0x4270, 0x3a2f, 0x5b33, 0x4ab1, 0x3a4f,
  0x3a4f, 0x3a2f, 0x3a4f, 0x3a2f, 0x424f, 0x3a0e, 0x31ee, 0x3a2f, 0x3a2f, 0x320e, 0x3a2f, 0x3a4f,
  0x3a2f, 0x3a2e, 0x320e, 0x3a0e, 0x3a4f, 0x3a2f, 0x31ee, 0x320e, 0x320e, 0x31ed, 0x31cd, 0x29cd,
  0x31cd, 0x31cd, 0x29cd, 0x29cd, 0x31cd, 0x29cd, 0x29cd, 0x31cd, 0x29cd, 0x29ac, 0x298c, 0x298c,
  0x218c, 0x3a2f, 0x29cd, 0x29ac, 0x218c, 0x29ad, 0x29cd, 0x29ad, 0x29ad, 0x29cd, 0x29cd, 0x29cd,
  0x192a, 0x194b, 0x194b, 0x192a, 0x192a, 0x192b, 0x194b, 0x194b, 0x194b, 0x196c, 0x216c, 0x216c,
  0x216c, 0x218d, 0x218d, 0x218d, 0x218d, 0x216c, 0x216c, 0x216c, 0x216c, 0x216c, 0x216c, 0x216c,
  0x216c, 0x218d, 0x298d, 0x218c, 0x218d, 0x218d, 0x29ad, 0x298d, 0x29ce, 0x29ce, 0x29ce, 0x29ce,
  0x29ce, 0x29ce, 0x31ee, 0x29ce, 0x29ce, 0x29ce, 0x29ce, 0x29ce, 0x31ef, 0x31ef, 0x31ef, 0x31ef,
  0x31ef, 0x3230, 0x3a51, 0x3a71, 0x3a31, 0x3a30, 0x3a51, 0x3a71, 0x3a51, 0x3a71, 0x4ad3, 0x4ab2,
  0x4292, 0x4271, 0x4ad3, 0x4af3, 0x4af3, 0x4ab2, 0x4292, 0x4291, 0x4ab2, 0x4271, 0x4a91, 0x4a91,
  0x4271, 0x4a91, 0x4a91, 0x4a91, 0x4271, 0x4a91, 0x4ab2, 0x4ab2, 0x4ab2, 0x4ad2, 0x52d3, 0x52f2,
  0x52f3, 0x5b13, 0x52f2, 0x4ad2, 0x52f3, 0x5313, 0x5b33, 0x5b13, 0x5b13, 0x5b13, 0x5b13, 0x5b34,
  0x5b34, 0x5313, 0x5313, 0x5313, 0x52f3, 0x52f3, 0x5313, 0x5313, 0x5b33, 0x5b13, 0x5313, 0x5313,
  0x5b54, 0x6354, 0x6374, 0x6354, 0x5b54, 0x6354, 0x6375, 0x6395, 0x6374, 0x6354, 0x5b54, 0x5b54,
  0x6374, 0x6374, 0x6374, 0x6354, 0x5b54, 0x6354, 0x6b95, 0x6394, 0x5b53, 0x5b33, 0x5b33, 0x5b33,
  0x5313, 0x5313, 0x5313, 0x52f3, 0x5313, 0x5313, 0x52f3, 0x52f2, 0x52f3, 0x5313, 0x5313, 0x5313,
  0x52f3, 0x52f2, 0x52f2, 0x52f3, 0x52f2, 0x52d2, 0x52f2, 0x52d2, 0x4ad2, 0x4ad2, 0x52d2, 0x4ab2,
  0x4ab2, 0x4ab2, 0x4ab2, 0x4ab1, 0x4ab2, 0x4291, 0x4271, 0x4ab2, 0x52d2, 0x4ab2, 0x4a91, 0x4ab2,
  0x4ab2, 0x4ab1, 0x4ad2, 0x4ab2, 0x4271, 0x4291, 0x4a91, 0x4270, 0x4ad2, 0x4a91, 0x4271, 0x4271,
  0x4ab2, 0x4270, 0x4250, 0x4270, 0x4291, 0x4291, 0x4270, 0x4271, 0x3a30, 0x3a10, 0x3a30, 0x3a30,
  0x3a2f, 0x320f, 0x320e, 0x31ee, 0x31ee, 0x31ee, 0x31ce, 0x31ce, 0x320f, 0x31ee, 0x3a2f, 0x3a0f,
  0x320f, 0x320f, 0x31ee, 0x31ee, 0x31ce, 0x31ce, 0x29ce, 0x29cd, 0x29ad, 0x29ad, 0x218c, 0x29ad,
  0x29ad, 0x29ad, 0x298c, 0x298c, 0x29ac, 0x298c, 0x29ad, 0x29ad, 0x29ad, 0x218c, 0x298c, 0x218c,
  0x216b, 0x218c, 0x216c, 0x216b, 0x214b, 0x216c, 0x216b, 0x216c, 0x218c, 0x218c, 0x218c, 0x218c,
  0x1909, 0x1909, 0x192a, 0x190a, 0x190a, 0x190a, 0x192a, 0x192a, 0x192a, 0x192a, 0x192a, 0x192a,
  0x192b, 0x216c, 0x194b, 0x194b, 0x194b, 0x194b, 0x194b, 0x216b, 0x216b, 0x216b, 0x218c, 0x218c,
  0x216c, 0x218c, 0x218c, 0x218c, 0x29ad, 0x29ad, 0x216c, 0x298d, 0x29ad, 0x29ad, 0x29ad, 0x29ad,
  0x29ce, 0x31ef, 0x31ee, 0x31ce, 0x31ce, 0x29cd, 0x29ce, 0x29ce, 0x29ce, 0x320f, 0x31ef, 0x31ee,
  0x3a30, 0x3a51, 0x3230, 0x3230, 0x3a30, 0x3a30, 0x3a30, 0x4271, 0x3a51, 0x3a51, 0x3a72, 0x4272,
  0x3a71, 0x3a71, 0x4af3, 0x42d3, 0x42b2, 0x4292, 0x4271, 0x4271, 0x4ab2, 0x3a51, 0x4251, 0x4251,
  0x4251, 0x4271, 0x4271, 0x4291, 0x4291, 0x4291, 0x4271, 0x4a91, 0x52d2, 0x4291, 0x4ab2, 0x4a92,
  0x52d3, 0x52f3, 0x5313, 0x52f2, 0x52f3, 0x5334, 0x5313, 0x5b33, 0x5b33, 0x5b33, 0x5b13, 0x5b34,
  0x52f3, 0x5313, 0x5b54, 0x5b33, 0x5313, 0x5313, 0x5b54, 0x5b13, 0x5b33, 0x5b33, 0x5b33, 0x5b54,
  0x5b74, 0x5b34, 0x4ad3, 0x52f3, 0x5b33, 0x5313, 0x5313, 0x5b54, 0x4ad3, 0x52f3, 0x5b33, 0x5313,
  0x5313, 0x52f3, 0x52d3, 0x5b33, 0x5b13, 0x52f3, 0x5b54, 0x6395, 0x6395, 0x6395, 0x6374, 0x6394,
  0x6374, 0x5313, 0x5b34, 0x5b54, 0x52f3, 0x5313, 0x5b13, 0x52d2, 0x52f3, 0x5b34, 0x5b54, 0x52f2,
  0x5313, 0x52f3, 0x4ad2, 0x5b54, 0x5b13, 0x4ad2, 0x52f3, 0x52d2, 0x5313, 0x52f3, 0x52f3, 0x5b33,
  0x52f3, 0x52f3, 0x4ad2, 0x4a91, 0x52f2, 0x4271, 0x4271, 0x4a91, 0x4ab2, 0x4ab2, 0x4291, 0x5313,
  0x52f3, 0x4ad3, 0x4ad2, 0x4ad2, 0x4ab2, 0x4291, 0x4271, 0x4251, 0x4ad3, 0x4292, 0x4271, 0x4271,
  0x4271, 0x4271, 0x4271, 0x4250, 0x4271, 0x4291, 0x4270, 0x4270, 0x3a30, 0x3a30, 0x3a0f, 0x3a30,
  0x3a0f, 0x320e, 0x320f, 0x31ee, 0x31ce, 0x31ee, 0x31ee, 0x31cd, 0x31ce, 0x29cd, 0x29ad, 0x29ad,
  0x29cd, 0x29ad, 0x31ce, 0x320f, 0x29cd, 0x29cd, 0x29cd, 0x29cd, 0x29ac, 0x29ad, 0x29ad, 0x29ad,
  0x29ad, 0x298c, 0x298c, 0x29ac, 0x29ad, 0x29ad, 0x29cd, 0x29ac, 0x298c, 0x218c, 0x298c, 0x216c,
  0x214b, 0x214b, 0x216b, 0x216b, 0x216b, 0x216c, 0x218c, 0x29ac, 0x298c, 0x218c, 0x216b, 0x214b,
  0x192a, 0x192a, 0x192a, 0x190a, 0x192a, 0x192a, 0x192a, 0x192a, 0x192a, 0x192a, 0x194b, 0x194b,
  0x216b, 0x216c, 0x216c, 0x216c, 0x196b, 0x216b, 0x216c, 0x218c, 0x218c, 0x218c, 0x218c, 0x218d,
  0x218d, 0x298d, 0x29ad, 0x29ad, 0x29ad, 0x29ad, 0x29ad, 0x29ad, 0x29ad, 0x29ad, 0x29ad, 0x29ad,
  0x29ce, 0x31ee, 0x31ee, 0x31ee, 0x320e, 0x3a2f, 0x320f, 0x3a30, 0x3a50, 0x3230, 0x3230, 0x3a50,
  0x3a51, 0x3a51, 0x3a71, 0x3a71, 0x3a51, 0x3a51, 0x4292, 0x3a71, 0x3a71, 0x3a92, 0x3a71, 0x4291,
  0x4292, 0x4292, 0x42b2, 0x4af3, 0x52f3, 0x4ad3, 0x4ad2, 0x4ad3, 0x4ab2, 0x4ad2, 0x4ab2, 0x4ad2,
  0x4ad2, 0x52d2, 0x4ab1, 0x52d2, 0x52f2, 0x4ab1, 0x4ab1, 0x52d2, 0x52f2, 0x4ad2, 0x52f2, 0x52f2,
  0x5b33, 0x5b33, 0x5b13, 0x5b13, 0x5b33, 0x6374, 0x6b94, 0x6bb4, 0x6b74, 0x6373, 0x6374, 0x6374,
  0x6374, 0x6374, 0x6374, 0x6373, 0x6374, 0x6373, 0x6373, 0x6373, 0x6bb5, 0x6b94, 0x5b53, 0x5b53,
  0x6374, 0x6374, 0x5b34, 0x6354, 0x6354, 0x6354, 0x6bb5, 0x6394, 0x5b33, 0x6354, 0x6354, 0x5b54,
  0x6394, 0x5b33, 0x5b54, 0x6354, 0x5b53, 0x6374, 0x6bb5, 0x6bd5, 0x73f5, 0x6bd5, 0x6bd5, 0x6bb4,
  0x6bb4, 0x6394, 0x6394, 0x6b94, 0x6b94, 0x6373, 0x6353, 0x6353, 0x6353, 0x6373, 0x6b94, 0x6353,
  0x5b33, 0x5b12, 0x5b12, 0x6374, 0x5b53, 0x5b33, 0x5b53, 0x5b53, 0x5b33, 0x5b53, 0x5b33, 0x6374,
  0x5b33, 0x5b13, 0x5312, 0x5313, 0x52f2, 0x4ad2, 0x4ad2, 0x4ab1, 0x52f2, 0x4ad2, 0x4a91, 0x4a91,
  0x4ad2, 0x52f2, 0x52f2, 0x52f2, 0x52f2, 0x4ab1, 0x4ad2, 0x52f2, 0x4291, 0x4291, 0x4ab2, 0x52d2,
  0x4270, 0x4ab1, 0x4ab1, 0x4291, 0x4a91, 0x4290, 0x4270, 0x4250, 0x4291, 0x4291, 0x4250, 0x3a2f,
  0x3a0f, 0x3a0e, 0x3a0e, 0x31ee, 0x31ee, 0x3a0e, 0x3a0e, 0x31ee, 0x31ee, 0x320e, 0x31ee, 0x31ed,
  0x320e, 0x320e, 0x320e, 0x3a2f, 0x3a50, 0x31ee, 0x31ee, 0x29cd, 0x31ed, 0x29ad, 0x29cd, 0x31ed,
  0x298c, 0x29ac, 0x29ac, 0x29ac, 0x29ac, 0x29ad, 0x29ad, 0x298c, 0x29ac, 0x29ac, 0x218c, 0x216c,
  0x216c, 0x216c, 0x218c, 0x216b, 0x216b, 0x218c, 0x218c, 0x29ac, 0x298c, 0x218c, 0x218c, 0x216c,
  0x1909, 0x1909, 0x1909, 0x1909, 0x190a, 0x192a, 0x192a, 0x192a, 0x192a, 0x192a, 0x194b, 0x192b,
  0x192b, 0x194b, 0x216c, 0x214b, 0x216b, 0x216c, 0x218c, 0x216c, 0x218c, 0x216c, 0x216b, 0x218c,
  0x218c, 0x216c, 0x29ad, 0x218c, 0x216c, 0x218c, 0x29ad, 0x29ad, 0x29ad, 0x29ad, 0x29ad, 0x29cd,
  0x29ad, 0x31ee, 0x29ce, 0x31ee, 0x320f, 0x322f, 0x320f, 0x3a50, 0x3a2f, 0x3a2f, 0x3a50, 0x3a70,
  0x3a50, 0x3a30, 0x4270, 0x3a50, 0x3a50, 0x4271, 0x4291, 0x4271, 0x3a50, 0x4291, 0x3a71, 0x4af2,
  0x4292, 0x42b2, 0x4291, 0x5b33, 0x4ad2, 0x4ad2, 0x4ad2, 0x52f2, 0x52f2, 0x5312, 0x52f2, 0x52f2,
  0x5312, 0x52d1, 0x4ab1, 0x52d1, 0x4ab1, 0x4a90, 0x52d1, 0x52d1, 0x4ad1, 0x52d1, 0x5312, 0x5312,
  0x52f2, 0x5312, 0x52f1, 0x52f1, 0x5312, 0x6353, 0x6352, 0x5b32, 0x5b32, 0x6332, 0x5b32, 0x5b32,
  0x5b52, 0x5b32, 0x5b52, 0x6352, 0x5b32, 0x5b32, 0x5b32, 0x6352, 0x6372, 0x6352, 0x5b32, 0x6352,
  0x5b52, 0x5b12, 0x5b32, 0x5b12, 0x52f2, 0x5b32, 0x5b33, 0x5312, 0x5b32, 0x5b12, 0x52f2, 0x5b12,
  0x5b33, 0x5b12, 0x5b32, 0x5312, 0x5b12, 0x5b33, 0x5b13, 0x6394, 0x6bd4, 0x6393, 0x5b32, 0x6373,
  0x6353, 0x6352, 0x5b32, 0x5b53, 0x5b32, 0x52f1, 0x5b12, 0x5b12, 0x5b11, 0x52f1, 0x5b11, 0x52f1,
  0x52f1, 0x5af1, 0x5b12, 0x5b32, 0x5b32, 0x5b12, 0x5b12, 0x52f1, 0x52d1, 0x5312, 0x52f2, 0x5b12,
  0x52d1, 0x5b12, 0x52d1, 0x52f1, 0x52d1, 0x4ab1, 0x4ab1, 0x4ab1, 0x5b12, 0x4ab0, 0x4a90, 0x4a90,
  0x4a90, 0x5b32, 0x52f2, 0x5312, 0x52d1, 0x4ab1, 0x4ad1, 0x52f2, 0x4ab1, 0x4ab1, 0x4ab1, 0x4ab1,
  0x4a90, 0x4ab1, 0x3a2f, 0x426f, 0x4270, 0x4270, 0x4270, 0x4270, 0x4270, 0x424f, 0x3a0f, 0x3a2e,
  0x3a0e, 0x320e, 0x3a2e, 0x3a2e, 0x31cd, 0x31ee, 0x3a0e, 0x31ee, 0x31ee, 0x31ee, 0x31ee, 0x31cd,
  0x320e, 0x3a2e, 0x320e, 0x31ee, 0x3a0e, 0x31ee, 0x31cd, 0x29ac, 0x31cd, 0x31cd, 0x31ed, 0x29cc,
  0x29ac, 0x298c, 0x298b, 0x216b, 0x218b, 0x298b, 0x216b, 0x212a, 0x216b, 0x216c, 0x216b, 0x216c,
  0x216b, 0x214b, 0x214b, 0x214b, 0x216b, 0x216b, 0x216b, 0x214b, 0x216b, 0x216b, 0x216b, 0x214b,
  0x10e9, 0x10e9, 0x10e9, 0x1109, 0x1109, 0x1909, 0x190a, 0x192a, 0x190a, 0x190a, 0x192a, 0x192a,
  0x192a, 0x192a, 0x192b, 0x192b, 0x194b, 0x214b, 0x194b, 0x194b, 0x214b, 0x194b, 0x214c, 0x214c,
  0x216c, 0x298d, 0x216c, 0x216c, 0x216c, 0x216c, 0x218c, 0x218d, 0x298d, 0x298d, 0x29ad, 0x29ad,
  0x29ad, 0x29ce, 0x31ee, 0x31ef, 0x31ef, 0x31ee, 0x31ee, 0x31ef, 0x29ce, 0x320f, 0x320f, 0x3210,
  0x3210, 0x3230, 0x3230, 0x3230, 0x3a51, 0x3a51, 0x3a51, 0x3a51, 0x4271, 0x3a72, 0x4271, 0x4292,
  0x3a71, 0x3a71, 0x4292, 0x42b2, 0x42b2, 0x42b2, 0x4ab2, 0x4ad3, 0x4ad2, 0x4ab2, 0x4ab2, 0x4ab2,
  0x4ab2, 0x4271, 0x4291, 0x4a91, 0x4291, 0x4291, 0x4ab1, 0x4ab1, 0x4ab2, 0x4ad2, 0x4ad2, 0x4ad2,
  0x52d2, 0x4ad2, 0x4ad2, 0x52d2, 0x52d2, 0x5313, 0x5b33, 0x5b13, 0x5b33, 0x5b13, 0x5312, 0x5b13,
  0x5b13, 0x5b13, 0x5b33, 0x5b33, 0x5b33, 0x5b33, 0x5b33, 0x6353, 0x6353, 0x5b33, 0x5b33, 0x5b33,
  0x5313, 0x5313, 0x5b33, 0x52f3, 0x52f3, 0x5313, 0x5b33, 0x5313, 0x5b33, 0x52f3, 0x52f3, 0x5313,
  0x5b13, 0x5b33, 0x5313, 0x52f3, 0x5313, 0x5b13, 0x5b33, 0x5b33, 0x5b33, 0x5b33, 0x5b13, 0x5b33,
  0x5b13, 0x5312, 0x52f2, 0x52f2, 0x52d2, 0x52f2, 0x52f2, 0x52f2, 0x52d2, 0x52d2, 0x52d2, 0x52f2,
  0x52f2, 0x52f2, 0x52f2, 0x52f2, 0x52f2, 0x52d2, 0x52d2, 0x52b1, 0x52b1, 0x4ad2, 0x4ad2, 0x4ad2,
  0x4ad2, 0x4ab1, 0x4a91, 0x4a91, 0x4a91, 0x4291, 0x4a91, 0x4a91, 0x4ab1, 0x4271, 0x4291, 0x4271,
  0x4271, 0x4ab2, 0x4291, 0x4ad2, 0x4271, 0x4250, 0x4270, 0x4250, 0x3a50, 0x52d2, 0x4250, 0x4270,
  0x4270, 0x4270, 0x3a2f, 0x3a2f, 0x3a2f, 0x3a50, 0x3a4f, 0x4250, 0x4250, 0x3a0f, 0x3a0f, 0x3a0f,
  0x3a0f, 0x31ee, 0x31ee, 0x320e, 0x31ee, 0x31ee, 0x3a0f, 0x31ee, 0x31ce, 0x31ce, 0x31ce, 0x31ce,
  0x31ee, 0x31ee, 0x29cd, 0x29ad, 0x29cd, 0x29cd, 0x298c, 0x29ad, 0x298c, 0x218c, 0x298c, 0x216b,
  0x216b, 0x216b, 0x214b, 0x214b, 0x214b, 0x216b, 0x216b, 0x192a, 0x216b, 0x194b, 0x214b, 0x214b,
  0x216b, 0x214b, 0x214b, 0x216b, 0x214b, 0x214b, 0x214b, 0x214b, 0x216b, 0x216b, 0x214b, 0x194b,
  0x10e8, 0x10c8, 0x10e8, 0x10e9, 0x10e9, 0x10e9, 0x1109, 0x1109, 0x1909, 0x1909, 0x1909, 0x190a,
  0x192a, 0x192a, 0x192a, 0x194b, 0x192b, 0x192a, 0x192b, 0x192b, 0x192a, 0x192b, 0x214b, 0x214b,
  0x216b, 0x218c, 0x214b, 0x216b, 0x298b, 0x218b, 0x216c, 0x218c, 0x298c, 0x29ac, 0x29ac, 0x29ac,
  0x298c, 0x298c, 0x29ad, 0x29ce, 0x31ee, 0x31ee, 0x31ee, 0x31ee, 0x31ee, 0x3a0f, 0x31ee, 0x31ee,
  0x320f, 0x320f, 0x31ef, 0x320f, 0x320f, 0x322f, 0x3a50, 0x3a50, 0x4271, 0x4271, 0x3a70, 0x3a50,
  0x3a50, 0x4291, 0x4271, 0x3a71, 0x4291, 0x4291, 0x4ab2, 0x4ad2, 0x4ab2, 0x4291, 0x4291, 0x4271,
  0x4271, 0x4270, 0x4270, 0x4270, 0x4291, 0x4290, 0x4270, 0x4a91, 0x52d1, 0x52d2, 0x52f2, 0x52f2,
  0x52d2, 0x52d2, 0x52d2, 0x52d2, 0x52f2, 0x52f2, 0x5313, 0x5b13, 0x5b33, 0x5b33, 0x5b33, 0x5b33,
  0x5b33, 0x5b33, 0x5b33, 0x5b33, 0x5b33, 0x5b33, 0x5b33, 0x6373, 0x6353, 0x5b53, 0x5b53, 0x5b53,
  0x5b33, 0x5b33, 0x5313, 0x5313, 0x5312, 0x5312, 0x5b13, 0x5b33, 0x5313, 0x5313, 0x5312, 0x5312,
  0x5313, 0x5333, 0x5313, 0x5313, 0x5312, 0x5313, 0x5b33, 0x5b13, 0x52f2, 0x52f2, 0x52f2, 0x5312,
  0x5b12, 0x52f2, 0x52f2, 0x52f2, 0x52f2, 0x52f2, 0x52f2, 0x52f2, 0x52f2, 0x52d1, 0x52d1, 0x52d2,
  0x52f2, 0x52f2, 0x5b12, 0x52f2, 0x52d2, 0x52d1, 0x4ab1, 0x4ab1, 0x52b1, 0x52d1, 0x52d1, 0x52d2,
  0x52d1, 0x4ab1, 0x4a90, 0x4a90, 0x4a90, 0x4a90, 0x4a91, 0x4a91, 0x4a90, 0x4a90, 0x4ab1, 0x4a90,
  0x4270, 0x4250, 0x3a50, 0x4290, 0x4270, 0x4270, 0x424f, 0x424f, 0x424f, 0x426f, 0x4a90, 0x4ab0,
  0x4290, 0x426f, 0x424f, 0x424f, 0x424e, 0x424f, 0x426f, 0x424f, 0x424f, 0x3a2e, 0x3a2e, 0x3a2e,
  0x424e, 0x3a2e, 0x3a0e, 0x3a0e, 0x31ed, 0x31ed, 0x31cd, 0x31cd, 0x31cd, 0x31cc, 0x29ac, 0x29ac,
  0x29cc, 0x31cd, 0x29ac, 0x29ac, 0x29ac, 0x29ac, 0x29ac, 0x298c, 0x298c, 0x298b, 0x296b, 0x216b,
  0x216b, 0x298b, 0x298b, 0x298b, 0x216a, 0x214a, 0x192a, 0x192a, 0x214a, 0x216a, 0x298b, 0x298b,
  0x298b, 0x218b, 0x218b, 0x298b, 0x29ac, 0x216b, 0x216b, 0x216b, 0x216b, 0x216b, 0x214a, 0x214a,
  0xdefc, 0xdefc, 0xe71c, 0xdedc, 0xd6bb, 0xdefc, 0xdefc, 0xdefc, 0xe71d, 0xe71c, 0xe71c, 0xe73d,
  0xe73d, 0xe73d, 0xe73d, 0xe73d, 0xe73d, 0xe73d, 0xe71c, 0xe71c, 0xe71c, 0xe73d, 0xe73d, 0xe73d,
  0xe73d, 0xef5d, 0xef5d, 0xef5d, 0xef5d, 0xe71c, 0xe73d, 0xe75d, 0xe75d, 0xe75d, 0xe75d, 0xe73d,
  0xe73d, 0xe73d, 0xe73d, 0xe73d, 0xe75d, 0xef5d, 0xef5d, 0xef5d, 0xef5d, 0xef5d, 0xef5d, 0xef5d,
  0xef5d, 0xe73d, 0xe75d, 0xef5d, 0xef5d, 0xef5d, 0xef7d, 0xef7d, 0xef7d, 0xef7d, 0xef7d, 0xef7d,
  0xef5d, 0xef5d, 0xef5d, 0xef5d, 0xef5d, 0xef5d, 0xef5d, 0xef5d, 0xe75d, 0xef5d, 0xef5d, 0xef5d,
  0xef5d, 0xef5d, 0xef5d, 0xef5d, 0xef5d, 0xef5d, 0xef5d, 0xef5d, 0xef5d, 0xef7d, 0xef7e, 0xef7e,
  0xef7e, 0xef7e, 0xef7d, 0xef7d, 0xef7d, 0xef7e, 0xef7e, 0xef7e, 0xef7e, 0xef7e, 0xef7e, 0xef7e,
  0xef7e, 0xef7e, 0xef7e, 0xef7d, 0xef7e, 0xef7e, 0xef7e, 0xef7e, 0xef7e, 0xef7e, 0xef7e, 0xef7e,
  0xef7e, 0xef7e, 0xef7e, 0xef7e, 0xef7e, 0xef7e, 0xef7e, 0xef7e, 0xef7d, 0xef7d, 0xef7e, 0xef7d,
  0xef7d, 0xef7e, 0xef7d, 0xef7e, 0xef7e, 0xef7d, 0xef7d, 0xef5d, 0xef5d, 0xef5d, 0xef5d, 0xef5d,
  0xef5d, 0xef5d, 0xef7d, 0xef7e, 0xef7e, 0xef7e, 0xef7e, 0xef7e, 0xef7d, 0xef7d, 0xef7d, 0xef7e,
  0xef7e, 0xef7e, 0xef7e, 0xef7d, 0xef7d, 0xef7d, 0xef7d, 0xef7d, 0xef7d, 0xef7e, 0xef7e, 0xef7e,
  0xef7e, 0xef7e, 0xef7e, 0xef7e, 0xef7e, 0xef7e, 0xef7e, 0xef7e, 0xef7e, 0xef7e, 0xef7e, 0xef7d,
  0xef7d, 0xef7d, 0xef7d, 0xef7d, 0xef7d, 0xef7e, 0xef7e, 0xef7e, 0xef7e, 0xef7e, 0xef7e, 0xef9e,
  0xef7e, 0xef7e, 0xef7e, 0xef7e, 0xef7e, 0xef7e, 0xef7d, 0xef7d, 0xef7d, 0xef7d, 0xef7d, 0xef7d,
  0xef7d, 0xef7d, 0xef5d, 0xef7d, 0xef5d, 0xef5d, 0xef5d, 0xef7d, 0xef7d, 0xef5d, 0xe75d, 0xe75d,
  0xef5d, 0xef5d, 0xef5d, 0xef5d, 0xef5d, 0xef5d, 0xef5d, 0xef5d, 0xef5d, 0xef5d, 0xef5d, 0xef5d,
  0xef5d, 0xef5d, 0xef5d, 0xef5d, 0xef5d, 0xdefc, 0xe71c, 0xe73d, 0xe73d, 0xef5d, 0xef5d, 0xef5d,
  0xef5d, 0xef5d, 0xef5d, 0xef5d, 0xef5d, 0xe73d, 0xe75d, 0xe73d, 0xe73d, 0xe73d, 0xe73d, 0xe73d,
  0xe71d, 0xe71d, 0xe71d, 0xe71d, 0xe71d, 0xe71d, 0xe71d, 0xe73d, 0xe73d, 0xe73d, 0xe73d, 0xef5e,
  0xef5d, 0xe73d, 0xef5e, 0xef5e, 0xef5e, 0xef7e, 0xef5e, 0xef3d, 0xef5d, 0xef5e, 0xef5e, 0xef5e,
  0xef7e, 0xef7e, 0xef7e, 0xef5e, 0xef7e, 0xe73d, 0xef7e, 0xef7e, 0xef7e, 0xef7e, 0xef7e, 0xef7e,
  0xef7e, 0xef7e, 0xef7e, 0xef7e, 0xf79e, 0xf79e, 0xf7be, 0xf7be, 0xf7be, 0xf7be, 0xf7be, 0xf79e,
  0xf7be, 0xf7be, 0xf7be, 0xf7bf, 0xf7bf, 0xf7bf, 0xf7df, 0xffdf, 0xffdf, 0xffdf, 0xffdf, 0xffdf,
  0xffdf, 0xffdf, 0xffdf, 0xffdf, 0xf7bf, 0xf7be, 0xf7bf, 0xf7bf, 0xffdf, 0xffdf, 0xffdf, 0xffdf,
  0xffdf, 0xffdf, 0xffdf, 0xffdf, 0xffdf, 0xffdf, 0xffdf, 0xffdf, 0xffdf, 0xffdf, 0xffdf, 0xffdf,
  0xffdf, 0xffdf, 0xffdf, 0xffdf, 0xffdf, 0xffdf, 0xffdf, 0xffdf, 0xffdf, 0xffdf, 0xffff, 0xffff,
  0xffff, 0xffff, 0xffff, 0xffff, 0xffff, 0xffff, 0xffff, 0xffdf, 0xffdf, 0xffdf, 0xffdf, 0xffff,
  0xffff, 0xffff, 0xffdf, 0xffdf, 0xffdf, 0xffdf, 0xffdf, 0xffdf, 0xffdf, 0xffdf, 0xf7bf, 0xf7be,
  0xf7bf, 0xffdf, 0xffdf, 0xffdf, 0xffdf, 0xffdf, 0xffdf, 0xffdf, 0xffdf, 0xffdf, 0xffdf, 0xffdf,
  0xffdf, 0xffdf, 0xffdf, 0xffdf, 0xffdf, 0xffdf, 0xffdf, 0xffff, 0xffff, 0xffff, 0xffdf, 0xffff,
  0xffff, 0xffff, 0xffff, 0xffff, 0xffff, 0xffff, 0xffff, 0xffff, 0xffff, 0xffff, 0xffff, 0xffff,
  0xffff, 0xffff, 0xffdf, 0xffdf, 0xffdf, 0xffdf, 0xffdf, 0xffdf, 0xffdf, 0xffdf, 0xffdf, 0xffdf,
  0xffdf, 0xffdf, 0xffdf, 0xffdf, 0xffdf, 0xffdf, 0xffdf, 0xffdf, 0xffff, 0xffff, 0xffff, 0xffff,
  0xffff, 0xffdf, 0xffdf, 0xffdf, 0xffdf, 0xffdf, 0xffdf, 0xffdf, 0xffdf, 0xffdf, 0xffdf, 0xffdf,
  0xffdf, 0xffdf, 0xf7be, 0xffdf, 0xf7df, 0xf7be, 0xf7be, 0xf7be, 0xf7bf, 0xf7be, 0xf79e, 0xf7be,
  0xf7be, 0xf7bf, 0xf7bf, 0xffdf, 0xf7be, 0xf7bf, 0xf7be, 0xf7be, 0xf79e, 0xf79e, 0xf79e, 0xf79e,
  0xf79e, 0xf79e, 0xf79e, 0xf79e, 0xf79e, 0xef5d, 0xef5e, 0xef5e, 0xef7e, 0xef9e, 0xf79e, 0xf79e,
  0xf79e, 0xf79e, 0xf79e, 0xf79e, 0xf7bf, 0xef7e, 0xef5e, 0xe75e, 0xe73d, 0xe73d, 0xef5e, 0xef5e,
  0x8c96, 0x8c96, 0x8c97, 0x94d7, 0x94f8, 0x94d7, 0x94f8, 0x9cf8, 0x9cf8, 0x9cf8, 0x9d19, 0x9d19,
  0x9d19, 0x9d19, 0x9d19, 0x9d19, 0x9d19, 0x9d3a, 0x9d1a, 0x9d1a, 0x9d19, 0x9d3a, 0xa55a, 0xa55a,
  0xa559, 0xa559, 0xa539, 0xa579, 0xaddb, 0x9d5a, 0xa57b, 0xa59a, 0xa59b, 0xadbb, 0xadbb, 0xad9b,
  0xad9b, 0xad9a, 0xad9a, 0xadbb, 0xadbb, 0xb5db, 0xb5db, 0xb5db, 0xb5db, 0xb5db, 0xb61c, 0xbe3c,
  0xbe1c, 0xb5fc, 0xb5fb, 0xb61c, 0xb5fb, 0xbe3c, 0xbe3c, 0xbe5c, 0xc65c, 0xbe5c, 0xb63c, 0xc67d,
  0xc67d, 0xc67c, 0xc65c, 0xc65c, 0xbe3c, 0xc65c, 0xc67c, 0xc67c, 0xc67c, 0xc67c, 0xc65c, 0xc65c,
  0xce9d, 0xc69c, 0xc69c, 0xc67c, 0xc67c, 0xc67c, 0xbe1b, 0xc67c, 0xce7c, 0xce9c, 0xc67c, 0xc65c,
  0xc67c, 0xc67c, 0xce9c, 0xce9c, 0xce9c, 0xce9c, 0xce7c, 0xce9c, 0xd6bc, 0xce9c, 0xd6dc, 0xd6fc,
  0xd6dd, 0xd6dc, 0xd6dd, 0xdefd, 0xdefd, 0xd6dd, 0xd6dd, 0xd6dd, 0xd6dd, 0xd6dd, 0xd6dd, 0xdefd,
  0xdefd, 0xdefd, 0xd6dd, 0xd6dc, 0xd6dd, 0xd6dd, 0xdefd, 0xdefd, 0xdedd, 0xd6dc, 0xdedd, 0xd6dc,
  0xdedc, 0xdefd, 0xdefd, 0xdefd, 0xd6dc, 0xdefd, 0xdefd, 0xdefd, 0xdefc, 0xdefd, 0xdefd, 0xdefd,
  0xdefd, 0xdefd, 0xdf1d, 0xdefd, 0xd6dc, 0xcebc, 0xcebc, 0xce9c, 0xce9c, 0xce9c, 0xd6bc, 0xd6bc,
  0xce9c, 0xce9c, 0xd6bc, 0xd6dc, 0xd6dc, 0xd6dd, 0xce9c, 0xc67b, 0xce7c, 0xce9c, 0xce9c, 0xcebc,
  0xd6bc, 0xd6bc, 0xc67c, 0xbe3b, 0xce9c, 0xce9c, 0xc67c, 0xce9c, 0xc67c, 0xc67c, 0xc67c, 0xc65c,
  0xc65c, 0xc65c, 0xc65c, 0xc67c, 0xc67c, 0xce9c, 0xce9c, 0xcebc, 0xce9c, 0xbe5c, 0xc65c, 0xc65c,
  0xc65c, 0xbe3c, 0xbe3c, 0xbe3c, 0xbe3b, 0xbe3c, 0xc65c, 0xc65c, 0xbe3c, 0xbe3c, 0xbe1b, 0xb61b,
  0xbe1b, 0xb5fb, 0xadbb, 0xb5db, 0xb5db, 0xb5db, 0xb5db, 0xb5db, 0xb5db, 0xb5db, 0xa57a, 0xad9a,
  0xad9a, 0xadba, 0xb5bb, 0xb5db, 0xad9a, 0xa57a, 0xadbb, 0xad9a, 0xad9a, 0xad9a, 0xadba, 0xa559,
  0xadbb, 0xb5fb, 0xa57a, 0xa559, 0xa559, 0xa559, 0xa539, 0x9d39, 0xa559, 0xad9a, 0xa57a, 0xa59a,
  0xa55a, 0x9d59, 0x9d59, 0xa559, 0xa55a, 0xa539, 0x9d39, 0xa539, 0xa539, 0x9d18, 0xa539, 0xa559,
  0x29d0, 0x29d0, 0x29d0, 0x29b1, 0x29d1, 0x29d1, 0x29f2, 0x3212, 0x2a12, 0x2a12, 0x3a74, 0x3274,
  0x3a73, 0x3ab4, 0x3ab4, 0x3ab4, 0x3ab5, 0x3ad5, 0x4316, 0x3ad5, 0x3ad5, 0x3ad5, 0x4b37, 0x3ab4,
  0x3232, 0x3272, 0x4b56, 0x4b78, 0x42f6, 0x4316, 0x4b37, 0x4b57, 0x4b77, 0x5397, 0x5377, 0x5377,
  0x5357, 0x4b57, 0x5377, 0x53b8, 0x53b8, 0x5bd9, 0x5bd9, 0x5bd9, 0x5bf9, 0x5bf9, 0x6439, 0x6c59,
  0x6439, 0x6c59, 0x6c79, 0x6c38, 0x6c59, 0x7499, 0x7cba, 0x7cba, 0x7499, 0x7499, 0x7cd9, 0x955b,
  0x84fa, 0x7479, 0x7498, 0x7cb9, 0x7498, 0x7cd9, 0x84d9, 0x84d9, 0x84d9, 0x84d9, 0x84f9, 0x8519,
  0x8d1a, 0x851a, 0x8d1a, 0x84fa, 0x8cfa, 0x8d1a, 0x7c78, 0x955a, 0x955a, 0x8d3a, 0x8d1a, 0x8d1a,
  0x955a, 0x9d5a, 0x9d9a, 0xa5bb, 0xa59a, 0xa59a, 0xa59a, 0xa59a, 0xb5fb, 0xadfb, 0xb61b, 0xadda,
  0xaddb, 0xadda, 0xadda, 0xaddb, 0xadda, 0xa5ba, 0xb5fb, 0xadda, 0xaddb, 0xbe1b, 0xb61b, 0xb5fb,
  0xb5fb, 0xb5fb, 0xadfa, 0xadda, 0xadda, 0xadda, 0xadba, 0xadda, 0xb5fa, 0xb5fa, 0xb5fb, 0xb61b,
  0xa599, 0xbe3b, 0xbe5b, 0xbe3b, 0xb61b, 0xbe1b, 0xb61b, 0xb61b, 0xbe3b, 0xbe3b, 0xb61b, 0xbe3b,
  0xbe3b, 0xbe5c, 0xc67c, 0xbe5b, 0xb61b, 0xadfb, 0xaddb, 0xa5ba, 0xa5ba, 0xa5ba, 0xadbb, 0xa59a,
  0xa59a, 0xa59a, 0xa5ba, 0xaddb, 0xadba, 0xaddb, 0xaddb, 0xa59a, 0x955a, 0x9d5a, 0x9d7a, 0x9d7a,
  0x9d7a, 0xa59a, 0x9d9a, 0x8d19, 0x8d3a, 0x9d7b, 0x9d7b, 0x955a, 0x953a, 0x955a, 0x955a, 0x8d1a,
  0x8cfa, 0x8d1a, 0x8d1a, 0x955a, 0x953a, 0x8d3a, 0x8d3a, 0x953a, 0x9539, 0x8d19, 0x8d1a, 0x84d9,
  0x84d9, 0x84d9, 0x84d9, 0x84d9, 0x7cb9, 0x7cb9, 0x7cb9, 0x7c99, 0x7479, 0x7479, 0x7438, 0x6c18,
  0x6418, 0x63d7, 0x63d7, 0x63f8, 0x63f7, 0x6c38, 0x6c18, 0x63d8, 0x63d8, 0x63d8, 0x5bb7, 0x5b96,
  0x5bb7, 0x5b97, 0x5377, 0x5b97, 0x5b97, 0x5397, 0x5b97, 0x5397, 0x5377, 0x5377, 0x5b97, 0x5b97,
  0x4b15, 0x5315, 0x5356, 0x42f5, 0x42f6, 0x42f6, 0x4316, 0x42f5, 0x4315, 0x4336, 0x4b36, 0x4b16,
  0x4b16, 0x4af5, 0x4af5, 0x4af5, 0x42d5, 0x42d5, 0x42d5, 0x42d4, 0x42f5, 0x42f5, 0x42b4, 0x42b4,
  0x29f1, 0x29d0, 0x29f1, 0x29f1, 0x3212, 0x3232, 0x3212, 0x3232, 0x3253, 0x3a94, 0x3274, 0x3253,
  0x3a93, 0x42f5, 0x4315, 0x4b16, 0x4b36, 0x4b36, 0x4316, 0x4316, 0x4316, 0x4b36, 0x3272, 0x3231,
  0x4b35, 0x5bb7, 0x4b36, 0x42f6, 0x3af5, 0x42f5, 0x4315, 0x4316, 0x4336, 0x4b56, 0x4b57, 0x5377,
  0x5377, 0x4b36, 0x4b36, 0x4b77, 0x4b77, 0x4b57, 0x4b57, 0x5377, 0x5397, 0x5c18, 0x6c99, 0x6438,
  0x6c59, 0x6c79, 0x6c79, 0x6c59, 0x6c78, 0x7499, 0x6c59, 0x7479, 0x7479, 0x7cb9, 0x7cb9, 0x7cd9,
  0x7cd9, 0x7cd9, 0x84fa, 0x84f9, 0x84f9, 0x7cd9, 0x84d9, 0x84d9, 0x84f9, 0x84f9, 0x84f9, 0x8d19,
  0x8d19, 0x955a, 0x84f9, 0x84d9, 0x7cb9, 0x7c78, 0x84d9, 0x955a, 0x8d1a, 0x84b9, 0x7cb9, 0x7cb9,
  0x84d9, 0x8d1a, 0x955a, 0x9d9a, 0x9d9a, 0x9d7a, 0xa5bb, 0xa59a, 0xa5ba, 0xa5ba, 0xa5ba, 0xa59a,
  0xa59a, 0xa5ba, 0xa59a, 0xadba, 0xadba, 0xadba, 0xadda, 0xadda, 0xadba, 0xb5fb, 0xb5fb, 0xadda,
  0xb61b, 0xb61b, 0xbe3b, 0xb61b, 0xbe3b, 0xbe1b, 0xb61b, 0xbe3b, 0xbe3b, 0xbe3b, 0xbe3b, 0xb61b,
  0xb5fb, 0xbe5b, 0xb61a, 0xb61b, 0xb5fa, 0xbe1b, 0xb61b, 0xb61b, 0xb61b, 0xb61b, 0xb61b, 0xb5fb,
  0xb5fa, 0xb61b, 0xbe3b, 0xbe3b, 0xadfa, 0xadba, 0xadba, 0xadba, 0xadbb, 0xa59a, 0xa59a, 0xa57a,
  0xa57a, 0xa57a, 0x9d5a, 0x9d5a, 0x9519, 0x9d5a, 0x9519, 0x9d5a, 0xa59a, 0x9539, 0x953a, 0x9539,
  0x9539, 0x8d19, 0x9539, 0x9d5a, 0x8d19, 0x955a, 0x9d7a, 0x957a, 0x953a, 0x955a, 0x957a, 0x953a,
  0x8d1a, 0x8d19, 0x8d3a, 0x953a, 0x953a, 0x955a, 0x955a, 0x8d3a, 0x955a, 0x955a, 0x955a, 0x955a,
  0x953a, 0x8d1a, 0x84d9, 0x8d1a, 0x84f9, 0x84f9, 0x84d9, 0x84d9, 0x7478, 0x6c37, 0x6c17, 0x6c38,
  0x6c18, 0x6c18, 0x63f8, 0x63f7, 0x63f7, 0x63f7, 0x6c18, 0x6c18, 0x63d8, 0x5377, 0x5bb7, 0x6418,
  0x5bd7, 0x5bb7, 0x5b97, 0x5377, 0x5bb7, 0x5bd7, 0x5bd7, 0x5bb7, 0x5376, 0x5397, 0x5bb7, 0x5bb7,
  0x5b96, 0x5355, 0x3a92, 0x42b3, 0x42b3, 0x5b96, 0x5b97, 0x4b56, 0x42f4, 0x3ad4, 0x4315, 0x5356,
  0x4b15, 0x4af5, 0x4af5, 0x4af5, 0x4b15, 0x4af5, 0x42f5, 0x42d4, 0x4af5, 0x4af5, 0x42d4, 0x42d4,
  0x3252, 0x3252, 0x3a73, 0x3a94, 0x3a94, 0x3a94, 0x42b5, 0x42f5, 0x4316, 0x42f5, 0x4b36, 0x5377,
  0x5377, 0x5356, 0x5377, 0x5377, 0x4b56, 0x4b56, 0x5bd7, 0x6c38, 0x5376, 0x3231, 0x4b35, 0x6439,
  0x5bd8, 0x5397, 0x53b7, 0x5bd7, 0x53b7, 0x5397, 0x5bd8, 0x5bd8, 0x5bd7, 0x6418, 0x6418, 0x63f8,
  0x5bd7, 0x5bf7, 0x6438, 0x6c58, 0x6438, 0x6c58, 0x6c38, 0x6418, 0x7499, 0x7cda, 0x7d1a, 0x7cfa,
  0x84fa, 0x7cd9, 0x7cfa, 0x851a, 0x853a, 0x853a, 0x8d19, 0x84f9, 0x84d9, 0x84fa, 0x84f9, 0x84fa,
  0x84f9, 0x8d1a, 0x84f9, 0x8d3a, 0x8d3a, 0x8d19, 0x955a, 0x953a, 0x8d3a, 0x8d3a, 0x957a, 0x9d9a,
  0x9d9a, 0xa5ba, 0x9d7a, 0x953a, 0x955a, 0x9d7a, 0x9d9b, 0xa5bb, 0x9d7a, 0x955a, 0x955a, 0x9d7a,
  0x9d7a, 0xa5bb, 0xaddb, 0xadfb, 0xa5ba, 0xa5db, 0xaddb, 0xadfb, 0xb5fa, 0xb61b, 0xbe3b, 0xb5fa,
  0xbe1b, 0xbe3b, 0xbe1b, 0xbe3b, 0xc65b, 0xbe3b, 0xc67c, 0xcebc, 0xbe3b, 0xbe1b, 0xbe3b, 0xbe3b,
  0xb61a, 0xbe3b, 0xc65b, 0xbe3a, 0xbe3b, 0xc65b, 0xbe5b, 0xbe5b, 0xce9c, 0xce9c, 0xc67c, 0xc67b,
  0xc67b, 0xc67b, 0xce9c, 0xce9c, 0xc67b, 0xce9c, 0xc67c, 0xc67b, 0xc67b, 0xd6bc, 0xc67b, 0xc67b,
  0xc67b, 0xc67b, 0xc65b, 0xc65b, 0xbe3b, 0xbe3b, 0xbe3b, 0xbe3b, 0xb5fb, 0xb5fb, 0xb5fb, 0xb5da,
  0xadba, 0xadda, 0xadba, 0xa57a, 0xa5ba, 0xadba, 0xa59a, 0xa59a, 0xa5ba, 0xa5ba, 0x9d79, 0xa59a,
  0xa59a, 0x9d9a, 0xa59a, 0xa5ba, 0xa5bb, 0x9539, 0x9d9a, 0xa59a, 0x9d7a, 0x9d9a, 0x9d9a, 0x9d7a,
  0x955a, 0x955a, 0x9d7a, 0x9d7a, 0x9d9a, 0x9d9a, 0x955a, 0x9d7a, 0x9d9a, 0x9d7a, 0x9d7a, 0x9d9a,
  0x9d7a, 0x957a, 0x9d7a, 0x9d7a, 0x9d9a, 0x9d7a, 0x955a, 0x953a, 0x8d19, 0x8d19, 0x84f9, 0x84d8,
  0x7cb9, 0x7cb9, 0x7c99, 0x7c98, 0x7c98, 0x7cb9, 0x7cb9, 0x7c98, 0x7478, 0x7458, 0x7478, 0x7498,
  0x74b8, 0x7498, 0x6c58, 0x6c58, 0x7478, 0x6c78, 0x6c58, 0x6c58, 0x6c38, 0x6417, 0x6c58, 0x7478,
  0x6c78, 0x6c58, 0x63f7, 0x63f8, 0x5335, 0x4ad3, 0x5b75, 0x6c38, 0x6417, 0x5bd7, 0x5b96, 0x5356,
  0x5355, 0x5356, 0x5376, 0x5335, 0x5335, 0x5356, 0x5376, 0x5356, 0x5376, 0x5376, 0x5b76, 0x5b96,
  0x21ae, 0x29ef, 0x29ef, 0x29ef, 0x29ef, 0x3210, 0x3230, 0x3230, 0x3251, 0x3251, 0x3a72, 0x3ab3,
  0x3ab2, 0x3a92, 0x42b3, 0x42f3, 0x42d3, 0x5375, 0x7457, 0x4ab0, 0x21ad, 0x42f3, 0x42f3, 0x4b14,
  0x42d2, 0x42d3, 0x42d3, 0x3ad3, 0x3ad3, 0x3ad3, 0x42f4, 0x42f3, 0x3ad2, 0x42f2, 0x4b54, 0x4b54,
  0x4313, 0x4b33, 0x4b53, 0x4b53, 0x5374, 0x5394, 0x5374, 0x5374, 0x5374, 0x5394, 0x5bb4, 0x5bb4,
  0x5bb4, 0x5352, 0x5372, 0x5372, 0x5352, 0x5352, 0x63d3, 0x63b3, 0x5b73, 0x5b94, 0x6394, 0x6394,
  0x63b4, 0x6bd4, 0x63d4, 0x6bf4, 0x6bf5, 0x63d4, 0x6bf4, 0x6c15, 0x7415, 0x7415, 0x7435, 0x7435,
  0x7415, 0x7434, 0x6c15, 0x6bf5, 0x7416, 0x7416, 0x7456, 0x6c15, 0x6c15, 0x6c15, 0x7415, 0x7435,
  0x7436, 0x7c76, 0x7c76, 0x7c96, 0x7c56, 0x7456, 0x7c76, 0x7c76, 0x7435, 0x7c55, 0x8496, 0x7c75,
  0x8495, 0x8496, 0x8495, 0x8cb5, 0x8cd6, 0x8c95, 0x8cb5, 0x8cb5, 0x8c94, 0x8475, 0x8c95, 0x8cb5,
  0x8cb5, 0x8cb5, 0x8cb6, 0x8cb5, 0x8cd6, 0x94f6, 0x94d6, 0x94d6, 0x94f6, 0x94f6, 0x8cb6, 0x8cb6,
  0x94d6, 0x8cb5, 0x94d6, 0x8cb5, 0x8c95, 0x8cb5, 0x8cb5, 0x8cb5, 0x8cb5, 0x8cb5, 0x8c95, 0x8c95,
  0x8c95, 0x8cb5, 0x8cb5, 0x8cb6, 0x8cb6, 0x8c95, 0x8495, 0x8c95, 0x8474, 0x7c34, 0x7c34, 0x7414,
  0x73f3, 0x73f3, 0x73f4, 0x6bd3, 0x7414, 0x73f4, 0x73f4, 0x73f4, 0x73f4, 0x73f4, 0x6bd4, 0x73f4,
  0x6bf4, 0x6bd4, 0x6bd4, 0x7414, 0x7c55, 0x6bf4, 0x6bf4, 0x84b7, 0x7c35, 0x7c35, 0x7c75, 0x7c55,
  0x7c35, 0x7435, 0x7c35, 0x7c35, 0x7c55, 0x7414, 0x6bf4, 0x7414, 0x73f4, 0x6bd4, 0x6bf4, 0x73f4,
  0x6bd3, 0x6bd3, 0x6bd3, 0x6bd3, 0x6bd3, 0x6bf4, 0x7414, 0x7414, 0x6392, 0x63b3, 0x6393, 0x5b72,
  0x5b73, 0x5b52, 0x5b52, 0x5352, 0x5332, 0x5352, 0x5353, 0x5353, 0x5353, 0x5353, 0x5353, 0x5393,
  0x5394, 0x5394, 0x4b53, 0x4b33, 0x5354, 0x4b53, 0x4b33, 0x5353, 0x5353, 0x5354, 0x5374, 0x5374,
  0x5354, 0x4b54, 0x4b33, 0x4b33, 0x4b13, 0x42f2, 0x3a70, 0x42b0, 0x5bb4, 0x5354, 0x4af2, 0x3a71,
  0x3a50, 0x3a70, 0x3a90, 0x324f, 0x3250, 0x3250, 0x3a71, 0x3230, 0x3a71, 0x3270, 0x3250, 0x3250,
  0x192b, 0x192b, 0x212b, 0x214c, 0x214c, 0x298d, 0x216c, 0x216c, 0x298d, 0x298d, 0x298e, 0x29ae,
  0x29ae, 0x29ae, 0x29ae, 0x29cf, 0x4ab2, 0x5b74, 0x296a, 0x214b, 0x31ef, 0x31ef, 0x29cf, 0x320f,
  0x3a10, 0x3a30, 0x3a30, 0x3a30, 0x3210, 0x31ef, 0x31f0, 0x3a10, 0x3a10, 0x3a10, 0x3a51, 0x4292,
  0x4ab2, 0x4a91, 0x4ad2, 0x52f3, 0x52f2, 0x5b33, 0x6b94, 0x73f4, 0x7bf4, 0x7bf4, 0x5b31, 0x7c15,
  0x7c15, 0x73f5, 0x73f5, 0x7415, 0x7c76, 0x8496, 0x7c96, 0x7c76, 0x7c76, 0x7c77, 0x8497, 0x84b7,
  0x84b7, 0x84b7, 0x84b7, 0x84d7, 0x8cf8, 0x8d18, 0x8cf7, 0x8cf7, 0x8cf7, 0x8cd7, 0x84d7, 0x8cd7,
  0x8cd7, 0x8cd7, 0x9518, 0xa578, 0x52b0, 0x214c, 0x4ab2, 0x52b2, 0x52b2, 0x52d2, 0x52b2, 0x52b2,
  0x52d2, 0x5af2, 0x52d2, 0x5af2, 0x5b13, 0x5b12, 0x5b13, 0x5b12, 0x5b13, 0x5b13, 0x5b12, 0x5b12,
  0x5b33, 0x6333, 0x6373, 0x73d4, 0x7c14, 0x7c14, 0x8455, 0x7c35, 0x7c14, 0x7c35, 0x7c35, 0x7c35,
  0x7c35, 0x7c15, 0x7c35, 0x7c35, 0x7c35, 0x7c35, 0x7c35, 0x7c35, 0x7c35, 0x7c35, 0x7c15, 0x7c35,
  0x7c35, 0x7c15, 0x7c15, 0x73f5, 0x73f5, 0x73f5, 0x73f4, 0x73f4, 0x73f4, 0x73d4, 0x73d4, 0x6bb4,
  0x6b93, 0x6b93, 0x6b93, 0x6b93, 0x6b73, 0x6b93, 0x6373, 0x6372, 0x6373, 0x6b93, 0x5b32, 0x5b12,
  0x5b12, 0x5b12, 0x5af2, 0x52f2, 0x52f2, 0x5af2, 0x52d2, 0x52d2, 0x52d2, 0x5af2, 0x52f2, 0x52d2,
  0x52d2, 0x52d2, 0x52b2, 0x4a91, 0x52d2, 0x5312, 0x10ea, 0x5af0, 0x9d17, 0xa538, 0x9d38, 0x94f8,
  0x94f7, 0x8cd7, 0x94f7, 0x94f8, 0x9517, 0x94f7, 0x8cf7, 0x94f7, 0x9517, 0x9517, 0x8cf7, 0x94f7,
  0x94f7, 0x8cf7, 0x84b7, 0x84d7, 0x8cd7, 0x8cb7, 0x8496, 0x8cb7, 0x8475, 0x6b91, 0x6331, 0x5b32,
  0x6352, 0x6353, 0x6373, 0x6373, 0x6373, 0x6373, 0x5b12, 0x52f2, 0x5312, 0x5b13, 0x5b12, 0x52f2,
  0x4a90, 0x4250, 0x3a51, 0x4251, 0x4251, 0x3a50, 0x4250, 0x3a2f, 0x320f, 0x31ef, 0x31ef, 0x31ee,
  0x31ce, 0x31cd, 0x29cd, 0x29ad, 0x29ad, 0x298d, 0x29ac, 0x214a, 0x18e7, 0x5311, 0x4ab1, 0x298d,
  0x214c, 0x214b, 0x214b, 0x214b, 0x214b, 0x214b, 0x214b, 0x214b, 0x214b, 0x214a, 0x216b, 0x214b,
  0x214d, 0x214d, 0x216d, 0x216d, 0x216e, 0x298e, 0x218e, 0x298e, 0x29af, 0x29af, 0x29af, 0x29d0,
  0x31d0, 0x31f0, 0x3a31, 0x6bb6, 0x52f2, 0x18e8, 0x29ad, 0x3210, 0x298e, 0x216e, 0x298e, 0x29ae,
  0x31cf, 0x31cf, 0x31cf, 0x31cf, 0x29af, 0x29af, 0x29af, 0x29cf, 0x31cf, 0x31f0, 0x3a52, 0x3a52,
  0x4252, 0x4252, 0x4a93, 0x52d4, 0x6bb7, 0x7418, 0x7c59, 0x8499, 0x953a, 0x9d5a, 0x9519, 0x84b9,
  0x7c99, 0x6c17, 0x63f6, 0x63f6, 0x8d5a, 0x8d5a, 0x8d3a, 0x8519, 0x8519, 0x8d3a, 0x955a, 0x9dba,
  0x9dbb, 0x9d9a, 0x9d9a, 0xa5db, 0xb63c, 0xb63b, 0xbe5c, 0xae1b, 0xa5bb, 0xa5bb, 0x9d9a, 0xae1c,
  0xae1c, 0xadfb, 0xc67c, 0xc67b, 0x422e, 0x73d3, 0x7c37, 0x5b35, 0x5b35, 0x5b35, 0x5b34, 0x5b14,
  0x6355, 0x6375, 0x6355, 0x6375, 0x6375, 0x6b95, 0x6b95, 0x6b95, 0x6bb6, 0x6bb6, 0x6b95, 0x6bb5,
  0x6bb5, 0x6bb5, 0x7c16, 0x8497, 0x94d8, 0x8cd7, 0x94f8, 0x9518, 0x8497, 0x94d8, 0x94f8, 0x8cb7,
  0x8cd7, 0x8cd8, 0x8cb7, 0x8cb7, 0x94f8, 0x94d8, 0x8cd8, 0x8cd8, 0x8cd8, 0x8cd8, 0x8cb8, 0x9518,
  0x94d8, 0x8c98, 0x8c98, 0x8477, 0x8477, 0x8c97, 0x8497, 0x8477, 0x8497, 0x8477, 0x8456, 0x8456,
  0x8456, 0x8456, 0x8456, 0x8476, 0x7c16, 0x7c16, 0x7c16, 0x7c16, 0x7c16, 0x7c36, 0x73f5, 0x6bb5,
  0x6bb5, 0x6bb5, 0x6bb5, 0x6bb5, 0x73d6, 0x6bb6, 0x6b95, 0x6b95, 0x6bb5, 0x6b95, 0x6355, 0x5b54,
  0x6355, 0x6334, 0x5b34, 0x5b14, 0x6b95, 0x9d19, 0x52f1, 0x7392, 0xdefc, 0xe75e, 0xb61b, 0x9d7a,
  0x957a, 0x955a, 0x9539, 0xadda, 0xc67c, 0xa5ba, 0xa5da, 0xadfb, 0xadfb, 0xadfa, 0xadfa, 0xa5ba,
  0xadfb, 0xb61b, 0x9d9a, 0x9d7a, 0xadfb, 0xb61b, 0xadfb, 0xadbb, 0xbe3c, 0xb5da, 0x39eb, 0x318d,
  0x31ae, 0x39f0, 0x4251, 0x4251, 0x4251, 0x4a71, 0x4271, 0x4272, 0x4292, 0x4ab3, 0x4ab2, 0x4291,
  0x3a30, 0x3210, 0x3210, 0x31f0, 0x31cf, 0x31cf, 0x31cf, 0x31ce, 0x31ce, 0x31ae, 0x29ae, 0x29ad,
  0x29ae, 0x31ad, 0x298d, 0x298d, 0x296c, 0x296c, 0x296c, 0x294a, 0x2108, 0x296b, 0x3a2f, 0x6376,
  0x31ef, 0x298d, 0x298d, 0x298d, 0x298d, 0x296d, 0x296d, 0x298c, 0x298c, 0x298c, 0x298d, 0x298d,
  0x216e, 0x218e, 0x218f, 0x29af, 0x29d0, 0x29f0, 0x3211, 0x3211, 0x3211, 0x3211, 0x3232, 0x3a73,
  0x3a73, 0x3a94, 0x42d4, 0x52f1, 0x194a, 0x194b, 0x218d, 0x216d, 0x218e, 0x29ae, 0x29cf, 0x29cf,
  0x3210, 0x3231, 0x3231, 0x3231, 0x3230, 0x3231, 0x3251, 0x3a72, 0x3a92, 0x3ab3, 0x42d4, 0x4b15,
  0x5376, 0x5bd7, 0x5bf8, 0x5bd7, 0x63f8, 0x5397, 0x5397, 0x5bb7, 0x5bd7, 0x6418, 0x6c38, 0x5bd7,
  0x53d7, 0x6c78, 0x855a, 0x8dbb, 0x95bb, 0x8d9b, 0x8d9b, 0x8d7b, 0x853a, 0x855a, 0x8d7a, 0x959a,
  0x8d5a, 0x8d5a, 0x851a, 0x84f9, 0x8d5a, 0x8d5a, 0x957a, 0x8519, 0x84f9, 0x8d1a, 0x8d3a, 0x955a,
  0x9d7a, 0xbe5b, 0xe75d, 0x5b0f, 0x31ab, 0xa578, 0x9d59, 0x7c77, 0x7c77, 0x7477, 0x7437, 0x6c16,
  0x7437, 0x7c57, 0x7437, 0x7c57, 0x7c57, 0x7c77, 0x8477, 0x8498, 0x8498, 0x8cb8, 0x8cb8, 0x8497,
  0x8477, 0x8497, 0x8cd8, 0x8cd8, 0x9518, 0x8cf8, 0x8cf8, 0x94f8, 0x94f8, 0x9518, 0x9d38, 0x9d39,
  0x9d39, 0x9518, 0x9d59, 0xa579, 0x9d38, 0x9d38, 0x9d59, 0x9d59, 0x9d59, 0x9d59, 0x9d59, 0xa579,
  0xa579, 0x9d59, 0x9d59, 0xa579, 0xa579, 0x9d59, 0x9d59, 0x9d39, 0x9538, 0x9518, 0x9518, 0x9d18,
  0x9d18, 0x9518, 0x9d38, 0x9d38, 0x9518, 0x9519, 0x94f8, 0x8cb7, 0x8cb7, 0x8cd8, 0x8c97, 0x8497,
  0x8477, 0x7c57, 0x7c37, 0x7c57, 0x7c57, 0x7c37, 0x8477, 0x8457, 0x7c37, 0x7c57, 0x7c37, 0x7416,
  0x7c37, 0x7c37, 0x7416, 0x6bd6, 0x73d6, 0x8498, 0x9d39, 0x3a0f, 0x8c94, 0xce7b, 0xcedd, 0xae1c,
  0x9dbb, 0x9d9a, 0x9dbb, 0x959a, 0x955a, 0x8d5a, 0x8d5a, 0x957a, 0x957a, 0x955a, 0x955a, 0x8d39,
  0x8d5a, 0x8d3a, 0x8d1a, 0x851a, 0x8d3a, 0x8d3a, 0x7cd9, 0x7cb9, 0x7cd9, 0x7cb9, 0x7497, 0x7cb8,
  0x7cd8, 0x74b9, 0x6c78, 0x6c78, 0x6c78, 0x7498, 0x7498, 0x7499, 0x6c58, 0x6c59, 0x6c58, 0x6c58,
  0x6c58, 0x7478, 0x6417, 0x4b35, 0x4b34, 0x4b34, 0x4b34, 0x4b34, 0x42f4, 0x42f4, 0x3ab3, 0x42b3,
  0x42b3, 0x42b2, 0x3a72, 0x3a92, 0x3a51, 0x3a51, 0x3230, 0x3230, 0x3a50, 0x3230, 0x4291, 0x5335,
  0x4b15, 0x42f4, 0x42b3, 0x3a92, 0x3a92, 0x3a52, 0x29f0, 0x3210, 0x3a31, 0x3a30, 0x3210, 0x3210,
  0x29f0, 0x29f1, 0x29f1, 0x29f1, 0x29f1, 0x3211, 0x3232, 0x3252, 0x3232, 0x3232, 0x3252, 0x3253,
  0x3273, 0x3a93, 0x3ab4, 0x3a92, 0x42d3, 0x3ad4, 0x3ad4, 0x3ab3, 0x42d4, 0x42d4, 0x42d3, 0x3ab3,
  0x42f4, 0x4b14, 0x42d4, 0x42f4, 0x42f4, 0x42d4, 0x42f4, 0x4b35, 0x4b35, 0x4b35, 0x4b56, 0x4b56,
  0x4b56, 0x53b7, 0x5bf8, 0x53d7, 0x53d7, 0x53d7, 0x5bf7, 0x5bf7, 0x5bf7, 0x6437, 0x6417, 0x6417,
  0x6458, 0x74b9, 0x74d9, 0x7cfa, 0x7d1a, 0x7d3a, 0x7d1a, 0x853a, 0x7cf9, 0x7cf9, 0x853a, 0x8d5a,
  0x8519, 0x8519, 0x7cb9, 0x7cd9, 0x853a, 0x853a, 0x8539, 0x84f9, 0x84f9, 0x84f9, 0x84f9, 0x84d9,
  0xadda, 0xef7e, 0x9cf5, 0x214a, 0x8cb5, 0xbe3b, 0xa599, 0x9559, 0x9559, 0x9539, 0x8d39, 0x9559,
  0x9559, 0x9d79, 0x9559, 0x9558, 0x9538, 0x9d59, 0xa599, 0xa5b9, 0xa5b9, 0xadda, 0xb5fa, 0xadda,
  0xadfa, 0xb63b, 0xb61a, 0xadfa, 0xb61a, 0xa599, 0xa579, 0xa599, 0xa579, 0xadba, 0xadba, 0xadda,
  0xa5ba, 0xa5b9, 0xadda, 0xadfa, 0xadda, 0xadb9, 0xadda, 0xa5b9, 0xadda, 0xb5da, 0xadda, 0xb5fa,
  0xb5fa, 0xadda, 0xadd9, 0xb5fa, 0xb61a, 0xb5fa, 0xadd9, 0xa5b9, 0xa599, 0xa599, 0xa599, 0xa599,
  0xa599, 0xa599, 0xa5b9, 0xa579, 0xa599, 0xa599, 0x9d79, 0xa599, 0xa579, 0x9d59, 0x9d39, 0x9519,
  0x9538, 0x9538, 0x9518, 0x9518, 0x9518, 0x9519, 0x9d59, 0x9d39, 0x9519, 0x9519, 0x8cf8, 0x8cd8,
  0x8cf8, 0x84d8, 0x84d8, 0x84b8, 0x8498, 0x7c98, 0xaddb, 0x6bd3, 0x31cc, 0xb5d9, 0xd71d, 0xb63b,
  0xa5db, 0xa5fb, 0xa5fb, 0xa5db, 0x8539, 0x84f9, 0x7cf9, 0x8d39, 0x8d3a, 0x8d39, 0x8d39, 0x8d3a,
  0x8519, 0x84f9, 0x84f9, 0x84fa, 0x84fa, 0x851a, 0x84fa, 0x7cfa, 0x7cda, 0x851a, 0x8d5a, 0x8d5a,
  0x853a, 0x74d9, 0x74b9, 0x74b9, 0x74b9, 0x7498, 0x6c98, 0x6c79, 0x5bf7, 0x5c18, 0x5c17, 0x5c17,
  0x5c17, 0x6438, 0x5c17, 0x53b7, 0x53b7, 0x53b7, 0x53b6, 0x5396, 0x4b76, 0x4b35, 0x4b35, 0x4b35,
  0x4b35, 0x4b15, 0x4b14, 0x4af4, 0x42d4, 0x42d4, 0x42d4, 0x42d4, 0x42f4, 0x42f4, 0x4b55, 0x4b35,
  0x4b35, 0x4b56, 0x4b55, 0x4335, 0x4315, 0x3ad4, 0x3273, 0x3a93, 0x3a93, 0x3a92, 0x3a72, 0x3a93,
  0x42b3, 0x42b3, 0x42b4, 0x4af4, 0x4af5, 0x42d4, 0x4af5, 0x4b15, 0x4af5, 0x4b36, 0x4b36, 0x4b36,
  0x5356, 0x5376, 0x5396, 0x5b97, 0x5b96, 0x5b96, 0x5b96, 0x63b6, 0x6bf7, 0x63f7, 0x63d7, 0x63d7,
  0x63d7, 0x63d7, 0x63b6, 0x63f7, 0x63d7, 0x63d7, 0x6c17, 0x7458, 0x6c37, 0x6c38, 0x6c37, 0x6c17,
  0x63d7, 0x6c17, 0x6c37, 0x6c37, 0x6c37, 0x6c37, 0x6c57, 0x7478, 0x7cb8, 0x7c98, 0x84b8, 0x84f9,
  0x84f9, 0x8d19, 0x8d19, 0x8d19, 0x8d39, 0x9559, 0x957a, 0x9d7a, 0x9d9a, 0xa59a, 0xa5ba, 0xa5ba,
  0xa59a, 0x9d79, 0x9d7a, 0x9d7a, 0x9d7a, 0x9d7a, 0xa59a, 0xa599, 0x9d79, 0xa579, 0x9d79, 0xa559,
  0xc67c, 0xbdf9, 0x31ec, 0x6bb2, 0xce7b, 0xce9b, 0xc67b, 0xc65b, 0xc65b, 0xc65b, 0xc67b, 0xce7b,
  0xce7b, 0xce9b, 0xce7b, 0xce7a, 0xc67b, 0xc65a, 0xc65b, 0xc65a, 0xc65a, 0xc67b, 0xce7b, 0xce9b,
  0xd6bb, 0xd6dc, 0xd6dc, 0xd6dc, 0xd6bb, 0xce9b, 0xce7b, 0xc67b, 0xc65a, 0xc65a, 0xc67b, 0xc67b,
  0xce9b, 0xce9b, 0xce9b, 0xce9b, 0xce7b, 0xce7b, 0xc67b, 0xc65b, 0xc65b, 0xc65b, 0xc65b, 0xc67b,
  0xce7b, 0xce7b, 0xce9b, 0xce9b, 0xce9b, 0xce9b, 0xce9b, 0xc67b, 0xc65a, 0xc65a, 0xbe3a, 0xbe3a,
  0xbe3a, 0xbe3a, 0xbe3a, 0xc63a, 0xc65a, 0xc65a, 0xc63a, 0xc65a, 0xc63a, 0xbe1a, 0xbe1a, 0xb5f9,
  0xb5fa, 0xb5f9, 0xb5f9, 0xb5f9, 0xbe19, 0xbe3a, 0xbe3a, 0xbe3a, 0xbe3a, 0xbe1a, 0xb5fa, 0xb5d9,
  0xb5d9, 0xadb9, 0xad99, 0xa599, 0xa579, 0xa559, 0xa559, 0xb5da, 0x2969, 0x424f, 0xbe1a, 0xc65b,
  0xadfb, 0xb5fb, 0xb61b, 0xb61b, 0xb5fa, 0xadba, 0xa59a, 0xa59a, 0xa59a, 0xa579, 0xa59a, 0xa599,
  0x9d79, 0x9d59, 0x9d79, 0x9d59, 0x8d19, 0x8d19, 0x8d19, 0x9539, 0xa599, 0xa5b9, 0xa5ba, 0xa5ba,
  0x9d9a, 0x9559, 0x9d79, 0x9d79, 0x9d99, 0x8d18, 0x8d18, 0x84f8, 0x6c58, 0x7498, 0x7cb8, 0x7498,
  0x7498, 0x7c98, 0x7478, 0x7c78, 0x7cb9, 0x7cb8, 0x7458, 0x7cb9, 0x7458, 0x7458, 0x7c79, 0x7458,
  0x6c18, 0x6c18, 0x6c17, 0x63d7, 0x6bf7, 0x6bf7, 0x63b6, 0x6bf7, 0x6bf7, 0x63f7, 0x63d6, 0x7437,
  0x6bf6, 0x63f7, 0x7457, 0x6c37, 0x63f6, 0x5b96, 0x5376, 0x5b76, 0x5b96, 0x5375, 0x5356, 0x5355,
  0x0866, 0x0866, 0x0866, 0x0866, 0x0866, 0x0866, 0x0866, 0x0866, 0x0887, 0x0887, 0x0887, 0x0887,
  0x0887, 0x0887, 0x0887, 0x0888, 0x0888, 0x08a8, 0x10a8, 0x10a8, 0x08a8, 0x10a8, 0x10c9, 0x10c9,
  0x10c9, 0x10c9, 0x10c9, 0x10c9, 0x10c9, 0x10c9, 0x10ca, 0x10ea, 0x10ea, 0x10ea, 0x18ea, 0x10ea,
  0x10ea, 0x10ca, 0x10ca, 0x10ca, 0x18ea, 0x18ea, 0x18ea, 0x18ea, 0x18ea, 0x18ea, 0x18ea, 0x190a,
  0x190b, 0x190b, 0x190b, 0x192b, 0x192b, 0x192b, 0x192b, 0x192b, 0x190b, 0x192b, 0x192c, 0x192c,
  0x192c, 0x192b, 0x190c, 0x190c, 0x190c, 0x190c, 0x190c, 0x190c, 0x192c, 0x212d, 0x212d, 0x212d,
  0x4250, 0x3a2e, 0x0866, 0x10a8, 0x190b, 0x190b, 0x190b, 0x18ea, 0x18ea, 0x18ea, 0x18ea, 0x18ea,
  0x18ea, 0x18ea, 0x10ea, 0x18e9, 0x18ea, 0x18ea, 0x18ea, 0x190a, 0x190b, 0x190b, 0x190b, 0x190b,
  0x190b, 0x190b, 0x190b, 0x190a, 0x190a, 0x18ea, 0x18eb, 0x190b, 0x190b, 0x190b, 0x190b, 0x190b,
  0x190b, 0x190b, 0x190b, 0x190b, 0x18eb, 0x190b, 0x190b, 0x190b, 0x190b, 0x190b, 0x190b, 0x190b,
  0x190b, 0x190b, 0x190b, 0x190b, 0x190b, 0x190b, 0x190b, 0x190a, 0x18ea, 0x18eb, 0x18eb, 0x18eb,
  0x190a, 0x18ea, 0x18ea, 0x18ea, 0x18ea, 0x18ea, 0x18ca, 0x18ca, 0x18ca, 0x10ca, 0x18ca, 0x18ca,
  0x18ca, 0x18ca, 0x18ea, 0x18ea, 0x18ea, 0x18ea, 0x18ea, 0x18ea, 0x18ea, 0x18ea, 0x18ea, 0x18ea,
  0x18ca, 0x18ca, 0x18ca, 0x18ca, 0x18ea, 0x18ea, 0x190c, 0x214c, 0x0844, 0x18e8, 0x29af, 0x218f,
  0x216e, 0x216e, 0x216d, 0x216d, 0x214d, 0x214d, 0x214d, 0x214d, 0x214d, 0x214d, 0x214d, 0x214d,
  0x214d, 0x212d, 0x212d, 0x212d, 0x212d, 0x212d, 0x212c, 0x212c, 0x192c, 0x192c, 0x192c, 0x192c,
  0x192c, 0x190c, 0x190c, 0x190b, 0x190b, 0x192b, 0x190b, 0x190b, 0x192b, 0x190b, 0x190b, 0x190b,
  0x110b, 0x18eb, 0x18eb, 0x18eb, 0x18ea, 0x10ea, 0x10ca, 0x10ca, 0x10ca, 0x10ca, 0x10ca, 0x10ca,
  0x10c9, 0x10c9, 0x10c9, 0x10c9, 0x10c9, 0x10c9, 0x10c9, 0x10c9, 0x10c9, 0x10c9, 0x10c9, 0x10c9,
  0x10c9, 0x08a8, 0x08a8, 0x0888, 0x0887, 0x0887, 0x0887, 0x0887, 0x0887, 0x0886, 0x0886, 0x0886,
  0x0022, 0x0022, 0x0022, 0x0022, 0x0022, 0x0022, 0x0022, 0x0022, 0x0022, 0x0022, 0x0022, 0x0023,
  0x0022, 0x0023, 0x0023, 0x0023, 0x0023, 0x0023, 0x0023, 0x0023, 0x0023, 0x0023, 0x0023, 0x0023,
  0x0023, 0x0023, 0x0023, 0x0023, 0x0023, 0x0023, 0x0023, 0x0023, 0x0023, 0x0023, 0x0023, 0x0023,
  0x0023, 0x0023, 0x0023, 0x0023, 0x0023, 0x0022, 0x0002, 0x0002, 0x0002, 0x0022, 0x0022, 0x0022,
  0x0022, 0x0022, 0x0023, 0x0023, 0x0023, 0x0023, 0x0023, 0x0022, 0x0022, 0x0022, 0x0023, 0x0023,
  0x0023, 0x0023, 0x0023, 0x0023, 0x0023, 0x0023, 0x0023, 0x0023, 0x0023, 0x0023, 0x0023, 0x0844,
  0x10a6, 0x0865, 0x0023, 0x0003, 0x0023, 0x0023, 0x0023, 0x0023, 0x0023, 0x0023, 0x0023, 0x0023,
  0x0023, 0x0023, 0x0023, 0x0023, 0x0023, 0x0023, 0x0023, 0x0023, 0x0023, 0x0023, 0x0023, 0x0023,
  0x0023, 0x0023, 0x0023, 0x0023, 0x0023, 0x0023, 0x0023, 0x0024, 0x0024, 0x0844, 0x0044, 0x0044,
  0x0044, 0x0024, 0x0024, 0x0024, 0x0044, 0x0044, 0x0044, 0x0044, 0x0044, 0x0044, 0x0844, 0x0844,
  0x0844, 0x0844, 0x0044, 0x0844, 0x0844, 0x0844, 0x0844, 0x0044, 0x0043, 0x0023, 0x0044, 0x0044,
  0x0044, 0x0044, 0x0023, 0x0023, 0x0023, 0x0023, 0x0023, 0x0023, 0x0023, 0x0023, 0x0023, 0x0023,
  0x0023, 0x0043, 0x0043, 0x0844, 0x0843, 0x0843, 0x0843, 0x0843, 0x0843, 0x0843, 0x0843, 0x0043,
  0x0044, 0x0043, 0x0044, 0x0044, 0x0844, 0x0844, 0x0844, 0x0844, 0x0843, 0x0843, 0x0886, 0x0845,
  0x0023, 0x0023, 0x0023, 0x0023, 0x0023, 0x0023, 0x0023, 0x0023, 0x0023, 0x0023, 0x0023, 0x0023,
  0x0023, 0x0023, 0x0023, 0x0023, 0x0023, 0x0023, 0x0023, 0x0023, 0x0023, 0x0023, 0x0023, 0x0023,
  0x0023, 0x0023, 0x0023, 0x0023, 0x0023, 0x0023, 0x0023, 0x0022, 0x0022, 0x0022, 0x0022, 0x0022,
  0x0022, 0x0022, 0x0022, 0x0022, 0x0023, 0x0023, 0x0023, 0x0023, 0x0023, 0x0023, 0x0023, 0x0023,
  0x0023, 0x0023, 0x0043, 0x0043, 0x0043, 0x0043, 0x0043, 0x0043, 0x0043, 0x0043, 0x0043, 0x0023,
  0x0023, 0x0023, 0x0023, 0x0023, 0x0023, 0x0023, 0x0023, 0x0022, 0x0022, 0x0022, 0x0022, 0x0022,
  0x10a7, 0x10a7, 0x10a7, 0x10a7, 0x10a7, 0x10a7, 0x10c7, 0x10c7, 0x10c7, 0x10c8, 0x10e8, 0x10e9,
  0x10e9, 0x10e9, 0x1109, 0x1109, 0x1109, 0x1909, 0x1909, 0x1909, 0x1909, 0x192a, 0x192a, 0x1929,
  0x1929, 0x192a, 0x192a, 0x194a, 0x194a, 0x192a, 0x194a, 0x216a, 0x216a, 0x216a, 0x216a, 0x216a,
  0x216a, 0x29ab, 0x29cb, 0x29eb, 0x29ec, 0x29ec, 0x29ec, 0x31ec, 0x322c, 0x3a2c, 0x3a4d, 0x3a4d,
  0x426d, 0x4aae, 0x4ace, 0x530e, 0x530e, 0x530e, 0x52ee, 0x52ee, 0x52ee, 0x530e, 0x530e, 0x52ee,
  0x52ee, 0x52ee, 0x4ace, 0x4acd, 0x4ace, 0x4acd, 0x4acd, 0x4aad, 0x426c, 0x426c, 0x3a2c, 0x2148,
  0x0864, 0x0864, 0x0023, 0x2147, 0x5aee, 0x52ee, 0x52ee, 0x52ee, 0x52ce, 0x4aad, 0x4a8d, 0x4a8d,
  0x4a8d, 0x4aad, 0x4aad, 0x4aad, 0x4aae, 0x4aae, 0x52ce, 0x52ce, 0x52ee, 0x52ee, 0x52ee, 0x52ee,
  0x5aee, 0x5b0e, 0x5b0f, 0x5b0f, 0x5b2f, 0x5b0e, 0x5b0e, 0x5b0e, 0x5b0f, 0x5b0f, 0x5aee, 0x52ee,
  0x52ee, 0x52ee, 0x52ee, 0x52ee, 0x52ee, 0x52ef, 0x52ee, 0x52ce, 0x52ef, 0x52cf, 0x52cf, 0x52ef,
  0x52cf, 0x52cf, 0x52cf, 0x52af, 0x4aaf, 0x4aaf, 0x4aaf, 0x4a8e, 0x4a8e, 0x4a8e, 0x4aaf, 0x4aaf,
  0x4aaf, 0x4aaf, 0x4a8e, 0x426e, 0x4a6e, 0x426e, 0x4a6d, 0x426d, 0x426d, 0x426d, 0x426d, 0x426e,
  0x4a8e, 0x4a8e, 0x4a8e, 0x4aae, 0x4aae, 0x52ae, 0x52cf, 0x52cf, 0x4aae, 0x4a8e, 0x426d, 0x426d,
  0x426d, 0x426d, 0x426e, 0x426e, 0x426e, 0x426e, 0x426d, 0x3a0c, 0x2106, 0x0843, 0x0844, 0x2146,
  0x52cc, 0x52ed, 0x52ed, 0x52ed, 0x52ed, 0x52cd, 0x4acd, 0x4acd, 0x52ce, 0x52ee, 0x52ee, 0x52ee,
  0x52ce, 0x4ace, 0x52ce, 0x52ce, 0x52ce, 0x52ce, 0x4ace, 0x4aae, 0x4aae, 0x4aae, 0x4aae, 0x4aae,
  0x4aae, 0x4a8d, 0x426d, 0x426d, 0x426d, 0x426d, 0x426d, 0x424d, 0x3a2c, 0x3a0c, 0x3a2c, 0x3a0c,
  0x320c, 0x31ec, 0x31ec, 0x31ec, 0x31cc, 0x29cc, 0x31cc, 0x31cc, 0x29cb, 0x29ab, 0x29ab, 0x29ab,
  0x298b, 0x298b, 0x218b, 0x218b, 0x216a, 0x216a, 0x216a, 0x216a, 0x216a, 0x216a, 0x216a, 0x214a,
  0x214a, 0x1929, 0x1929, 0x1929, 0x1929, 0x1908, 0x1908, 0x1908, 0x1908, 0x1908, 0x1908, 0x1908,
  0x216d, 0x216d, 0x216d, 0x216e, 0x216e, 0x218f, 0x218f, 0x298f, 0x29af, 0x29b0, 0x29d1, 0x31f2,
  0x3212, 0x2a12, 0x3212, 0x3213, 0x3213, 0x3233, 0x3234, 0x3233, 0x3233, 0x3253, 0x3233, 0x3232,
  0x3233, 0x3233, 0x3233, 0x3233, 0x3233, 0x3212, 0x3233, 0x3a53, 0x3a53, 0x3a73, 0x3a94, 0x3a94,
  0x42b4, 0x5336, 0x5357, 0x5377, 0x5b97, 0x5b97, 0x5b97, 0x5bb7, 0x63d7, 0x63f7, 0x63f7, 0x6418,
  0x6c38, 0x7499, 0x7cb9, 0x84fa, 0x84fa, 0x8d1a, 0x8cfa, 0x84fa, 0x8cfa, 0x8d1a, 0x84fa, 0x84fa,
  0x84fa, 0x84d9, 0x84b9, 0x84d9, 0x84fa, 0x84f9, 0x84d9, 0x84d9, 0x7c99, 0x7c99, 0x7c79, 0xad9a,
  0x8c93, 0x0844, 0x39c9, 0xbe1a, 0x9d5a, 0x8d1a, 0x8cfa, 0x8cd9, 0x84d9, 0x84b9, 0x8499, 0x7c99,
  0x7c99, 0x8499, 0x7c99, 0x8499, 0x7c99, 0x7c99, 0x8499, 0x8499, 0x8499, 0x8499, 0x8cb9, 0x8cb9,
  0x8cd9, 0x94fa, 0x94f9, 0x94d9, 0x8cd9, 0x8cb9, 0x8cb9, 0x8c99, 0x8499, 0x8498, 0x8498, 0x8498,
  0x8498, 0x8499, 0x8499, 0x8499, 0x7c78, 0x7c78, 0x7c58, 0x7c58, 0x7c58, 0x7458, 0x7458, 0x7458,
  0x7c59, 0x7c59, 0x7438, 0x7418, 0x6bf8, 0x6bf8, 0x6bf8, 0x6bf8, 0x6bf8, 0x6bf8, 0x6bf8, 0x6bf8,
  0x7418, 0x6bf8, 0x6bd7, 0x6bd7, 0x6bd7, 0x6bd7, 0x6bd7, 0x6bd7, 0x6bf7, 0x73f8, 0x73f8, 0x73f7,
  0x73f7, 0x73f7, 0x7417, 0x7418, 0x7c38, 0x7c38, 0x7c38, 0x7c58, 0x7c38, 0x7418, 0x6bf7, 0x7418,
  0x7438, 0x7438, 0x7438, 0x7438, 0x7438, 0x7459, 0x7c79, 0x8cd9, 0xc639, 0x2947, 0x20e6, 0xc619,
  0xdefd, 0xa59b, 0x9d9b, 0x955a, 0x953a, 0x953a, 0x8d1a, 0x8d1a, 0x953a, 0x8cfa, 0x8cfa, 0x84da,
  0x84b9, 0x84b9, 0x84b9, 0x84ba, 0x7c99, 0x7c99, 0x7c99, 0x7c79, 0x7459, 0x7c79, 0x7c79, 0x7c79,
  0x7439, 0x6bf8, 0x6bf8, 0x6bd7, 0x63b7, 0x63b7, 0x63b7, 0x6bd8, 0x6397, 0x6397, 0x63b7, 0x6397,
  0x5b76, 0x5b76, 0x5356, 0x5336, 0x5336, 0x4b15, 0x4b15, 0x4b15, 0x4af5, 0x4af5, 0x4af5, 0x4af5,
  0x4ad5, 0x42b4, 0x42b4, 0x42b4, 0x3a93, 0x3a94, 0x3a94, 0x3a94, 0x3a93, 0x3a94, 0x3a94, 0x3a73,
  0x3a74, 0x3a53, 0x3231, 0x3211, 0x3211, 0x31f1, 0x31f0, 0x31f0, 0x31f0, 0x29f0, 0x29f0, 0x29f0,
  0x216e, 0x216e, 0x218e, 0x216e, 0x218f, 0x298f, 0x2990, 0x29b0, 0x29d1, 0x31f2, 0x3212, 0x3213,
  0x3213, 0x3233, 0x3254, 0x3254, 0x3254, 0x3254, 0x3275, 0x3254, 0x3254, 0x3a74, 0x3233, 0x3233,
  0x3a53, 0x3a53, 0x3a53, 0x3233, 0x3212, 0x3212, 0x3a33, 0x3a33, 0x3232, 0x3a33, 0x3a53, 0x3a33,
  0x4273, 0x4294, 0x42b4, 0x42b4, 0x4ad5, 0x4b16, 0x5336, 0x4b35, 0x5376, 0x5bb6, 0x63d7, 0x63f7,
  0x5bb7, 0x6418, 0x6c38, 0x7c98, 0x7478, 0x7c99, 0x7478, 0x7458, 0x84b9, 0x84d9, 0x84d9, 0x84d9,
  0x7cb9, 0x84f9, 0x84d9, 0x84d9, 0x8cf9, 0x84f9, 0x84d9, 0x84d9, 0x7c99, 0x7c79, 0x9519, 0xd6bc,
  0x8c52, 0x1085, 0xad57, 0xd6bc, 0x955a, 0x955a, 0x8d1a, 0x8cf9, 0x9d7a, 0xa59a, 0x9539, 0x9519,
  0x9519, 0x9519, 0x9519, 0x9519, 0x9519, 0x9519, 0x9519, 0x9519, 0x94f9, 0x9519, 0x9519, 0x9519,
  0x9d39, 0xa559, 0x9519, 0x9519, 0x9519, 0x94f9, 0x8cb9, 0x8cb9, 0x8cb9, 0x8c98, 0x8cb8, 0x8cb9,
  0x8cb9, 0x8cb9, 0x8cb9, 0x84b9, 0x84b9, 0x8cd9, 0x84d9, 0x84b9, 0x84d9, 0x84b9, 0x7c99, 0x7c98,
  0x84d9, 0x84d9, 0x84d9, 0x8cd9, 0x8499, 0x7c98, 0x84b9, 0x8cf9, 0x9519, 0x94f9, 0x94f9, 0x9519,
  0x94f9, 0x94f9, 0x8cd9, 0x94f9, 0x9cf9, 0x9cf9, 0x9cf9, 0x9cf9, 0x94f9, 0x94f9, 0x9cf9, 0x9cf9,
  0x94f9, 0x94d8, 0x9d19, 0x9d19, 0x9d19, 0x9d39, 0x9d19, 0x9d19, 0x9d39, 0x9519, 0x8cf9, 0x8cf9,
  0x94f9, 0x8cf9, 0x8cf9, 0x8cf9, 0x84b9, 0x84b9, 0x8cf9, 0x951a, 0xd6dd, 0x94b4, 0x18e7, 0x9cd4,
  0xef7e, 0xb5fb, 0x9d5b, 0x8d1a, 0x8cfa, 0x953a, 0x955a, 0x9539, 0x9539, 0x8d19, 0x8d1a, 0x8d1a,
  0x8cf9, 0x84b9, 0x8cd9, 0x8cd9, 0x7c98, 0x7c78, 0x7c78, 0x7438, 0x6bf8, 0x6c18, 0x6c18, 0x6bf8,
  0x6bf8, 0x6397, 0x5b76, 0x5b76, 0x5b76, 0x5b55, 0x5b76, 0x63b6, 0x5b56, 0x5315, 0x5b56, 0x5b76,
  0x5335, 0x5335, 0x5335, 0x5335, 0x5b55, 0x5315, 0x4af5, 0x4b15, 0x4af5, 0x4af5, 0x4ad4, 0x4af5,
  0x42d5, 0x42b5, 0x42b5, 0x42d5, 0x3a94, 0x3a94, 0x3a95, 0x3a94, 0x3a94, 0x3a95, 0x3a94, 0x3274,
  0x3a74, 0x3233, 0x3212, 0x3232, 0x3212, 0x31f1, 0x31f0, 0x31f0, 0x31d0, 0x31f0, 0x31f0, 0x29d0,
  0x218e, 0x218e, 0x298f, 0x218f, 0x218f, 0x29b0, 0x29d1, 0x29d1, 0x29f2, 0x3213, 0x3233, 0x3234,
  0x3234, 0x3254, 0x3255, 0x3255, 0x3275, 0x3276, 0x3296, 0x3275, 0x3275, 0x3a75, 0x3254, 0x3254,
  0x3254, 0x3253, 0x3253, 0x3233, 0x3253, 0x3233, 0x3232, 0x3a73, 0x4273, 0x3a73, 0x3a53, 0x3a94,
  0x4293, 0x42b4, 0x42d4, 0x42f4, 0x4af5, 0x4b35, 0x5396, 0x5bb6, 0x5bb6, 0x63f6, 0x6417, 0x6417,
  0x6c58, 0x6c38, 0x6c37, 0x6c37, 0x7457, 0x7457, 0x7457, 0x7478, 0x7457, 0x7477, 0x7477, 0x7c97,
  0x7c97, 0x84b8, 0x84b8, 0x84d8, 0x84d8, 0x7cb8, 0x7cb8, 0x7cb8, 0x7c98, 0x8cb8, 0xd6db, 0x9472,
  0x0843, 0x422a, 0xd6bc, 0xb5fb, 0x9d7a, 0x9559, 0x9539, 0x9559, 0x9d99, 0xa599, 0x9d59, 0x9d59,
  0x9d39, 0x9539, 0x9d79, 0xa579, 0x9d7a, 0xa57a, 0xa579, 0xa57a, 0xa57a, 0xa57a, 0xa59a, 0xa59a,
  0xa599, 0xad99, 0xa579, 0x9d39, 0x9d39, 0x9519, 0x94f9, 0x8cd8, 0x8cd8, 0x94f9, 0x9519, 0x9519,
  0x9519, 0x9519, 0x9519, 0x9539, 0x9539, 0x9539, 0x9539, 0x8d19, 0x9539, 0x8d19, 0x8d19, 0x8d19,
  0x9539, 0x9539, 0x9539, 0x9539, 0x9519, 0x9539, 0x9d7a, 0xadba, 0xa59a, 0xa59a, 0xa599, 0xadba,
  0xa59a, 0xa59a, 0xa59a, 0xa579, 0xa579, 0xad99, 0xb5ba, 0xad99, 0xad9a, 0xad99, 0xad9a, 0xad79,
  0xad79, 0xad79, 0xad99, 0xadb9, 0xad99, 0xad99, 0xa558, 0xa559, 0xa559, 0xa559, 0x9d59, 0x9d59,
  0x9d38, 0x9d58, 0x9d59, 0x9539, 0x9539, 0x9539, 0x9539, 0x955a, 0xadfb, 0xdedb, 0x3a09, 0x2106,
  0xb5b7, 0xf7df, 0xce9d, 0xaddb, 0x9d9b, 0x955a, 0x9519, 0x9539, 0x9539, 0x9539, 0x9519, 0x8d19,
  0x8d19, 0x8cf9, 0x8cd9, 0x8cd8, 0x84b8, 0x7c98, 0x84b9, 0x84b8, 0x7c58, 0x7c78, 0x7c78, 0x6c17,
  0x7417, 0x6bf7, 0x6bd7, 0x63b6, 0x63b6, 0x63b6, 0x5b76, 0x5b75, 0x5b55, 0x5355, 0x5b75, 0x5b55,
  0x5335, 0x5335, 0x5b76, 0x5355, 0x5355, 0x4af4, 0x4b15, 0x4af5, 0x4af5, 0x4af5, 0x42d5, 0x42f5,
  0x42d5, 0x42b5, 0x42b5, 0x42d5, 0x42d5, 0x42d5, 0x3ab5, 0x3ab5, 0x3ab5, 0x3a95, 0x3a95, 0x3274,
  0x3274, 0x3233, 0x3212, 0x3233, 0x3232, 0x3211, 0x3211, 0x31f0, 0x31f0, 0x31f0, 0x31f0, 0x31f0,
  0x29ef, 0x29f0, 0x2a11, 0x2a11, 0x3232, 0x3253, 0x3274, 0x3294, 0x3295, 0x32b5, 0x3ad6, 0x3af7,
  0x3af7, 0x3b18, 0x3b38, 0x3b39, 0x3b59, 0x3b7a, 0x3b9a, 0x3338, 0x32f7, 0x32d7, 0x32d7, 0x32b6,
  0x3ad6, 0x3ab5, 0x3ab5, 0x3294, 0x3293, 0x3273, 0x3273, 0x42d4, 0x4b14, 0x42f4, 0x42d3, 0x4b34,
  0x4af3, 0x4b34, 0x5b94, 0x63d5, 0x5b94, 0x6c56, 0x7476, 0x7456, 0x7476, 0x7476, 0x7c96, 0x7476,
  0x7476, 0x7c96, 0x8cf7, 0x8cf6, 0x9517, 0x9517, 0x9537, 0x9d58, 0x9d37, 0x9d57, 0xa577, 0xa577,
  0xa598, 0xadb8, 0xadb8, 0xadd8, 0xadd8, 0xadd8, 0xadd8, 0xa598, 0x7436, 0x7436, 0x8cd7, 0x10e6,
  0x0021, 0x2147, 0x9d17, 0xbe3a, 0xbe19, 0xbe19, 0xbe39, 0xbe59, 0xc65a, 0xc65a, 0xc65a, 0xc65a,
  0xc67a, 0xc67a, 0xc67a, 0xc67a, 0xce7a, 0xce7a, 0xce7a, 0xce9a, 0xce9a, 0xceba, 0xd6ba, 0xd6ba,
  0xd6ba, 0xd6ba, 0xce7a, 0xc659, 0xbe39, 0xbe19, 0xb619, 0xb5f9, 0xbe19, 0xbe19, 0xbe19, 0xbe1a,
  0xbe19, 0xbe3a, 0xbe3a, 0xbe3a, 0xb61a, 0xb61a, 0xb61a, 0xadfa, 0xb61a, 0xb61a, 0xb61a, 0xb61a,
  0xb61a, 0xb61a, 0xb61a, 0xb61a, 0xb63a, 0xbe3a, 0xbe3a, 0xbe3a, 0xbe3a, 0xbe3a, 0xc65a, 0xc67a,
  0xc65a, 0xc65a, 0xc639, 0xc639, 0xce7a, 0xd69a, 0xd69a, 0xce9a, 0xce9a, 0xce7a, 0xce7a, 0xd69a,
  0xd69a, 0xd69a, 0xd69a, 0xd69a, 0xce9a, 0xce79, 0xce59, 0xc639, 0xc638, 0xc639, 0xc639, 0xc639,
  0xc638, 0xc639, 0xc639, 0xbe19, 0xbe19, 0xb5f9, 0xb5f9, 0xadd9, 0xadb9, 0xbe39, 0x2967, 0x0022,
  0x4a6b, 0xc65a, 0xc63a, 0xce9b, 0xc67a, 0xbe19, 0xb5f9, 0xbe19, 0xbe19, 0xbe19, 0xbe19, 0xb619,
  0xb619, 0xb5f9, 0xb5f9, 0xb5f9, 0xb5f9, 0xb5d9, 0xb5f9, 0xb5f9, 0xb5d9, 0xb5f9, 0xadd9, 0xadb8,
  0xadb8, 0xa598, 0xa578, 0xa578, 0x9d57, 0x9d57, 0x94f7, 0x8cd7, 0x8cd7, 0x84b7, 0x8497, 0x5353,
  0x5b54, 0x5354, 0x4b13, 0x5354, 0x5b75, 0x5334, 0x5335, 0x5355, 0x5356, 0x5376, 0x5397, 0x53b8,
  0x53b8, 0x53b8, 0x4b98, 0x4bb8, 0x4bb9, 0x53d9, 0x4bb9, 0x4b99, 0x4378, 0x4358, 0x3b38, 0x3b18,
  0x3b18, 0x3ad6, 0x3275, 0x3274, 0x3274, 0x3252, 0x3a72, 0x3251, 0x3210, 0x29f0, 0x29ef, 0x29ef,
  0x0045, 0x0045, 0x0066, 0x0066, 0x0087, 0x0088, 0x00a9, 0x00aa, 0x00ca, 0x08cc, 0x08ec, 0x090d,
  0x090e, 0x092f, 0x092f, 0x0930, 0x0930, 0x0930, 0x0930, 0x092f, 0x090f, 0x090e, 0x08ee, 0x08cd,
  0x08cc, 0x08cb, 0x08ca, 0x08a9, 0x00a8, 0x0088, 0x0067, 0x0067, 0x0066, 0x0045, 0x0045, 0x0066,
  0x0066, 0x0066, 0x0866, 0x0886, 0x0886, 0x0886, 0x0886, 0x0886, 0x0886, 0x0886, 0x0886, 0x0886,
  0x0886, 0x0887, 0x0887, 0x0887, 0x0887, 0x0887, 0x0887, 0x0887, 0x0887, 0x0887, 0x0887, 0x10a7,
  0x10a7, 0x10a7, 0x10a7, 0x10a7, 0x10a8, 0x10a8, 0x10a8, 0x10c8, 0x10c8, 0x18ea, 0x29d0, 0x0865,
  0x0001, 0x0844, 0x298d, 0x214b, 0x10a7, 0x10a7, 0x10a7, 0x10a7, 0x10a7, 0x10a7, 0x10a7, 0x10a6,
  0x10a7, 0x10a7, 0x10a7, 0x10a7, 0x1087, 0x1087, 0x10a7, 0x10a7, 0x10a7, 0x10a7, 0x10a7, 0x10a7,
  0x10a7, 0x10a7, 0x10a7, 0x10a7, 0x08a7, 0x08a7, 0x08a7, 0x08a8, 0x10a8, 0x10a8, 0x08c9, 0x08ca,
  0x08ca, 0x08eb, 0x110c, 0x110c, 0x110d, 0x110d, 0x112d, 0x112e, 0x112e, 0x112e, 0x112e, 0x112e,
  0x112e, 0x092e, 0x092f, 0x092f, 0x112e, 0x112e, 0x110d, 0x110d, 0x110c, 0x110c, 0x10eb, 0x10ea,
  0x10e9, 0x08c9, 0x08c8, 0x08a7, 0x08a7, 0x08a6, 0x0886, 0x0886, 0x0886, 0x1086, 0x0886, 0x1086,
  0x1086, 0x1086, 0x1086, 0x1086, 0x0886, 0x0886, 0x0886, 0x0886, 0x0886, 0x0887, 0x10a7, 0x10a7,
  0x10a7, 0x10a7, 0x10a7, 0x10a8, 0x10a8, 0x10a8, 0x10c8, 0x18c9, 0x190b, 0x298c, 0x0002, 0x0001,
  0x1909, 0x4250, 0x18e8, 0x10c8, 0x10a8, 0x10a8, 0x10a7, 0x10a7, 0x10c7, 0x10a7, 0x10c7, 0x10a7,
  0x10a7, 0x10a7, 0x10a7, 0x10a7, 0x10a6, 0x1086, 0x0886, 0x0886, 0x0865, 0x0865, 0x0865, 0x0865,
  0x0865, 0x0065, 0x0065, 0x0065, 0x0065, 0x0065, 0x0065, 0x0065, 0x0065, 0x0066, 0x0865, 0x0066,
  0x0066, 0x0886, 0x0087, 0x0087, 0x08a8, 0x08a9, 0x08a9, 0x08ca, 0x08ca, 0x08eb, 0x08eb, 0x090c,
  0x090d, 0x090e, 0x092e, 0x092f, 0x0950, 0x0950, 0x0950, 0x0930, 0x0930, 0x092f, 0x092f, 0x090f,
  0x090e, 0x090d, 0x090c, 0x08eb, 0x08ca, 0x00a9, 0x00a8, 0x0087, 0x0086, 0x0065, 0x0065, 0x0045,
  0x0045, 0x0045, 0x0066, 0x0088, 0x08ca, 0x08ec, 0x090d, 0x090e, 0x0930, 0x0931, 0x0952, 0x11b4,
  0x11f5, 0x1a36, 0x1a57, 0x1a77, 0x1a57, 0x1a57, 0x1a37, 0x1a36, 0x1a36, 0x1a15, 0x11f5, 0x09b4,
  0x1194, 0x1193, 0x1152, 0x092f, 0x08ec, 0x08ab, 0x0889, 0x0067, 0x0066, 0x0066, 0x0065, 0x0065,
  0x0065, 0x0066, 0x0866, 0x0866, 0x0866, 0x0866, 0x0866, 0x0866, 0x0066, 0x0865, 0x0865, 0x0865,
  0x0866, 0x0886, 0x0887, 0x0887, 0x0886, 0x0886, 0x0886, 0x0886, 0x0886, 0x0886, 0x0887, 0x0886,
  0x0886, 0x0887, 0x0887, 0x0887, 0x0887, 0x10a8, 0x10a7, 0x10c8, 0x10c8, 0x10c8, 0x216d, 0x0044,
  0x0001, 0x0844, 0x216d, 0x10c8, 0x10a7, 0x10a7, 0x10a7, 0x08a7, 0x0887, 0x0886, 0x0866, 0x0866,
  0x0886, 0x0886, 0x0886, 0x0886, 0x0886, 0x0866, 0x0887, 0x08a7, 0x08a7, 0x08a7, 0x08a7, 0x08a8,
  0x08a8, 0x08a8, 0x08a8, 0x08a8, 0x08a8, 0x08a8, 0x08a8, 0x08a9, 0x08c9, 0x08ca, 0x08a9, 0x08cb,
  0x090e, 0x0950, 0x1172, 0x11b3, 0x11d3, 0x11f4, 0x1a35, 0x1a56, 0x1a77, 0x2297, 0x2297, 0x1a77,
  0x1a57, 0x1a36, 0x1a16, 0x1a36, 0x1a56, 0x1a36, 0x1a15, 0x11b4, 0x1173, 0x1152, 0x1151, 0x112e,
  0x08c9, 0x08a9, 0x08c8, 0x08a8, 0x08a7, 0x08a7, 0x08a7, 0x0887, 0x0887, 0x0887, 0x0887, 0x0887,
  0x0886, 0x0886, 0x0886, 0x0866, 0x0866, 0x0866, 0x0886, 0x0886, 0x0887, 0x0887, 0x10a7, 0x10a7,
  0x10a7, 0x10a7, 0x08a7, 0x10a7, 0x10a8, 0x10a8, 0x10a7, 0x10c9, 0x18ea, 0x214b, 0x0002, 0x0001,
  0x10c8, 0x216c, 0x10a8, 0x10c8, 0x10c8, 0x10a8, 0x0887, 0x0886, 0x0887, 0x0887, 0x0887, 0x0886,
  0x0886, 0x0886, 0x0866, 0x0886, 0x0886, 0x0865, 0x0865, 0x0865, 0x0845, 0x0844, 0x0845, 0x0865,
  0x0865, 0x0045, 0x0045, 0x0045, 0x0045, 0x0065, 0x0065, 0x0065, 0x0865, 0x0866, 0x0866, 0x0866,
  0x0866, 0x0066, 0x0087, 0x0087, 0x08a9, 0x08cb, 0x090d, 0x094f, 0x1192, 0x11b3, 0x11b3, 0x19d4,
  0x1a15, 0x1a36, 0x1a36, 0x1a57, 0x1a57, 0x1a38, 0x1a17, 0x1216, 0x1216, 0x1236, 0x1236, 0x1216,
  0x1a16, 0x1215, 0x1214, 0x11d3, 0x1172, 0x0930, 0x08ee, 0x08cc, 0x08a9, 0x0066, 0x0066, 0x0865,
  0x0066, 0x0088, 0x00a9, 0x08cb, 0x090f, 0x0952, 0x0994, 0x09d6, 0x09f8, 0x0a19, 0x0a5a, 0x0afc,
  0x0b7d, 0x13de, 0x13fe, 0x13fe, 0x13fe, 0x13fe, 0x13fe, 0x141e, 0x13fe, 0x13dd, 0x0b7d, 0x0b1c,
  0x0afb, 0x0aba, 0x0a79, 0x09d6, 0x0953, 0x08ef, 0x08cc, 0x0089, 0x110b, 0x0067, 0x0045, 0x0045,
  0x0045, 0x0045, 0x0045, 0x0045, 0x0045, 0x0045, 0x0045, 0x0044, 0x0045, 0x0024, 0x0023, 0x0022,
  0x0044, 0x18e8, 0x0887, 0x0887, 0x0887, 0x0887, 0x0886, 0x0887, 0x08a7, 0x08a7, 0x10a7, 0x10a7,
  0x10a7, 0x10c8, 0x10a7, 0x10a8, 0x08a7, 0x10c7, 0x10a8, 0x10c8, 0x10c9, 0x10a8, 0x192c, 0x0044,
  0x0001, 0x0044, 0x216c, 0x10c9, 0x10a8, 0x0886, 0x0865, 0x0886, 0x0886, 0x0886, 0x0886, 0x0866,
  0x0886, 0x0866, 0x0866, 0x0866, 0x0887, 0x0845, 0x0865, 0x0865, 0x0866, 0x0886, 0x0886, 0x0866,
  0x0886, 0x0886, 0x0886, 0x0887, 0x0887, 0x0887, 0x0887, 0x0888, 0x08a9, 0x08cb, 0x114d, 0x08ee,
  0x0951, 0x11b5, 0x0a38, 0x0a9a, 0x0b1b, 0x0b7c, 0x0bdd, 0x141d, 0x143e, 0x1c7e, 0x147e, 0x145e,
  0x145e, 0x141e, 0x13fe, 0x13fd, 0x141d, 0x141d, 0x13dd, 0x0b1b, 0x129a, 0x1218, 0x1195, 0x1172,
  0x110d, 0x08ec, 0x110b, 0x08a8, 0x0887, 0x0886, 0x0866, 0x0886, 0x0065, 0x0866, 0x0865, 0x0045,
  0x0045, 0x0045, 0x0865, 0x0865, 0x0865, 0x0865, 0x0865, 0x0886, 0x296b, 0x0887, 0x08a7, 0x08a7,
  0x0887, 0x0886, 0x0886, 0x0886, 0x10a8, 0x10c9, 0x10c9, 0x18ea, 0x18ea, 0x214b, 0x0002, 0x0001,
  0x10a7, 0x212b, 0x10a8, 0x10c8, 0x10c8, 0x10a7, 0x0887, 0x10c8, 0x10e8, 0x10e8, 0x10c8, 0x10c8,
  0x10a7, 0x10a7, 0x10a7, 0x10a7, 0x10a7, 0x10a7, 0x10a7, 0x10a7, 0x10a6, 0x0022, 0x0002, 0x0022,
  0x0023, 0x0024, 0x0024, 0x0024, 0x0024, 0x0023, 0x0024, 0x0044, 0x0044, 0x0044, 0x0044, 0x0044,
  0x0065, 0x0066, 0x0088, 0x08aa, 0x00ab, 0x090e, 0x0972, 0x09d6, 0x1259, 0x1aba, 0x12db, 0x1b3b,
  0x1b9d, 0x1bdd, 0x13fd, 0x1c1e, 0x1c1e, 0x1c1f, 0x13fe, 0x13de, 0x13fe, 0x141e, 0x143e, 0x141e,
  0x1bdd, 0x13bd, 0x1b9d, 0x133c, 0x12bb, 0x0a39, 0x0975, 0x0911, 0x08ee, 0x0889, 0x08a8, 0x0886,
  0x010d, 0x090d, 0x008b, 0x08ce, 0x0974, 0x1359, 0x1d3b, 0x2dfd, 0x4e3d, 0x565e, 0x3e7e, 0x3ede,
  0x4efe, 0x571f, 0x573e, 0x673f, 0x6f3f, 0x6f3f, 0x673f, 0x575e, 0x575f, 0x5f5f, 0x575f, 0x4f1f,
  0x36df, 0x3ebe, 0x3e9d, 0x2d7c, 0x0b39, 0x0154, 0x00ce, 0x008b, 0x19b0, 0x08c9, 0x0045, 0x0044,
  0x0886, 0x0044, 0x0044, 0x0044, 0x0044, 0x0023, 0x0023, 0x0002, 0x0001, 0x0001, 0x0001, 0x0001,
  0x1108, 0x4291, 0x3272, 0x2a10, 0x198e, 0x218e, 0x196d, 0x110a, 0x110a, 0x10ea, 0x10e9, 0x10ea,
  0x110a, 0x110a, 0x10ea, 0x10ea, 0x10ea, 0x0887, 0x0887, 0x10a8, 0x10a8, 0x10a8, 0x192b, 0x0044,
  0x0001, 0x0044, 0x216c, 0x10c9, 0x10a8, 0x08a7, 0x10a7, 0x190a, 0x190b, 0x190b, 0x190b, 0x10eb,
  0x190b, 0x192c, 0x192c, 0x29d0, 0x29d0, 0x10c7, 0x0022, 0x0023, 0x0864, 0x0844, 0x0022, 0x0023,
  0x10e7, 0x10e8, 0x08e8, 0x08e8, 0x08c8, 0x0886, 0x0866, 0x0887, 0x112c, 0x1213, 0x19d2, 0x08d1,
  0x1156, 0x12db, 0x3d9e, 0x4e7e, 0x66be, 0x76fe, 0x6efe, 0x4efe, 0x671e, 0x7f1e, 0x7f3e, 0x6f5e,
  0x6f5f, 0x775f, 0x875f, 0x875f, 0x7f3e, 0x4f1e, 0x46fe, 0x66de, 0x6ebe, 0x3ddd, 0x0bba, 0x09b4,
  0x112f, 0x092f, 0x112f, 0x08ea, 0x0866, 0x0044, 0x0065, 0x0886, 0x0044, 0x0865, 0x08a7, 0x08a7,
  0x08a7, 0x08a7, 0x0886, 0x0044, 0x0044, 0x0885, 0x0864, 0x0864, 0x31ce, 0x214c, 0x18ea, 0x10c9,
  0x10c9, 0x10c9, 0x10c9, 0x10c9, 0x10a8, 0x10c8, 0x10e9, 0x18ea, 0x10ea, 0x192b, 0x0002, 0x0001,
  0x10a7, 0x212b, 0x10a8, 0x10c8, 0x10c8, 0x10a7, 0x192b, 0x194c, 0x214c, 0x192c, 0x192c, 0x192b,
  0x192b, 0x190a, 0x192b, 0x192b, 0x190b, 0x218e, 0x3210, 0x31f0, 0x218e, 0x10c8, 0x0001, 0x0000,
  0x0001, 0x0001, 0x0002, 0x0002, 0x0002, 0x0002, 0x0022, 0x0065, 0x0865, 0x0886, 0x0886, 0x0023,
  0x0044, 0x08ea, 0x2233, 0x19f2, 0x08cd, 0x0132, 0x0218, 0x0b7c, 0x355e, 0x5e9f, 0x66bf, 0x56be,
  0x56fe, 0x5f1e, 0x673e, 0x775f, 0x7f5f, 0x7f5f, 0x673f, 0x575e, 0x5f5e, 0x677f, 0x5f7f, 0x5f5f,
  0x5f5f, 0x573e, 0x471f, 0x3edf, 0x3e9e, 0x261e, 0x0c5c, 0x0975, 0x08ef, 0x08cb, 0x08eb, 0x08ca,
  0x3c9b, 0x012f, 0x00ac, 0x0933, 0x0a59, 0x1e9e, 0x3fde, 0x9fdf, 0xdfff, 0xefff, 0xafff, 0xafff,
  0xdfff, 0xefff, 0xefff, 0xf7ff, 0xf7ff, 0xefff, 0xdfff, 0xe7ff, 0xefff, 0xf7ff, 0xe7ff, 0xcfff,
  0x7fff, 0xafff, 0xd7ff, 0x9f9e, 0x35fe, 0x0218, 0x0911, 0x00ad, 0x21f2, 0x110c, 0x192a, 0x29cd,
  0x3a50, 0x110a, 0x110a, 0x110a, 0x1109, 0x08a7, 0x0023, 0x0002, 0x0001, 0x0001, 0x0001, 0x0001,
  0x00a8, 0x116e, 0x116e, 0x196e, 0x194d, 0x110b, 0x10ea, 0x110b, 0x10ea, 0x10ea, 0x10ea, 0x10ea,
  0x10ea, 0x10ea, 0x110b, 0x190b, 0x192b, 0x1087, 0x0887, 0x10a7, 0x10a8, 0x10a8, 0x190b, 0x0023,
  0x0001, 0x0023, 0x216d, 0x10c9, 0x10a7, 0x10a8, 0x10a8, 0x192b, 0x216e, 0x214e, 0x214e, 0x214e,
  0x216e, 0x216f, 0x29d0, 0x2a33, 0x43d6, 0x6cf6, 0x08a6, 0x19ac, 0x7539, 0x84f7, 0x1907, 0x1129,
  0x4c77, 0x553a, 0x5d5a, 0x6d9b, 0x75db, 0x2a4e, 0x1129, 0x220e, 0x1a93, 0x1bdb, 0x0112, 0x08d2,
  0x11da, 0x24fe, 0x579f, 0xbfff, 0xf7ff, 0xf7ff, 0xbffe, 0xa7ff, 0xd7ff, 0xf7df, 0xefff, 0xcfff,
  0xdfff, 0xf7ff, 0xffff, 0xf7ff, 0xcfff, 0x7fff, 0x8fff, 0xf7ff, 0xffff, 0x9f9e, 0x25de, 0x12fa,
  0x0931, 0x08f0, 0x0972, 0x4419, 0x112a, 0x0845, 0x63f5, 0x8559, 0x3ad1, 0x2b95, 0x557b, 0x5d7a,
  0x657b, 0x7ddb, 0x6d79, 0x3373, 0x09ee, 0x44f9, 0x3c36, 0x0865, 0x3a50, 0x4272, 0x296e, 0x214d,
  0x214d, 0x214d, 0x214d, 0x190b, 0x10c9, 0x10a7, 0x10e9, 0x18e9, 0x10ea, 0x192a, 0x0002, 0x0000,
  0x10a7, 0x212b, 0x10a8, 0x10c8, 0x10c8, 0x10a7, 0x110a, 0x214c, 0x29af, 0x216e, 0x194c, 0x194c,
  0x194c, 0x192c, 0x194d, 0x192c, 0x192c, 0x3a51, 0x190c, 0x190c, 0x192c, 0x10ea, 0x0002, 0x0001,
  0x0001, 0x0001, 0x0001, 0x0002, 0x0023, 0x0023, 0x0065, 0x10ea, 0x192b, 0x10e9, 0x10e9, 0x0865,
  0x0866, 0x32d5, 0x2ab6, 0x2b38, 0x08ef, 0x01f8, 0x037e, 0x46bf, 0x97de, 0xe7ff, 0xefff, 0xc7ff,
  0xa7ff, 0xafff, 0xc7ff, 0xefff, 0xf7ff, 0xf7ff, 0xdfff, 0xcfff, 0xdfff, 0xefff, 0xefff, 0xefff,
  0xefff, 0xc7ff, 0x87ff, 0xa7ff, 0xe7ff, 0xafdf, 0x26bf, 0x029b, 0x0974, 0x08cc, 0x090d, 0x22b3,
  0x34dc, 0x09f2, 0x00ae, 0x0935, 0x0abb, 0x1ede, 0x4fde, 0xafff, 0xefde, 0xe7ff, 0x97ff, 0xafff,
  0xe7ff, 0xf7ff, 0xf7ff, 0xf7ff, 0xefff, 0xefff, 0xe7ff, 0xefff, 0xf7ff, 0xefff, 0xdfff, 0xb7ff,
  0x77ff, 0xafff, 0xd7ff, 0xa7bf, 0x2dfe, 0x0a79, 0x0932, 0x00ad, 0x19b1, 0x00a9, 0x0044, 0x0024,
  0x0044, 0x0045, 0x0045, 0x0045, 0x0044, 0x0024, 0x0003, 0x0002, 0x0001, 0x0001, 0x0001, 0x0001,
  0x0065, 0x110b, 0x110b, 0x112b, 0x110b, 0x110b, 0x190a, 0x10ea, 0x10e9, 0x10ea, 0x10ea, 0x10ea,
  0x10ea, 0x10ea, 0x10ea, 0x10ea, 0x192b, 0x0866, 0x0886, 0x0887, 0x10a8, 0x10a7, 0x10ea, 0x0023,
  0x0001, 0x0023, 0x216c, 0x10c8, 0x10a7, 0x10a8, 0x10a8, 0x10ea, 0x216d, 0x216e, 0x214e, 0x216f,
  0x216f, 0x216f, 0x29d0, 0x196e, 0x2a4f, 0x32ae, 0x0085, 0x0929, 0x3354, 0x3333, 0x08c8, 0x112a,
  0x2bd6, 0x3478, 0x3c99, 0x3cb9, 0x44ba, 0x116b, 0x08c8, 0x118c, 0x1ad4, 0x243b, 0x0112, 0x08d2,
  0x121b, 0x255f, 0x4fbf, 0xbfff, 0xefff, 0xefff, 0xafff, 0xa7ff, 0xd7df, 0xe7df, 0xe7ff, 0xbfff,
  0xd7ff, 0xefff, 0xefff, 0xefff, 0xcfff, 0x87ff, 0xafff, 0xefff, 0xefff, 0x9fdf, 0x363e, 0x12fa,
  0x0932, 0x08f0, 0x0971, 0x2294, 0x08e9, 0x0845, 0x4b54, 0x7539, 0x32d3, 0x23d7, 0x3d5c, 0x453c,
  0x455c, 0x557c, 0x44d9, 0x12b2, 0x09ce, 0x3498, 0x2bf5, 0x0065, 0x4ab1, 0x4a92, 0x216e, 0x214d,
  0x214d, 0x214d, 0x214c, 0x212b, 0x18ea, 0x10c8, 0x18e9, 0x10e9, 0x10ea, 0x192b, 0x0002, 0x0000,
  0x10a7, 0x190a, 0x1087, 0x10c8, 0x10c8, 0x0887, 0x10e9, 0x192b, 0x216d, 0x214c, 0x192c, 0x194c,
  0x192c, 0x192c, 0x214d, 0x192c, 0x192c, 0x218e, 0x192c, 0x192c, 0x192c, 0x10e9, 0x0022, 0x0001,
  0x0001, 0x0001, 0x0001, 0x0001, 0x0002, 0x0002, 0x0002, 0x0045, 0x0045, 0x0002, 0x0002, 0x0002,
  0x0045, 0x19d0, 0x22b6, 0x22d7, 0x08f0, 0x01f8, 0x037e, 0x36de, 0x9ffe, 0xdfff, 0xe7ff, 0xc7ff,
  0xbfff, 0xc7ff, 0xdfff, 0xf7ff, 0xf7ff, 0xf7ff, 0xe7ff, 0xcfff, 0xe7ff, 0xf7ff, 0xf7ff, 0xf7ff,
  0xefff, 0xcfff, 0x8fff, 0x97ff, 0xcfff, 0x97ff, 0x26ff, 0x02bb, 0x0975, 0x08ad, 0x090d, 0x1a11,
  0x09d3, 0x012e, 0x00ad, 0x0913, 0x1219, 0x151d, 0x171e, 0x277f, 0x57bf, 0x57df, 0x3fdf, 0x4fdf,
  0x77df, 0x8fdf, 0x8fdf, 0x8fff, 0x8fff, 0x8fff, 0x7fff, 0x7fdf, 0x87df, 0x7fff, 0x6fff, 0x57df,
  0x47bf, 0x3f9f, 0x3f3f, 0x267e, 0x145c, 0x09f8, 0x0931, 0x008c, 0x114e, 0x08c9, 0x0044, 0x0044,
  0x0044, 0x0044, 0x0044, 0x0044, 0x0024, 0x0023, 0x0023, 0x0002, 0x0002, 0x0001, 0x0001, 0x0001,
  0x0022, 0x0886, 0x0887, 0x0887, 0x08a7, 0x0887, 0x08a7, 0x0886, 0x0886, 0x0886, 0x0866, 0x0866,
  0x0886, 0x0886, 0x0886, 0x0887, 0x0887, 0x0866, 0x0866, 0x0887, 0x0887, 0x0887, 0x10ea, 0x0023,
  0x0001, 0x0023, 0x216c, 0x10c8, 0x10a7, 0x10a8, 0x0887, 0x0887, 0x10c9, 0x10c9, 0x10ca, 0x190b,
  0x190b, 0x190b, 0x190b, 0x18ea, 0x18e9, 0x0845, 0x0003, 0x0024, 0x0087, 0x0066, 0x0045, 0x0066,
  0x092a, 0x096c, 0x098c, 0x096c, 0x092a, 0x0887, 0x0866, 0x0887, 0x096e, 0x0a34, 0x08f0, 0x08f1,
  0x11d8, 0x1bbe, 0x2ebf, 0x3f7f, 0x57bf, 0x57df, 0x4fdf, 0x57df, 0x6fdf, 0x77df, 0x6fdf, 0x5fdf,
  0x6fdf, 0x7fdf, 0x7fdf, 0x77df, 0x57df, 0x37bf, 0x2fbf, 0x479f, 0x375f, 0x26be, 0x0c3c, 0x0a17,
  0x0911, 0x08ef, 0x094f, 0x110b, 0x0887, 0x0046, 0x0088, 0x090a, 0x08ea, 0x094c, 0x11ce, 0x11ce,
  0x09cd, 0x09ad, 0x096b, 0x00e8, 0x0086, 0x08e8, 0x00a6, 0x0845, 0x190a, 0x190a, 0x18ea, 0x18ea,
  0x18ea, 0x18ea, 0x18e9, 0x18e9, 0x10c9, 0x10c8, 0x10c9, 0x10c9, 0x10ea, 0x192b, 0x0001, 0x0000,
  0x10a7, 0x190a, 0x08a7, 0x10a8, 0x10a7, 0x0886, 0x10a7, 0x10c8, 0x10c8, 0x10c8, 0x10c8, 0x10c8,
  0x10a7, 0x10c7, 0x10c8, 0x10c8, 0x10c8, 0x10c8, 0x10c8, 0x10c8, 0x10c9, 0x08a7, 0x0022, 0x0001,
  0x0001, 0x0001, 0x0001, 0x0002, 0x0022, 0x0023, 0x0023, 0x0023, 0x0024, 0x0024, 0x0024, 0x0044,
  0x0866, 0x090b, 0x1191, 0x0970, 0x08ce, 0x0996, 0x029c, 0x151e, 0x2f1e, 0x479f, 0x5fbf, 0x4fdf,
  0x4fdf, 0x5fdf, 0x77df, 0x97ff, 0x9fff, 0x9fff, 0x7fff, 0x67ff, 0x67df, 0x7fdf, 0x87ff, 0x87df,
  0x7fdf, 0x57df, 0x3fbf, 0x379f, 0x2f5f, 0x271f, 0x151e, 0x01d9, 0x0112, 0x00ad, 0x090d, 0x08cb,
  0x0089, 0x008a, 0x008b, 0x00af, 0x0913, 0x09f7, 0x039a, 0x047b, 0x04dd, 0x051d, 0x0d3e, 0x0d7e,
  0x0d7e, 0x15be, 0x15de, 0x1dfe, 0x1e1f, 0x1e1f, 0x15de, 0x15be, 0x15be, 0x15be, 0x157e, 0x0d1d,
  0x0cde, 0x0c5d, 0x039b, 0x0a99, 0x09b6, 0x0932, 0x00cd, 0x00ab, 0x0089, 0x0066, 0x0045, 0x0045,
  0x0045, 0x0045, 0x0045, 0x0045, 0x0045, 0x0044, 0x0044, 0x0044, 0x0024, 0x0024, 0x0022, 0x0002,
  0x0002, 0x0023, 0x0845, 0x0865, 0x0865, 0x0865, 0x0865, 0x0865, 0x0865, 0x0865, 0x0845, 0x0845,
  0x0045, 0x0865, 0x0865, 0x0865, 0x0865, 0x0866, 0x0866, 0x0866, 0x0887, 0x0886, 0x110b, 0x0023,
  0x0001, 0x0023, 0x192b, 0x10a8, 0x0887, 0x08a7, 0x0887, 0x0886, 0x0886, 0x0886, 0x0887, 0x0886,
  0x0887, 0x0887, 0x0887, 0x0887, 0x10a7, 0x0887, 0x0866, 0x0866, 0x0866, 0x0866, 0x0866, 0x0886,
  0x0886, 0x0886, 0x0886, 0x0887, 0x0887, 0x0887, 0x0887, 0x08a8, 0x08ca, 0x08ec, 0x090e, 0x08ef,
  0x0912, 0x11b7, 0x12fb, 0x141c, 0x14bd, 0x151e, 0x1d5e, 0x159e, 0x1d9e, 0x1d9e, 0x157d, 0x157d,
  0x1d9e, 0x1dbe, 0x1dbe, 0x1dbe, 0x157e, 0x0d1e, 0x0cbd, 0x0c3d, 0x0b9b, 0x02b9, 0x01d7, 0x0932,
  0x08ce, 0x08ed, 0x08ec, 0x08c9, 0x08a9, 0x08a8, 0x0887, 0x0887, 0x0887, 0x08a7, 0x08a7, 0x08a7,
  0x0886, 0x0886, 0x0886, 0x0886, 0x0865, 0x0865, 0x0865, 0x0886, 0x0887, 0x10a7, 0x10a7, 0x08a7,
  0x10a7, 0x10a7, 0x10a7, 0x10a7, 0x10a7, 0x10c8, 0x10c8, 0x10c8, 0x10c9, 0x192b, 0x0001, 0x0000,
  0x08a7, 0x190a, 0x0887, 0x08a7, 0x0886, 0x08a7, 0x0886, 0x0886, 0x0886, 0x0886, 0x0886, 0x0886,
  0x0886, 0x0886, 0x0886, 0x0886, 0x0865, 0x0885, 0x0886, 0x0886, 0x0886, 0x0844, 0x0022, 0x0022,
  0x0023, 0x0044, 0x0044, 0x0044, 0x0044, 0x0044, 0x0044, 0x0044, 0x0024, 0x0024, 0x0024, 0x0045,
  0x0045, 0x0866, 0x08a9, 0x00ab, 0x08ab, 0x08ce, 0x0975, 0x0238, 0x035b, 0x0c1c, 0x149d, 0x14dd,
  0x14fd, 0x153e, 0x1d9e, 0x1dfe, 0x261e, 0x261e, 0x1dfe, 0x15de, 0x15be, 0x15de, 0x1dde, 0x1dde,
  0x159e, 0x0d3e, 0x0cbd, 0x0c3c, 0x0bbc, 0x0ada, 0x09f8, 0x0112, 0x00ad, 0x00ab, 0x00ab, 0x0089,
  0x0067, 0x0068, 0x0068, 0x008b, 0x00ce, 0x08f0, 0x0912, 0x0934, 0x0935, 0x0936, 0x0957, 0x1178,
  0x1198, 0x11d9, 0x11f9, 0x11da, 0x11da, 0x11fb, 0x11fa, 0x11fa, 0x11d9, 0x11f9, 0x11d9, 0x11b8,
  0x1197, 0x1176, 0x0974, 0x0931, 0x0910, 0x08ed, 0x08cb, 0x00a9, 0x0087, 0x0066, 0x0065, 0x0065,
  0x0865, 0x0845, 0x0865, 0x0845, 0x0845, 0x0845, 0x0045, 0x0044, 0x0044, 0x0044, 0x0044, 0x0044,
  0x0044, 0x0045, 0x0045, 0x0845, 0x0865, 0x0845, 0x0044, 0x0044, 0x0044, 0x0044, 0x0044, 0x0044,
  0x0044, 0x0845, 0x0845, 0x0845, 0x0845, 0x0865, 0x0866, 0x0845, 0x0844, 0x0866, 0x218d, 0x0044,
  0x0000, 0x0023, 0x192c, 0x10ea, 0x0865, 0x0865, 0x0865, 0x0865, 0x0865, 0x0865, 0x0865, 0x0044,
  0x0844, 0x0845, 0x0844, 0x0845, 0x0845, 0x0845, 0x0865, 0x0865, 0x0865, 0x0866, 0x0866, 0x0866,
  0x0866, 0x0066, 0x0066, 0x0866, 0x0886, 0x0887, 0x0888, 0x0888, 0x08a9, 0x08ca, 0x08ca, 0x08cc,
  0x08ee, 0x1172, 0x1174, 0x1195, 0x11d6, 0x19d7, 0x11d8, 0x11f9, 0x1a19, 0x1a39, 0x1a39, 0x1a39,
  0x1a39, 0x1239, 0x1219, 0x1219, 0x1a18, 0x19f7, 0x11d7, 0x19d7, 0x11b6, 0x1194, 0x1152, 0x112f,
  0x08ec, 0x08a9, 0x08a9, 0x08a8, 0x0887, 0x0887, 0x0887, 0x0886, 0x0886, 0x0886, 0x0886, 0x0886,
  0x0866, 0x0866, 0x0866, 0x0886, 0x0866, 0x0866, 0x0866, 0x0865, 0x0865, 0x0865, 0x0886, 0x0886,
  0x0865, 0x0886, 0x0886, 0x0886, 0x0886, 0x10a7, 0x0886, 0x0866, 0x194c, 0x29ce, 0x0001, 0x0000,
  0x1909, 0x298d, 0x0887, 0x0865, 0x0045, 0x0865, 0x0865, 0x0865, 0x0865, 0x0865, 0x0865, 0x0865,
  0x0865, 0x0044, 0x0844, 0x0864, 0x0844, 0x0864, 0x0865, 0x0865, 0x0865, 0x0865, 0x10a7, 0x0865,
  0x0044, 0x0865, 0x0865, 0x0865, 0x0845, 0x0845, 0x0845, 0x0845, 0x0845, 0x0045, 0x0045, 0x0045,
  0x0045, 0x0866, 0x0066, 0x08a9, 0x08cb, 0x08cc, 0x08ee, 0x0930, 0x0932, 0x0954, 0x0975, 0x1196,
  0x11b7, 0x11d9, 0x11fa, 0x121a, 0x121b, 0x121b, 0x123b, 0x123b, 0x123b, 0x123b, 0x123b, 0x0a3b,
  0x0a1a, 0x09f9, 0x09b8, 0x0996, 0x1196, 0x1194, 0x0952, 0x090e, 0x08ec, 0x0089, 0x0067, 0x0067,
  0x0045, 0x0045, 0x0066, 0x0067, 0x0068, 0x008a, 0x00ac, 0x00cd, 0x08ce, 0x08ef, 0x08f0, 0x0911,
  0x0912, 0x0933, 0x0954, 0x0955, 0x0955, 0x0956, 0x0956, 0x0975, 0x0974, 0x0953, 0x0932, 0x0911,
  0x08f0, 0x08ee, 0x08ed, 0x08cc, 0x00ab, 0x00aa, 0x0068, 0x0067, 0x0045, 0x0044, 0x0044, 0x0044,
  0x0044, 0x0044, 0x0044, 0x0044, 0x0044, 0x0845, 0x0045, 0x0045, 0x0044, 0x0044, 0x0044, 0x0044,
  0x0044, 0x0045, 0x0045, 0x0845, 0x0865, 0x0865, 0x0865, 0x0865, 0x0065, 0x0065, 0x0865, 0x0865,
  0x0865, 0x0065, 0x0045, 0x0045, 0x0065, 0x0866, 0x0866, 0x0866, 0x0866, 0x194b, 0x3ab3, 0x08a6,
  0x0000, 0x0023, 0x216f, 0x21af, 0x0886, 0x0886, 0x0886, 0x0866, 0x0865, 0x0865, 0x0865, 0x0865,
  0x0865, 0x0865, 0x0865, 0x0865, 0x0866, 0x0866, 0x0866, 0x0866, 0x0866, 0x0866, 0x0866, 0x0066,
  0x0045, 0x0045, 0x0045, 0x0045, 0x0065, 0x0066, 0x0066, 0x0067, 0x0067, 0x0088, 0x08a9, 0x08ca,
  0x08cb, 0x08cc, 0x08ee, 0x090f, 0x090f, 0x0910, 0x0911, 0x0932, 0x1153, 0x1173, 0x1174, 0x1174,
  0x0954, 0x0953, 0x0933, 0x0932, 0x0952, 0x1151, 0x0951, 0x0931, 0x0930, 0x090e, 0x08ed, 0x08cb,
  0x08a9, 0x0088, 0x0087, 0x0066, 0x0066, 0x0046, 0x0045, 0x0045, 0x0045, 0x0045, 0x0045, 0x0045,
  0x0044, 0x0044, 0x0045, 0x0045, 0x0045, 0x0045, 0x0045, 0x0065, 0x0865, 0x0886, 0x0886, 0x0886,
  0x0886, 0x0866, 0x0866, 0x0866, 0x0886, 0x0886, 0x0886, 0x0887, 0x42d4, 0x3a50, 0x0001, 0x0001,
  0x214b, 0x42b3, 0x10e9, 0x0866, 0x0866, 0x0886, 0x0886, 0x0886, 0x0886, 0x0886, 0x0886, 0x0886,
  0x0886, 0x0866, 0x0866, 0x0866, 0x0865, 0x0865, 0x0865, 0x0866, 0x0866, 0x0865, 0x0865, 0x0865,
  0x0865, 0x0865, 0x0865, 0x0865, 0x0865, 0x0845, 0x0845, 0x0044, 0x0045, 0x0045, 0x0045, 0x0045,
  0x0045, 0x0045, 0x0065, 0x0066, 0x0067, 0x0089, 0x008a, 0x08aa, 0x00ab, 0x00ac, 0x08cd, 0x08ee,
  0x090f, 0x0911, 0x0932, 0x0933, 0x0933, 0x0934, 0x0954, 0x0954, 0x0954, 0x0953, 0x0933, 0x0932,
  0x0111, 0x0911, 0x0910, 0x08ee, 0x08ed, 0x08ed, 0x08cc, 0x00aa, 0x0088, 0x0066, 0x0065, 0x0065,
  0x08a8, 0x08a8, 0x08a9, 0x08a9, 0x08ca, 0x08cb, 0x08ec, 0x090d, 0x090e, 0x090e, 0x092f, 0x0950,
  0x0971, 0x1192, 0x0993, 0x0974, 0x0994, 0x11b5, 0x11b5, 0x11b4, 0x11b3, 0x0972, 0x0951, 0x0930,
  0x090f, 0x090d, 0x090d, 0x08ec, 0x08cb, 0x08ca, 0x08c9, 0x08a9, 0x08a8, 0x08a8, 0x08a7, 0x08a7,
  0x08a7, 0x08a7, 0x10c7, 0x08a7, 0x08a7, 0x08a6, 0x0886, 0x0886, 0x0886, 0x0886, 0x0866, 0x0866,
  0x0866, 0x0886, 0x0887, 0x0887, 0x0887, 0x08a7, 0x08a7, 0x0887, 0x0887, 0x0887, 0x0887, 0x0887,
  0x08a7, 0x0887, 0x0887, 0x0887, 0x0887, 0x0887, 0x08a8, 0x08a8, 0x10c8, 0x10c7, 0x0885, 0x0001,
  0x0000, 0x0000, 0x0887, 0x192b, 0x10c9, 0x08c8, 0x10a8, 0x10a8, 0x10a8, 0x10a7, 0x10a8, 0x10a8,
  0x10a8, 0x10a8, 0x10c8, 0x10a8, 0x10a8, 0x10a8, 0x10c8, 0x10c8, 0x10c8, 0x10c8, 0x10c8, 0x10e9,
  0x08a7, 0x0086, 0x08a7, 0x08a7, 0x08a8, 0x08c8, 0x08c9, 0x08ea, 0x110b, 0x112c, 0x112c, 0x112d,
  0x112d, 0x112d, 0x112e, 0x092e, 0x092f, 0x0930, 0x1150, 0x0951, 0x1172, 0x1172, 0x1172, 0x1172,
  0x1172, 0x1172, 0x0951, 0x0951, 0x1150, 0x1170, 0x1150, 0x1150, 0x092f, 0x092e, 0x092e, 0x196e,
  0x112c, 0x112b, 0x112b, 0x110a, 0x110a, 0x1109, 0x1109, 0x10e9, 0x10e8, 0x10c8, 0x10c8, 0x08a7,
  0x08a7, 0x08a6, 0x08a6, 0x08a6, 0x08a6, 0x08a7, 0x08a7, 0x08a7, 0x08a7, 0x10a7, 0x10a7, 0x10a7,
  0x08a8, 0x08a7, 0x08a7, 0x0887, 0x0887, 0x0886, 0x0886, 0x08a7, 0x214a, 0x0022, 0x0000, 0x0000,
  0x0023, 0x214b, 0x190b, 0x10c9, 0x10c8, 0x10c8, 0x10c8, 0x10c8, 0x10c8, 0x10c8, 0x10c8, 0x10c8,
  0x10c8, 0x10c8, 0x10c8, 0x10c8, 0x10a8, 0x10a8, 0x10a7, 0x10a7, 0x10a7, 0x1087, 0x1087, 0x1087,
  0x1087, 0x10a7, 0x10a7, 0x10a7, 0x0866, 0x0866, 0x0866, 0x0865, 0x0866, 0x0866, 0x0866, 0x0866,
  0x0887, 0x0887, 0x08a8, 0x08a8, 0x08a9, 0x08ca, 0x08ea, 0x08eb, 0x08ec, 0x090c, 0x090d, 0x112e,
  0x114f, 0x1170, 0x1171, 0x1192, 0x1193, 0x11b3, 0x11b3, 0x11b3, 0x11b3, 0x11b3, 0x1192, 0x0971,
  0x1171, 0x1171, 0x1170, 0x114f, 0x112e, 0x090d, 0x08ec, 0x08eb, 0x08ea, 0x08c9, 0x08a8, 0x08a7,
  0x0023, 0x0023, 0x0024, 0x0024, 0x0045, 0x0045, 0x0046, 0x0066, 0x0067, 0x0067, 0x0088, 0x0088,
  0x0088, 0x0089, 0x0089, 0x0089, 0x0089, 0x0089, 0x0089, 0x0089, 0x0089, 0x0089, 0x0089, 0x0089,
  0x0088, 0x0068, 0x0067, 0x0067, 0x0066, 0x0066, 0x0045, 0x0045, 0x0024, 0x0023, 0x0023, 0x0023,
  0x0002, 0x0002, 0x0002, 0x0002, 0x0002, 0x0002, 0x0002, 0x0001, 0x0001, 0x0001, 0x0001, 0x0001,
  0x0002, 0x0002, 0x0002, 0x0002, 0x0002, 0x0002, 0x0002, 0x0001, 0x0001, 0x0002, 0x0002, 0x0002,
  0x0002, 0x0002, 0x0002, 0x0002, 0x0002, 0x0002, 0x0002, 0x0002, 0x0002, 0x0001, 0x0001, 0x0022,
  0x0843, 0x0001, 0x0001, 0x0002, 0x0002, 0x0002, 0x0002, 0x0002, 0x0002, 0x0002, 0x0002, 0x0002,
  0x0002, 0x0002, 0x0002, 0x0002, 0x0002, 0x0002, 0x0002, 0x0023, 0x0023, 0x0003, 0x0003, 0x0003,
  0x0023, 0x0023, 0x0024, 0x0044, 0x0044, 0x0044, 0x0045, 0x0045, 0x0066, 0x0066, 0x0066, 0x0067,
  0x0088, 0x0088, 0x0089, 0x0089, 0x00a9, 0x00aa, 0x00ab, 0x00ab, 0x00cb, 0x00cc, 0x00cb, 0x00cc,
  0x00cc, 0x00cc, 0x00ab, 0x00ab, 0x00aa, 0x00aa, 0x00a9, 0x0089, 0x0088, 0x0088, 0x0067, 0x0067,
  0x0046, 0x0045, 0x0045, 0x0045, 0x0045, 0x0044, 0x0044, 0x0024, 0x0024, 0x0023, 0x0023, 0x0023,
  0x0023, 0x0002, 0x0002, 0x0002, 0x0002, 0x0002, 0x0002, 0x0002, 0x0002, 0x0002, 0x0002, 0x0002,
  0x0002, 0x0002, 0x0002, 0x0002, 0x0002, 0x0001, 0x0001, 0x0001, 0x0001, 0x0001, 0x0001, 0x0001,
  0x0001, 0x0001, 0x0001, 0x0001, 0x0002, 0x0002, 0x0002, 0x0002, 0x0002, 0x0002, 0x0002, 0x0002,
  0x0001, 0x0001, 0x0001, 0x0001, 0x0001, 0x0001, 0x0001, 0x0001, 0x0001, 0x0001, 0x0001, 0x0001,
  0x0001, 0x0001, 0x0002, 0x0002, 0x0001, 0x0001, 0x0001, 0x0001, 0x0001, 0x0002, 0x0001, 0x0002,
  0x0002, 0x0003, 0x0023, 0x0044, 0x0045, 0x0045, 0x0066, 0x0066, 0x0067, 0x0067, 0x0067, 0x0088,
  0x0088, 0x0088, 0x00a9, 0x00a9, 0x008a, 0x008a, 0x00aa, 0x008a, 0x0089, 0x00aa, 0x0089, 0x0089,
  0x0089, 0x0088, 0x0068, 0x0067, 0x0067, 0x0066, 0x0066, 0x0045, 0x0045, 0x0024, 0x0023, 0x0023,
  0x0002, 0x0002, 0x0023, 0x0023, 0x0024, 0x0044, 0x0044, 0x0045, 0x0065, 0x0066, 0x0066, 0x0067,
  0x0087, 0x0087, 0x0087, 0x0068, 0x0068, 0x0088, 0x0088, 0x0067, 0x0067, 0x0067, 0x0067, 0x0067,
  0x0067, 0x0066, 0x0066, 0x0045, 0x0045, 0x0044, 0x0044, 0x0044, 0x0023, 0x0002, 0x0002, 0x0002,
  0x0001, 0x0001, 0x0001, 0x0001, 0x0001, 0x0000, 0x0000, 0x0000, 0x0000, 0x0000, 0x0000, 0x0000,
  0x0000, 0x0000, 0x0000, 0x0000, 0x0000, 0x0000, 0x0000, 0x0000, 0x0000, 0x0000, 0x0001, 0x0001,
  0x0001, 0x0001, 0x0001, 0x0001, 0x0001, 0x0001, 0x0001, 0x0001, 0x0001, 0x0001, 0x0001, 0x0022,
  0x0023, 0x0022, 0x0001, 0x0001, 0x0001, 0x0001, 0x0001, 0x0001, 0x0001, 0x0000, 0x0001, 0x0001,
  0x0001, 0x0001, 0x0001, 0x0001, 0x0001, 0x0001, 0x0001, 0x0001, 0x0001, 0x0002, 0x0002, 0x0002,
  0x0002, 0x0023, 0x0023, 0x0023, 0x0023, 0x0024, 0x0044, 0x0044, 0x0045, 0x0045, 0x0066, 0x0066,
  0x0067, 0x0067, 0x0088, 0x0088, 0x0088, 0x0088, 0x00a9, 0x00a9, 0x00aa, 0x00aa, 0x00aa, 0x00aa,
  0x00aa, 0x00aa, 0x00aa, 0x0089, 0x0089, 0x0088, 0x0088, 0x0067, 0x0067, 0x0066, 0x0066, 0x0045,
  0x0045, 0x0045, 0x0044, 0x0044, 0x0024, 0x0044, 0x0024, 0x0023, 0x0023, 0x0023, 0x0022, 0x0002,
  0x0022, 0x0002, 0x0001, 0x0001, 0x0001, 0x0001, 0x0001, 0x0001, 0x0001, 0x0001, 0x0001, 0x0001,
  0x0001, 0x0001, 0x0001, 0x0001, 0x0001, 0x0001, 0x0001, 0x0001, 0x0001, 0x0001, 0x0002, 0x0002,
  0x0001, 0x0001, 0x0001, 0x0001, 0x0001, 0x0001, 0x0000, 0x0000, 0x0000, 0x0000, 0x0000, 0x0000,
  0x0000, 0x0000, 0x0000, 0x0000, 0x0000, 0x0000, 0x0000, 0x0000, 0x0000, 0x0000, 0x0000, 0x0000,
  0x0000, 0x0000, 0x0000, 0x0000, 0x0001, 0x0001, 0x0001, 0x0000, 0x0001, 0x0001, 0x0001, 0x0001,
  0x0001, 0x0002, 0x0023, 0x0023, 0x0024, 0x0044, 0x0045, 0x0045, 0x0065, 0x0066, 0x0066, 0x0066,
  0x0087, 0x0087, 0x0087, 0x0088, 0x0088, 0x0088, 0x0088, 0x0088, 0x0088, 0x0088, 0x0088, 0x0087,
  0x0067, 0x0067, 0x0066, 0x0066, 0x0065, 0x0045, 0x0044, 0x0044, 0x0023, 0x0023, 0x0002, 0x0002
};