// array size is 32400
const uint16_t background3[] PROGMEM = {
  0x3b8b, 0x3b4a, 0x3b6a, 0x3bca, 0x43ed, 0x43ec, 0x861c, 0x8e7f, 0x8e7f, 0x967f, 0x967f, 0x8e7f,
  0x8e7f, 0x85db, 0x43ce, 0x3baa, 0x43eb, 0x43a9, 0x4388, 0x3307, 0x3b48, 0x43ca, 0x5c91, 0x85f9,
  0x6d55, 0x43ea, 0x7e3d, 0x8e7f, 0x8e7f, 0x8e7f, 0x8e5f, 0x8e5f, 0x8e5f, 0x8e5f, 0x8e5f, 0x8e5f,
  0x8e7f, 0x8e7f, 0x8e7f, 0x8e7f, 0x8e7f, 0x8e7f, 0x8e7f, 0x8e7f, 0x8e7f, 0x8e5f, 0x8e5f, 0x8e5f,
  0x8e5f, 0x8e5f, 0x8e5f, 0x8e5f, 0x8e7f, 0x8e5f, 0x8e7f, 0x8e7f, 0x8e7f, 0x8e7f, 0x8e5f, 0x8e5f,
  0x8e5f, 0x8e5f, 0x8e5f, 0x8e5f, 0x8e5f, 0x8e5f, 0x8e5f, 0x8e5f, 0x8e5f, 0x8e5f, 0x8e5f, 0x8e5f,
  0x8e5f, 0x8e5f, 0x8e5f, 0x8e5f, 0x8e5f, 0x8e5f, 0x8e5f, 0x8e7f, 0x8e7f, 0x8e7f, 0x8e7f, 0x8e7f,
  0x8e5f, 0x8e5f, 0x8e5f, 0x8e5f, 0x8e7f, 0x8e7f, 0x8e5f, 0x8e5f, 0x8e5f, 0x8e5f, 0x865f, 0x8e5f,
  0x8e5f, 0x8e5f, 0x865f, 0x865f, 0x8e5f, 0x8e5f, 0x8e5f, 0x8e5f, 0x8e5f, 0x8e5f, 0x8e5f, 0x8e5f,
  0x865f, 0x865f, 0x865f, 0x865f, 0x865f, 0x865f, 0x865f, 0x865f, 0x865f, 0x865f, 0x865f, 0x865f,
  0x865f, 0x8e5f, 0x8e5f, 0x865f, 0x865f, 0x865f, 0x865f, 0x865f, 0x865f, 0x865f, 0x865f, 0x865f,
  0x865f, 0x865f, 0x865f, 0x865f, 0x865f, 0x865f, 0x865f, 0x865f, 0x865f, 0x865f, 0x865f, 0x865f,
  0x865f, 0x865f, 0x865f, 0x865f, 0x865f, 0x8e5f, 0x8e7f, 0x8e5f, 0x865f, 0x865f, 0x865f, 0x865f,
  0x865f, 0x865f, 0x865f, 0x865f, 0x865f, 0x865f, 0x865f, 0x865f, 0x865f, 0x8e7f, 0x967f, 0xefbf,
  0xe79f, 0xdf9f, 0xdf7f, 0xdf7f, 0xdf7f, 0xdf7f, 0xdf7f, 0xdf9f, 0xdf7f, 0xd77f, 0xd77f, 0xd77f,
  0xd77f, 0xd77f, 0xd77f, 0xd77f, 0xd77f, 0xd77f, 0xdf7f, 0xdf7f, 0xdf7f, 0xdf7f, 0xdf7f, 0xd77f,
  0xdf7f, 0xdf7f, 0xdf7f, 0xdf7f, 0xdf7f, 0xdf9f, 0xdf9f, 0xd77f, 0xd77f, 0xc71f, 0xcf5f, 0xd75f,
  0xbeff, 0x8e7f, 0x8e7f, 0x8e5f, 0x865f, 0x865f, 0x863f, 0x863f, 0x7e3f, 0x863f, 0x865f, 0x9e9f,
  0xdf5f, 0xefbf, 0xf7ff, 0xf7ff, 0xf7ff, 0xf7ff, 0xffff, 0xffff, 0xffff, 0xffff, 0xf7ff, 0xf7ff,
  0xf7ff, 0xf7ff, 0xf7ff, 0xf7ff, 0xf7ff, 0xf7ff, 0xffff, 0xd77f, 0x969f, 0x8e7f, 0x8e7f, 0x8e7f,
  0x542c, 0x4bab, 0x4c0b, 0x64d0, 0x7514, 0x8577, 0x85d9, 0x85fa, 0x9ebf, 0x9ebf, 0x9ebf, 0x967e,
  0x863b, 0x85fa, 0x7537, 0x43af, 0x4bf0, 0x3b49, 0x3b48, 0x3307, 0x3326, 0x43c9, 0x64f5, 0x43ca,
  0x3b89, 0x3b89, 0x7577, 0x8e7f, 0x8e7f, 0x8e7f, 0x8e7f, 0x8e7f, 0x8e5f, 0x8e7f, 0x8e7f, 0x8e7f,
  0x8e7f, 0x8e7f, 0x8e7f, 0x8e7f, 0x8e7f, 0x8e7f, 0x8e7f, 0x8e7f, 0x8e7f, 0x8e7f, 0x8e7f, 0x8e5f,
  0x8e5f, 0x8e5f, 0x8e5f, 0x8e7f, 0x8e7f, 0x8e5f, 0x8e5f, 0x8e7f, 0x8e7f, 0x8e7f, 0x8e7f, 0x8e7f,
  0x8e7f, 0x8e5f, 0x8e5f, 0x8e7f, 0x8e7f, 0x8e7f, 0x8e7f, 0x8e7f, 0x8e5f, 0x8e5f, 0x8e5f, 0x8e7f,
  0x8e5f, 0x8e5f, 0x8e5f, 0x8e5f, 0x8e5f, 0x8e7f, 0x8e7f, 0x8e7f, 0x8e7f, 0x8e7f, 0x8e7f, 0x8e7f,
  0x8e7f, 0x8e7f, 0x8e7f, 0x8e7f, 0x8e7f, 0x8e7f, 0x8e7f, 0x8e7f, 0x8e5f, 0x8e5f, 0x8e5f, 0x8e5f,
  0x8e5f, 0x8e5f, 0x8e5f, 0x8e5f, 0x8e5f, 0x8e5f, 0x8e5f, 0x8e5f, 0x8e5f, 0x8e5f, 0x8e5f, 0x8e5f,
  0x8e5f, 0x8e5f, 0x8e5f, 0x8e5f, 0x8e5f, 0x8e5f, 0x865f, 0x865f, 0x865f, 0x8e5f, 0x8e5f, 0x8e5f,
  0x8e5f, 0x8e5f, 0x8e5f, 0x8e5f, 0x8e5f, 0x8e5f, 0x865f, 0x865f, 0x865f, 0x865f, 0x865f, 0x865f,
  0x865f, 0x865f, 0x865f, 0x865f, 0x8e5f, 0x8e5f, 0x8e5f, 0x8e5f, 0x8e5f, 0x8e5f, 0x8e5f, 0x8e5f,
  0x8e5f, 0x8e5f, 0x8e5f, 0x8e5f, 0x8e5f, 0x8e5f, 0x8e7f, 0x8e5f, 0x8e5f, 0x8e5f, 0x8e5f, 0x8e5f,
  0x8e5f, 0x8e5f, 0x8e5f, 0x8e5f, 0x8e5f, 0x8e5f, 0x8e5f, 0x8e5f, 0x8e5f, 0x8e7f, 0x8e7f, 0xb6df,
  0xc73f, 0xcf5f, 0xdf9f, 0xdf9f, 0xdf7f, 0xd77f, 0xd77f, 0xd77f, 0xd77f, 0xdf7f, 0xdf7f, 0xdf9f,
  0xdf9f, 0xdf9f, 0xdf9f, 0xdf9f, 0xdf9f, 0xdf9f, 0xdf9f, 0xdf9f, 0xdf9f, 0xdf9f, 0xd75f, 0xbf1f,
  0xbf1f, 0xa6bf, 0xa6bf, 0xa6bf, 0xa6bf, 0xa6bf, 0xa6bf, 0x865f, 0x8e5f, 0x8e5f, 0x8e5f, 0x8e5f,
  0x8e7f, 0x8e7f, 0x8e7f, 0x8e7f, 0x8e7f, 0x865f, 0x863f, 0x965f, 0x861e, 0xdf5f, 0xe77f, 0xefbf,
  0xffff, 0xffff, 0xf7ff, 0xf7ff, 0xf7ff, 0xf7ff, 0xffff, 0xffff, 0xffff, 0xffff, 0xffff, 0xffff,
  0xffff, 0xffff, 0xffff, 0xffff, 0xf7ff, 0xf7df, 0xf7df, 0xf7df, 0x9e9f, 0x8e7f, 0x8e7f, 0x8e7f,
  0x43ca, 0x32e9, 0x3309, 0x3389, 0x3baa, 0x3beb, 0x3bec, 0x7514, 0x9e9d, 0x9ebe, 0x9ebe, 0xa69b,
  0x4bcf, 0x3349, 0x540b, 0x544e, 0x546e, 0x4c0b, 0x4bea, 0x3b27, 0x4c08, 0x43a8, 0x43a9, 0x43ea,
  0x544f, 0x7d77, 0x967e, 0x969f, 0x967f, 0x967f, 0x967f, 0x967f, 0x967f, 0x967f, 0x8e7f, 0x8e7f,
  0x8e7f, 0x8e7f, 0x8e7f, 0x8e7f, 0x8e7f, 0x8e7f, 0x8e7f, 0x8e7f, 0x8e7f, 0x8e7f, 0x8e7f, 0x8e7f,
  0x8e7f, 0x8e7f, 0x8e7f, 0x8e7f, 0x8e7f, 0x8e7f, 0x8e7f, 0x8e7f, 0x8e7f, 0x8e7f, 0x8e7f, 0x967f,
  0x967f, 0x967f, 0x967f, 0x967f, 0x967f, 0x967f, 0x967f, 0x967f, 0x8e7f, 0x8e7f, 0x8e7f, 0x8e7f,
  0x8e7f, 0x8e7f, 0x8e7f, 0x8e7f, 0x8e7f, 0x8e7f, 0x8e7f, 0x8e7f, 0x8e7f, 0x8e7f, 0x8e7f, 0x8e7f,
  0x8e7f, 0x8e7f, 0x8e7f, 0x8e7f, 0x8e7f, 0x8e7f, 0x8e7f, 0x8e7f, 0x8e7f, 0x8e7f, 0x8e7f, 0x8e7f,
  0x8e7f, 0x8e7f, 0x8e7f, 0x8e7f, 0x8e7f, 0x8e7f, 0x8e7f, 0x8e7f, 0x8e7f, 0x8e7f, 0x8e7f, 0x8e7f,
  0x8e7f, 0x8e7f, 0x8e7f, 0x8e7f, 0x8e7f, 0x8e7f, 0x8e7f, 0x8e7f, 0x8e7f, 0x8e7f, 0x8e7f, 0x8e7f,
  0x8e7f, 0x8e7f, 0x8e7f, 0x8e7f, 0x8e7f, 0x8e7f, 0x8e7f, 0x8e5f, 0x8e5f, 0x8e5f, 0x8e5f, 0x8e5f,
  0x8e5f, 0x8e5f, 0x8e7f, 0x8e7f, 0x8e7f, 0x8e7f, 0x8e7f, 0x8e7f, 0x8e7f, 0x8e7f, 0x8e7f, 0x8e7f,
  0x8e7f, 0x8e7f, 0x8e7f, 0x8e7f, 0x8e7f, 0x8e7f, 0x8e7f, 0x8e7f, 0x8e7f, 0x8e7f, 0x8e7f, 0x8e7f,
  0x8e7f, 0x8e7f, 0x8e7f, 0x8e7f, 0x8e7f, 0x8e7f, 0x8e7f, 0x8e7f, 0x8e7f, 0x8e7f, 0x8e7f, 0x8e7f,
  0x8e7f, 0x969f, 0xa6bf, 0x9e9f, 0x9e9f, 0xaedf, 0xaedf, 0xaeff, 0xb6ff, 0xb6ff, 0xb6ff, 0xb6ff,
  0xb6ff, 0xaedf, 0xaedf, 0xaedf, 0xaedf, 0xaedf, 0xaedf, 0xaedf, 0xaedf, 0xaedf, 0x9e9f, 0x8e7f,
  0x8e7f, 0x8e7f, 0x8e7f, 0x8e7f, 0x8e7f, 0x8e7f, 0x8e7f, 0x8e7f, 0x8e7f, 0x8e7f, 0x8e7f, 0x8e7f,
  0x8e7f, 0x8e7f, 0x8e7f, 0x969f, 0x969f, 0xbf1f, 0xd71b, 0xf7df, 0xf7df, 0xffdf, 0xf7df, 0xf7df,
  0xffff, 0xffff, 0xf7ff, 0xf7df, 0xf7df, 0xe79f, 0xefbf, 0xefbf, 0xefbf, 0xefbf, 0xefbf, 0xe7bf,
  0xe79f, 0xe79f, 0xefbf, 0xefbf, 0xefbf, 0xefbf, 0xefbf, 0xe79f, 0x9ebf, 0x969f, 0x969f, 0x969f,
  0x7b6b, 0x836b, 0x9beb, 0xac6c, 0x7c4d, 0x5c8e, 0x7533, 0x8dd6, 0x64d1, 0x6d35, 0x4c2d, 0x8573,
  0x8d95, 0x4bcd, 0x2aa7, 0x2ac6, 0x3306, 0x3307, 0x3b48, 0x32c7, 0x3b07, 0x3ba8, 0x3ba7, 0x4c0a,
  0x546d, 0x7575, 0x7554, 0x969e, 0x8e3c, 0x967f, 0x967f, 0x967f, 0x967f, 0x967f, 0x967f, 0x967f,
  0x967f, 0x967f, 0x967f, 0x969f, 0x969f, 0x969f, 0x969f, 0x8e7f, 0x8e7f, 0x8e7f, 0x8e7f, 0x967f,
  0x967f, 0x967f, 0x967f, 0x967f, 0x967f, 0x967f, 0x967f, 0x969f, 0x969f, 0x969f, 0x967f, 0x969f,
  0x969f, 0x967f, 0x967f, 0x969f, 0x969f, 0x969f, 0x969f, 0x969f, 0x969f, 0x967f, 0x8e7f, 0x8e7f,
  0x8e7f, 0x8e7f, 0x967f, 0x969f, 0x8e9f, 0x8e9f, 0x8e7f, 0x8e7f, 0x969f, 0x969f, 0x969f, 0x969f,
  0x969f, 0x969f, 0x969f, 0x969f, 0x969f, 0x969f, 0x969f, 0x967f, 0x969f, 0x967f, 0x8e7f, 0x8e7f,
  0x8e7f, 0x8e7f, 0x8e7f, 0x8e7f, 0x8e7f, 0x8e7f, 0x8e7f, 0x8e7f, 0x8e7f, 0x967f, 0x967f, 0x8e7f,
  0x8e7f, 0x8e7f, 0x8e7f, 0x8e7f, 0x8e7f, 0x8e7f, 0x8e7f, 0x8e7f, 0x8e7f, 0x8e7f, 0x8e7f, 0x8e7f,
  0x8e7f, 0x969f, 0x8e7f, 0x8e7f, 0x8e7f, 0x8e7f, 0x8e7f, 0x8e7f, 0x8e7f, 0x8e7f, 0x8e7f, 0x8e7f,
  0x8e7f, 0x8e7f, 0x8e7f, 0x8e7f, 0x8e7f, 0x8e7f, 0x8e7f, 0x8e7f, 0x8e7f, 0x8e7f, 0x8e7f, 0x8e7f,
  0x8e7f, 0x8e7f, 0x8e7f, 0x8e7f, 0x8e7f, 0x8e7f, 0x8e7f, 0x8e7f, 0x8e7f, 0x8e7f, 0x8e7f, 0x8e7f,
  0x8e7f, 0x8e7f, 0x8e7f, 0x8e7f, 0x8e7f, 0x8e7f, 0x8e7f, 0x8e7f, 0x8e7f, 0x8e7f, 0x8e7f, 0x8e7f,
  0x8e7f, 0x8e7f, 0x967f, 0x8e7f, 0x8e7f, 0x8e7f, 0x8e7f, 0x967f, 0x967f, 0x967f, 0x967f, 0x969f,
  0x969f, 0x969f, 0x969f, 0x969f, 0x969f, 0x967f, 0x967f, 0x967f, 0x967f, 0x967f, 0x8e7f, 0x967f,
  0x967f, 0x967f, 0x967f, 0x967f, 0x967f, 0x967f, 0x967f, 0x967f, 0x967f, 0x8e7f, 0xb6df, 0xcf3f,
  0xd75f, 0xe79f, 0xe7bf, 0xefbf, 0xf7df, 0xf7ff, 0xf758, 0xf7df, 0xf7ff, 0xf7df, 0xf7df, 0xf7df,
  0xf7df, 0xefbf, 0xdf7f, 0xd77f, 0xd77f, 0xdf7f, 0xdf7f, 0xd77f, 0xd77f, 0xd77f, 0xd75f, 0xd75f,
  0xd75f, 0xd75f, 0xd75f, 0xd75f, 0xd75f, 0xcf5f, 0xcf5f, 0xb6df, 0x969f, 0x969f, 0x969f, 0x969f,
  0x936b, 0x934b, 0xabec, 0xc46c, 0xbc4c, 0xbc4c, 0xb44c, 0x53eb, 0x64d0, 0x9df7, 0x43cc, 0x3b89,
  0x4c2b, 0x542a, 0x4388, 0x2b07, 0x2ae6, 0x3307, 0x438a, 0x3ac9, 0x430a, 0x6430, 0x3b49, 0x3b88,
  0x4be9, 0x4c29, 0x64f0, 0x8dd8, 0x4c2b, 0x8e5d, 0x969f, 0x969f, 0x969f, 0x969f, 0x967f, 0x967f,
  0x967f, 0x967f, 0x967f, 0x969f, 0x969f, 0x969f, 0x969f, 0x969f, 0x8e7e, 0x8e7e, 0x8e9f, 0x969f,
  0x967f, 0x967f, 0x967f, 0x967f, 0x969f, 0x969f, 0x969f, 0x969f, 0x967f, 0x967f, 0x967f, 0x969f,
  0x969f, 0x967f, 0x969f, 0x969f, 0x969f, 0x969f, 0x969f, 0x969f, 0x969f, 0x967f, 0x967f, 0x967f,
  0x967f, 0x969f, 0x969f, 0x969f, 0x969f, 0x969f, 0x967f, 0xaedf, 0xb6ff, 0xb6ff, 0xbf1f, 0xbf1f,
  0xb6ff, 0xb6ff, 0xb6ff, 0xb6ff, 0xb6ff, 0x9ebf, 0x969f, 0x969f, 0x969f, 0x967f, 0x967f, 0x967f,
  0x967f, 0x967f, 0x967f, 0x967f, 0x967f, 0x967f, 0x967f, 0x967f, 0x967f, 0x967f, 0x967f, 0x967f,
  0x967f, 0x8e7f, 0x8e7f, 0x8e7f, 0x8e7f, 0x8e7f, 0x8e7f, 0x8e7f, 0x8e7f, 0x8e7f, 0x8e7f, 0x8e7f,
  0x967f, 0x967f, 0x967f, 0x967f, 0x967f, 0x967f, 0x967f, 0x967f, 0x8e7f, 0x8e7f, 0x8e7f, 0x8e7f,
  0x8e7f, 0x8e7f, 0x8e7f, 0x8e7f, 0x967f, 0x967f, 0x967f, 0x967f, 0x8e7f, 0x967f, 0x967f, 0x967f,
  0x967f, 0x967f, 0x967f, 0x967f, 0x967f, 0x967f, 0x967f, 0x967f, 0x967f, 0x967f, 0x967f, 0x967f,
  0x8e7f, 0x8e7f, 0x8e7f, 0x967f, 0x8e7f, 0x967f, 0x967f, 0x8e7f, 0x8e7f, 0x967f, 0x967f, 0x967f,
  0x967f, 0x967f, 0x967f, 0x967f, 0x967f, 0x967f, 0x967f, 0x967f, 0x967f, 0x967f, 0x967f, 0x967f,
  0x969f, 0x969f, 0x969f, 0x969f, 0x967f, 0x967f, 0x967f, 0x967f, 0x967f, 0x967f, 0x967f, 0x967f,
  0x967f, 0x967f, 0x967f, 0x967f, 0x967f, 0x967f, 0x967f, 0x969f, 0x969f, 0x969f, 0xc73f, 0xe79f,
  0xe79f, 0xe79f, 0xe79f, 0xe79f, 0xefbf, 0xe79f, 0xd5d2, 0xe75e, 0xef9f, 0xe79f, 0xe79f, 0xe79f,
  0xdf7f, 0xdf7f, 0xdf7f, 0xdf7f, 0xdf7f, 0xdf7f, 0xdf7f, 0xdf7f, 0xdf7f, 0xdf7f, 0xdf7f, 0xd77f,
  0xd77f, 0xd75f, 0xc73f, 0xb6ff, 0xaedf, 0x9e9f, 0x969f, 0x969f, 0x969f, 0x969f, 0x969f, 0x969f,
  0x934b, 0x8b2b, 0xb3ec, 0xc44c, 0xc46d, 0xa3cb, 0xbbcb, 0x8c0c, 0x43ea, 0x43ea, 0x3bca, 0x2ae9,
  0x2ae9, 0x2ac8, 0x4b8a, 0x64ce, 0x7551, 0x64ce, 0x7531, 0x3b09, 0x3b67, 0x7d51, 0x8534, 0x6cd3,
  0x64d3, 0x5c91, 0x43ab, 0x3368, 0x3ba8, 0x5c91, 0x9e9f, 0x9e9f, 0x969f, 0x969f, 0x969f, 0x9e9f,
  0x969f, 0x969f, 0x969f, 0x969f, 0x969f, 0x969f, 0x969f, 0x861a, 0x64ef, 0x6512, 0x863c, 0x969f,
  0x969f, 0x969f, 0x969f, 0x969f, 0x969f, 0x969f, 0x969f, 0x969f, 0x969f, 0x969f, 0x969f, 0x969f,
  0x969f, 0x969f, 0x969f, 0x969f, 0x969f, 0x969f, 0x969f, 0x969f, 0x969f, 0x969f, 0x969f, 0x969f,
  0x969f, 0x969f, 0x969f, 0x969f, 0x969f, 0xa6bf, 0xd75f, 0xf7df, 0xffff, 0xffff, 0xffff, 0xffff,
  0xffff, 0xffff, 0xffff, 0xffff, 0xffff, 0xe79f, 0xa6bf, 0x969f, 0x969f, 0x969f, 0x969f, 0x969f,
  0x969f, 0x969f, 0x969f, 0x969f, 0x969f, 0x969f, 0x969f, 0x969f, 0x969f, 0x969f, 0x969f, 0x969f,
  0x969f, 0x967f, 0x967f, 0x967f, 0x967f, 0x967f, 0x967f, 0x967f, 0x967f, 0x969f, 0x969f, 0x969f,
  0x969f, 0x969f, 0x969f, 0x969f, 0x969f, 0x969f, 0x969f, 0x969f, 0x969f, 0x967f, 0x967f, 0x967f,
  0x967f, 0x967f, 0x967f, 0x967f, 0x967f, 0x969f, 0x969f, 0x969f, 0x969f, 0x969f, 0x969f, 0x969f,
  0x969f, 0x969f, 0x969f, 0x969f, 0x969f, 0x967f, 0x967f, 0x967f, 0x967f, 0x967f, 0x967f, 0x967f,
  0x969f, 0x969f, 0x969f, 0x967f, 0x967f, 0x967f, 0x967f, 0x967f, 0x967f, 0x967f, 0x967f, 0x967f,
  0x969f, 0x969f, 0x969f, 0x969f, 0x969f, 0x967f, 0x967f, 0x967f, 0x967f, 0x969f, 0x969f, 0x969f,
  0x969f, 0x969f, 0x969f, 0x969f, 0x969f, 0x969f, 0x967f, 0x967f, 0x967f, 0x967f, 0x967f, 0x967f,
  0x967f, 0x969f, 0x969f, 0x969f, 0x969f, 0x969f, 0x969f, 0x969f, 0x969f, 0x9ebf, 0x9ebf, 0x9ebf,
  0xa6bf, 0xa6df, 0xaedf, 0xb6df, 0xa63b, 0xad97, 0x8b8c, 0x9c92, 0xad14, 0xa4f4, 0x9c92, 0xcefd,
  0xc71f, 0xc71f, 0xc73f, 0xc73f, 0xc73f, 0xc73f, 0xc73f, 0xc73f, 0xc73f, 0xd75f, 0xc71f, 0xbeff,
  0xc73f, 0xd77f, 0xbf1f, 0xb6ff, 0xcf3f, 0xc73f, 0xcf5f, 0xcf5f, 0xcf5f, 0xc73f, 0xbf1f, 0xbf1f,
  0x8b4b, 0x834b, 0xa3cc, 0xc46d, 0xb40c, 0xb44d, 0xabcb, 0xa3ec, 0x3b6a, 0x3b69, 0x3329, 0x2268,
  0x2a88, 0x2267, 0x2a87, 0x3b08, 0x3b27, 0x3307, 0x2a87, 0x2227, 0x32c8, 0x2ac7, 0x32e7, 0x3328,
  0x3349, 0x3348, 0x2b08, 0x3348, 0x3b89, 0x5430, 0x967c, 0x7573, 0x6512, 0x969e, 0x9ebf, 0x9ebf,
  0x9ebf, 0x9ebf, 0x9e9f, 0x96bf, 0x9ebf, 0x969f, 0x6d15, 0x5caf, 0x43e8, 0x43c9, 0x7d96, 0x64b1,
  0x8e7e, 0x969f, 0x9ebf, 0x9ebf, 0x9ebf, 0x9ebf, 0x9ebf, 0x9ebf, 0x9e9f, 0x9e9f, 0x9e9f, 0x9ebf,
  0x9ebf, 0x9ebf, 0x9ebf, 0x9ebf, 0x9ebf, 0x9ebf, 0x9ebf, 0xa6df, 0xa6df, 0x9ebf, 0x9ebf, 0x9ebf,
  0x9ebf, 0x9ebf, 0x9ebf, 0x96bf, 0xcf3f, 0xffff, 0xf7ff, 0xf7df, 0xf7df, 0xffff, 0xffff, 0xffff,
  0xffff, 0xffff, 0xffff, 0xffff, 0xffff, 0xffff, 0xd77f, 0xc73f, 0xc71f, 0xbf1f, 0xbf1f, 0xb6ff,
  0x9ebf, 0x9ebf, 0x9ebf, 0x96bf, 0x96bf, 0x969f, 0x969f, 0x969f, 0x969f, 0x969f, 0x969f, 0x969f,
  0x969f, 0x969f, 0x969f, 0x969f, 0x969f, 0x969f, 0x969f, 0x969f, 0x969f, 0x969f, 0x969f, 0x969f,
  0x969f, 0x969f, 0x969f, 0x969f, 0x96bf, 0x969f, 0x969f, 0x969f, 0x969f, 0x969f, 0x969f, 0x969f,
  0x969f, 0x969f, 0x969f, 0x969f, 0x969f, 0x969f, 0x969f, 0x969f, 0x969f, 0x969f, 0x969f, 0x969f,
  0x969f, 0x969f, 0x969f, 0x969f, 0x969f, 0x969f, 0x969f, 0x969f, 0x969f, 0x969f, 0x96bf, 0x969f,
  0x96bf, 0x96bf, 0x969f, 0x969f, 0x969f, 0x969f, 0x969f, 0x969f, 0x969f, 0x969f, 0x969f, 0x969f,
  0x969f, 0x969f, 0x969f, 0x969f, 0x969f, 0x969f, 0x969f, 0x969f, 0x969f, 0x969f, 0x969f, 0x9e9f,
  0x9ebf, 0x9ebf, 0x9ebf, 0x9e9f, 0x9e9f, 0x969f, 0x969f, 0x9e9f, 0x9e9f, 0x9e9f, 0x969f, 0x9e9f,
  0x969f, 0x9e9f, 0x9e9f, 0x9ebf, 0x9ebf, 0x9ebf, 0x9ebf, 0x9ebf, 0x9ebf, 0x9ebf, 0x9ebf, 0x9ebf,
  0xa67d, 0xb5f8, 0xbcf2, 0xac4e, 0xa389, 0xb3c9, 0x9308, 0x82a7, 0x9328, 0x9307, 0x9307, 0x9bcd,
  0xad76, 0xaedf, 0xa6ff, 0xaeff, 0xaeff, 0xa6ff, 0xa6ff, 0xa6df, 0xbf1f, 0xefbf, 0xf7ff, 0xf7ff,
  0xf7ff, 0xffff, 0xffff, 0xffff, 0xffff, 0xf7ff, 0xf7ff, 0xffff, 0xffff, 0xdf9f, 0xd77f, 0xdf9f,
  0x832b, 0x7b0b, 0xa40d, 0xac6f, 0xa46e, 0xac4d, 0xa3cc, 0xa40d, 0x4bab, 0x4bca, 0x6cee, 0x53ec,
  0x3b6b, 0x1a27, 0x2a87, 0x3b09, 0x2a48, 0x21e7, 0x6bd0, 0x428b, 0x5b4f, 0x42cc, 0x19e7, 0x2247,
  0x2aa8, 0x32e8, 0x3328, 0x2b08, 0x3b49, 0x7515, 0x544f, 0x43ca, 0x440b, 0x5470, 0x9ede, 0x9edf,
  0x9edf, 0x9ebf, 0x9ebf, 0x969d, 0x64f2, 0x861a, 0x6d55, 0x440b, 0x3b88, 0x43a9, 0x43ea, 0x4c2e,
  0x8e5c, 0x85fa, 0x967d, 0x9edf, 0xa6df, 0x9edf, 0x9edf, 0x9edf, 0x9ebf, 0x9ebf, 0x9ebf, 0x9ebf,
  0x9edf, 0x9ebf, 0x9ebf, 0x9ebf, 0x9edf, 0x9edf, 0xbf3f, 0xf7df, 0xffff, 0xffff, 0xffff, 0xffff,
  0xffff, 0xe7bf, 0xbf1f, 0xaeff, 0xcf5f, 0xefbf, 0xe7bf, 0xe7bf, 0xe7bf, 0xefbf, 0xefbf, 0xefbf,
  0xefbf, 0xefbf, 0xefdf, 0xefdf, 0xefdf, 0xf7df, 0xffff, 0xffff, 0xffff, 0xffff, 0xffff, 0xffff,
  0xbf1f, 0x9edf, 0x9edf, 0x9edf, 0x9ebf, 0x9ebf, 0x9ebf, 0x9ebf, 0x9ebf, 0x9ebf, 0x9ebf, 0x9ebf,
  0x9ebf, 0x9ebf, 0x9ebf, 0x9ebf, 0x9ebf, 0x9ebf, 0x9ebf, 0x9ebf, 0x9ebf, 0x9ebf, 0x9ebf, 0x9ebf,
  0x9ebf, 0x9ebf, 0x9ebf, 0x9ebf, 0x9ebf, 0x9ebf, 0x9ebf, 0x9ebf, 0x9ebf, 0x9ebf, 0x9ebf, 0x9ebf,
  0x9ebf, 0x9ebf, 0x9ebf, 0x9ebf, 0x9ebf, 0x9ebf, 0x9ebf, 0x9ebf, 0x9ebf, 0x9ebf, 0x9ebf, 0x9ebf,
  0x9ebf, 0x9ebf, 0x9ebf, 0x9ebf, 0x9ebf, 0x9ebf, 0x9ebf, 0x9ebf, 0x9ebf, 0x9ebf, 0x9ebf, 0x9ebf,
  0x9ebf, 0x9ebf, 0x9ebf, 0x9ebf, 0x9ebf, 0x9ebf, 0x9ebf, 0x9ebf, 0x9ebf, 0x9ebf, 0x9ebf, 0x9ebf,
  0x9ebf, 0x9ebf, 0x9ebf, 0x9ebf, 0x9ebf, 0x9ebf, 0x9ebf, 0x9ebf, 0x9ebf, 0x9ebf, 0x9ebf, 0x9edf,
  0x9edf, 0x9edf, 0x9ebf, 0x9ebf, 0x9ebf, 0x9ebf, 0x9ebf, 0x9ebf, 0x9ebf, 0x9ebf, 0x9ebf, 0x9ebf,
  0x9ebf, 0x9ebf, 0x9ebf, 0x9ebf, 0x9edf, 0x9edf, 0x9edf, 0x9edf, 0x9edf, 0x9edf, 0x9edf, 0xa67d,
  0xb5b7, 0xa369, 0xab89, 0xab68, 0xbc09, 0xbc09, 0x92c7, 0x92c7, 0xa368, 0xa368, 0xa348, 0xa348,
  0xabaa, 0xa4b2, 0xc71e, 0xbf5f, 0xbf3f, 0xc73f, 0xc73f, 0xcf5f, 0xf7df, 0xf7df, 0xf7df, 0xf7ff,
  0xf7df, 0xefdf, 0xefdf, 0xefdf, 0xf7df, 0xf7df, 0xf7df, 0xf7df, 0xf7df, 0xdf9f, 0xd77f, 0xd79f,
  0x834c, 0x7b2c, 0xa40d, 0xbcf0, 0xac6e, 0xa3ed, 0x9bed, 0x9c8e, 0xa615, 0x542b, 0x3b69, 0x3b89,
  0x3b68, 0x3327, 0x3327, 0x3308, 0x3b0a, 0x8513, 0x9dd4, 0x42ca, 0x4b4c, 0x646d, 0x3329, 0x2aa9,
  0x2ac9, 0x32ea, 0x2ac9, 0x5c50, 0x6471, 0x6cd2, 0x3b6a, 0x43ab, 0x43ed, 0x7575, 0x8df9, 0x64d1,
  0x9ebe, 0xa6df, 0xa6df, 0x9ebe, 0x542f, 0x3baa, 0x43ea, 0x4c2c, 0x32e8, 0x3b49, 0x544e, 0x64d2,
  0x6d12, 0x43eb, 0x7d97, 0x9edf, 0xa6df, 0xa6df, 0xa6df, 0xa6df, 0xa6df, 0xa6bf, 0xa6bf, 0x9edf,
  0x9edf, 0x9edf, 0x9edf, 0x9edf, 0x9edf, 0xa6df, 0xf7df, 0xffff, 0xffff, 0xffff, 0xffff, 0xffff,
  0xffff, 0xffff, 0xffff, 0xdf9f, 0xd75f, 0xd75f, 0xd77f, 0xd77f, 0xd77f, 0xd77f, 0xd77f, 0xd77f,
  0xd77f, 0xd77f, 0xd77f, 0xdf7f, 0xdf7f, 0xe79f, 0xefbf, 0xefdf, 0xf7df, 0xf7ff, 0xf7ff, 0xffff,
  0xdf7f, 0xa6df, 0x9edf, 0x9edf, 0x9ebf, 0x9ebf, 0x9ebf, 0x9ebf, 0x9edf, 0x9edf, 0x9edf, 0x9ebf,
  0x9ebf, 0x9ebf, 0x9ebf, 0x9ebf, 0x9ebf, 0x9ebf, 0x9ebf, 0x9ebf, 0x9ebf, 0x9ebf, 0x9ebf, 0x9edf,
  0x9edf, 0x9edf, 0x9edf, 0x9edf, 0x9edf, 0x9ebf, 0x9ebf, 0x9ebf, 0x9ebf, 0x9ebf, 0x9ebf, 0x9ebf,
  0x9ebf, 0x9ebf, 0x9ebf, 0x9ebf, 0x9ebf, 0x9ebf, 0x9ebf, 0x9ebf, 0x9ebf, 0x9ebf, 0x9ebf, 0x9ebf,
  0x9ebf, 0x9ebf, 0x9ebf, 0x9ebf, 0x9ebf, 0x9ebf, 0x9ebf, 0x9ebf, 0x9ebf, 0x9ebf, 0x9ebf, 0x9ebf,
  0x9ebf, 0x9ebf, 0x9ebf, 0x9ebf, 0x9ebf, 0x9ebf, 0x9ebf, 0x9ebf, 0x9ebf, 0x9ebf, 0x9ebf, 0x9ebf,
  0x9ebf, 0x9ebf, 0x9ebf, 0x9ebf, 0x9ebf, 0x9ebf, 0x9ebf, 0x9ebf, 0x9ebf, 0x9edf, 0x9edf, 0x9edf,
  0x9edf, 0x9ebf, 0x9ebf, 0x9ebf, 0x9ebf, 0x9ebf, 0x9ebf, 0xa6bf, 0x9ebf, 0x9ebf, 0x9ebf, 0x9ebf,
  0x9ebf, 0x9ebf, 0x9ebf, 0x9ebf, 0x9edf, 0x9edf, 0x9edf, 0x9edf, 0x9edf, 0x9edf, 0xa69d, 0xb40b,
  0xa327, 0xab68, 0xab89, 0xbc09, 0xb3e9, 0xc44a, 0xa368, 0x9b27, 0xa348, 0xa368, 0xa368, 0xa348,
  0x9308, 0x9b48, 0xa38b, 0xbd33, 0xcefd, 0xc71f, 0xc71f, 0xcf5f, 0xf7df, 0xf7df, 0xf7df, 0xf7df,
  0xefbf, 0xe7bf, 0xe7bf, 0xe79f, 0xe79f, 0xd75f, 0xbf1f, 0xbf1f, 0xbf1f, 0xbf1f, 0xbf1f, 0xc75f,
  0x7b0c, 0x72eb, 0x9bcd, 0xc4f0, 0xac2e, 0x9bcd, 0xa40e, 0x9c2e, 0x3b8a, 0x4beb, 0x4bea, 0x4bea,
  0x3b48, 0x4389, 0x3b48, 0x4bca, 0x5c4b, 0x3b68, 0x4368, 0x2a28, 0x32a9, 0x3b69, 0x4c09, 0x5c4a,
  0x43c8, 0x9e36, 0xcefc, 0xa638, 0x6cd0, 0x43cb, 0x3baa, 0x3b8a, 0x43aa, 0x4c2c, 0x4c4c, 0x6d33,
  0xaefe, 0xaeff, 0x9e7c, 0x85f8, 0x9e18, 0x7513, 0x3b8b, 0x3b8b, 0x32c8, 0x3b69, 0x43ab, 0x438b,
  0x3b49, 0x5470, 0x7d97, 0x9ebe, 0xa6df, 0xa6df, 0xa6df, 0xa6df, 0xa6df, 0xa6df, 0xa6df, 0xa6df,
  0xa6df, 0xa6df, 0xa6df, 0xa6df, 0xa6df, 0xa6df, 0xcf5f, 0xdf9f, 0xe79f, 0xe79f, 0xe79f, 0xe7bf,
  0xe7bf, 0xe7bf, 0xe7bf, 0xd77f, 0xe7bf, 0xe79f, 0xefbf, 0xdf9f, 0xdf9f, 0xdf9f, 0xdf9f, 0xdf9f,
  0xdf9f, 0xdf9f, 0xdf9f, 0xdf9f, 0xdf9f, 0xdf9f, 0xdf9f, 0xdf9f, 0xe79f, 0xe79f, 0xe79f, 0xdf9f,
  0xbf1f, 0xa6df, 0xa6df, 0xa6df, 0xa6df, 0xa6df, 0xa6df, 0xa6df, 0xa6df, 0xa6df, 0xa6df, 0xa6df,
  0xa6df, 0x9edf, 0xa6df, 0xa6df, 0xa6df, 0x9ebf, 0x9ebf, 0x9ebf, 0xa6bf, 0xa6df, 0xa6df, 0xa6df,
  0xa6df, 0xa6df, 0xa6df, 0xa6df, 0xa6df, 0xa6df, 0xa6df, 0xa6df, 0xa6df, 0xa6df, 0xa6df, 0xa6df,
  0xa6df, 0x9ebf, 0x9ebf, 0xa6df, 0xa6df, 0xa6df, 0xa6df, 0xa6bf, 0x9edf, 0x9ebf, 0x9ebf, 0x9ebf,
  0xa6df, 0xa6df, 0xa6df, 0xa6df, 0xa6df, 0xa6df, 0xa6df, 0xa6df, 0xa6df, 0xa6df, 0xa6df, 0xa6df,
  0xa6df, 0xa6df, 0xa6df, 0x9edf, 0x9edf, 0x9ebf, 0x9ebf, 0x9ebf, 0x9ebf, 0x9ebf, 0x9ebf, 0x9ebf,
  0x9ebf, 0x9ebf, 0x9ebf, 0x9ebf, 0x9ebf, 0x9ebf, 0x9ebf, 0xa6df, 0xa6df, 0xa6df, 0xa6df, 0xa6df,
  0xa6df, 0xa6df, 0xa6df, 0xa6df, 0xa6df, 0xa6df, 0xa6df, 0xa6df, 0xa6df, 0xa6df, 0xa6df, 0xa6df,
  0xa6df, 0xa6df, 0xa6df, 0xa6df, 0xa6df, 0xa6df, 0xa6df, 0xa6df, 0xa69e, 0xacd3, 0xa3cd, 0xbba8,
  0xbc09, 0xc42a, 0xccab, 0xcccb, 0xc4ab, 0xac2a, 0x7267, 0x8ae7, 0x92e8, 0x82c7, 0x8b07, 0x9b68,
  0xa388, 0x9b68, 0x9b28, 0x9b48, 0x9329, 0xad14, 0xc73f, 0xbf3f, 0xbf3f, 0xbf3f, 0xbf3f, 0xb71f,
  0xb71f, 0xaeff, 0xaeff, 0xaeff, 0xaeff, 0xaeff, 0xaeff, 0xb71f, 0xaeff, 0xaeff, 0xaeff, 0xaf1f,
  0x72ec, 0x62aa, 0x83ee, 0x6cf3, 0x9bed, 0x9bad, 0x938d, 0x9bcd, 0x536c, 0x2aaa, 0x2289, 0x2a89,
  0x2aa9, 0x2aa8, 0x2a88, 0x2a68, 0x2227, 0x2227, 0x19c8, 0x21a8, 0x21e8, 0x2249, 0x2aa9, 0x2ac8,
  0x3368, 0x43e8, 0x4c4a, 0x546a, 0x5cab, 0x64cc, 0x542b, 0x3b8a, 0x3b8a, 0x5c8f, 0x544f, 0x8596,
  0x9618, 0x9e7a, 0x9618, 0x7512, 0x4c2a, 0x5cac, 0x64cd, 0x5c8d, 0x3b48, 0x4bea, 0x43c9, 0x4c0a,
  0x4c0b, 0x43ab, 0x542f, 0x9e9e, 0xa6df, 0xa6df, 0xa6ff, 0xa6ff, 0xaeff, 0xa6ff, 0xa6ff, 0xa6ff,
  0xa6ff, 0xa6ff, 0xa6df, 0xa6ff, 0xa6ff, 0xa6ff, 0xaeff, 0xaeff, 0xaeff, 0xaeff, 0xaeff, 0xb71f,
  0xb71f, 0xb71f, 0xb71f, 0xbf1f, 0xbf3f, 0xcf7f, 0xe7bf, 0xe7bf, 0xe79f, 0xcf5f, 0xcf5f, 0xd77f,
  0xd77f, 0xd77f, 0xd77f, 0xcf5f, 0xbf3f, 0xbf3f, 0xbf3f, 0xbf3f, 0xbf3f, 0xbf3f, 0xb71f, 0xa6ff,
  0xa6ff, 0xa6df, 0xa6df, 0xa6df, 0xa6df, 0xa6df, 0xa6df, 0xa6df, 0xa6df, 0xa6df, 0xa6df, 0xa6df,
  0xa6df, 0xa6df, 0xa6df, 0xa6df, 0xa6df, 0xa6df, 0xa6df, 0xa6df, 0xa6df, 0xa6df, 0xa6df, 0xa6df,
  0xa6df, 0xa6df, 0xa6df, 0xa6df, 0xa6df, 0xa6df, 0xa6df, 0xa6df, 0xa6df, 0xa6df, 0xa6df, 0xa6df,
  0xa6df, 0xa6df, 0xa6df, 0xa6df, 0xa6df, 0xa6df, 0xa6df, 0xa6df, 0xa6df, 0xa6df, 0xa6df, 0xa6df,
  0xa6df, 0xa6df, 0xa6df, 0xa6df, 0xa6df, 0xa6df, 0xa6df, 0xa6df, 0xa6df, 0xa6df, 0xa6df, 0xa6df,
  0xa6df, 0xa6df, 0xa6df, 0xa6df, 0xa6df, 0xa6df, 0xa6df, 0xa6df, 0xa6df, 0xa6df, 0xa6df, 0xa6df,
  0xa6df, 0xa6df, 0xa6df, 0xa6df, 0xa6df, 0xa6df, 0xa6df, 0xa6df, 0xa6df, 0xa6df, 0xa6df, 0xa6df,
  0xa6df, 0xa6ff, 0xa6df, 0xa6df, 0xa6df, 0xa6df, 0xa6df, 0xa6df, 0xa6df, 0xa6df, 0xa6df, 0xa6df,
  0xa6df, 0xa6df, 0xa6df, 0xa6ff, 0xa6ff, 0xa6ff, 0xa6ff, 0xaebd, 0xcdf6, 0xb3ea, 0xc46b, 0xcccb,
  0xccec, 0xb409, 0xac2a, 0x8b48, 0x6267, 0x5206, 0x49a5, 0x51a6, 0x4165, 0x49a5, 0x6a86, 0x7ac7,
  0x82e7, 0x82c7, 0x82a7, 0x82c6, 0x7ac7, 0x8b49, 0xa490, 0xaedf, 0xaeff, 0xaeff, 0xaeff, 0xaeff,
  0xaeff, 0xaeff, 0xaeff, 0xaeff, 0xaeff, 0xaeff, 0xaeff, 0xaeff, 0xaeff, 0xaeff, 0xaeff, 0xaf3e,
  0x730c, 0x62cb, 0x83cd, 0x848f, 0x838b, 0x832b, 0x7b0b, 0x8bcc, 0x63ed, 0x538c, 0x3289, 0x19e7,
  0x19c7, 0x19c7, 0x19a7, 0x19a7, 0x1987, 0x21e7, 0x3aa9, 0x21a8, 0x21c8, 0x3aca, 0x2a69, 0x2248,
  0x2248, 0x2268, 0x2a88, 0x2268, 0x2ae8, 0x3308, 0x43aa, 0x438a, 0x43ca, 0x64ad, 0x7532, 0x95f7,
  0x542d, 0x4c2c, 0x544c, 0x5c4e, 0x3b89, 0x3b69, 0x3b28, 0x4389, 0x3b0a, 0x4348, 0x3b48, 0x3b88,
  0x546a, 0x5cce, 0x64f0, 0xa6dd, 0x9639, 0x961a, 0xaeff, 0xaeff, 0xaeff, 0xaf1f, 0xaf1f, 0xaeff,
  0xaeff, 0xaeff, 0xaeff, 0xaeff, 0xaeff, 0xaeff, 0xaeff, 0xaeff, 0xaeff, 0xaeff, 0xaeff, 0xaeff,
  0xaeff, 0xaeff, 0xaeff, 0xaeff, 0xaeff, 0xaf1f, 0xaf1f, 0xaf1f, 0xaeff, 0xaeff, 0xaeff, 0xaeff,
  0xaeff, 0xaeff, 0xaeff, 0xaeff, 0xaeff, 0xaeff, 0xaeff, 0xaeff, 0xaeff, 0xaeff, 0xaeff, 0xaeff,
  0xaeff, 0xaeff, 0xaeff, 0xa6ff, 0xa6ff, 0xa6ff, 0xa6ff, 0xa6df, 0xaeff, 0xaeff, 0xaeff, 0xaeff,
  0xaeff, 0xaeff, 0xaeff, 0xa6ff, 0xa6ff, 0xa6ff, 0xa6ff, 0xa6ff, 0xa6ff, 0xa6ff, 0xa6ff, 0xa6ff,
  0xaeff, 0xaeff, 0xaeff, 0xaeff, 0xaeff, 0xaeff, 0xaeff, 0xa6ff, 0xa6ff, 0xa6ff, 0xa6df, 0xa6df,
  0xa6df, 0xa6df, 0xa6df, 0xa6df, 0xa6df, 0xa6df, 0xa6df, 0xa6df, 0xa6df, 0xa6df, 0xa6df, 0xa6ff,
  0xa6ff, 0xa6ff, 0xa6ff, 0xa6ff, 0xa6ff, 0xa6ff, 0xa6ff, 0xa6ff, 0xa6ff, 0xa6ff, 0xa6ff, 0xa6ff,
  0xa6ff, 0xa6ff, 0xa6ff, 0xa6df, 0xa6df, 0xa6df, 0xa6df, 0xa6df, 0xa6df, 0xa6df, 0xa6df, 0xa6df,
  0xa6df, 0xa6df, 0xa6df, 0xa6df, 0xa6df, 0xa6df, 0xa6ff, 0xa6ff, 0xa6ff, 0xaeff, 0xaeff, 0xaeff,
  0xaeff, 0xaeff, 0xaeff, 0xaeff, 0xaeff, 0xa6ff, 0xaeff, 0xaeff, 0xa6ff, 0xa6ff, 0xa6ff, 0xaeff,
  0xaeff, 0xaeff, 0xaeff, 0xaeff, 0xaeff, 0xaf1f, 0xadf8, 0xbc8e, 0xb40a, 0x9b48, 0x7ac8, 0x6227,
  0x51a6, 0x59e6, 0x82e8, 0x9b69, 0xbcac, 0xaba9, 0x82c8, 0x8ac8, 0x82c8, 0x7a87, 0x8b08, 0x8b08,
  0x9b68, 0x7267, 0x8ae7, 0x7aa7, 0x82e7, 0x6aa8, 0x9d77, 0xaeff, 0xb6ff, 0xb6ff, 0xb6ff, 0xaeff,
  0xaeff, 0xaeff, 0xaeff, 0xaeff, 0xaeff, 0xb71f, 0xb71f, 0xaf1f, 0xaf1f, 0xaf1f, 0xaf1f, 0xaf3e,
  0x630a, 0x5ac9, 0x5aa9, 0x62aa, 0x9bc9, 0x83e8, 0x8c4a, 0x8ccb, 0x6c4a, 0x4b89, 0x32e9, 0x2a88,
  0x2a68, 0x32a8, 0x3268, 0x3b09, 0x5c4c, 0x5c4b, 0x5c2a, 0x3a6a, 0x538c, 0x436b, 0x2228, 0x1a08,
  0x2228, 0x2248, 0x2a68, 0x2a88, 0x32a9, 0x3b0a, 0x6491, 0x5c90, 0x4bec, 0x7d32, 0x332a, 0x3bab,
  0x334a, 0x438b, 0x4beb, 0x53ed, 0x3328, 0x3b69, 0x542c, 0x8554, 0x53ee, 0x53eb, 0x8d53, 0x5c0e,
  0x3b69, 0x43aa, 0x542d, 0x6cd1, 0x43aa, 0x9619, 0xaeff, 0xaeff, 0xaf1f, 0xb71f, 0xaf1f, 0xaf1f,
  0xa6fe, 0xaeff, 0xaeff, 0xaf1f, 0xaf1f, 0xaeff, 0xaeff, 0xaeff, 0xaeff, 0xaeff, 0xaeff, 0xaeff,
  0xaeff, 0xaeff, 0xaeff, 0xaeff, 0xaeff, 0xaeff, 0xaeff, 0xaeff, 0xaeff, 0xaeff, 0xaf1f, 0xaeff,
  0xaeff, 0xaf1f, 0xaf1f, 0xaeff, 0xaeff, 0xaeff, 0xaeff, 0xaeff, 0xaeff, 0xaeff, 0xaeff, 0xaeff,
  0xaeff, 0xaeff, 0xaeff, 0xaeff, 0xaeff, 0xaeff, 0xaedf, 0xaeff, 0xaeff, 0xaeff, 0xaeff, 0xaeff,
  0xaeff, 0xaeff, 0xaeff, 0xaeff, 0xaeff, 0xaeff, 0xaeff, 0xaeff, 0xaeff, 0xaeff, 0xaeff, 0xaeff,
  0xaeff, 0xaeff, 0xaeff, 0xaeff, 0xaeff, 0xaeff, 0xaeff, 0xaeff, 0xaeff, 0xaeff, 0xaeff, 0xaeff,
  0xaeff, 0xaeff, 0xaedf, 0xaeff, 0xaeff, 0xaeff, 0xaeff, 0xaedf, 0xaeff, 0xaeff, 0xaeff, 0xaeff,
  0xaeff, 0xaeff, 0xaeff, 0xaeff, 0xaeff, 0xaeff, 0xaeff, 0xaeff, 0xaeff, 0xaeff, 0xaeff, 0xaeff,
  0xaeff, 0xaeff, 0xaeff, 0xaeff, 0xaeff, 0xaeff, 0xaedf, 0xaedf, 0xaedf, 0xaeff, 0xaeff, 0xaeff,
  0xaeff, 0xaeff, 0xaeff, 0xaeff, 0xaeff, 0xaeff, 0xaeff, 0xaeff, 0xaeff, 0xaeff, 0xaeff, 0xaeff,
  0xaeff, 0xaeff, 0xaeff, 0xaeff, 0xaeff, 0xaeff, 0xaeff, 0xaeff, 0xaeff, 0xaeff, 0xaeff, 0xaeff,
  0xaeff, 0xaeff, 0xaeff, 0xaeff, 0xaeff, 0xaf1f, 0x8c72, 0x8b28, 0x9b89, 0x8b08, 0x9328, 0xa389,
  0xbc2a, 0xb3ea, 0xbc4a, 0xbc4a, 0xcccb, 0xbc6a, 0xa3c9, 0x9b89, 0xa3a9, 0x9b88, 0xa3c9, 0xabea,
  0x9b48, 0x9b28, 0xabc9, 0xa3a8, 0xa388, 0xb40a, 0xb65b, 0xb71f, 0xb71f, 0xb71f, 0xb71f, 0xb71f,
  0xb71f, 0xb71f, 0xb71f, 0xb71f, 0xb71f, 0xb71f, 0xb71f, 0xb71f, 0xb71f, 0xb71f, 0xb71f, 0xb75f,
  0x3ac6, 0x4ae8, 0x5288, 0x6289, 0xabea, 0x8b69, 0x936a, 0x8c0b, 0x9c4b, 0x942b, 0xa48b, 0x73c8,
  0x4b87, 0x53a8, 0x5388, 0x4368, 0x53a9, 0x6469, 0x7d69, 0x428a, 0x53aa, 0x64ca, 0x5caa, 0x43c9,
  0x2228, 0x2228, 0x1a08, 0x2228, 0x3309, 0x548d, 0x6510, 0x43cb, 0x3b8a, 0x4c0b, 0x546c, 0x53eb,
  0x334a, 0x2b09, 0x2ae9, 0x5c2e, 0x5c8d, 0x6cec, 0x8db2, 0x5c6b, 0x3b68, 0x440a, 0x4c2b, 0x64b0,
  0x7514, 0x6471, 0x6cd2, 0x3328, 0x3b8a, 0x6471, 0xaeff, 0xb71f, 0xb71f, 0xb71f, 0xa67c, 0x7532,
  0x6d0f, 0xa6bc, 0xaf1f, 0xaf1f, 0xb71f, 0xaf1f, 0xb71f, 0xb71f, 0xb71f, 0xb71f, 0xb71f, 0xb71f,
  0xb71f, 0xb71f, 0xb71f, 0xaf1f, 0xaeff, 0xaeff, 0xaf1f, 0xaeff, 0xaeff, 0xaeff, 0xaeff, 0xaf1f,
  0xaf1f, 0xb71f, 0xb71f, 0xb71f, 0xb71f, 0xaeff, 0xaeff, 0xaeff, 0xaeff, 0xaeff, 0xaeff, 0xaeff,
  0xaeff, 0xaeff, 0xaeff, 0xaeff, 0xaeff, 0xaeff, 0xaeff, 0xaeff, 0xaeff, 0xaeff, 0xaeff, 0xaeff,
  0xaeff, 0xaeff, 0xaeff, 0xaeff, 0xaeff, 0xaeff, 0xaeff, 0xaeff, 0xaeff, 0xaeff, 0xaeff, 0xaeff,
  0xaeff, 0xaeff, 0xaeff, 0xaeff, 0xaeff, 0xaeff, 0xaeff, 0xaeff, 0xaeff, 0xaeff, 0xaeff, 0xaeff,
  0xaeff, 0xaeff, 0xaeff, 0xaeff, 0xaeff, 0xaeff, 0xaeff, 0xaeff, 0xaeff, 0xaeff, 0xaeff, 0xaeff,
  0xaeff, 0xaeff, 0xaeff, 0xaeff, 0xaeff, 0xaeff, 0xaeff, 0xaeff, 0xaeff, 0xaeff, 0xc73f, 0xefdf,
  0xf7df, 0xf7df, 0xf7df, 0xf7df, 0xf7df, 0xf7df, 0xf7df, 0xf7df, 0xf7df, 0xcf5f, 0xaeff, 0xaeff,
  0xaeff, 0xaeff, 0xaeff, 0xaeff, 0xaeff, 0xaeff, 0xaeff, 0xaeff, 0xaeff, 0xaeff, 0xaeff, 0xaeff,
  0xaeff, 0xaeff, 0xaeff, 0xaeff, 0xaeff, 0xaeff, 0xaeff, 0xaeff, 0xaeff, 0xaeff, 0xaeff, 0xaeff,
  0xaeff, 0xaeff, 0xaeff, 0xaeff, 0xaf1f, 0xaf1f, 0xb6bd, 0xc46b, 0xd4ec, 0xbc4a, 0xb40a, 0xbc4a,
  0xcceb, 0xd50b, 0xd50b, 0xdd6d, 0xe62f, 0xc52c, 0xa3c9, 0xac09, 0xac09, 0xbc69, 0xc4ab, 0xcceb,
  0xccca, 0xbc6a, 0xc4ca, 0xc4aa, 0xbc6a, 0xc48b, 0xbe18, 0xb71f, 0xb71f, 0xb71f, 0xb71f, 0xb71f,
  0xb71f, 0xb71f, 0xb71f, 0xb71f, 0xb71f, 0xb71f, 0xb71f, 0xb71f, 0xb71f, 0xb71f, 0xb73f, 0x9ebc,
  0x2a24, 0x3266, 0x3a87, 0x4268, 0xa3eb, 0xa40a, 0x934a, 0x9beb, 0xac0c, 0x9bac, 0xb46e, 0xa3eb,
  0x52a9, 0x5ae9, 0x4ae9, 0x53c9, 0x3b48, 0x4b69, 0x5309, 0x5a8a, 0x5ac9, 0x62c9, 0x62ca, 0x62ea,
  0x62cb, 0x946b, 0x948b, 0x744a, 0x4bc9, 0x3b8a, 0x43cc, 0x32eb, 0x2aab, 0x2aeb, 0x2aea, 0x2aea,
  0x2b09, 0x2b0a, 0x2aa9, 0x2269, 0x2aa9, 0x32e9, 0x3309, 0x32e9, 0x2a49, 0x2249, 0x2aa9, 0x32e9,
  0x3b29, 0x3b49, 0x3b49, 0x3329, 0x3b6a, 0x95f8, 0x961a, 0xb71f, 0xb71f, 0x8576, 0x5c4f, 0x4c0a,
  0x43c9, 0x64b0, 0x9619, 0xaeff, 0xb71f, 0xb71f, 0xb71f, 0xb71f, 0xb71f, 0xb71f, 0xb71f, 0xb71f,
  0xb71f, 0xb71f, 0xb71f, 0xb71f, 0xaf1f, 0xaf1f, 0xaf1f, 0xaf1f, 0xaf1f, 0xaf1f, 0xaf1f, 0xb71f,
  0xb71f, 0xb71f, 0xb71f, 0xb71f, 0xb71f, 0xb71f, 0xb71f, 0xb6ff, 0xaeff, 0xaeff, 0xaeff, 0xaf1f,
  0xb71f, 0xb71f, 0xaeff, 0xaeff, 0xaeff, 0xaeff, 0xaeff, 0xaeff, 0xaeff, 0xaf1f, 0xaf1f, 0xaf1f,
  0xaf1f, 0xb71f, 0xb71f, 0xb71f, 0xb71f, 0xb71f, 0xb71f, 0xaf1f, 0xb71f, 0xaf1f, 0xaeff, 0xaeff,
  0xaeff, 0xaeff, 0xaf1f, 0xaf1f, 0xaf1f, 0xaf1f, 0xaeff, 0xaeff, 0xaeff, 0xaeff, 0xaeff, 0xaeff,
  0xaf1f, 0xaf1f, 0xaf1f, 0xaf1f, 0xaf1f, 0xaf1f, 0xaf1f, 0xaf1f, 0xaf1f, 0xaf1f, 0xaf1f, 0xaeff,
  0xaeff, 0xaf1f, 0xaf1f, 0xaf1f, 0xaf1f, 0xaf1f, 0xaf1f, 0xaf1f, 0xbf3f, 0xdf9f, 0xf7ff, 0xffff,
  0xffff, 0xffff, 0xffff, 0xffff, 0xffff, 0xffff, 0xffff, 0xffff, 0xffff, 0xffff, 0xefbf, 0xb71f,
  0xaeff, 0xaeff, 0xaf1f, 0xaf1f, 0xaf1f, 0xaf1f, 0xaeff, 0xaeff, 0xaf1f, 0xb71f, 0xb71f, 0xaf1f,
  0xaf1f, 0xaf1f, 0xaf1f, 0xaeff, 0xaeff, 0xaeff, 0xaeff, 0xaeff, 0xaf1f, 0xaf1f, 0xaf1f, 0xaf1f,
  0xaf1f, 0xaf1f, 0xaf1f, 0xaf1f, 0xaf1f, 0xaf1f, 0xb69c, 0xc48b, 0xcccc, 0xdd4c, 0xd50c, 0xd58d,
  0xcdae, 0xac6a, 0x93ca, 0x7b2a, 0x5a69, 0x41a6, 0x2905, 0x3125, 0x3146, 0x3966, 0x41a6, 0x5a68,
  0x6aa8, 0x6ac8, 0x7b08, 0x9389, 0x9bca, 0xa40a, 0xadf8, 0xb71f, 0xb71f, 0xb71f, 0xb71f, 0xb71f,
  0xb71f, 0xb71f, 0xb71f, 0xb71f, 0xb71f, 0xb71f, 0xb71f, 0xb71f, 0xb73f, 0xaf1f, 0xaf1f, 0x64b2,
  0x2a04, 0x3225, 0x42c7, 0x5b07, 0xac2b, 0xa3ea, 0x8b4a, 0x9bcc, 0xabec, 0xa3cd, 0xb44e, 0x9bab,
  0x6289, 0x728a, 0x8b4b, 0xa44d, 0x8beb, 0x62aa, 0x4a0a, 0x626b, 0x6aab, 0x6249, 0x626a, 0x6a8b,
  0x628b, 0xac4d, 0xac6d, 0xa42c, 0xa50a, 0x6489, 0x544a, 0x436b, 0x3b6b, 0x43cb, 0x3b6a, 0x3309,
  0x43a9, 0x4c0a, 0x5429, 0x3b49, 0x3349, 0x4389, 0x32c9, 0x5bb0, 0x5b8f, 0x63ef, 0x4b8c, 0x2a89,
  0x2a89, 0x536e, 0x6c31, 0x6c31, 0x9596, 0x6c92, 0x7d14, 0x8dd7, 0x74f3, 0x95d7, 0x542e, 0x43cb,
  0x3b49, 0x6cb1, 0xae59, 0xb6bd, 0x9e3a, 0xb71f, 0xb71f, 0xb71f, 0xb71f, 0xb71f, 0xb71f, 0xb71f,
  0xb71f, 0xb71f, 0xb71f, 0xb71f, 0xb71f, 0xb71f, 0xaf1f, 0x8dd7, 0x7574, 0x9ebd, 0xaf1f, 0xb71f,
  0xb71f, 0xb71f, 0xb71f, 0xb71f, 0xb71f, 0xb71f, 0xb71f, 0xb71f, 0xb71f, 0xb71f, 0xb71f, 0xb71f,
  0xb71f, 0xb71f, 0xb71f, 0xb71f, 0xb71f, 0xb71f, 0xb71f, 0xb71f, 0xb71f, 0xb71f, 0xb71f, 0xb71f,
  0xb71f, 0xb71f, 0xb71f, 0xb71f, 0xb71f, 0xb71f, 0xb71f, 0xb71f, 0xb71f, 0xb71f, 0xb71f, 0xb71f,
  0xb71f, 0xb71f, 0xb71f, 0xb71f, 0xb71f, 0xb71f, 0xb71f, 0xb71f, 0xb71f, 0xb71f, 0xb71f, 0xb71f,
  0xb71f, 0xb71f, 0xb71f, 0xb71f, 0xb71f, 0xb71f, 0xb71f, 0xb71f, 0xb71f, 0xb71f, 0xb71f, 0xb71f,
  0xb71f, 0xb71f, 0xb71f, 0xb71f, 0xb71f, 0xb71f, 0xb71f, 0xcf5f, 0xf7df, 0xffff, 0xf7df, 0xf7df,
  0xf7df, 0xf7df, 0xf7df, 0xf7df, 0xf7df, 0xf7df, 0xf7df, 0xf7df, 0xffff, 0xffff, 0xffff, 0xdf9f,
  0xdf9f, 0xc75f, 0xbf3f, 0xb71f, 0xb71f, 0xb71f, 0xb71f, 0xb71f, 0xb71f, 0xb71f, 0xb71f, 0xb71f,
  0xb71f, 0xb71f, 0xb71f, 0xb71f, 0xb71f, 0xb71f, 0xb71f, 0xb71f, 0xb71f, 0xb71f, 0xb71f, 0xb71f,
  0xb71f, 0xb71f, 0xb71f, 0xb71f, 0xb71f, 0xaf1f, 0xb69c, 0xb42b, 0xa3ca, 0x7b09, 0x5a28, 0x51e8,
  0x6229, 0x6229, 0x6a49, 0x7acb, 0x626a, 0x5228, 0x4186, 0x3966, 0x3146, 0x41c7, 0x49c7, 0x5a28,
  0x49c7, 0x49c7, 0x51e7, 0x4187, 0x6bf2, 0x95d9, 0xb71f, 0xb73f, 0xbf3f, 0xbf3f, 0xbf3f, 0xbf1f,
  0xbf1f, 0xb71f, 0xb71f, 0xb71f, 0xb71f, 0xb73f, 0xb73f, 0xbf3f, 0x8dd8, 0x6cd2, 0xae7a, 0x9db5,
  0x4325, 0x7446, 0x7c05, 0x83a7, 0xb42b, 0x9c0b, 0x8b6b, 0xa3ec, 0xa3cd, 0xa3cd, 0xbc4e, 0xa38a,
  0x6269, 0x6a8a, 0x8b4b, 0xb4ae, 0x9c0d, 0x82ec, 0x49e9, 0x522a, 0x5a4a, 0x628a, 0x628a, 0x628b,
  0x6aab, 0xac2c, 0xac4d, 0x93cc, 0xa46c, 0x6baa, 0x63cc, 0x6452, 0x53b0, 0x3bac, 0x4bea, 0x4baa,
  0x4b8a, 0x53aa, 0x6c2a, 0x6c4a, 0x542a, 0x4c2a, 0x544c, 0x8571, 0x4bab, 0x4c0a, 0x54cb, 0x6d4d,
  0x4c2a, 0x540c, 0x7511, 0x6510, 0x5cce, 0x6cd0, 0xa639, 0xa619, 0x3b6a, 0x3bab, 0x43ac, 0x3b6a,
  0x3b4a, 0x4c0b, 0x546e, 0x4c0c, 0x6cd1, 0xbf3f, 0xb71f, 0xb71f, 0xb71f, 0xb71f, 0xb71f, 0xb71f,
  0xb71f, 0xb71f, 0xb71f, 0xb71f, 0xb71e, 0xaebd, 0x7514, 0x43ca, 0x3ba9, 0x7555, 0x963b, 0xaefe,
  0xb73f, 0xb71f, 0xb71f, 0xb71f, 0xb71f, 0xb71f, 0xb71f, 0xb71f, 0xb71f, 0xb71f, 0xb71f, 0xb71f,
  0xb71f, 0xb71f, 0xb71f, 0xb71f, 0xb71f, 0xb71f, 0xb71f, 0xb71f, 0xb71f, 0xb71f, 0xb71f, 0xb71f,
  0xb71f, 0xb71f, 0xb71f, 0xb71f, 0xb71f, 0xb71f, 0xb71f, 0xb71f, 0xb71f, 0xb71f, 0xb71f, 0xb71f,
  0xb71f, 0xb71f, 0xb71f, 0xb71f, 0xb71f, 0xb71f, 0xb71f, 0xb71f, 0xb71f, 0xb71f, 0xb71f, 0xb71f,
  0xb71f, 0xb71f, 0xb73f, 0xcf5f, 0xcf7f, 0xcf7f, 0xcf7f, 0xcf7f, 0xcf7f, 0xcf5f, 0xcf5f, 0xbf3f,
  0xb71f, 0xb71f, 0xb71f, 0xb71f, 0xb71f, 0xb73f, 0xb73f, 0xe7bf, 0xf7df, 0xefbf, 0xe7bf, 0xe7bf,
  0xe7bf, 0xe7bf, 0xe7bf, 0xe7bf, 0xe7bf, 0xe7bf, 0xe7bf, 0xe7bf, 0xe7bf, 0xefbf, 0xefbf, 0xefbf,
  0xefdf, 0xefdf, 0xe7bf, 0xb73f, 0xb73f, 0xb73f, 0xb73f, 0xb73f, 0xb73f, 0xb73f, 0xb73f, 0xb73f,
  0xb73f, 0xcf5f, 0xd77f, 0xd77f, 0xcf7f, 0xcf7f, 0xcf5f, 0xcf7f, 0xcf7f, 0xcf7f, 0xcf5f, 0xb71f,
  0xb71f, 0xb71f, 0xb71f, 0xb71f, 0xb71f, 0xb71f, 0xaefe, 0x8d57, 0x6b90, 0x4a0a, 0x624a, 0x51e8,
  0x51e8, 0x5a29, 0x5209, 0x6a8a, 0x6a48, 0x6227, 0x49a5, 0x3945, 0x5a27, 0x49e8, 0x41c8, 0x49c7,
  0x49e7, 0x4186, 0x49e7, 0x8494, 0xb6bd, 0xb71f, 0xb73f, 0xbf3f, 0xbf3f, 0xbf3f, 0xbf3f, 0xbf3f,
  0xbf3f, 0xbf3f, 0xbf3f, 0xbf3f, 0xbf3f, 0xbf3f, 0xbf3f, 0xb6fd, 0x2ac6, 0x3306, 0x7cd1, 0xa635,
  0x7545, 0x8545, 0x6c46, 0x7308, 0xabec, 0x6b87, 0x8349, 0xa3ac, 0x93ac, 0xa3cd, 0xb44d, 0x8b6b,
  0x5a69, 0x6a8a, 0x830b, 0xa44d, 0x93ed, 0x82ec, 0x4a0a, 0x520a, 0x5a4a, 0x5a6a, 0x6aab, 0x6acb,
  0x626a, 0xa40c, 0xa40c, 0xac2d, 0xac8c, 0x6b0a, 0x6aec, 0x84d6, 0x9dfb, 0x64b9, 0x7cd6, 0x7bcd,
  0x7bcd, 0x73ac, 0xa4ae, 0xbd0f, 0x9cad, 0x3b49, 0x3b2a, 0x32ca, 0x2a6a, 0x2a8a, 0x330a, 0x3b4a,
  0x43c9, 0x43e9, 0x43ea, 0x43eb, 0x43ca, 0x3b8a, 0x544d, 0x7513, 0x7d33, 0x64af, 0x440c, 0x43ab,
  0x43ab, 0x5c4e, 0x8555, 0x4c2d, 0xa639, 0xbf3f, 0xb73f, 0xb73f, 0xbf3f, 0xbf3f, 0xbf3f, 0xb73f,
  0xb73f, 0xb71f, 0xb73f, 0x9e9b, 0x8d95, 0x8d76, 0x540d, 0x43aa, 0x3b69, 0x3bca, 0x6470, 0xae5a,
  0xaebc, 0xb71f, 0xb71f, 0xb71f, 0xb71f, 0xb71f, 0xb71f, 0xb71f, 0xb71f, 0xb71f, 0xb71f, 0xb71f,
  0xb71f, 0xb71f, 0xb71f, 0xb71f, 0xb71f, 0xb71f, 0xb71f, 0xb73f, 0xb71f, 0xb71f, 0xb71f, 0xb71f,
  0xb71f, 0xb71f, 0xb71f, 0xb71f, 0xb71f, 0xb71f, 0xb71f, 0xb71f, 0xb71f, 0xb71f, 0xb71f, 0xb71f,
  0xb71f, 0xb71f, 0xb71f, 0xb71f, 0xb71f, 0xb71f, 0xb71f, 0xb71f, 0xb71f, 0xb71f, 0xb71f, 0xb71f,
  0xb71f, 0xbf3f, 0xe7bf, 0xffff, 0xffff, 0xffff, 0xffff, 0xffff, 0xffff, 0xffff, 0xffff, 0xefbf,
  0xc75f, 0xbf3f, 0xbf3f, 0xbf3f, 0xbf3f, 0xbf3f, 0xbf3f, 0xcf7f, 0xe7bf, 0xe7bf, 0xe7bf, 0xe7bf,
  0xe7bf, 0xe7bf, 0xe7bf, 0xe7bf, 0xe7df, 0xe7bf, 0xe7bf, 0xe7bf, 0xe7bf, 0xe7bf, 0xd77f, 0xd77f,
  0xd77f, 0xc75f, 0xbf3f, 0xbf3f, 0xbf3f, 0xbf3f, 0xbf3f, 0xbf3f, 0xbf3f, 0xb73f, 0xb73f, 0xdf9f,
  0xefbf, 0xffff, 0xffff, 0xffff, 0xffff, 0xffff, 0xffff, 0xffff, 0xffff, 0xffff, 0xffff, 0xe7bf,
  0xc73f, 0xbf3f, 0xb73f, 0xb73f, 0xb73f, 0xb73f, 0xb73f, 0xb73f, 0xb73f, 0xb71e, 0x8431, 0x41c7,
  0x82c9, 0x6aa9, 0x642e, 0x6aab, 0x8ac9, 0x82c8, 0x6226, 0x49c6, 0x6269, 0x3331, 0x3b93, 0x59e7,
  0x6a88, 0x51e6, 0x734d, 0xbf3f, 0xbf3f, 0xbf3f, 0xbf3f, 0xbf3f, 0xbf3f, 0xbf3f, 0xbf3f, 0xbf3f,
  0xbf3f, 0xbf3f, 0xbf3f, 0xbf3f, 0xbf3f, 0xbf3f, 0xbf3f, 0xbf3e, 0x3306, 0x2ac5, 0x2ae5, 0x2ac4,
  0x5404, 0x4ba4, 0x3ae4, 0x5286, 0x7388, 0x2b03, 0x4b04, 0x93c9, 0x940a, 0xa3ec, 0xac4d, 0x9bec,
  0x6a8a, 0x728a, 0x82ea, 0x9c2d, 0x93cc, 0x72cb, 0x4a0a, 0x49ea, 0x5a2a, 0x5a2a, 0x626b, 0x6a6a,
  0x624a, 0xa40c, 0xa3ec, 0xa40c, 0xa48b, 0x6b2b, 0x72ec, 0x6b71, 0x8d9a, 0x2ad4, 0x853a, 0x6b6d,
  0x7bcd, 0x73ac, 0xa48e, 0xbd10, 0xa48e, 0x3269, 0x2a4a, 0x2229, 0x2a2a, 0x3acc, 0x2a6a, 0x32ab,
  0x2269, 0x2269, 0x2aa9, 0x32ca, 0x32ea, 0x43ca, 0x43e9, 0x3bca, 0x3bca, 0x43ea, 0x4c2b, 0x4beb,
  0x438a, 0x4c0b, 0x542d, 0x7d53, 0xa659, 0x95b7, 0x8df8, 0xbf3f, 0xbf3f, 0xbf3f, 0xbf3f, 0xbf3f,
  0xbf3f, 0xbf3f, 0xbf3f, 0x8e19, 0x3bec, 0x648f, 0x646f, 0x43ab, 0x3b2a, 0x5450, 0x7d75, 0x7d13,
  0x4c2e, 0xb71e, 0xbf3f, 0xbf3f, 0xbf3f, 0xbf3f, 0xbf3f, 0xbf3f, 0xbf3f, 0xbf3f, 0xbf3f, 0xbf3f,
  0xbf3f, 0xbf3f, 0xbf3f, 0xbf3f, 0xbf3f, 0xbf3f, 0xbf3f, 0xbf3f, 0xbf3f, 0xbf3f, 0xbf3f, 0xbf3f,
  0xbf3f, 0xbf3f, 0xbf3f, 0xbf3f, 0xbf3f, 0xbf3f, 0xbf3f, 0xbf3f, 0xbf3f, 0xbf3f, 0xbf3f, 0xbf3f,
  0xbf3f, 0xb73f, 0xb73f, 0xb73f, 0xb73f, 0xb73f, 0xb73f, 0xbf3f, 0xcf5f, 0xcf5f, 0xcf7f, 0xdf9f,
  0xd77f, 0xdf9f, 0xf7ff, 0xf7df, 0xf7df, 0xf7ff, 0xf7df, 0xf7ff, 0xf7ff, 0xf7ff, 0xffff, 0xffff,
  0xf7df, 0xd79f, 0xc75f, 0xbf3f, 0xbf3f, 0xbf3f, 0xbf3f, 0xbf5f, 0xbf5f, 0xc75f, 0xc77f, 0xcf7f,
  0xcf7f, 0xcf7f, 0xd79f, 0xd79f, 0xd79f, 0xd77f, 0xcf7f, 0xc75f, 0xc75f, 0xbf5f, 0xbf5f, 0xbf5f,
  0xbf3f, 0xbf3f, 0xbf3f, 0xbf3f, 0xbf5f, 0xcf7f, 0xcf7f, 0xcf7f, 0xbf3f, 0xd77f, 0xf7df, 0xffff,
  0xf7ff, 0xf7df, 0xf7ff, 0xf7ff, 0xf7ff, 0xf7ff, 0xf7ff, 0xf7ff, 0xf7ff, 0xf7ff, 0xffff, 0xffff,
  0xffff, 0xe7bf, 0xc75f, 0xbf3f, 0xbf3f, 0xbf3f, 0xbf3f, 0xbf3f, 0xbf3f, 0xb75f, 0xa535, 0x5a27,
  0x82a8, 0x6bcb, 0xa6b1, 0x7bcc, 0x7a68, 0x7a88, 0x6a47, 0x51e6, 0x5249, 0x4c76, 0x4c97, 0x6a68,
  0x6247, 0x51c6, 0x734d, 0xc73f, 0xc75f, 0xbf5f, 0xbf5f, 0xbf3f, 0xbf3f, 0xc75f, 0xc75f, 0xbf5f,
  0xbf3f, 0xbf3f, 0xbf3f, 0xbf3f, 0xbf3f, 0xbf3f, 0xbf5f, 0x8555, 0x5c2e, 0x32e5, 0x32e5, 0x3304,
  0x3264, 0x3244, 0x3264, 0x6385, 0x4304, 0x3323, 0x2a83, 0x6465, 0x5bc6, 0x7348, 0xa3cc, 0xabed,
  0x8acb, 0x82ab, 0x9b6c, 0xb4ae, 0x8bac, 0x72eb, 0x522a, 0x41ea, 0x522a, 0x5a4a, 0x5a6b, 0x5a6a,
  0x5a4a, 0x93cc, 0x9c0c, 0x93cc, 0xa46b, 0x736c, 0x7b4d, 0x6331, 0x8ddb, 0x2ad4, 0x855a, 0x634d,
  0x840d, 0x7bed, 0xac8e, 0xbcf0, 0xb4cf, 0x832b, 0x8b6b, 0x73ab, 0x428a, 0x6c91, 0x84f3, 0x2a6b,
  0x222a, 0x2a6a, 0x2a69, 0x32ea, 0x330a, 0x3349, 0x3bca, 0x3baa, 0x4c0a, 0x4beb, 0x5c2e, 0x6c90,
  0x4b8c, 0x74f2, 0x540e, 0x338a, 0x3bcb, 0x74f2, 0xae7a, 0xb6fd, 0xc75f, 0xc75f, 0xc75f, 0xc75f,
  0xbf5f, 0xbf3f, 0x8df8, 0xbefd, 0x8d97, 0x6c92, 0x43ac, 0x43ac, 0x3b4a, 0x43eb, 0x43eb, 0x542f,
  0xa65a, 0xbf1e, 0xbf3f, 0xbf3f, 0xbf3f, 0xbf3f, 0xbf3f, 0xbf3f, 0xbf3f, 0xbf3f, 0xbf3f, 0xbf3f,
  0xbf3f, 0xbf3f, 0xbf3f, 0xbf3f, 0xbf3f, 0xbf3f, 0xbf3f, 0xbf3f, 0xbf3f, 0xbf3f, 0xbf3f, 0xbf3f,
  0xbf3f, 0xbf3f, 0xbf3f, 0xbf3f, 0xbf3f, 0xbf3f, 0xbf3f, 0xbf3f, 0xbf3f, 0xbf3f, 0xbf3f, 0xbf3f,
  0xc75f, 0xcf5f, 0xd77f, 0xdf9f, 0xdf9f, 0xdf9f, 0xe7bf, 0xf7df, 0xffff, 0xffff, 0xffff, 0xffff,
  0xf7df, 0xe7bf, 0xe7bf, 0xe7bf, 0xe7bf, 0xe7bf, 0xe7bf, 0xe7bf, 0xefbf, 0xefbf, 0xefbf, 0xefdf,
  0xf7df, 0xf7df, 0xcf7f, 0xbf5f, 0xbf5f, 0xc75f, 0xc75f, 0xcf7f, 0xd79f, 0xdf9f, 0xdf9f, 0xdf9f,
  0xe7bf, 0xdf9f, 0xdf9f, 0xc75f, 0xc75f, 0xc75f, 0xc75f, 0xc75f, 0xd77f, 0xcf7f, 0xc77f, 0xbf5f,
  0xbf5f, 0xbf5f, 0xbf3f, 0xbf3f, 0xc75f, 0xd77f, 0xd79f, 0xcf7f, 0xc75f, 0xd79f, 0xefdf, 0xefdf,
  0xefbf, 0xefbf, 0xefbf, 0xefbf, 0xefbf, 0xefbf, 0xefbf, 0xefbf, 0xefbf, 0xefbf, 0xefbf, 0xefbf,
  0xe7bf, 0xe7bf, 0xd77f, 0xbf3f, 0xbf3f, 0xbf3f, 0xbf3f, 0xbf3f, 0xbf5f, 0xbf5f, 0xa555, 0x6a68,
  0x9308, 0x9d8b, 0xa608, 0x83a9, 0x8ae8, 0x9349, 0x7ac7, 0x5a06, 0x4a29, 0x54f5, 0x5d37, 0x5a68,
  0x6a88, 0x51e6, 0x730c, 0xc75f, 0xbf3e, 0x9e38, 0x8db5, 0xb6fd, 0xc75f, 0xc77f, 0xc75f, 0xc75f,
  0xc75f, 0xc75f, 0xc75f, 0xc75f, 0xc75f, 0xc75f, 0xc75f, 0xbf1d, 0x6450, 0x2244, 0x2a85, 0x2ae4,
  0x3205, 0x3245, 0x42a5, 0x5ba5, 0x4b44, 0x4364, 0x2a83, 0x2a63, 0x3ae4, 0x4a86, 0xabcc, 0xabcd,
  0x82cb, 0x82ab, 0x9b8c, 0xac6e, 0xa40d, 0x830c, 0x7acc, 0x4a0a, 0x5a6b, 0x626c, 0x628c, 0x628b,
  0x522a, 0xa42c, 0x9c0c, 0x8bcb, 0x83ab, 0x6b2c, 0x734d, 0x6351, 0x9e3c, 0x3b97, 0x8d9c, 0x6370,
  0x634c, 0x5b2b, 0x9c2d, 0xac8e, 0xb4ce, 0x7aeb, 0x936c, 0x8beb, 0x630b, 0x636c, 0x646e, 0x5c4f,
  0x642f, 0x4b6c, 0x4b4b, 0x538d, 0x4bac, 0x3329, 0x336a, 0x43a9, 0x4be9, 0x5c8b, 0x546b, 0x43c9,
  0x3bc9, 0x544b, 0x544d, 0x544c, 0x546c, 0x4c0c, 0x544d, 0x7d76, 0xcf7f, 0xc77f, 0xc77f, 0xcf7f,
  0xbf3e, 0xbf3e, 0x5c6f, 0x544d, 0x8d95, 0x95b3, 0x754f, 0x5c8b, 0x3baa, 0x442a, 0x4c2c, 0x7d34,
  0x64d1, 0x85b7, 0xbf3f, 0xc75f, 0xc75f, 0xbf5f, 0xbf3f, 0xbf3f, 0xbf3f, 0xbf3f, 0xbf3f, 0xbf3f,
  0xbf3f, 0xbf3f, 0xbf3f, 0xbf3f, 0xbf3f, 0xbf3f, 0xbf3f, 0xbf3f, 0xbf5f, 0xbf5f, 0xbf5f, 0xbf5f,
  0xbf5f, 0xbf5f, 0xbf5f, 0xbf5f, 0xbf5f, 0xbf5f, 0xbf5f, 0xbf5f, 0xbf5f, 0xbf5f, 0xbf5f, 0xbf5f,
  0xbf5f, 0xbf5f, 0xc75f, 0xc75f, 0xc75f, 0xc75f, 0xc75f, 0xc75f, 0xcf7f, 0xcf7f, 0xcf7f, 0xcf7f,
  0xcf7f, 0xc75f, 0xcf5f, 0xcf7f, 0xcf7f, 0xcf7f, 0xcf7f, 0xcf7f, 0xcf7f, 0xcf7f, 0xcf5f, 0xcf7f,
  0xcf7f, 0xc75f, 0xc75f, 0xc75f, 0xc75f, 0xefdf, 0xf7df, 0xf7df, 0xf7df, 0xf7df, 0xf7ff, 0xf7ff,
  0xf7df, 0xffff, 0xffff, 0xefbf, 0xc75f, 0xc75f, 0xd79f, 0xf7df, 0xf7ff, 0xffff, 0xffff, 0xf7df,
  0xcf7f, 0xc75f, 0xcf5f, 0xc75f, 0xc75f, 0xc75f, 0xc77f, 0xcf7f, 0xc77f, 0xc77f, 0xcf7f, 0xd77f,
  0xd77f, 0xd79f, 0xdf9f, 0xe7bf, 0xe7bf, 0xefdf, 0xdf9f, 0xd77f, 0xd79f, 0xcf7f, 0xc75f, 0xc75f,
  0xc75f, 0xbf5f, 0xbf5f, 0xc75f, 0xbf5f, 0xbf5f, 0xbf5f, 0xbf5f, 0xbf5f, 0xbf7f, 0xa555, 0x6227,
  0x8b49, 0x83c9, 0x83a7, 0x72c8, 0x7ac8, 0x82e8, 0x7287, 0x51c6, 0x51e7, 0x6245, 0x6a65, 0x5a06,
  0x6226, 0x51c5, 0x734d, 0xc73e, 0x95f5, 0x4407, 0x3be6, 0x648d, 0xa659, 0x64b0, 0xae5a, 0xc75f,
  0xc75f, 0xc75f, 0xc75f, 0xc75f, 0xb6dd, 0x432a, 0x74b1, 0x9dd6, 0x8d94, 0x5c4d, 0x32e5, 0x3b65,
  0x2a24, 0x2a24, 0x3b24, 0x32c3, 0x32c3, 0x3ae3, 0x3283, 0x2243, 0x5ba4, 0x9507, 0x94a9, 0x948b,
  0x8bae, 0x834d, 0x938d, 0xa42d, 0x9bad, 0x830c, 0x72ac, 0x522b, 0x5a4c, 0x6a8c, 0x626c, 0x626c,
  0x626b, 0xa42d, 0x93ed, 0xac8e, 0x7b8c, 0x6bb1, 0x7c74, 0x6b71, 0x9dfb, 0x5396, 0x8d9c, 0x63b1,
  0x634c, 0x634c, 0x940d, 0xac4d, 0xa42d, 0x7acb, 0x934c, 0x9bcc, 0x6aab, 0x6aeb, 0x736b, 0x73cc,
  0x6bcc, 0x7bec, 0x740c, 0x8c8f, 0x63ac, 0x3309, 0x332a, 0x2aca, 0x2aaa, 0x2aaa, 0x2a8a, 0x2a8b,
  0x2a8b, 0x32cc, 0x224a, 0x224a, 0x2aaa, 0x32eb, 0x7cf3, 0xae7a, 0x9637, 0xa679, 0xc77e, 0xcf5f,
  0x6490, 0x95d6, 0x8594, 0x5c4e, 0x332a, 0x3b69, 0x3349, 0x330a, 0x330b, 0x540e, 0x43ea, 0x3baa,
  0x64ce, 0x85b5, 0x7d34, 0xbf1d, 0xc75f, 0xc75f, 0xc75f, 0xc75f, 0xc75f, 0xbf5f, 0xbf5f, 0xbf5f,
  0xbf5f, 0xbf5f, 0xc75f, 0xc75f, 0xc75f, 0xc75f, 0xc75f, 0xc75f, 0xc75f, 0xc75f, 0xc75f, 0xc75f,
  0xc75f, 0xc75f, 0xc75f, 0xc75f, 0xc75f, 0xc75f, 0xc75f, 0xc75f, 0xc75f, 0xc75f, 0xc75f, 0xc75f,
  0xc75f, 0xc75f, 0xc75f, 0xc75f, 0xc75f, 0xc75f, 0xc75f, 0xc75f, 0xc75f, 0xc75f, 0xc75f, 0xc75f,
  0xc75f, 0xc75f, 0xc75f, 0xc75f, 0xc75f, 0xc75f, 0xc75f, 0xc75f, 0xc75f, 0xc75f, 0xc75f, 0xc75f,
  0xc75f, 0xc75f, 0xc75f, 0xc75f, 0xc75f, 0xc77f, 0xc77f, 0xcf7f, 0xc77f, 0xc77f, 0xc77f, 0xc77f,
  0xc77f, 0xcf7f, 0xcf7f, 0xcf7f, 0xc77f, 0xdf9f, 0xefdf, 0xefdf, 0xefdf, 0xefbf, 0xefdf, 0xefdf,
  0xefdf, 0xefdf, 0xf7ff, 0xf7ff, 0xf7ff, 0xf7ff, 0xf7df, 0xf7df, 0xefdf, 0xe7bf, 0xe7bf, 0xe7bf,
  0xe7bf, 0xe7bf, 0xefbf, 0xefbf, 0xefdf, 0xefdf, 0xefbf, 0xe7bf, 0xdf9f, 0xc77f, 0xc75f, 0xc75f,
  0xc75f, 0xc75f, 0xc75f, 0xc75f, 0xc75f, 0xc75f, 0xc75f, 0xc75f, 0xc75f, 0xc77f, 0xad96, 0x7288,
  0x6a87, 0x9327, 0x7aa8, 0x9bea, 0x8b29, 0x8b28, 0x7aa7, 0x6206, 0x7226, 0x59e6, 0x59e5, 0x7246,
  0x6a26, 0x51e6, 0x734b, 0x74b0, 0x54ab, 0x4406, 0x3ba6, 0x6cae, 0x74ef, 0x3bc6, 0x9df7, 0xc73e,
  0xbf3e, 0xc75f, 0xcf7f, 0xcf7f, 0xbf1e, 0x6c71, 0x2aa5, 0x2b05, 0x3325, 0x3325, 0x2ac4, 0x3324,
  0x5424, 0x5c44, 0x3b43, 0x4bc4, 0x32a3, 0x2a03, 0x32a3, 0x32a3, 0x6c24, 0x7c84, 0x5bc4, 0x7487,
  0x94ac, 0x846d, 0xa4ac, 0x93ed, 0xa3ce, 0x8b2d, 0x7acc, 0x522b, 0x5a4c, 0x5a6c, 0x6a6c, 0x626c,
  0x628c, 0xa40d, 0xad10, 0x9c8f, 0x7bcc, 0x73ae, 0x9471, 0x7bb2, 0xadda, 0x6b95, 0x8d5b, 0x83d2,
  0x834e, 0x944f, 0x9c4f, 0x93ee, 0x9c2d, 0x6acb, 0x830c, 0xa46c, 0x62ea, 0x5ac9, 0x6aea, 0x6b0a,
  0x62ea, 0x734b, 0x836c, 0x8b8d, 0x736b, 0x4bca, 0x43e9, 0x4bea, 0x4c2a, 0x3b6a, 0x3b6a, 0x3b6a,
  0x332b, 0x43cb, 0x43ab, 0x2aaa, 0x4bce, 0x6491, 0x43ed, 0x7512, 0x54ad, 0x546d, 0xae9a, 0x9e17,
  0x8d74, 0x3bab, 0x43cb, 0x3b6a, 0x4bcb, 0x542c, 0x6ccf, 0x7511, 0x436b, 0x8d93, 0x8552, 0x43ab,
  0x334a, 0x540e, 0x95d7, 0x8db5, 0xaebc, 0xc75f, 0xc75f, 0xc75f, 0xc75f, 0xc75f, 0xc75f, 0xc75f,
  0xcf7f, 0xc75f, 0xc75f, 0xc75f, 0xc75f, 0xc75f, 0xc75f, 0xc75f, 0xc75f, 0xc75f, 0xc75f, 0xc75f,
  0xc75f, 0xc75f, 0xc75f, 0xc75f, 0xc75f, 0xc75f, 0xc75f, 0xc75f, 0xc75f, 0xc75f, 0xc75f, 0xc75f,
  0xc75f, 0xc75f, 0xc75f, 0xc75f, 0xc75f, 0xc75f, 0xc75f, 0xc75f, 0xc75f, 0xc75f, 0xc75f, 0xc75f,
  0xc75f, 0xc75f, 0xc75f, 0xc75f, 0xc75f, 0xc75f, 0xc75f, 0xc75f, 0xc75f, 0xc75f, 0xc75f, 0xc75f,
  0xc75f, 0xc75f, 0xc75f, 0xc75f, 0xc77f, 0xc77f, 0xc75f, 0xc75f, 0xc75f, 0xc75f, 0xc75f, 0xc75f,
  0xc75f, 0xc75f, 0xc77f, 0xc77f, 0xcf7f, 0xcf7f, 0xcf7f, 0xcf7f, 0xd77f, 0xd77f, 0xd77f, 0xd77f,
  0xd77f, 0xd79f, 0xd79f, 0xd79f, 0xd79f, 0xd79f, 0xd79f, 0xd79f, 0xd79f, 0xd77f, 0xcf7f, 0xcf7f,
  0xcf7f, 0xcf7f, 0xcf7f, 0xcf7f, 0xcf7f, 0xcf7f, 0xcf7f, 0xc77f, 0xc77f, 0xc75f, 0xd77f, 0xc75f,
  0xc75f, 0xc75f, 0xc75f, 0xc75f, 0xc75f, 0xc75f, 0xc75f, 0xc75f, 0xc77f, 0xc77f, 0xad96, 0x6226,
  0x7a67, 0x7226, 0x28e7, 0x6288, 0x8b28, 0x82c8, 0x7267, 0x59c6, 0x6206, 0x18a5, 0x18c5, 0x6226,
  0x59e6, 0x49c5, 0x5a46, 0x4ba9, 0x3bc8, 0x43e7, 0x53cb, 0x43a9, 0x3ba7, 0x3bc6, 0xa5d6, 0xb618,
  0x3b29, 0xbedc, 0xcf7f, 0xd77f, 0xd79f, 0xcf3d, 0xadf8, 0x8cd3, 0x7410, 0x2206, 0x536d, 0x2ac5,
  0x2aa3, 0x3b43, 0x43a3, 0x43a4, 0x2a43, 0x3a64, 0x3a44, 0x6c24, 0x8504, 0x32e3, 0x2ac2, 0x7466,
  0x94ec, 0x7caa, 0x6c26, 0x7c88, 0xa3ec, 0x8b2d, 0x830c, 0x5a4b, 0x62ac, 0x5a4c, 0x626c, 0x6a8c,
  0x6aad, 0x9bed, 0xaced, 0x94cc, 0x7c4c, 0x842e, 0x8c11, 0x9454, 0xadfa, 0x7478, 0x7cd9, 0x7c35,
  0x7b90, 0x9450, 0x83ef, 0x9c4e, 0xa46d, 0x62cb, 0x834d, 0xa4ad, 0x53a9, 0x4308, 0x4308, 0x42e8,
  0x42c8, 0x5309, 0x5b4a, 0x6b8a, 0x9cea, 0xa4ab, 0x7c4a, 0x7d0a, 0x95e9, 0x7d29, 0x3309, 0x2aaa,
  0x2a8a, 0x2aea, 0x334a, 0x43cb, 0x43ea, 0x4c2b, 0x4c0b, 0x440b, 0x546d, 0x43ec, 0x546d, 0x43eb,
  0x4bcc, 0x4bac, 0x332b, 0x3b6b, 0x542c, 0x5c8c, 0x4c2b, 0x3b8a, 0x334a, 0x3bcb, 0x3b8a, 0x43cc,
  0x5c6f, 0x5caf, 0x4c2d, 0x440e, 0xb6dc, 0xc75f, 0xc75f, 0xc75f, 0xc75f, 0xcf7f, 0xd79f, 0xdf9f,
  0xdf9f, 0xd79f, 0xcf5f, 0xc75f, 0xc75f, 0xc75f, 0xc75f, 0xcf7f, 0xcf5f, 0xcf5f, 0xc75f, 0xc75f,
  0xc75f, 0xc75f, 0xc75f, 0xc75f, 0xc75f, 0xc75f, 0xc75f, 0xc75f, 0xc75f, 0xc75f, 0xc75f, 0xc75f,
  0xc75f, 0xc75f, 0xc75f, 0xc75f, 0xc75f, 0xc75f, 0xc75f, 0xc75f, 0xc75f, 0xc75f, 0xc75f, 0xc75f,
  0xc75f, 0xc75f, 0xc75f, 0xc75f, 0xcf7f, 0xcf7f, 0xcf7f, 0xcf7f, 0xcf7f, 0xcf7f, 0xcf5f, 0xc75f,
  0xc75f, 0xc75f, 0xc75f, 0xcf7f, 0xcf7f, 0xcf7f, 0xcf7f, 0xcf5f, 0xcf5f, 0xcf5f, 0xcf5f, 0xc75f,
  0xc75f, 0xcf5f, 0xcf5f, 0xcf7f, 0xcf7f, 0xcf7f, 0xcf7f, 0xcf7f, 0xcf7f, 0xcf7f, 0xcf7f, 0xcf7f,
  0xcf7f, 0xcf7f, 0xcf7f, 0xcf7f, 0xcf7f, 0xcf7f, 0xcf7f, 0xcf7f, 0xcf7f, 0xc75f, 0xc75f, 0xc75f,
  0xc75f, 0xc75f, 0xc75f, 0xc75f, 0xc75f, 0xc75f, 0xc75f, 0xc75f, 0xc75f, 0xc75f, 0xc75f, 0xc75f,
  0xc75f, 0xc75f, 0xcf5f, 0xcf7f, 0xcf7f, 0xcf7f, 0xcf7f, 0xcf7f, 0xcf7f, 0xcf7f, 0xb5b6, 0x7a67,
  0x82a7, 0x6207, 0x2928, 0x4a08, 0x8308, 0x8308, 0x7aa7, 0x6a26, 0x61e5, 0x20c6, 0x20c6, 0x6246,
  0x51c5, 0x51c5, 0x6286, 0x43a9, 0x3ba8, 0x2b26, 0x3b67, 0x4bcb, 0x7d11, 0xa616, 0xa5d5, 0x5bcb,
  0x3326, 0xbedb, 0xbedb, 0xb69b, 0xcf7e, 0xcf5e, 0xc6db, 0xc69a, 0x9d75, 0x32c9, 0x32c8, 0x2ac5,
  0x32c3, 0x2222, 0x53e3, 0x7525, 0x3b23, 0x32a3, 0x4343, 0x53c3, 0x4343, 0x2aa2, 0x32c2, 0x6c47,
  0x63a9, 0x4ba4, 0x6ce4, 0x5404, 0x7427, 0xa3ae, 0x830c, 0x520b, 0x4a2c, 0x524c, 0x5a6c, 0x5a6c,
  0x62ad, 0x940f, 0x944c, 0x8c8d, 0x740c, 0x842e, 0x9cd0, 0x8c31, 0xa517, 0x95fb, 0x7cb9, 0x9cf6,
  0x9431, 0x8c30, 0x8c2f, 0x842e, 0x9ccf, 0x630d, 0x8bae, 0xa4af, 0x5b89, 0x3a87, 0x4268, 0x3207,
  0x3a47, 0x4b08, 0x52e9, 0x5b09, 0xac6c, 0xabec, 0x93cb, 0x942b, 0xa46c, 0xb4ac, 0x6b2c, 0x3a6b,
  0x42cc, 0x3acc, 0x2a6a, 0x2aa9, 0x2aa9, 0x2289, 0x2aca, 0x5c8d, 0x544c, 0x3b8b, 0x4c2c, 0x546c,
  0x3bab, 0x3b6b, 0x330b, 0x2aaa, 0x330b, 0x2aaa, 0x32aa, 0x430d, 0x2a6a, 0x3b2c, 0x2269, 0x22aa,
  0x2b2b, 0x336b, 0x338b, 0x8576, 0xcf7f, 0xcf7f, 0xcf5f, 0xc77f, 0xcf7f, 0xcf7f, 0xcf7f, 0xcf7f,
  0xcf7f, 0xcf7f, 0xcf7f, 0xcf7f, 0xcf7f, 0xcf7f, 0xcf7f, 0xcf7f, 0xcf7f, 0xcf7f, 0xcf7f, 0xcf7f,
  0xcf7f, 0xcf7f, 0xcf7f, 0xcf7f, 0xcf7f, 0xcf7f, 0xcf7f, 0xcf7f, 0xcf7f, 0xcf7f, 0xcf7f, 0xe7bf,
  0xe7bf, 0xe7bf, 0xe7bf, 0xe7bf, 0xe7bf, 0xe7bf, 0xe7bf, 0xcf7f, 0xcf5f, 0xcf5f, 0xc75f, 0xcf5f,
  0xcf7f, 0xcf7f, 0xcf7f, 0xcf7f, 0xcf7f, 0xcf7f, 0xcf7f, 0xcf7f, 0xcf7f, 0xcf7f, 0xcf7f, 0xcf7f,
  0xcf7f, 0xcf7f, 0xcf7f, 0xcf7f, 0xcf7f, 0xcf7f, 0xcf7f, 0xcf7f, 0xcf7f, 0xcf7f, 0xcf7f, 0xcf7f,
  0xcf7f, 0xcf7f, 0xcf7f, 0xcf7f, 0xcf7f, 0xcf7f, 0xcf7f, 0xcf7f, 0xcf7f, 0xcf7f, 0xcf7f, 0xcf7f,
  0xcf7f, 0xcf7f, 0xcf7f, 0xcf7f, 0xcf7f, 0xcf7f, 0xcf7f, 0xcf7f, 0xcf7f, 0xcf7f, 0xcf7f, 0xcf7f,
  0xcf7f, 0xcf7f, 0xcf7f, 0xcf7f, 0xcf7f, 0xcf7f, 0xc77f, 0xc75f, 0xc75f, 0xcf5f, 0xcf5f, 0xcf5f,
  0xcf7f, 0xcf7f, 0xcf7f, 0xcf7f, 0xcf7f, 0xcf7f, 0xcf7f, 0xcf7f, 0xcf7f, 0xcf7f, 0xad96, 0x7266,
  0x82a7, 0x6a27, 0x2948, 0x5208, 0x82e7, 0x7aa7, 0x7246, 0x59e6, 0x59e6, 0x2905, 0x2926, 0x6267,
  0x49c5, 0x49e6, 0x5aa6, 0x4c08, 0x5c8b, 0x4c08, 0x5bac, 0x5c8b, 0x6cef, 0x4ba9, 0x2ae5, 0x2ae5,
  0x640d, 0x9db4, 0x3b68, 0x3ae9, 0x32c9, 0x32c9, 0x2247, 0x2a88, 0x2226, 0x2ac6, 0x2aa5, 0x3302,
  0x32a2, 0x85a3, 0x5c63, 0x5c63, 0x4c03, 0x53e3, 0x32a2, 0x2242, 0x4383, 0x2222, 0x3b23, 0x3b23,
  0x4325, 0x4323, 0x4c03, 0x43c4, 0x5c06, 0xac2f, 0x830c, 0x520a, 0x522c, 0x524c, 0x62ae, 0x62ae,
  0x6aef, 0xacf3, 0x73ad, 0x8cae, 0x7c4d, 0x6c0e, 0x8cef, 0x9531, 0x8c54, 0x9e7c, 0x7d1a, 0xa539,
  0x83f3, 0x8c32, 0x8431, 0x7c4f, 0x8cef, 0x6b4d, 0x734e, 0x738d, 0x8c4c, 0x6b4b, 0x6b2b, 0x4ac9,
  0x4ac9, 0x5309, 0x4ac9, 0x630a, 0x9bec, 0xabec, 0x832b, 0x9bcc, 0xa40d, 0xb46e, 0x93ec, 0x5aeb,
  0x536c, 0x9db5, 0x9dd6, 0x9555, 0x434c, 0x43ed, 0x3bcc, 0x440b, 0x336b, 0x332b, 0x3bab, 0x4c2c,
  0x5cec, 0x440c, 0x74b2, 0x438d, 0x2aea, 0x5c4e, 0x648e, 0x544d, 0x432c, 0x648f, 0x3b8b, 0x2aeb,
  0x438d, 0x74f3, 0x95b7, 0xc71d, 0xcf7f, 0xcf7f, 0xcf7f, 0xcf7f, 0xcf7f, 0xcf7f, 0xcf7f, 0xcf7f,
  0xcf7f, 0xcf7f, 0xcf7f, 0xcf7f, 0xcf7f, 0xcf7f, 0xcf7f, 0xcf7f, 0xcf7f, 0xcf7f, 0xcf7f, 0xcf7f,
  0xcf7f, 0xcf7f, 0xcf7f, 0xcf7f, 0xcf7f, 0xcf7f, 0xcf7f, 0xcf7f, 0xcf7f, 0xcf7f, 0xf7ff, 0xffff,
  0xffff, 0xffff, 0xffff, 0xffff, 0xffff, 0xffff, 0xffff, 0xf7df, 0xdf9f, 0xcf7f, 0xcf7f, 0xcf7f,
  0xcf7f, 0xcf7f, 0xcf7f, 0xcf7f, 0xcf7f, 0xcf7f, 0xcf7f, 0xcf7f, 0xcf7f, 0xcf7f, 0xcf7f, 0xcf7f,
  0xcf7f, 0xcf7f, 0xcf7f, 0xcf7f, 0xcf7f, 0xcf7f, 0xcf7f, 0xcf7f, 0xcf7f, 0xcf7f, 0xcf7f, 0xcf7f,
  0xcf7f, 0xcf7f, 0xcf7f, 0xcf7f, 0xcf7f, 0xcf7f, 0xcf7f, 0xcf7f, 0xcf7f, 0xcf7f, 0xcf7f, 0xcf7f,
  0xcf7f, 0xcf7f, 0xcf7f, 0xcf7f, 0xcf9f, 0xcf9f, 0xc75d, 0xcf9f, 0xcf7f, 0xcf7f, 0xcf7f, 0xcf7f,
  0xcf7f, 0xcf7f, 0xcf7f, 0xcf7f, 0xcf7f, 0xcf7f, 0xcf7f, 0xcf7f, 0xcf7f, 0xcf7f, 0xcf7f, 0xcf7f,
  0xcf7f, 0xcf7f, 0xcf7f, 0xcf7f, 0xcf7f, 0xcf7f, 0xcf7f, 0xcf7f, 0xcf7f, 0xcf7f, 0xad75, 0x7287,
  0x8286, 0x7a66, 0x7226, 0x82a7, 0x7267, 0x7267, 0x6a26, 0x59e6, 0x51c6, 0x51e5, 0x5a06, 0x5a06,
  0x51e6, 0x41a5, 0x5246, 0x4b87, 0x4be8, 0x4386, 0x8cd3, 0x4bca, 0x32e5, 0x2a65, 0x3ae9, 0x640e,
  0x8d52, 0x3ba6, 0x5c09, 0x2226, 0x2226, 0x2226, 0x19e5, 0x32c6, 0x2265, 0x3b45, 0x2ae4, 0x53e2,
  0x5c63, 0x7da3, 0x64c3, 0x5443, 0x4be2, 0x32c2, 0x2a42, 0x2a42, 0x2202, 0x4343, 0x32e2, 0x32c3,
  0x4344, 0x5be4, 0x3b23, 0x32c3, 0x4b85, 0x5b47, 0x6308, 0x4a48, 0x4249, 0x5a8d, 0x62ad, 0x6aef,
  0x6b0f, 0xb555, 0x7bad, 0xb570, 0x848d, 0x7c8f, 0x8cd0, 0x84b0, 0x8413, 0x9e7d, 0x965d, 0x8c7a,
  0x7bd5, 0x83f3, 0x8432, 0x8cd0, 0x8cee, 0x6b4d, 0x7bae, 0x948e, 0xa4ec, 0x7b8b, 0x83ac, 0x5aaa,
  0x72cb, 0x72cb, 0x830c, 0x82eb, 0xa46c, 0x8bca, 0x938b, 0x8b6c, 0x9bcd, 0xb46e, 0x8bcc, 0x5b6a,
  0x5c4a, 0x546a, 0x5469, 0x7c2b, 0x8c2c, 0x53cb, 0x338b, 0x3bab, 0x336b, 0x32eb, 0x43ac, 0x3b6b,
  0x338a, 0x3bcc, 0x5c4f, 0x3bac, 0x3beb, 0x43ca, 0x336a, 0x332a, 0x2a8a, 0x3b4a, 0x546c, 0x4c6c,
  0x544f, 0xa617, 0xa638, 0x95f8, 0xbf1d, 0xc73e, 0xcf7f, 0xcf7f, 0xcf7f, 0xd79f, 0xd79f, 0xd79f,
  0xd79f, 0xd79f, 0xd79f, 0xd79f, 0xd79f, 0xd77f, 0xd77f, 0xd77f, 0xd77f, 0xd77f, 0xd77f, 0xd77f,
  0xd77f, 0xd79f, 0xd79f, 0xd77f, 0xdf9f, 0xdfbf, 0xdfbf, 0xdfbf, 0xe7bf, 0xe7df, 0xf7df, 0xefdf,
  0xefdf, 0xefdf, 0xefdf, 0xefdf, 0xefdf, 0xefdf, 0xefdf, 0xf7ff, 0xf7df, 0xefbf, 0xdf9f, 0xdf9f,
  0xdf9f, 0xdf9f, 0xd79f, 0xcf7f, 0xcf7f, 0xcf7f, 0xcf7f, 0xcf7f, 0xcf7f, 0xcf7f, 0xcf7f, 0xcf7f,
  0xcf7f, 0xcf7f, 0xcf7f, 0xcf7f, 0xcf7f, 0xcf7f, 0xcf7f, 0xcf7f, 0xcf7f, 0xcf7f, 0xcf7f, 0xcf7f,
  0xcf7f, 0xcf7f, 0xcf7f, 0xcf7f, 0xcf7f, 0xcf7f, 0xcf7f, 0xcf7f, 0xcf7f, 0xcf7f, 0xcf7f, 0xcf7f,
  0xcf7f, 0xcf9f, 0xcf9f, 0xd79f, 0xcf7f, 0x9e37, 0x64c9, 0x95d5, 0xc73e, 0xd77f, 0xcf7f, 0xcf7f,
  0xcf7f, 0xcf7f, 0xcf7f, 0xcf7f, 0xcf7f, 0xcf7f, 0xcf7f, 0xcf7f, 0xcf7f, 0xcf7f, 0xcf7f, 0xd77f,
  0xd77f, 0xd79f, 0xd77f, 0xd77f, 0xd77f, 0xcf7f, 0xd79f, 0xcf9f, 0xd77f, 0xcf7f, 0xa575, 0x6226,
  0x6a67, 0x6a27, 0x59c6, 0x7226, 0x7a87, 0x82e7, 0x7a86, 0x51a5, 0x59c5, 0x49c6, 0x5266, 0x4a85,
  0x4aa6, 0x3a25, 0x4aa7, 0x5c0e, 0x74b2, 0x3b26, 0x3325, 0x3385, 0x43a6, 0x3b86, 0x4ba9, 0x540b,
  0x4c08, 0x3365, 0x3345, 0x32c6, 0x2a46, 0x2a65, 0x3b25, 0x3b44, 0x3b84, 0x3b84, 0x3303, 0x53e2,
  0x43e2, 0x4c03, 0x4c03, 0x4363, 0x3322, 0x2221, 0x2aa2, 0x32a2, 0x19a1, 0x2a62, 0x2a42, 0x32e3,
  0x2a83, 0x32a3, 0x32a3, 0x3b24, 0x4364, 0x4346, 0x52a7, 0x4aa6, 0x3ac6, 0x5a8d, 0x62ee, 0x732f,
  0x6b2f, 0xb555, 0x7bcf, 0x9490, 0x8cae, 0x7c6f, 0x94f1, 0x94d2, 0x8c35, 0x9e3d, 0xa6be, 0x7cdd,
  0x73f8, 0x73f5, 0x7412, 0x7450, 0x84cf, 0x6b8d, 0x738d, 0x948e, 0xa50c, 0x7bab, 0x7b6b, 0x628b,
  0x72cc, 0x830c, 0x8b4c, 0x9b6c, 0xa48d, 0x7baa, 0x7b8b, 0x83ac, 0x946d, 0x8cee, 0x940c, 0x834b,
  0x9beb, 0x9bec, 0x93ab, 0xac0c, 0xac4d, 0x63ac, 0x336b, 0x43cc, 0x3bac, 0x32eb, 0x3b6c, 0x438d,
  0x4bad, 0x2a8a, 0x2aaa, 0x2aaa, 0x2a8a, 0x2a6a, 0x2249, 0x2229, 0x2a0a, 0x2a6a, 0x2a8a, 0x3b6b,
  0x3b4b, 0x3b4c, 0x334c, 0x3b4c, 0x3b4c, 0xb6bc, 0xd77f, 0xd79f, 0xd79f, 0xd79f, 0xcf7e, 0xd79f,
  0xd79f, 0xd79f, 0xd79f, 0xd79f, 0xd79f, 0xd79f, 0xd79f, 0xd79f, 0xd79f, 0xd79f, 0xd79f, 0xd79f,
  0xd79f, 0xd79f, 0xd79f, 0xdf9f, 0xf7df, 0xf7df, 0xf7df, 0xf7ff, 0xf7ff, 0xf7ff, 0xf7df, 0xf7df,
  0xefdf, 0xe7bf, 0xdf9f, 0xe7bf, 0xe7bf, 0xe7bf, 0xe7bf, 0xf7df, 0xffff, 0xffff, 0xefdf, 0xf7ff,
  0xffff, 0xffff, 0xf7df, 0xd79f, 0xd77f, 0xd77f, 0xd77f, 0xd77f, 0xd77f, 0xd77f, 0xd77f, 0xd77f,
  0xd77f, 0xd77f, 0xd77f, 0xd77f, 0xd77f, 0xd77f, 0xd77f, 0xd77f, 0xd77f, 0xd77f, 0xd77f, 0xd77f,
  0xd77f, 0xd77f, 0xd77f, 0xd77f, 0xd77f, 0xd77f, 0xd77f, 0xd77f, 0xd77f, 0xd77f, 0xd77f, 0xd77f,
  0xd79f, 0xd79f, 0xd79f, 0xc71d, 0xcf3c, 0x4be7, 0x43e6, 0x3b86, 0xb69a, 0xd75d, 0xb699, 0xcf7f,
  0xcf7f, 0xcf7f, 0xcf7f, 0xcf7f, 0xcf7f, 0xcf7f, 0xcf7f, 0xcf7f, 0xcf7f, 0xcf7e, 0xcf9f, 0xd79f,
  0xd79f, 0xd79f, 0xd77f, 0xd77f, 0xd77f, 0xd77f, 0xd79f, 0xcf7e, 0xa679, 0x95b5, 0xa511, 0x7288,
  0x82c8, 0x8b4a, 0x3acd, 0x7268, 0x8ae8, 0x82a7, 0x7266, 0x59e6, 0x59a6, 0x5b4b, 0x2a06, 0x3ac5,
  0x4345, 0x4ba6, 0x4386, 0x3b66, 0x3b66, 0x3b86, 0x3346, 0x3306, 0x2b06, 0x3326, 0x3b66, 0x3306,
  0x4388, 0x3b27, 0x3325, 0x3325, 0x2a85, 0x2a65, 0x32e4, 0x32e4, 0x4bc4, 0x32c3, 0x3b43, 0x4b82,
  0x2222, 0x3b23, 0x4ba4, 0x2a62, 0x2201, 0x3ae2, 0x32a2, 0x2a62, 0x4363, 0x4363, 0x53c3, 0x2a83,
  0x2a83, 0x3b03, 0x32c3, 0x32e3, 0x3b04, 0x3b04, 0x4325, 0x5367, 0x3a68, 0x5aad, 0x62cd, 0x632e,
  0x632f, 0xad75, 0x94d2, 0xa531, 0x848f, 0x846f, 0x9d32, 0x8cb2, 0x8435, 0x95fc, 0x9ebe, 0x855e,
  0x747b, 0x6c38, 0x6bf3, 0x7c91, 0x84af, 0x636d, 0x6b8d, 0x8c6f, 0xa56f, 0x73cb, 0x7b8b, 0x6acb,
  0x7b0c, 0x7b0c, 0x938c, 0x93ac, 0xb4ce, 0x93ab, 0x7b2b, 0x7b4b, 0x8ccd, 0x7c8d, 0x9c0c, 0x7aea,
  0x936c, 0xabac, 0xa38c, 0xbc6d, 0xb44d, 0x8bcd, 0x63ac, 0x53ab, 0x2b0a, 0x2aaa, 0x2aea, 0x334b,
  0x43ad, 0x3b6c, 0x330b, 0x3b0d, 0x53f1, 0x53b0, 0x5c10, 0x5c50, 0x3a6c, 0x4b8f, 0x2a8b, 0x2acc,
  0x53ef, 0x74b3, 0x4b8f, 0x6c52, 0xb659, 0xcf3d, 0xd79f, 0xd79f, 0xd79f, 0xbefb, 0x7d71, 0x9616,
  0xd79f, 0xd79f, 0xd79f, 0xd79f, 0xd79f, 0xd79f, 0xd79f, 0xd79f, 0xd79f, 0xd79f, 0xd79f, 0xd79f,
  0xd79f, 0xd79f, 0xd79f, 0xd79f, 0xd79f, 0xd79f, 0xd79f, 0xd79f, 0xdf9f, 0xdfbf, 0xe7bf, 0xe7bf,
  0xdfbf, 0xdf9f, 0xdfbf, 0xe7bf, 0xe7bf, 0xdfbf, 0xd79f, 0xd79f, 0xdf9f, 0xdf9f, 0xd79f, 0xd79f,
  0xdf9f, 0xdf9f, 0xdf9f, 0xd79f, 0xd79f, 0xd79f, 0xd79f, 0xd79f, 0xd79f, 0xd79f, 0xd79f, 0xd77f,
  0xd79f, 0xd79f, 0xd79f, 0xd79f, 0xd79f, 0xd79f, 0xd79f, 0xd79f, 0xd79f, 0xd79f, 0xd79f, 0xd79f,
  0xd79f, 0xd79f, 0xd79f, 0xd79f, 0xd79f, 0xd79f, 0xd79f, 0xd79f, 0xd79f, 0xd79f, 0xd79f, 0xd79f,
  0xd79f, 0xbedb, 0xb69a, 0x3b68, 0x74ef, 0x6ccc, 0x3ba7, 0x542b, 0x6c8e, 0x5c2d, 0x3b68, 0xcf5e,
  0xd79f, 0xd79f, 0xd79f, 0xd79f, 0xd77f, 0xd77f, 0xd79f, 0xd77f, 0xb6db, 0x7d50, 0x95f6, 0xcf5e,
  0xd79f, 0xd79f, 0xd77f, 0xd77f, 0xd77f, 0xd79f, 0xd79f, 0xb69a, 0x8532, 0x750f, 0x83eb, 0x6a87,
  0x7aa8, 0x832a, 0x6d97, 0x5a69, 0x7287, 0x7aa7, 0x5a06, 0x4186, 0x51c7, 0x528a, 0x3a67, 0x3245,
  0x3245, 0x3245, 0x3286, 0x2ac6, 0x3307, 0x2a86, 0x2226, 0x32c7, 0x2a86, 0x1a25, 0x1a05, 0x2245,
  0x3b29, 0x3b66, 0x3304, 0x3b65, 0x4386, 0x4326, 0x3b04, 0x5c25, 0x3b43, 0x32e3, 0x3b23, 0x3b02,
  0x2242, 0x3b43, 0x2a82, 0x4363, 0x3b43, 0x5c63, 0x2221, 0x2a61, 0x2a62, 0x32c2, 0x4343, 0x2a63,
  0x2a83, 0x32e3, 0x32c3, 0x2a83, 0x3b23, 0x3304, 0x3b44, 0x3226, 0x4a2a, 0x630d, 0x4b49, 0x4b2c,
  0x4acd, 0x63b1, 0x5bb0, 0x63cf, 0x6bef, 0x6c10, 0x8cf2, 0x9553, 0x8476, 0x95db, 0xa73f, 0x9e5e,
  0x84fd, 0x7438, 0x7455, 0x8511, 0x746f, 0x634e, 0x6b6e, 0x7bcf, 0x946f, 0x738c, 0x7bac, 0x72ec,
  0x830c, 0x8b4c, 0x93ad, 0x9bcd, 0xac4d, 0x9bcc, 0x8b4c, 0x8b2b, 0x936c, 0x9bcc, 0xb44e, 0x7b0b,
  0x832b, 0xabed, 0x9b8c, 0xbc8e, 0xac0d, 0x938d, 0x7b0c, 0xa3ed, 0x840c, 0x436b, 0x548b, 0x548c,
  0x4c6d, 0x64ee, 0x5cce, 0x5caf, 0x64f1, 0x64d1, 0x4c4d, 0x5c8f, 0x5b8f, 0xb699, 0xb699, 0x8575,
  0x7d14, 0x8d76, 0xa619, 0xcf3d, 0xb6bb, 0x7d56, 0xdf9f, 0xcf3d, 0xae7a, 0x7511, 0x544c, 0x5cae,
  0x7532, 0xcf5e, 0xd79f, 0xd79f, 0xdf9f, 0xdf9f, 0xdf9f, 0xdf9f, 0xdf9f, 0xdf9f, 0xdf9f, 0xdf9f,
  0xdf9f, 0xdf9f, 0xdf9f, 0xdf9f, 0xdf9f, 0xdf9f, 0xdf9f, 0xd79f, 0xd79f, 0xd79f, 0xdf9f, 0xdf9f,
  0xdf9f, 0xdf9f, 0xdf9f, 0xdf9f, 0xdf9f, 0xdf9f, 0xd79f, 0xd79f, 0xd79f, 0xd79f, 0xdf9f, 0xdf9f,
  0xdf9f, 0xd79f, 0xd79f, 0xd79f, 0xd79f, 0xd79f, 0xd79f, 0xd79f, 0xd79f, 0xd79f, 0xd79f, 0xd79f,
  0xd79f, 0xd79f, 0xd79f, 0xd79f, 0xd79f, 0xd79f, 0xd79f, 0xd79f, 0xd79f, 0xd79f, 0xd79f, 0xd79f,
  0xd79f, 0xd79f, 0xd79f, 0xd79f, 0xd79f, 0xd79f, 0xd79f, 0xd79f, 0xd79f, 0xd79f, 0xd79f, 0xd79f,
  0x9e17, 0x5c6b, 0xcf1b, 0xbe59, 0x5c4c, 0x43c7, 0x3b66, 0x43a8, 0x2b45, 0x4389, 0xae38, 0xbeba,
  0x644f, 0xd77e, 0xd79f, 0xd79f, 0xd79f, 0xd79f, 0xd79f, 0x8d95, 0x3ba7, 0x3386, 0x3387, 0x74d1,
  0xb69a, 0xae79, 0xcf7f, 0xd77f, 0xd77f, 0xd79f, 0xcf5e, 0x43ca, 0x648e, 0x3bca, 0x94f1, 0x8309,
  0x8b49, 0x9baa, 0x82e8, 0xb42b, 0xbc4c, 0xd4ed, 0xa3a9, 0x82c8, 0xa38a, 0x82c8, 0x6267, 0x6aa6,
  0x5a66, 0x5206, 0x4a46, 0x32e6, 0x5bed, 0x2a47, 0x4b08, 0x74e8, 0x5407, 0x2ac6, 0x1a25, 0x22a5,
  0x3345, 0x43c5, 0x3b84, 0x4be5, 0x4be5, 0x3b24, 0x43a4, 0x2a83, 0x32e3, 0x32c3, 0x2aa3, 0x3b02,
  0x2202, 0x2202, 0x2a42, 0x32a2, 0x3302, 0x4bc2, 0x4362, 0x4362, 0x2221, 0x3b02, 0x4363, 0x2a03,
  0x1922, 0x1962, 0x19a2, 0x3283, 0x32c3, 0x3b44, 0x2aa4, 0x32c4, 0x3ae5, 0x4325, 0x3b83, 0x2ae5,
  0x430a, 0x6bd4, 0x63d3, 0x5bb1, 0x4b51, 0x5bd3, 0x53b3, 0x6416, 0x7c98, 0x95fc, 0xbfbf, 0xbf9f,
  0xa69f, 0x8d39, 0x8535, 0x8d91, 0x7ccf, 0x636e, 0x632e, 0x944f, 0xa4ee, 0x73ac, 0x736c, 0x7b4c,
  0x7b2c, 0x93ad, 0xac6e, 0xac8e, 0xcd91, 0xac6d, 0x7aeb, 0x830b, 0x9b6c, 0xa3ac, 0xb42e, 0x832b,
  0x83cd, 0x944f, 0x9c70, 0xa4b0, 0x9c8e, 0x9c0e, 0x832d, 0xb3ce, 0x834d, 0x7bab, 0x6bca, 0x6c0b,
  0x642b, 0x642c, 0x6c2c, 0x63ec, 0x63cc, 0x53ab, 0x4baa, 0x538b, 0x4aac, 0x5c2b, 0x5c4c, 0xae58,
  0xcf1b, 0xbefb, 0x7d55, 0x4c71, 0x5cd3, 0x85b7, 0xae7a, 0x5cb1, 0xa618, 0x8513, 0x53cd, 0x540d,
  0x9df6, 0xcefd, 0xae59, 0xbedc, 0xdf9f, 0xdf9f, 0xdf9f, 0xdf9f, 0xdf9f, 0xdf9f, 0xdf9f, 0xdf9f,
  0xdf9f, 0xdf9f, 0xe79f, 0xefbf, 0xefbf, 0xefbf, 0xefdf, 0xf7df, 0xefdf, 0xefbf, 0xe7bf, 0xdf9f,
  0xdf9f, 0xdf9f, 0xdf9f, 0xdf9f, 0xdf9f, 0xdf9f, 0xdf9f, 0xdf9f, 0xdf9f, 0xdf9f, 0xdf9f, 0xdf9f,
  0xdf9f, 0xdf9f, 0xdf9f, 0xdf9f, 0xdf9f, 0xdf9f, 0xdf9f, 0xdf9f, 0xdf9f, 0xdf9f, 0xdf9f, 0xdf9f,
  0xdf9f, 0xdf9f, 0xdf9f, 0xdf9f, 0xdf9f, 0xdf9f, 0xdf9f, 0xdf9f, 0xdf9f, 0xdf9f, 0xdf9f, 0xdf9f,
  0xd79f, 0xd79f, 0xd79f, 0xdf9f, 0xd79f, 0xd79f, 0xd79f, 0xdf9f, 0xd79f, 0xd79f, 0xdf9f, 0xdf9f,
  0x8533, 0x3ba6, 0x4be7, 0x8510, 0x5469, 0x4c07, 0x3b47, 0x4bc8, 0x8511, 0xa616, 0x8d32, 0x3b68,
  0x3327, 0xd75d, 0xdfbf, 0xdfbf, 0xdf9f, 0xb6ba, 0xbebb, 0x8513, 0x5c4c, 0x3346, 0x3367, 0x7cf2,
  0x5c70, 0x8d33, 0xae39, 0xbedc, 0xd79f, 0xd79f, 0xcf5e, 0x9e17, 0x540c, 0x2b48, 0x7c0a, 0xd4ed,
  0xd50d, 0xdd2d, 0xb40b, 0xbc0b, 0xb3eb, 0xccac, 0xabaa, 0xa38a, 0x8309, 0x7ae8, 0x7b08, 0x5b26,
  0x5306, 0x6347, 0x8427, 0x6469, 0x95d1, 0x5c2a, 0x5408, 0x5ca6, 0x5487, 0x4c27, 0x3307, 0x3b86,
  0x3b85, 0x43c4, 0x43c4, 0x43a4, 0x5445, 0x5444, 0x32c3, 0x2a84, 0x2243, 0x3b03, 0x32c2, 0x6403,
  0x1982, 0x19a2, 0x32e2, 0x3b42, 0x3b62, 0x4362, 0x53e2, 0x19c1, 0x32a2, 0x2a81, 0x3b22, 0x4383,
  0x2a43, 0x32c3, 0x4363, 0x32a3, 0x2ac3, 0x4be3, 0x53e4, 0x4364, 0x6cc6, 0x4be4, 0x43a5, 0x4385,
  0x3b46, 0x5b93, 0x7436, 0x53b2, 0x53b3, 0x5bf5, 0x4b94, 0x5bd6, 0x6438, 0x6cba, 0xc7bf, 0xaf5f,
  0xb71f, 0x8d9b, 0x8535, 0x74d0, 0x746f, 0x638e, 0x6bce, 0x8c8e, 0x8c8c, 0x6bac, 0x736c, 0x7b4c,
  0x8b8d, 0x93ed, 0xacae, 0xacce, 0xbcef, 0xbcee, 0x72cb, 0x830b, 0x8b4b, 0x936c, 0xb3ed, 0x832b,
  0x73ac, 0x9c4e, 0x9c2f, 0xa4f1, 0x8caf, 0x9430, 0x834d, 0x9b8e, 0x8b6d, 0x7b2c, 0x6b0c, 0x6aec,
  0x6acc, 0x628b, 0x6aac, 0x6acc, 0x9bad, 0x62cc, 0x6aec, 0x6acd, 0x730e, 0x6b0d, 0x6b0c, 0x6acc,
  0x938d, 0x8c2f, 0x74b2, 0x5cb3, 0x95f8, 0xa639, 0xd73d, 0x74d2, 0x3bcc, 0x43cc, 0x3b4c, 0x4bcd,
  0x5c8f, 0x546e, 0x4c0d, 0xa618, 0xdf9f, 0xdf9f, 0xdf9f, 0xdf9f, 0xdf9f, 0xdf9f, 0xdf9f, 0xdf9f,
  0xdf9f, 0xdf9f, 0xdf9f, 0xe7bf, 0xe7bf, 0xe7bf, 0xe7bf, 0xe7bf, 0xefdf, 0xefdf, 0xefdf, 0xe7bf,
  0xdfbf, 0xdfbf, 0xdfbf, 0xdfbf, 0xe7bf, 0xe7bf, 0xe7bf, 0xe7bf, 0xdfbf, 0xdfbf, 0xdfbf, 0xdfbf,
  0xdf9f, 0xdf9f, 0xdf9f, 0xdf9f, 0xdf9f, 0xdf9f, 0xdf9f, 0xdf9f, 0xdf9f, 0xdf9f, 0xdf9f, 0xdf9f,
  0xdf9f, 0xdf9f, 0xdf9f, 0xdf9f, 0xdf9f, 0xdf9f, 0xdf9f, 0xdf9f, 0xdf9f, 0xdf9f, 0xdf9f, 0xdf9f,
  0xdf9f, 0xdf9f, 0xdf9f, 0xdf9f, 0xdf9f, 0xdf9f, 0xdf9f, 0xdf9f, 0xdf9f, 0xdf9f, 0xcf3d, 0xbeda,
  0xcedb, 0x4baa, 0x3346, 0x3b66, 0x43c7, 0x3b67, 0x3286, 0x4387, 0x43a7, 0x3b67, 0x3327, 0x3307,
  0x6c4e, 0xbe78, 0x9df5, 0xcf5e, 0xb6ba, 0x646e, 0x3347, 0x3347, 0x3b88, 0x2ae6, 0x2b06, 0x3388,
  0x43cb, 0x74d0, 0x9575, 0x53ec, 0xcf5e, 0xb6bb, 0x4c0b, 0x4c2b, 0x544d, 0x43ea, 0x9ccd, 0xd4ed,
  0xd4cd, 0xbc6b, 0xabca, 0xc48c, 0xccac, 0xbc4b, 0xabaa, 0x9b29, 0xa349, 0x9329, 0x4a67, 0x4ac6,
  0x3b06, 0x4386, 0x43a5, 0x3345, 0x4c06, 0x43a6, 0x3b86, 0x3b66, 0x3326, 0x3307, 0x3367, 0x2b26,
  0x4be6, 0x3b84, 0x43a4, 0x3b84, 0x5404, 0x43c4, 0x2223, 0x2223, 0x2a83, 0x2a42, 0x2aa2, 0x3ac2,
  0x0901, 0x2203, 0x2222, 0x32c1, 0x2a81, 0x6442, 0x6482, 0x19e1, 0x2a41, 0x1181, 0x2a41, 0x3b22,
  0x19a1, 0x2202, 0x2262, 0x3b23, 0x3302, 0x6d03, 0x64e3, 0x5c63, 0x5423, 0x4383, 0x3b25, 0x3306,
  0x3b28, 0x5b93, 0x6c36, 0x5bf5, 0x53b4, 0x6457, 0x53d5, 0x5bf7, 0x6418, 0x5c39, 0xaedf, 0x9ebf,
  0xb71f, 0x857b, 0x8556, 0x7d11, 0x6bef, 0x63ce, 0x63ce, 0x7c6d, 0x8ccc, 0x638b, 0x6b6c, 0x7bac,
  0x83cc, 0x9c4d, 0x942d, 0x9c6d, 0xb4ee, 0x838c, 0x93ee, 0xa44d, 0x6b2a, 0x6b4d, 0x830c, 0x6aea,
  0x73ab, 0x942c, 0x93ed, 0x9c4c, 0x93ec, 0x8bcd, 0x834c, 0x9b2c, 0x9b8d, 0x7b0b, 0x628b, 0x626b,
  0x6a8c, 0x626b, 0x6aac, 0x6a8c, 0x9bcd, 0x72ed, 0x6aac, 0x6aad, 0x72ed, 0x7aed, 0x7b0d, 0x7aed,
  0x93ae, 0x93ae, 0x93cf, 0x6d35, 0x6534, 0x7d75, 0x8db5, 0xae58, 0x8554, 0x440c, 0x4bed, 0x4bcd,
  0x7d13, 0x8534, 0x9dd7, 0xd73d, 0xdfbf, 0xdfbf, 0xdfbf, 0xdfbf, 0xdf9f, 0xdf9f, 0xdf9f, 0xdf9f,
  0xdf9f, 0xdf9f, 0xdf9f, 0xdf9f, 0xdf9f, 0xdf9f, 0xdf9f, 0xdfbf, 0xdfbf, 0xdfbf, 0xdfbf, 0xdfbf,
  0xe7bf, 0xe7bf, 0xe7bf, 0xe7bf, 0xe7bf, 0xe7bf, 0xefdf, 0xf7df, 0xefdf, 0xefdf, 0xefdf, 0xefdf,
  0xefdf, 0xefdf, 0xdfbf, 0xdfbf, 0xdfbf, 0xdfbf, 0xdf9f, 0xdf9f, 0xdf9f, 0xdfbf, 0xdf9f, 0xdf9f,
  0xdfbf, 0xdfbf, 0xdfbf, 0xdfbf, 0xdfbf, 0xdf9f, 0xdfbf, 0xdf9f, 0xdf9f, 0xdf9f, 0xdf9f, 0xdf9f,
  0xdf9f, 0xdf9f, 0xdf9f, 0xdf9f, 0xdf9f, 0xdf9f, 0xdf9f, 0xdf9f, 0xdf9f, 0xdf9f, 0xa617, 0x7cf0,
  0xbe58, 0x9553, 0x3327, 0x3b87, 0x2ae6, 0x3307, 0x2a86, 0x3b27, 0x3307, 0x4ba9, 0x53ea, 0x53cb,
  0x7cd0, 0x648b, 0x4428, 0x7d52, 0x4c2a, 0x648c, 0x6cad, 0x43c7, 0x3b67, 0x2ae6, 0x3b67, 0x3388,
  0x84f2, 0x5c2c, 0x2b27, 0x3b68, 0x8dd6, 0x9e38, 0x33c9, 0x440a, 0x3be9, 0x3be9, 0x94cc, 0xd4ed,
  0xc48c, 0xc4cd, 0xabea, 0xbc8c, 0xc4ab, 0xcd0c, 0xbc4b, 0xab69, 0x9329, 0x6ae8, 0x5a87, 0x52a6,
  0x42e6, 0x3325, 0x3325, 0x3325, 0x3305, 0x2ac5, 0x2205, 0x2a66, 0x2a86, 0x2206, 0x22a6, 0x2ae5,
  0x3b64, 0x2b03, 0x3b63, 0x3b23, 0x5403, 0x5424, 0x19e3, 0x1982, 0x2aa3, 0x2aa2, 0x2262, 0x5c02,
  0x3ae3, 0x3b03, 0x43a2, 0x6482, 0x64a2, 0x3b61, 0x2261, 0x2221, 0x2201, 0x2a81, 0x32c1, 0x2201,
  0x19e1, 0x2a82, 0x11a1, 0x2201, 0x2a62, 0x53c4, 0x3302, 0x2ac2, 0x2262, 0x32c2, 0x2263, 0x2ac3,
  0x32e5, 0x63b3, 0x6c36, 0x6415, 0x5bd5, 0x6436, 0x6457, 0x6c78, 0x5bf8, 0x5c19, 0x9e9e, 0x965f,
  0xa6bf, 0x95fc, 0x8536, 0x74b2, 0x7410, 0x744e, 0x6c2e, 0x84cd, 0x742b, 0x52eb, 0x5b2b, 0x6bcc,
  0x73cc, 0x7bed, 0x7bcd, 0x840e, 0x948f, 0x7bcf, 0x83ae, 0xa42d, 0x7b8c, 0x94b5, 0x9370, 0x836c,
  0x6c30, 0x7c10, 0x83af, 0x94d5, 0x93ce, 0x7b2c, 0x834c, 0x7b0b, 0x936c, 0x834b, 0x5a4a, 0x5a0a,
  0x626b, 0x624b, 0x6a6b, 0x6a6b, 0x9b8d, 0x72cc, 0x72cd, 0x6aad, 0x72cd, 0x72cc, 0x7aed, 0x72ed,
  0x93ae, 0x93ae, 0xa410, 0x7db7, 0x6d35, 0x43ae, 0x43cd, 0x43ed, 0x440c, 0x442c, 0x43ac, 0x5c4c,
  0x646d, 0x74d0, 0x95b5, 0xa638, 0xdf7e, 0x9e18, 0xdfbf, 0xdfbf, 0xdfbf, 0xdfbf, 0xdf9f, 0xdf9f,
  0xdf9f, 0xdf9f, 0xdf9f, 0xdf9f, 0xdf9f, 0xdf9f, 0xdf9f, 0xdfbf, 0xe7bf, 0xe7bf, 0xe7bf, 0xe7bf,
  0xe7bf, 0xe7bf, 0xe7bf, 0xe7bf, 0xe7bf, 0xe7bf, 0xe7bf, 0xe7bf, 0xe7df, 0xe7df, 0xefdf, 0xe7df,
  0xe7bf, 0xe7bf, 0xe7bf, 0xe7bf, 0xe7bf, 0xe7bf, 0xe7bf, 0xe7bf, 0xe7bf, 0xe7bf, 0xe79f, 0xe7bf,
  0xe7bf, 0xdfbf, 0xe7bf, 0xe7bf, 0xe7bf, 0xdfbf, 0xdfbf, 0xdf9f, 0xdf9f, 0xdfbf, 0xdf9f, 0xdf9f,
  0xdf9f, 0xdf9f, 0xdfbf, 0xdf9f, 0xdf9f, 0xdf9f, 0xdfbf, 0xdf9f, 0xdf9f, 0xdf9f, 0x8d54, 0x3b89,
  0x3387, 0x542a, 0x43c8, 0x4c07, 0x4408, 0x4c27, 0x2b25, 0x43e6, 0x3ba6, 0x3b86, 0x3366, 0x3366,
  0x53eb, 0x8d32, 0x43e7, 0x544c, 0x74d1, 0x3bc8, 0x43c7, 0x3b67, 0x2ae7, 0x2a87, 0x32e7, 0x3327,
  0x3367, 0x2b27, 0x3348, 0x6c70, 0x4bab, 0x440d, 0x3388, 0x2b47, 0x4c09, 0x53e9, 0x946b, 0xbc4c,
  0xa38a, 0xac2b, 0x9369, 0xbc4c, 0xcc8c, 0xd4ed, 0xa3aa, 0x8ae8, 0x82e8, 0x5a87, 0x3225, 0x3245,
  0x2225, 0x2a65, 0x2245, 0x2a85, 0x2224, 0x21e5, 0x2185, 0x21c6, 0x21c6, 0x1985, 0x2a86, 0x2a64,
  0x2aa3, 0x3b03, 0x6ca4, 0x7d04, 0x7d05, 0x74a6, 0x19c3, 0x19c2, 0x2aa2, 0x2ac2, 0x2262, 0x4322,
  0x3b02, 0x64a4, 0x3b22, 0x6463, 0x4be2, 0x4ba1, 0x2201, 0x32c2, 0x2a61, 0x32a2, 0x4ba2, 0x4ba2,
  0x4ba2, 0x2aa2, 0x4b83, 0x2242, 0x2aa2, 0x4322, 0x3b22, 0x2262, 0x2242, 0x1a22, 0x2262, 0x32e3,
  0x432b, 0x63d5, 0x6c36, 0x6436, 0x4b74, 0x6c57, 0x6458, 0x6438, 0x53f8, 0x53f8, 0x9ebe, 0x865f,
  0x969f, 0x8dfd, 0x6c97, 0x7cb5, 0x6bd2, 0x6c0e, 0x6c0d, 0x84cd, 0x6c2b, 0x4acb, 0x5b6c, 0x63ac,
  0x63ad, 0x6bed, 0x638d, 0x8472, 0x8473, 0x7c52, 0x7bcf, 0x9c2d, 0x8bcd, 0x7c13, 0x93f2, 0x8bad,
  0x6492, 0x8cd5, 0x93ae, 0x9557, 0x9452, 0x83cf, 0x8bf0, 0x7b2d, 0x93ae, 0x732c, 0x6aeb, 0x49ea,
  0x5a6b, 0x628b, 0x626b, 0x6aab, 0x9bed, 0x730c, 0x5a8c, 0x6acd, 0x72ed, 0x72ed, 0x6aec, 0x730d,
  0x8b8d, 0x8b6e, 0xac2f, 0x6450, 0x64b1, 0x7d12, 0x5c4f, 0x3b6c, 0x43ed, 0x5cce, 0x43ae, 0x7552,
  0x6cf1, 0x5c70, 0x4c2e, 0x5c6f, 0x5c4f, 0x6cf2, 0xdfbf, 0xdf9f, 0xd77e, 0xdfbf, 0xdfbf, 0xe7bf,
  0xe7bf, 0xe7bf, 0xe7bf, 0xe7bf, 0xe7bf, 0xe7bf, 0xe7bf, 0xe7bf, 0xe7bf, 0xe7bf, 0xe7bf, 0xe7bf,
  0xe7bf, 0xe7bf, 0xe7bf, 0xe7bf, 0xe7bf, 0xe7bf, 0xe7bf, 0xe7bf, 0xe7bf, 0xe7bf, 0xe7bf, 0xe7bf,
  0xe7bf, 0xe7bf, 0xe7bf, 0xe7bf, 0xe7bf, 0xe7bf, 0xe7bf, 0xe7bf, 0xe7bf, 0xe7bf, 0xe7bf, 0xe7bf,
  0xe7bf, 0xe7bf, 0xe7bf, 0xe7bf, 0xe7bf, 0xe7bf, 0xe7bf, 0xe7bf, 0xe7bf, 0xe7bf, 0xe7bf, 0xdfbf,
  0xdfbf, 0xdfbf, 0xe7bf, 0xdfbf, 0xdfbf, 0xdf9f, 0xbeda, 0xae78, 0xcf5d, 0xdfbf, 0xdf9f, 0xbe9a,
  0x7470, 0x53ac, 0x3307, 0x2aa6, 0x32e6, 0x3326, 0x2ac5, 0x3326, 0x53ad, 0x2a67, 0x3b08, 0x2ae5,
  0x4bc9, 0x3347, 0x6cd1, 0x3b6a, 0x95f8, 0x43ce, 0x438b, 0x3309, 0x3b29, 0x2a87, 0x32e7, 0x3347,
  0x2ae7, 0x3328, 0x43c9, 0x4be9, 0x3ba8, 0x3ba8, 0x3368, 0x2b27, 0x83a9, 0xd4ae, 0xd4ce, 0xb3ab,
  0xb3ab, 0xbc0c, 0xa36a, 0xab6b, 0xbbcb, 0xd4ae, 0x9b49, 0x82a7, 0x8288, 0x6a87, 0x29e4, 0x2a45,
  0x2204, 0x2a05, 0x29c5, 0x1984, 0x1964, 0x21a5, 0x2165, 0x4286, 0x42e6, 0x2a45, 0x32c4, 0x53a4,
  0x4ba3, 0x5403, 0x7524, 0x7d24, 0x5c03, 0x3ae3, 0x21e2, 0x1982, 0x2202, 0x2a42, 0x2242, 0x4303,
  0x5403, 0x85c5, 0x6ce4, 0x32c2, 0x2a42, 0x21e1, 0x1981, 0x2201, 0x19c1, 0x1121, 0x4ba2, 0x4362,
  0x3b22, 0x4b83, 0x4363, 0x3b02, 0x2aa2, 0x2242, 0x3b02, 0x1182, 0x4382, 0x2aa2, 0x3b63, 0x3b64,
  0x4b92, 0x53b5, 0x5bf5, 0x5bd5, 0x4b74, 0x5c16, 0x6437, 0x4bb7, 0x4bb7, 0x5419, 0x969e, 0x865e,
  0x869f, 0x7ddd, 0x5c18, 0x7476, 0x5b93, 0x63b0, 0x6b8e, 0x6bcd, 0x63eb, 0x428b, 0x4acc, 0x42cc,
  0x4aed, 0x532e, 0x530e, 0x73f2, 0x8c94, 0x94f4, 0x83f0, 0xa48e, 0x8bcd, 0x7c34, 0x8c13, 0x940d,
  0x5c51, 0x9537, 0x8c52, 0x8cf6, 0x8cb4, 0x7b6f, 0x838f, 0x8baf, 0x8baf, 0x7b2d, 0x6aec, 0x420a,
  0x524b, 0x628b, 0x628b, 0x72ec, 0x9c0d, 0x6acc, 0x5a8d, 0x730d, 0x72ed, 0x72ec, 0x7aed, 0x8b6d,
  0x5a6c, 0x7aed, 0x93ad, 0x7c0c, 0x3baa, 0x43eb, 0x4bec, 0x4c0d, 0x5cad, 0x54ad, 0x43ed, 0x43ec,
  0x4c4d, 0x5c4e, 0x4c2d, 0x3bcc, 0x43ed, 0x440e, 0x8dd8, 0x9e7b, 0x965b, 0xb6dc, 0xdf7e, 0xe7bf,
  0xe7bf, 0xe7bf, 0xe7bf, 0xe7bf, 0xe7bf, 0xe7bf, 0xe7bf, 0xe7bf, 0xe7bf, 0xe7bf, 0xe7bf, 0xe7bf,
  0xe7bf, 0xe7bf, 0xe7bf, 0xe7bf, 0xe7bf, 0xe7bf, 0xe7bf, 0xe7bf, 0xe7bf, 0xe7bf, 0xe7bf, 0xe7bf,
  0xe7bf, 0xe7bf, 0xe7bf, 0xe7bf, 0xe7bf, 0xe7bf, 0xe7bf, 0xe7bf, 0xe7bf, 0xe7bf, 0xe7bf, 0xe7bf,
  0xe7bf, 0xe7bf, 0xe7bf, 0xe7bf, 0xe7bf, 0xe7bf, 0xe7bf, 0xe7bf, 0xe7bf, 0xdfbf, 0xb69b, 0x85b8,
  0xbefc, 0xe7bf, 0xc73e, 0x8e3c, 0xbefd, 0x95d5, 0x5448, 0x5c48, 0x6cad, 0x7d11, 0x74f1, 0x7d32,
  0x8532, 0x7cb1, 0x3328, 0x32c6, 0x538c, 0x432a, 0x2204, 0x3286, 0x5c2e, 0x4ba8, 0x32c7, 0x4329,
  0x3b66, 0x43e8, 0x542d, 0x43c6, 0x43c6, 0x3be7, 0x3ba7, 0x3b87, 0x3367, 0x2a86, 0x3b46, 0x3347,
  0x3b67, 0x3347, 0x43c8, 0x43c8, 0x3b87, 0x3327, 0x3ba9, 0x3348, 0x6369, 0xbbec, 0xb3ab, 0xb3eb,
  0xb3cb, 0x9b49, 0xb3cb, 0xabcb, 0xabcb, 0xc4ee, 0x9b69, 0x9308, 0x7308, 0x52e6, 0x4285, 0x4245,
  0x5286, 0x5226, 0x5a67, 0x4aa6, 0x42e6, 0x4ac6, 0x31a6, 0x5ba6, 0x3b45, 0x3304, 0x3343, 0x4363,
  0x64a4, 0x64a4, 0x5443, 0x5c23, 0x4362, 0x3b02, 0x2222, 0x3b23, 0x5404, 0x3b03, 0x2a62, 0x2a62,
  0x4382, 0x5423, 0x7545, 0x4ba3, 0x2a62, 0x32c2, 0x4b63, 0x3ae2, 0x2a62, 0x3b02, 0x2a81, 0x3b02,
  0x4ba4, 0x5c05, 0x4363, 0x4383, 0x32a2, 0x19e2, 0x2a62, 0x3b02, 0x2ac2, 0x2aa2, 0x3b25, 0x3aea,
  0x53b6, 0x4bb4, 0x5412, 0x53d5, 0x4b93, 0x5411, 0x5416, 0x4bb7, 0x53d8, 0x5419, 0x969e, 0x7e7f,
  0x86bf, 0x6d7d, 0x5418, 0x53d6, 0x63f4, 0x7c33, 0x6b90, 0x63ce, 0x5bab, 0x3a8c, 0x532e, 0x428d,
  0x3a8e, 0x5b51, 0x4af0, 0x7c13, 0xa536, 0xad76, 0x8432, 0xa4af, 0x7b6c, 0x5b52, 0x6bf3, 0x738a,
  0x5c0e, 0x7472, 0x7c30, 0x7c10, 0x8450, 0x7b8f, 0x8390, 0x838e, 0x93cf, 0x834d, 0x6acc, 0x420a,
  0x526b, 0x526b, 0x628c, 0x6aac, 0x9bee, 0x72ed, 0x524d, 0x72cd, 0x7aed, 0x72ac, 0x7aed, 0x8b2d,
  0x522b, 0x6a8c, 0xa40e, 0x7bcb, 0x4c0a, 0x64ab, 0x438b, 0x332b, 0x2acc, 0x2acc, 0x2a8c, 0x3b2d,
  0x2acc, 0x2b0b, 0x334b, 0x2b2b, 0x332c, 0x5cd5, 0x6d79, 0x75b9, 0x75b9, 0x9e3a, 0x9e3a, 0xcf3d,
  0xe7bf, 0xe7bf, 0xe7bf, 0xe7bf, 0xcf3d, 0xdf9f, 0xe7bf, 0xe7bf, 0xe7df, 0xe7df, 0xe7df, 0xe7df,
  0xe7df, 0xe7df, 0xefdf, 0xefdf, 0xefbf, 0xefbf, 0xefdf, 0xefdf, 0xefdf, 0xefdf, 0xefbf, 0xefbf,
  0xefdf, 0xefbf, 0xefdf, 0xefdf, 0xe7df, 0xe7df, 0xe7df, 0xe7df, 0xe7df, 0xe7df, 0xe7df, 0xe7df,
  0xe7df, 0xe7df, 0xe7df, 0xe7df, 0xe7df, 0xe7df, 0xe7df, 0xe7bf, 0xe7bf, 0xbebc, 0x5d18, 0x7dba,
  0x75ba, 0x965c, 0x6dbb, 0x5d7a, 0x4c11, 0x4c2a, 0x4c07, 0x43c7, 0x4be7, 0x4c0c, 0x3b87, 0x3b85,
  0x3328, 0x4bcd, 0x3348, 0x3b86, 0x9590, 0x74ef, 0x2244, 0x53e7, 0x6d08, 0x7da8, 0x750c, 0x8511,
  0x2b06, 0x2ae7, 0x3b29, 0x3347, 0x3b87, 0x3367, 0x3347, 0x2b07, 0x4be9, 0x3287, 0x3ba6, 0x3ba6,
  0x3346, 0x3b87, 0x43c7, 0x3b87, 0x3307, 0x2ac7, 0x6bca, 0x9baa, 0xabaa, 0xcc0c, 0xc42c, 0x9329,
  0xbbeb, 0xa349, 0xa36a, 0xabeb, 0xbc8d, 0xc48c, 0x9b69, 0x9328, 0x6b48, 0x7327, 0x7287, 0x7267,
  0x72c7, 0x62e6, 0x5b86, 0x4b85, 0x4365, 0x4ba5, 0x3b04, 0x3b44, 0x2aa4, 0x2a84, 0x4384, 0x3b43,
  0x3b43, 0x5404, 0x4383, 0x53e3, 0x2a82, 0x2a62, 0x2a62, 0x3303, 0x4ba3, 0x4343, 0x2242, 0x2a82,
  0x3b22, 0x4363, 0x4be3, 0x4b83, 0x19c2, 0x19e1, 0x2221, 0x21e1, 0x32e2, 0x3282, 0x2a82, 0x5404,
  0x3b03, 0x4343, 0x3b23, 0x32c2, 0x3b23, 0x19c2, 0x2202, 0x32c2, 0x2a63, 0x4baa, 0x32e7, 0x32ca,
  0x4bd0, 0x43cc, 0x3b85, 0x43af, 0x4391, 0x3b68, 0x3b71, 0x4b97, 0x4376, 0x4398, 0x8e9e, 0x6e3e,
  0x867f, 0x651c, 0x4bd8, 0x6457, 0x84f6, 0x7c94, 0x6391, 0x7cae, 0x5b6b, 0x428c, 0x5b4e, 0x42ad,
  0x3a8e, 0x4af0, 0x42cf, 0x6bb1, 0x94b4, 0x94d4, 0x7bf1, 0x942e, 0x734c, 0x5b30, 0x6bb2, 0x83aa,
  0x4beb, 0x6c8d, 0x7c0d, 0x8c30, 0x8c4e, 0x5aec, 0x848c, 0x7ce9, 0x8c4c, 0x832d, 0x72cc, 0x39c9,
  0x4a2b, 0x524b, 0x5a6c, 0x628c, 0xa44f, 0x72cd, 0x524d, 0x72ac, 0x7acd, 0x72cd, 0x7aed, 0x8b6e,
  0x5a4c, 0x6a8c, 0x9bed, 0x83eb, 0x43ca, 0x4c0a, 0x546b, 0x548b, 0x3b4c, 0x3b6d, 0x330c, 0x4bcd,
  0x3b8c, 0x3b4c, 0x3b6e, 0x4c71, 0x4c50, 0x4c2f, 0x6558, 0x6579, 0x6d99, 0x6d99, 0x6d99, 0x75b9,
  0xd75e, 0xdf9f, 0xcf5e, 0xa65a, 0x64f3, 0xae7a, 0xcf3d, 0xe7df, 0xefdf, 0xefdf, 0xefdf, 0xefdf,
  0xefdf, 0xefdf, 0xefdf, 0xefdf, 0xefdf, 0xefdf, 0xefdf, 0xefdf, 0xefdf, 0xefdf, 0xefdf, 0xefdf,
  0xefdf, 0xefdf, 0xefdf, 0xefdf, 0xefdf, 0xefdf, 0xefdf, 0xefdf, 0xefdf, 0xe7df, 0xe7df, 0xe7df,
  0xe7df, 0xe7df, 0xefdf, 0xe7bf, 0xcf3d, 0xe7bf, 0xe79f, 0xe7bf, 0xc71d, 0x6518, 0x5cf8, 0x5d19,
  0x6539, 0x5d38, 0x54b4, 0x4d16, 0x43ea, 0x3b87, 0x3b86, 0x3306, 0x3b65, 0x2ae6, 0x3307, 0x32e7,
  0x3b47, 0x542a, 0x5428, 0x4c46, 0x5446, 0x4406, 0x3b67, 0x43e7, 0x3bc7, 0x43a6, 0x3b87, 0x2ae6,
  0x3326, 0x2ae6, 0x43a7, 0x5467, 0x4c06, 0x3347, 0x2b07, 0x43e7, 0x3bc7, 0x3246, 0x73a7, 0x9c88,
  0x5367, 0x3b87, 0x3b66, 0x2246, 0x32e8, 0x2266, 0x8349, 0x9b8a, 0x9b6a, 0xa36a, 0xa369, 0x82e7,
  0x8b48, 0x7ac8, 0x9b4a, 0x82c9, 0xb3eb, 0xb40b, 0x8ae8, 0x7287, 0x6307, 0x5b26, 0x6306, 0x6306,
  0x6385, 0x5bc5, 0x53c5, 0x53c5, 0x43a4, 0x3304, 0x2264, 0x32c4, 0x2aa4, 0x2a84, 0x2aa3, 0x4363,
  0x4b63, 0x32c2, 0x3b23, 0x43a3, 0x4ba3, 0x4363, 0x19c2, 0x2aa2, 0x2a62, 0x19e1, 0x2222, 0x2221,
  0x1a02, 0x2a82, 0x2a83, 0x2a43, 0x1962, 0x19a1, 0x19c1, 0x21e1, 0x32a2, 0x3ae2, 0x2a62, 0x4ba3,
  0x4b83, 0x5c44, 0x4343, 0x32c2, 0x2a82, 0x1182, 0x1962, 0x2203, 0x2a84, 0x4bcb, 0x43ca, 0x5444,
  0x64a4, 0x5425, 0x5ca6, 0x5468, 0x4389, 0x2ac5, 0x3b71, 0x6cbb, 0x4397, 0x4bd8, 0x869e, 0x7e9e,
  0x7e7f, 0x54bc, 0x4398, 0x5c37, 0x7cd6, 0x7495, 0x5b71, 0x5b8e, 0x4aec, 0x3a8d, 0x532f, 0x42ae,
  0x42cf, 0x5330, 0x5b71, 0x7413, 0x8cb5, 0x94f6, 0x73b1, 0x93ed, 0x838c, 0x93ed, 0x734d, 0x7b2a,
  0x536c, 0x63ae, 0x736d, 0x7b6f, 0x940f, 0x63aa, 0x74e7, 0x64a5, 0x6c48, 0x7b8b, 0x62ea, 0x4a09,
  0x4a0a, 0x4a4b, 0x526b, 0x628c, 0x8bad, 0x72cd, 0x524d, 0x62cd, 0x72ee, 0x732e, 0x72cd, 0x830d,
  0x62ac, 0x72ac, 0x9bed, 0x738a, 0x3308, 0x4389, 0x542b, 0x548b, 0x43cb, 0x3b8b, 0x32eb, 0x3b4b,
  0x43cc, 0x440c, 0x338c, 0x336c, 0x3bcd, 0x4c70, 0x4c50, 0x4c2f, 0x6558, 0x6d98, 0x7598, 0x7598,
  0x7db8, 0x7597, 0x7597, 0x7535, 0x4c72, 0x6d35, 0x95f8, 0xcf3d, 0xefdf, 0xefdf, 0xefdf, 0xefdf,
  0xefdf, 0xefdf, 0xefdf, 0xefdf, 0xefdf, 0xefdf, 0xefdf, 0xefdf, 0xefdf, 0xefdf, 0xefdf, 0xefdf,
  0xefdf, 0xefdf, 0xefdf, 0xefdf, 0xefdf, 0xefdf, 0xefdf, 0xefdf, 0xefdf, 0xefdf, 0xefdf, 0xefdf,
  0xefdf, 0xe7bf, 0xae9b, 0x7d97, 0x5cf5, 0x8dd8, 0x7d98, 0x7d98, 0x6538, 0x5d18, 0x5cf8, 0x5d18,
  0x6538, 0x5d14, 0x3bc8, 0x3bcb, 0x3368, 0x3bc8, 0x3b87, 0x2ac6, 0x3305, 0x3b86, 0x43c8, 0x4bee,
  0x3b68, 0x32e7, 0x2286, 0x32c6, 0x32e7, 0x2aa7, 0x2a26, 0x2a66, 0x2266, 0x2226, 0x2ae6, 0x3326,
  0x3326, 0x3b46, 0x3b85, 0x3b65, 0x3325, 0x3b86, 0x3326, 0x2b05, 0x3b06, 0x9306, 0xbba7, 0xb3a8,
  0x7266, 0x5326, 0x3366, 0x4387, 0x4bc7, 0x43c7, 0x8bca, 0xac0c, 0x8b8a, 0xcccc, 0xa449, 0x9488,
  0x8487, 0x4287, 0x830a, 0x8aea, 0xb40b, 0xbc2c, 0x82e8, 0x82c8, 0x7b08, 0x43c6, 0x3305, 0x3ae4,
  0x42e4, 0x5b45, 0x52e5, 0x2204, 0x2224, 0x2204, 0x21e4, 0x19c4, 0x2204, 0x19a3, 0x2243, 0x4be3,
  0x4bc3, 0x4bc3, 0x4383, 0x4383, 0x3b02, 0x2aa2, 0x3302, 0x32e2, 0x21e1, 0x19e1, 0x19e1, 0x3282,
  0x1982, 0x1121, 0x1141, 0x1142, 0x1101, 0x1981, 0x19a1, 0x32c2, 0x32c2, 0x19c1, 0x32c2, 0x64a4,
  0x5c44, 0x5c24, 0x4363, 0x4343, 0x32e2, 0x2222, 0x2a42, 0x21e2, 0x2223, 0x32c4, 0x2ac4, 0x3304,
  0x4384, 0x4364, 0x4bc5, 0x2285, 0x3328, 0x3bcd, 0x2b0c, 0x6cfb, 0x43d8, 0x547b, 0x8eff, 0x86ff,
  0x7e9f, 0x445b, 0x3b77, 0x5c36, 0x7d35, 0x8d94, 0x7cf3, 0x6411, 0x534e, 0x42ee, 0x5b90, 0x42ce,
  0x4aef, 0x5331, 0x7413, 0x7413, 0x94d5, 0x8cd5, 0x7bd1, 0xa42d, 0x8b8c, 0x9c0d, 0x838d, 0x934a,
  0x5b8d, 0x73cf, 0x8baf, 0x740c, 0x6c47, 0x6ca6, 0x64a6, 0x4be5, 0x6ca6, 0x6c47, 0x63c7, 0x5a69,
  0x41ca, 0x5a2b, 0x5a2b, 0x6a6c, 0x93ad, 0x6aad, 0x526d, 0x62ce, 0x6aee, 0x83f1, 0x7aed, 0x8b4d,
  0x6a8c, 0x6a8c, 0xa44e, 0x940c, 0x32e9, 0x3b69, 0x4c0a, 0x546a, 0x3b6a, 0x2acc, 0x2a4b, 0x2a8c,
  0x2acc, 0x2aeb, 0x2b2c, 0x2acb, 0x2b0c, 0x2b0c, 0x336e, 0x4c74, 0x6d78, 0x6d98, 0x7598, 0x7598,
  0x75b8, 0x7597, 0x54f4, 0x54b3, 0x4453, 0x5cd3, 0x6514, 0xb6ba, 0xe7bf, 0xefdf, 0xe79e, 0xefdf,
  0xefdf, 0xefdf, 0xefdf, 0xefdf, 0xefdf, 0xefdf, 0xefdf, 0xefdf, 0xefdf, 0xefdf, 0xefdf, 0xefdf,
  0xefdf, 0xefdf, 0xefdf, 0xefdf, 0xefdf, 0xc6fc, 0xefdf, 0xcefd, 0xbe7a, 0xe79f, 0xe7bf, 0xae7a,
  0xc71c, 0xa639, 0x54d4, 0x54b4, 0x54b4, 0x5cf5, 0x54d5, 0x5cf5, 0x6d77, 0x6537, 0x6558, 0x5d38,
  0x4c51, 0x4c2b, 0x3386, 0x43e7, 0x3be8, 0x3ba6, 0x3346, 0x2ae7, 0x3b85, 0x3ba6, 0x2ae6, 0x3346,
  0x3b67, 0x32c8, 0x32ea, 0x2a87, 0x2a47, 0x3308, 0x21a6, 0x2227, 0x2247, 0x2206, 0x19c5, 0x2246,
  0x2246, 0x1a05, 0x2aa5, 0x2265, 0x2285, 0x2ac6, 0x2266, 0x32c6, 0x2aa6, 0x8b67, 0x9b68, 0x9b08,
  0x72e8, 0x3326, 0x3366, 0x3ba7, 0x3387, 0x2b46, 0x8bab, 0x9bcc, 0x8b8a, 0xabeb, 0x6b68, 0x5328,
  0x5368, 0x5287, 0x6267, 0x6a88, 0xabaa, 0xbc4c, 0x9b29, 0x92e8, 0xa38a, 0xac09, 0xa387, 0xa367,
  0xbc06, 0xccc9, 0xa3a7, 0x39a4, 0x1143, 0x1123, 0x1964, 0x1163, 0x1984, 0x19a3, 0x2263, 0x4383,
  0x4363, 0x3b43, 0x3b23, 0x5c24, 0x4343, 0x3b43, 0x4363, 0x3302, 0x3b22, 0x2a62, 0x2a81, 0x3ae1,
  0x19c2, 0x1141, 0x1981, 0x1141, 0x1101, 0x2221, 0x2a61, 0x32a1, 0x32c1, 0x19e1, 0x2221, 0x5403,
  0x5403, 0x4343, 0x4ba3, 0x4bc3, 0x7d25, 0x4b63, 0x32a2, 0x2a42, 0x2a63, 0x2a63, 0x2a43, 0x2203,
  0x2a24, 0x21e5, 0x2205, 0x19c5, 0x3327, 0x2ac5, 0x3365, 0x33ab, 0x3bd5, 0x445b, 0x7e9f, 0x7edf,
  0x765f, 0x3c1a, 0x3b78, 0x6c97, 0x7d36, 0x7d36, 0x6434, 0x6c53, 0x4b4e, 0x42ce, 0x5b90, 0x3a8e,
  0x5b71, 0x5b71, 0x6391, 0x6bd2, 0x8cd5, 0x8495, 0x73b0, 0xa44e, 0x838c, 0x9c0d, 0x83ae, 0x934b,
  0x5b8c, 0x6c0e, 0x7bad, 0x72c9, 0x6b27, 0x4be5, 0x5ca6, 0x4be5, 0x5425, 0x53a6, 0x52c6, 0x5a29,
  0x39a9, 0x49ea, 0x5a0a, 0x5a2b, 0x8bad, 0x72ec, 0x524c, 0x62ad, 0x6acd, 0x838f, 0x7aed, 0x830d,
  0x6a8c, 0x728c, 0xa40d, 0x9c6d, 0x32e9, 0x3b69, 0x5429, 0x64ea, 0x64ca, 0x438e, 0x2a4d, 0x4bb1,
  0x3370, 0x332f, 0x2acc, 0x2acc, 0x3b2c, 0x4432, 0x4cb5, 0x54f6, 0x6558, 0x6558, 0x6578, 0x6d78,
  0x7597, 0x7597, 0x6535, 0x5cf4, 0x4453, 0x54b3, 0x5cf4, 0x75b6, 0x8df8, 0xae9a, 0x64f6, 0xae5a,
  0xe79e, 0xdf9e, 0xefdf, 0xefdf, 0xefdf, 0xefdf, 0xefdf, 0xefdf, 0xefdf, 0xefdf, 0xefdf, 0xefdf,
  0xefdf, 0xefdf, 0xefdf, 0xefdf, 0xae7b, 0x6537, 0xae7c, 0x8d79, 0x8516, 0x8d58, 0xa5d9, 0x6d16,
  0x6535, 0x54f4, 0x54b4, 0x5d14, 0x5d15, 0x54d5, 0x6555, 0x6555, 0x6576, 0x6597, 0x6db7, 0x5558,
  0x4410, 0x54f6, 0x336e, 0x2ae6, 0x3b67, 0x3325, 0x3b45, 0x32a6, 0x3325, 0x3346, 0x3306, 0x2aa6,
  0x2246, 0x3b4b, 0x3bc9, 0x3326, 0x4c06, 0x3366, 0x21c5, 0x3326, 0x3b66, 0x2aa5, 0x2ae5, 0x19e5,
  0x1a25, 0x1a05, 0x2245, 0x2285, 0x2285, 0x2aa6, 0x2245, 0x1a05, 0x2a86, 0x8b67, 0x9b27, 0xa349,
  0x72c8, 0x6b27, 0x6b67, 0x6367, 0x7ba7, 0x7b87, 0xb42b, 0xabca, 0xa389, 0xab88, 0xab47, 0xa348,
  0xab68, 0xab47, 0xa307, 0xa2e7, 0x9ac7, 0x8aa6, 0x8245, 0x92c7, 0x9b27, 0x9b47, 0xa388, 0xb40a,
  0xbcac, 0xaba9, 0x7a65, 0x9b87, 0x4245, 0x19c3, 0x2aa4, 0x32e4, 0x3304, 0x43a4, 0x3b63, 0x3323,
  0x2242, 0x4ba3, 0x3302, 0x4383, 0x4363, 0x2a62, 0x32c2, 0x2a42, 0x19c1, 0x3b02, 0x2221, 0x4301,
  0x19c2, 0x19c2, 0x19c2, 0x19c1, 0x2201, 0x2201, 0x3301, 0x2201, 0x2241, 0x2221, 0x4382, 0x4be2,
  0x3b62, 0x5c23, 0x74e4, 0x4382, 0x4ba2, 0x32a2, 0x32a2, 0x4bc2, 0x6463, 0x4343, 0x2a83, 0x32a3,
  0x32a3, 0x3263, 0x2a64, 0x2ac4, 0x3324, 0x2aa4, 0x3b24, 0x3303, 0x338e, 0x447b, 0x8ebf, 0x7eff,
  0x6e3f, 0x443b, 0x4399, 0x74d9, 0x7cf9, 0x8d59, 0x6c36, 0x7474, 0x5350, 0x42af, 0x3a8e, 0x326d,
  0x4aef, 0x42ef, 0x5330, 0x6bf3, 0x5b71, 0x4aef, 0x6b8f, 0x8c6f, 0x94b0, 0x7bef, 0x7432, 0x932c,
  0x63ab, 0x5c29, 0x74a9, 0x7469, 0x6ba8, 0x4be6, 0x4c26, 0x3b46, 0x43a6, 0x53c7, 0x63e6, 0x5a27,
  0x3246, 0x4ae7, 0x524a, 0x5a6b, 0x838e, 0x6aed, 0x526c, 0x5a8d, 0x6acd, 0x732e, 0x730e, 0x72cc,
  0x628b, 0x62ab, 0x8c2c, 0x740a, 0x53e9, 0x4368, 0x53e9, 0x5409, 0x5c49, 0x4c0c, 0x430d, 0x5431,
  0x4c92, 0x4452, 0x3c33, 0x3bf2, 0x4412, 0x4cd4, 0x4c90, 0x54f0, 0x5d12, 0x6557, 0x6557, 0x6556,
  0x4cb2, 0x6d54, 0x4cb3, 0x3c13, 0x33d3, 0x3c33, 0x4453, 0x4473, 0x5d35, 0x6535, 0x5cd5, 0x64f5,
  0xbebb, 0xa67a, 0xd75e, 0xefdf, 0xefdf, 0xefdf, 0xefdf, 0xefdf, 0xefdf, 0xefdf, 0xefdf, 0xdf7e,
  0xbedc, 0xe79e, 0xe7bf, 0xc6fd, 0x6517, 0x5d17, 0x6d17, 0x7d17, 0x8d37, 0x8d17, 0x8537, 0x6cf6,
  0x6d34, 0x5cf4, 0x54b5, 0x6535, 0x6d55, 0x54d5, 0x54f5, 0x4cb5, 0x4cd6, 0x54f6, 0x4cd5, 0x440d,
  0x3bc7, 0x43e9, 0x4c4b, 0x43eb, 0x3b4a, 0x332a, 0x3b26, 0x32e6, 0x3b46, 0x3b66, 0x3b67, 0x3b46,
  0x32e7, 0x3b46, 0x4c26, 0x5ca6, 0x4c06, 0x4be7, 0x29e5, 0x3325, 0x43e6, 0x4406, 0x4c66, 0x5466,
  0x5ca6, 0x4be6, 0x43a6, 0x4c26, 0x32e5, 0x3346, 0x3b66, 0x3b46, 0x8447, 0xa367, 0xab48, 0xab48,
  0x9ac7, 0xa327, 0x9b26, 0x82a6, 0xa367, 0x9b26, 0x9b07, 0x9b27, 0xaba8, 0xabe9, 0xa367, 0xb409,
  0xcccb, 0xbc6a, 0xcd0c, 0xd52c, 0xd50b, 0xcccb, 0xdd2b, 0xdd6c, 0xe5ad, 0xdd4b, 0xdd6c, 0xe5ee,
  0xe630, 0xac09, 0x7265, 0x9347, 0x5aa5, 0x4324, 0x2ac4, 0x32c4, 0x2aa4, 0x2243, 0x2262, 0x3b63,
  0x2aa2, 0x3b03, 0x3b42, 0x53e3, 0x4363, 0x1981, 0x32a2, 0x3b03, 0x4343, 0x2201, 0x2a61, 0x2a81,
  0x1981, 0x21e2, 0x1181, 0x2202, 0x1161, 0x21e2, 0x1141, 0x19c1, 0x2201, 0x2241, 0x11a1, 0x32e2,
  0x32c2, 0x4383, 0x4bc3, 0x3b22, 0x4382, 0x2a22, 0x4322, 0x32a2, 0x5c23, 0x3ae2, 0x2a62, 0x2a42,
  0x32e2, 0x2a82, 0x2aa2, 0x2282, 0x2aa3, 0x2263, 0x2a84, 0x2a64, 0x2aca, 0x44bb, 0x971f, 0x975f,
  0x6e3f, 0x445b, 0x43da, 0x6479, 0x6c99, 0x6458, 0x53b6, 0x4b32, 0x42d0, 0x324e, 0x42af, 0x324d,
  0x3a8d, 0x3aae, 0x5b71, 0x42cf, 0x42ce, 0x4aee, 0x6b6e, 0x8c2f, 0x8bee, 0x73af, 0x6bb0, 0x9b0c,
  0x5ba9, 0x43c7, 0x5c48, 0x5c28, 0x6c08, 0x5be6, 0x5406, 0x4346, 0x4386, 0x4306, 0x5346, 0x5aa7,
  0x3ae5, 0x3ae6, 0x526a, 0x5a6b, 0x83d0, 0x62ed, 0x5acd, 0x630e, 0x6b2f, 0x634f, 0x8451, 0x5acb,
  0x52ab, 0x62eb, 0x842b, 0x63aa, 0x6baa, 0x7bca, 0x6b8a, 0x83ab, 0x8bab, 0x83cc, 0x4a8c, 0x53ae,
  0x54b0, 0x54d0, 0x4cb1, 0x4cb2, 0x4cb2, 0x4c6f, 0x546b, 0x546a, 0x54ad, 0x5d57, 0x5d16, 0x4cb4,
  0x3c52, 0x54d2, 0x54d3, 0x4c73, 0x4c53, 0x4c93, 0x4c93, 0x4c94, 0x54d4, 0x5d15, 0x6536, 0x54d5,
  0x5d16, 0x5d36, 0x7577, 0xdf7e, 0xefdf, 0xd75e, 0xe7bf, 0xefdf, 0xd75e, 0xefdf, 0xe79e, 0x8dd8,
  0x5cd5, 0x7d77, 0x7d77, 0x6516, 0x5cf6, 0x7536, 0x8556, 0x8d76, 0x8536, 0x8d36, 0x8d96, 0x7575,
  0x5cb5, 0x4455, 0x6d36, 0x6d55, 0x5cd5, 0x54f5, 0x54b5, 0x5d15, 0x6535, 0x6535, 0x6533, 0x4c2b,
  0x3327, 0x2b07, 0x3347, 0x3b66, 0x3346, 0x43e6, 0x43c6, 0x3b26, 0x3365, 0x3346, 0x3b86, 0x3ba6,
  0x5467, 0x5466, 0x4c06, 0x3b86, 0x3b66, 0x32c6, 0x2985, 0x2a45, 0x2ae5, 0x3345, 0x3b85, 0x4be5,
  0x4c05, 0x4be5, 0x4c05, 0x4c25, 0x4c26, 0x5466, 0x5c86, 0xb529, 0xccca, 0xc46a, 0xbc09, 0xd50b,
  0xdd6c, 0xdd6c, 0xdd0b, 0xdd2b, 0xe58c, 0xe5ac, 0xe56c, 0xe58c, 0xe58c, 0xdd2b, 0xd50b, 0xe58c,
  0xe58c, 0xe56c, 0xe58c, 0xe5ad, 0xdd0b, 0xd50b, 0xdd4b, 0xdd2b, 0xd4ea, 0xd52b, 0xe5ac, 0xddad,
  0xb429, 0x8b26, 0x3123, 0x6224, 0xabc7, 0xa467, 0x19a4, 0x19a4, 0x1984, 0x1163, 0x2222, 0x4383,
  0x4363, 0x53e3, 0x5402, 0x3b22, 0x32a2, 0x19a1, 0x4383, 0x32c3, 0x53e4, 0x2201, 0x2a81, 0x4b81,
  0x1982, 0x1141, 0x1161, 0x1961, 0x1141, 0x1961, 0x1141, 0x32a2, 0x2a62, 0x19a1, 0x19a1, 0x53a3,
  0x4323, 0x3b02, 0x2222, 0x3b02, 0x4342, 0x2a22, 0x3261, 0x32e2, 0x5c63, 0x53a3, 0x3b22, 0x3b02,
  0x3ae2, 0x5c43, 0x3b43, 0x3b22, 0x11c2, 0x1a23, 0x2acb, 0x4c35, 0x54fa, 0x4d7e, 0x975f, 0xa7bf,
  0x6e3f, 0x445b, 0x441a, 0x649a, 0x53f9, 0x5c38, 0x4b96, 0x53d4, 0x4b51, 0x3aaf, 0x42f0, 0x324d,
  0x3a8d, 0x324d, 0x3aae, 0x42ce, 0x3acd, 0x534e, 0x73ce, 0xa48f, 0x7baf, 0x83f0, 0x6b8f, 0x9b0c,
  0x4ba8, 0x3326, 0x4bc7, 0x4ba7, 0x5366, 0x3b05, 0x3b25, 0x3245, 0x4b66, 0x4b46, 0x4b47, 0x4b66,
  0x3ac5, 0x42a6, 0x4a89, 0x62ac, 0x7b4e, 0x6acd, 0x524b, 0x628c, 0x6aad, 0x6acd, 0x7b6e, 0x62ab,
  0x5a8b, 0x6acb, 0x832c, 0x72ec, 0x6acb, 0x72eb, 0x6b0b, 0x834c, 0x9b6d, 0x938d, 0x62cd, 0x5b8e,
  0x5470, 0x4c70, 0x4cb2, 0x4c91, 0x4c70, 0x4c6b, 0x5449, 0x4c2a, 0x4c4c, 0x442d, 0x4472, 0x3c33,
  0x3c53, 0x4c93, 0x5cd3, 0x4c93, 0x4433, 0x3c12, 0x4473, 0x3413, 0x4cb4, 0x6536, 0x5d15, 0x54f5,
  0x54f5, 0x5d36, 0x5d15, 0x6d57, 0x961a, 0x6d79, 0x85fa, 0x861a, 0x75b9, 0xa69b, 0x7dd8, 0x5d36,
  0x54f5, 0x5d16, 0x54f5, 0x6516, 0x6d57, 0x7596, 0x7d96, 0x8d96, 0x8d77, 0x9577, 0x8d96, 0x7575,
  0x64f4, 0x5cf5, 0x6d76, 0x6d55, 0x5d15, 0x4cb5, 0x4475, 0x54f5, 0x54f5, 0x4cf6, 0x5515, 0x444d,
  0x4c2b, 0x43c9, 0x3367, 0x3366, 0x3b47, 0x2b06, 0x2ac6, 0x2245, 0x2ae6, 0x2ac5, 0x2225, 0x2ae5,
  0x3346, 0x3306, 0x2aa6, 0x2aa6, 0x2a86, 0x2a66, 0x2986, 0x21c5, 0x19c5, 0x2225, 0x2244, 0x2284,
  0x2ae5, 0x2aa5, 0x3b45, 0x3305, 0x2ac5, 0x3306, 0x5b87, 0xe5ac, 0xdd4c, 0xdd4c, 0xdd8d, 0xe60e,
  0xe58c, 0xe5ad, 0xe5ee, 0xe5ee, 0xe60e, 0xee2e, 0xe58d, 0xee0e, 0xddad, 0xddac, 0xe5ad, 0xdd6c,
  0xd50b, 0xdd4c, 0xe5ad, 0xdd6d, 0xdd2c, 0xdd6c, 0xd54d, 0xdd6d, 0xe5ce, 0xe60e, 0xe60e, 0xd56d,
  0x82a5, 0x61e4, 0x1882, 0x28c2, 0x82e6, 0x9be8, 0x62a5, 0x1984, 0x1984, 0x1143, 0x2263, 0x4383,
  0x43a3, 0x4382, 0x5c43, 0x53c3, 0x4343, 0x32a2, 0x4ba3, 0x32a2, 0x32e2, 0x53e3, 0x2221, 0x3281,
  0x1101, 0x1101, 0x08e1, 0x1101, 0x1141, 0x08e1, 0x2202, 0x19e1, 0x19e1, 0x2222, 0x19c1, 0x4be2,
  0x3b42, 0x4bc3, 0x6cc4, 0x4b63, 0x4342, 0x2a22, 0x2a01, 0x3b02, 0x4b83, 0x3b22, 0x32e2, 0x3b02,
  0x3302, 0x43a3, 0x32e2, 0x4383, 0x3bd1, 0x4457, 0x54db, 0x5d7e, 0x5d7e, 0x55be, 0xbf9f, 0xbfff,
  0x769f, 0x54dc, 0x5cbc, 0x751c, 0x647a, 0x6459, 0x4b97, 0x6c57, 0x5372, 0x42d0, 0x4af0, 0x322d,
  0x3a4c, 0x4a6d, 0x5acd, 0x5b0c, 0x430b, 0x4b2c, 0x6bad, 0x738d, 0x73ae, 0x6b6f, 0x736f, 0x92cc,
  0x5348, 0x4b67, 0x4346, 0x3b46, 0x4366, 0x3b25, 0x3b65, 0x32a5, 0x3b45, 0x3b65, 0x2b45, 0x2b25,
  0x32c5, 0x4227, 0x4a2a, 0x626c, 0x8baf, 0x6aac, 0x5a4b, 0x6aac, 0x6a8c, 0x6aac, 0x832d, 0x62ab,
  0x72ab, 0x7b0c, 0x7aec, 0x72ec, 0x6acb, 0x72cb, 0x7b4b, 0x8b6b, 0x9b6c, 0x8b6d, 0x4aee, 0x5370,
  0x5450, 0x4c30, 0x4c71, 0x3bae, 0x3c10, 0x33ab, 0x3b8a, 0x436a, 0x336a, 0x3bee, 0x4474, 0x3c32,
  0x3c33, 0x4453, 0x4473, 0x4473, 0x3c12, 0x4432, 0x4452, 0x4472, 0x4c93, 0x4cb4, 0x5d15, 0x54f4,
  0x4cb3, 0x4cb3, 0x4453, 0x4cb3, 0x5d35, 0x6557, 0x6599, 0x6578, 0x6d98, 0x6577, 0x5d36, 0x5d15,
  0x6535, 0x5cf5, 0x6557, 0x6d77, 0x6d77, 0x7597, 0x6555, 0x7535, 0x8d56, 0x7d35, 0x6d34, 0x6d54,
  0x5d33, 0x6d94, 0x6554, 0x5cf5, 0x5d14, 0x44b4, 0x4494, 0x4cb4, 0x4cb3, 0x4cd5, 0x5517, 0x4451,
  0x43cd, 0x3368, 0x2b26, 0x2b06, 0x2ac7, 0x3b4c, 0x438d, 0x2aa5, 0x4386, 0x3b66, 0x32e6, 0x2aa6,
  0x2aa6, 0x19c5, 0x19c5, 0x19c5, 0x19e6, 0x2a26, 0x2986, 0x2a05, 0x32a5, 0x19c4, 0x1184, 0x19a4,
  0x19e5, 0x2225, 0x2205, 0x2245, 0x2a85, 0x5b47, 0xbceb, 0xe58c, 0xd52c, 0xdd2b, 0xe5cd, 0xdd6c,
  0xdd6c, 0xdd4c, 0xeded, 0xeded, 0xeded, 0xe54b, 0xd4eb, 0xdd4d, 0xdd8d, 0xd54c, 0xdd6c, 0xd50b,
  0xc4aa, 0xcd0c, 0xc4aa, 0xc46a, 0xb3e8, 0xbc29, 0xb409, 0xccaa, 0xc48a, 0xdd4b, 0xdd4b, 0xab87,
  0x4984, 0x1882, 0x18a2, 0x3103, 0x3943, 0x6a25, 0x9326, 0x62a5, 0x19a4, 0x1983, 0x3ac3, 0x4be3,
  0x32e2, 0x4382, 0x5c43, 0x4322, 0x4362, 0x3ae2, 0x3ae2, 0x6443, 0x4b82, 0x3b02, 0x32e2, 0x2221,
  0x08c1, 0x08e1, 0x1101, 0x0901, 0x1121, 0x1101, 0x1141, 0x1161, 0x1981, 0x1981, 0x21e1, 0x4ba2,
  0x32e2, 0x3b42, 0x4bc3, 0x4342, 0x32c2, 0x21e1, 0x4322, 0x32e2, 0x53e3, 0x4ba3, 0x4323, 0x2241,
  0x3ae2, 0x3b42, 0x3302, 0x3b63, 0x4cd8, 0x553d, 0x5d5e, 0x5d7e, 0x5d9e, 0x5dde, 0xcfbf, 0xcfff,
  0x6e5f, 0x5cfd, 0x655d, 0x7dfe, 0x6d1c, 0x5c39, 0x53d7, 0x7c97, 0x5373, 0x4af1, 0x3a8f, 0x3a2d,
  0x4a6d, 0x5aae, 0x62ee, 0x5b0c, 0x63cc, 0x7c4e, 0x742e, 0x842e, 0x9bed, 0xa44e, 0x8c2d, 0x8b4a,
  0x7389, 0x73c8, 0x7bc7, 0x53a6, 0x3b66, 0x4327, 0x4aa7, 0x3a46, 0x3b25, 0x5ac7, 0x4267, 0x3a06,
  0x51e7, 0x4a48, 0x4aa9, 0x5aca, 0x6b8c, 0x628b, 0x5a2b, 0x628c, 0x62ac, 0x6acc, 0x7b0c, 0x628b,
  0x72aa, 0x7aeb, 0x72eb, 0x72eb, 0x6acb, 0x72aa, 0x7b0b, 0x8b4c, 0x936c, 0x8bae, 0x5bb1, 0x53f0,
  0x5c50, 0x4c30, 0x4450, 0x3bce, 0x3bed, 0x33cb, 0x3bab, 0x3b6b, 0x338b, 0x3bad, 0x3c11, 0x3bec,
  0x4c91, 0x3c13, 0x4453, 0x6513, 0x4c53, 0x4433, 0x3c33, 0x5cf4, 0x64f3, 0x4433, 0x3c13, 0x4473,
  0x4473, 0x4c93, 0x4c93, 0x54f4, 0x5d34, 0x54d4, 0x6556, 0x6d97, 0x6d77, 0x6557, 0x54d5, 0x4c94,
  0x4c94, 0x4474, 0x5d16, 0x6d57, 0x6d57, 0x6535, 0x4451, 0x4c92, 0x6d35, 0x54d3, 0x54f2, 0x54f2,
  0x5d13, 0x5d53, 0x6573, 0x5d34, 0x5d34, 0x5d14, 0x3c74, 0x4453, 0x3ba8, 0x3bec, 0x442f, 0x4493,
  0x54f6, 0x54b4, 0x3b8e, 0x3b87, 0x4c2a, 0x5490, 0x4baa, 0x4345, 0x43c5, 0x43c6, 0x5406, 0x4bc6,
  0x43a6, 0x2246, 0x2225, 0x32c5, 0x3306, 0x4be6, 0x29c5, 0x53c5, 0x6ce5, 0x3b24, 0x2a85, 0x2244,
  0x19a4, 0x1a04, 0x2225, 0x1a04, 0x2aa5, 0x8388, 0xcc69, 0xcc6a, 0xcc6a, 0xd4aa, 0xd4cb, 0xcc8a,
  0xcc6a, 0xcc8a, 0xbbe8, 0xbc09, 0xc429, 0xc449, 0xbbc9, 0xab88, 0xccaa, 0xc449, 0xb3a8, 0xa327,
  0xbc29, 0xb3a8, 0xab88, 0xab88, 0xc429, 0xbc09, 0xbc29, 0xc46a, 0xcc8a, 0xdd8d, 0xbc49, 0x7245,
  0x2903, 0x28e3, 0x18a2, 0x20c2, 0x3923, 0x4984, 0x82a6, 0x72c6, 0x19e4, 0x2a44, 0x32c3, 0x3b02,
  0x32c2, 0x32e2, 0x5403, 0x32a2, 0x32c2, 0x3282, 0x3ae2, 0x6464, 0x5c43, 0x4342, 0x32a2, 0x32a1,
  0x08c1, 0x1161, 0x2a41, 0x1981, 0x1121, 0x1981, 0x2221, 0x1161, 0x1141, 0x21e2, 0x2a42, 0x4342,
  0x5403, 0x32c2, 0x3b22, 0x4383, 0x4ba3, 0x3ae2, 0x3302, 0x3302, 0x4be3, 0x4363, 0x32c2, 0x3b42,
  0x3302, 0x4363, 0x2262, 0x4ba3, 0x5cf7, 0x5d5c, 0x5d7b, 0x4c53, 0x5d16, 0x5d98, 0xa6fb, 0xa77e,
  0x6e1e, 0x549c, 0x5cdc, 0x5d1c, 0x65bd, 0x6479, 0x4b75, 0x53d6, 0x32b1, 0x3ab0, 0x3a8f, 0x3a6d,
  0x52ae, 0x6b50, 0x83d0, 0x7bee, 0x744e, 0x8cd0, 0x84af, 0x7bed, 0x9bcc, 0x8c6a, 0x7489, 0x73c9,
  0x7b89, 0x6ae9, 0x72a9, 0x4ae7, 0x52c7, 0x6ac8, 0x7b28, 0x4266, 0x5405, 0x4ae7, 0x5307, 0x4b26,
  0x52c6, 0x4b06, 0x4ba6, 0x53e6, 0x4ba6, 0x5ae9, 0x5a2a, 0x6aab, 0x6aab, 0x72cb, 0x82eb, 0x7acb,
  0x72aa, 0x7aeb, 0x7b0c, 0x830c, 0x628b, 0x6aab, 0x6acb, 0x9bce, 0x7aec, 0x93ae, 0x7470, 0x6470,
  0x6cef, 0x64d0, 0x3c2e, 0x3c2e, 0x33ec, 0x33cb, 0x2b4a, 0x332a, 0x338b, 0x440c, 0x440b, 0x440a,
  0x4c6e, 0x4433, 0x4c73, 0x54b2, 0x4c31, 0x4c51, 0x33f2, 0x3c32, 0x54b2, 0x5493, 0x4413, 0x4c74,
  0x4c74, 0x4c74, 0x4cb4, 0x4493, 0x54f3, 0x5d14, 0x5d14, 0x54d4, 0x6575, 0x54d5, 0x4cb5, 0x4c94,
  0x4c94, 0x4c94, 0x4474, 0x6d57, 0x5cf6, 0x4c72, 0x4430, 0x4431, 0x54b2, 0x4473, 0x4473, 0x54d3,
  0x5cd3, 0x5d33, 0x54f2, 0x4472, 0x4cb3, 0x5514, 0x4cb5, 0x4410, 0x3327, 0x3347, 0x3347, 0x3348,
  0x3b48, 0x3b67, 0x4c48, 0x5d0a, 0x548e, 0x438a, 0x4386, 0x2a45, 0x3325, 0x5466, 0x5446, 0x4c05,
  0x3305, 0x32c5, 0x3325, 0x5c85, 0x5ca6, 0x43e5, 0x2a65, 0x43a5, 0x64c5, 0x64a5, 0x43a5, 0x2284,
  0x2265, 0x2ac5, 0x2ae5, 0x32e5, 0x8be8, 0xcc6a, 0xbc08, 0xb3a8, 0xbc29, 0xb3e9, 0xaba8, 0xaba8,
  0xb3c8, 0xbc29, 0xc429, 0xab47, 0x9ae6, 0x9b07, 0xa348, 0x9b27, 0xbc49, 0xbc49, 0xb3c8, 0xbc09,
  0xd4aa, 0xbc29, 0xbc0a, 0xcc8a, 0xdd2c, 0xe58d, 0xddce, 0xdd6d, 0xdd6d, 0xdd8d, 0xbc28, 0x4184,
  0x2965, 0x2903, 0x28e3, 0x20c2, 0x28e3, 0x3123, 0x6a45, 0x9347, 0x7b45, 0x2a83, 0x2a83, 0x3ac2,
  0x32a2, 0x53a3, 0x4323, 0x2202, 0x3b02, 0x4322, 0x3aa3, 0x2222, 0x3262, 0x21e1, 0x21e1, 0x1981,
  0x21e1, 0x1181, 0x1181, 0x2221, 0x1161, 0x2221, 0x19c1, 0x21c1, 0x32a2, 0x19c1, 0x2a62, 0x5c23,
  0x53e3, 0x4363, 0x4383, 0x4bc3, 0x3b22, 0x32a2, 0x1a01, 0x32e2, 0x3b22, 0x32e2, 0x2241, 0x3302,
  0x3302, 0x3b43, 0x3b43, 0x4343, 0x438a, 0x43cc, 0x3b27, 0x32c3, 0x32e4, 0x3b45, 0x4365, 0x8619,
  0x6dfe, 0x4c7c, 0x5cdc, 0x53da, 0x5c3a, 0x6c79, 0x5b54, 0x5b33, 0x4ad0, 0x3ab0, 0x42f0, 0x42cf,
  0x532f, 0x6350, 0x7bd1, 0x6bcf, 0x742e, 0x8ccf, 0x7c0e, 0x736d, 0x9bcc, 0x53c7, 0x5c27, 0x73e9,
  0x7389, 0x52e7, 0x4ac7, 0x4b07, 0x5b27, 0x6426, 0x5425, 0x3245, 0x4be5, 0x53c6, 0x4b66, 0x32c5,
  0x3b25, 0x3b05, 0x3ae5, 0x3b25, 0x4345, 0x5ae8, 0x520a, 0x6a6b, 0x728b, 0x72ab, 0x82eb, 0x7aab,
  0x7acb, 0x7aeb, 0x7aeb, 0x8b0c, 0x6aab, 0x728b, 0x72ab, 0x93ad, 0x7acc, 0x932d, 0x7450, 0x644f,
  0x5c6e, 0x4bec, 0x43ec, 0x336b, 0x338b, 0x338b, 0x3b8a, 0x3baa, 0x3c0a, 0x3c0a, 0x3bca, 0x3baa,
  0x336c, 0x4433, 0x4c53, 0x5491, 0x3c0f, 0x4450, 0x4451, 0x4c52, 0x5472, 0x5c93, 0x4413, 0x4433,
  0x3c13, 0x3c13, 0x4473, 0x4494, 0x54d4, 0x5d14, 0x54d4, 0x54d4, 0x5cf4, 0x54d4, 0x54d4, 0x4cb4,
  0x4c94, 0x4cb4, 0x4453, 0x4c94, 0x64f6, 0x3c31, 0x3c10, 0x4411, 0x3bf1, 0x4c72, 0x4c93, 0x4c93,
  0x5cd3, 0x4471, 0x54d1, 0x4452, 0x4cd3, 0x6554, 0x4cd5, 0x3bb0, 0x2ae6, 0x3326, 0x3306, 0x3b47,
  0x32e6, 0x3b66, 0x3b86, 0x3306, 0x32c6, 0x3305, 0x3326, 0x3245, 0x32e5, 0x2ae5, 0x3b65, 0x3b45,
  0x3b45, 0x43a6, 0x5466, 0x4c05, 0x4c25, 0x4c25, 0x32a5, 0x32c5, 0x4c05, 0x4c05, 0x4385, 0x2244,
  0x2264, 0x1a04, 0x1a04, 0x4ae5, 0xc4ca, 0xe54c, 0xdd6d, 0xe58d, 0xe56c, 0xdd4c, 0xedad, 0xe5ad,
  0xe5ad, 0xee0e, 0xbc09, 0x92a6, 0x7aea, 0x5b90, 0xbd0f, 0xccab, 0xcc8a, 0xccaa, 0xabc8, 0xa388,
  0xabc8, 0x9b27, 0x9b47, 0xa388, 0xa368, 0xabc8, 0xb3e8, 0xc46a, 0xd50c, 0x7aa5, 0x6204, 0x51c4,
  0x29e7, 0x3123, 0x3123, 0x28e3, 0x18a2, 0x28e2, 0x3103, 0x6204, 0xabe7, 0x4a43, 0x1982, 0x2202,
  0x2a22, 0x2202, 0x19a2, 0x19e3, 0x19e2, 0x19a2, 0x1982, 0x1182, 0x1982, 0x1142, 0x1161, 0x1161,
  0x3ac2, 0x3aa2, 0x21e1, 0x1981, 0x08e1, 0x1981, 0x1161, 0x19c1, 0x2a22, 0x21e1, 0x32a2, 0x53e3,
  0x32a2, 0x4362, 0x4bc3, 0x5c23, 0x2241, 0x4323, 0x2a82, 0x2a61, 0x3ae2, 0x4b83, 0x53e4, 0x3282,
  0x4b83, 0x2a82, 0x4363, 0x3b03, 0x32c3, 0x2a83, 0x2a83, 0x2a63, 0x2a83, 0x32c3, 0x3b04, 0x8618,
  0x6dfe, 0x4c5c, 0x5cdc, 0x53da, 0x5bb8, 0x6419, 0x5b54, 0x6b73, 0x6330, 0x42f0, 0x5371, 0x430f,
  0x42ee, 0x532f, 0x530f, 0x6b6f, 0x7bd0, 0x6b2e, 0x7b2e, 0x8b4d, 0x8b2c, 0x4b27, 0x4386, 0x4386,
  0x3b45, 0x3b65, 0x43c6, 0x4be6, 0x5c46, 0x5c46, 0x3b86, 0x3266, 0x2aa5, 0x3325, 0x43c5, 0x43c5,
  0x4385, 0x3b25, 0x3b25, 0x3b44, 0x3b24, 0x4ac7, 0x520a, 0x626b, 0x628a, 0x6b2a, 0x7b0b, 0x72aa,
  0x72aa, 0x7aeb, 0x7aeb, 0x7acb, 0x62ab, 0x72cc, 0x6aac, 0x938d, 0x7a8b, 0x82ec, 0x5baf, 0x53ce,
  0x540e, 0x4bcc, 0x3b6a, 0x338a, 0x3baa, 0x3bca, 0x3329, 0x3329, 0x334a, 0x334a, 0x332a, 0x334c,
  0x43f0, 0x4410, 0x4452, 0x3c30, 0x3bcf, 0x3bf0, 0x4451, 0x4432, 0x5493, 0x5c93, 0x4c54, 0x4413,
  0x4433, 0x4453, 0x442f, 0x4c70, 0x4c93, 0x5cd4, 0x54b4, 0x5cd4, 0x5494, 0x64b4, 0x5494, 0x4454,
  0x4c94, 0x4433, 0x4c53, 0x5493, 0x3c13, 0x3c12, 0x4411, 0x43f0, 0x4c51, 0x4451, 0x3c13, 0x4c94,
  0x4472, 0x3c2f, 0x4471, 0x3c53, 0x54f3, 0x44b4, 0x54f6, 0x3bf2, 0x2ae9, 0x2ae7, 0x2ae6, 0x2ac6,
  0x2265, 0x2a86, 0x2a66, 0x19e5, 0x32a6, 0x2ac6, 0x2266, 0x29e5, 0x2ac5, 0x2aa4, 0x2aa4, 0x3304,
  0x3b65, 0x3b45, 0x3b65, 0x3b65, 0x3b45, 0x3305, 0x21e4, 0x2a45, 0x2a64, 0x2a85, 0x2ac5, 0x2244,
  0x2244, 0x2245, 0x3265, 0x7347, 0xbc49, 0xbc29, 0xabe8, 0xbc29, 0xb409, 0xb409, 0xabc8, 0xb409,
  0xabe9, 0xabc8, 0xa388, 0x9b68, 0x9b8a, 0x9bab, 0xabe9, 0xabc8, 0xd50c, 0xdd2c, 0xd52c, 0xd50c,
  0xd50c, 0xd4ec, 0xe58c, 0xe5ad, 0xdd2c, 0xe58c, 0xe56c, 0xdd4c, 0xbc4a, 0x7245, 0x51c4, 0x6204,
  0x5a87, 0x4184, 0x4143, 0x3123, 0x20c2, 0x28e2, 0x3903, 0x4963, 0x9b26, 0x8b05, 0x4a04, 0x1982,
  0x1982, 0x1983, 0x1163, 0x1983, 0x1142, 0x1142, 0x19a3, 0x1182, 0x1982, 0x1122, 0x1142, 0x1981,
  0x2a41, 0x2201, 0x1161, 0x1141, 0x08e1, 0x1141, 0x21c1, 0x2a61, 0x2a42, 0x1141, 0x2221, 0x5402,
  0x3b22, 0x32e2, 0x32c2, 0x53e2, 0x2241, 0x2221, 0x2241, 0x21e1, 0x2a81, 0x32e2, 0x3b22, 0x32a2,
  0x4343, 0x2262, 0x4bc4, 0x4383, 0x4363, 0x2a63, 0x2243, 0x32c3, 0x32a3, 0x3303, 0x32e4, 0x8659,
  0x6e1e, 0x4c9d, 0x547c, 0x53da, 0x5bd9, 0x6438, 0x5b33, 0x73b3, 0x6351, 0x42f0, 0x5371, 0x430f,
  0x4b4f, 0x4b2f, 0x532f, 0x6b6f, 0x83d0, 0x730e, 0x8b0d, 0xa38d, 0x9b6d, 0x938c, 0x6309, 0x3a86,
  0x3aa6, 0x42c6, 0x42e6, 0x4326, 0x4346, 0x32a6, 0x2a66, 0x29e5, 0x2225, 0x2a86, 0x2a25, 0x3245,
  0x3a45, 0x3a65, 0x3245, 0x3265, 0x52c7, 0x5a49, 0x520a, 0x5289, 0x4ba7, 0x4426, 0x5be8, 0x62e9,
  0x6309, 0x7b0b, 0x8b6d, 0x8b4d, 0x6acc, 0x52cd, 0x734d, 0x838c, 0x736d, 0x7b2d, 0x8c93, 0x4b6e,
  0x43b0, 0x4bef, 0x544e, 0x3bec, 0x332b, 0x2aca, 0x2aa9, 0x2aa9, 0x2aea, 0x440e, 0x4c50, 0x3bce,
  0x43ed, 0x3bcd, 0x3c10, 0x33f0, 0x33b0, 0x33b0, 0x3bef, 0x3bf0, 0x5492, 0x4c52, 0x4c53, 0x3c12,
  0x4452, 0x3bef, 0x43ea, 0x33ab, 0x4451, 0x54b3, 0x5494, 0x5c74, 0x5c54, 0x6474, 0x5cb4, 0x5494,
  0x4c94, 0x4434, 0x4432, 0x4452, 0x4432, 0x3bf1, 0x3bd1, 0x334f, 0x33b1, 0x4cb4, 0x4cb4, 0x4472,
  0x3c30, 0x444e, 0x4c71, 0x3c53, 0x4493, 0x44b4, 0x4495, 0x4cd6, 0x4cb6, 0x3414, 0x336f, 0x2aa7,
  0x330c, 0x2266, 0x2246, 0x1a06, 0x19e6, 0x2227, 0x21e7, 0x2186, 0x2265, 0x2264, 0x2244, 0x2a64,
  0x2284, 0x2aa4, 0x2aa4, 0x32e5, 0x2244, 0x2204, 0x21c5, 0x21c5, 0x21e5, 0x19a4, 0x19a4, 0x19a4,
  0x2245, 0x2225, 0xac49, 0xdd0a, 0xdcea, 0xe54c, 0xd4aa, 0xdd0b, 0xd4ea, 0xdd2b, 0xccaa, 0xe52b,
  0xdceb, 0xd4ca, 0xc449, 0xbc29, 0xb42a, 0xb42a, 0xb409, 0xc469, 0xccaa, 0xd50b, 0xdd2b, 0xd4ea,
  0xcc8a, 0xdd2b, 0xe5cd, 0xdd6c, 0xdd6c, 0xdd6c, 0xdd6d, 0xcceb, 0x6a66, 0x59e4, 0x5a04, 0x6225,
  0x51e5, 0x51a3, 0x51a4, 0x4163, 0x3923, 0x28e2, 0x20c2, 0x28e2, 0x4163, 0x8ae6, 0x8b06, 0x31c3,
  0x1163, 0x1983, 0x1143, 0x21c3, 0x2a24, 0x19a3, 0x19a2, 0x19a2, 0x19c2, 0x1142, 0x2202, 0x2a62,
  0x2201, 0x19a1, 0x1161, 0x0921, 0x1981, 0x2221, 0x2a61, 0x2a41, 0x2a82, 0x2a42, 0x2201, 0x43a2,
  0x4362, 0x4b82, 0x2221, 0x4343, 0x2a62, 0x19a1, 0x19a1, 0x2a42, 0x32e2, 0x5424, 0x3b22, 0x32e2,
  0x2a62, 0x4343, 0x3b63, 0x4343, 0x32c3, 0x2a83, 0x2222, 0x3b03, 0x2a83, 0x3303, 0x32e3, 0x7e78,
  0x6e5f, 0x551d, 0x4c5c, 0x4bda, 0x53d9, 0x5bf8, 0x5332, 0x7c34, 0x6351, 0x42f0, 0x4b70, 0x430f,
  0x4b4f, 0x4b4f, 0x4b4f, 0x5b4e, 0x83ee, 0x6b0d, 0x7b4b, 0x8baa, 0x938c, 0x9bad, 0x938c, 0x8b4c,
  0x5287, 0x52c6, 0x62e6, 0x3a86, 0x2225, 0x2266, 0x2a26, 0x2985, 0x3a86, 0x3246, 0x32a5, 0x2aa4,
  0x3a85, 0x5ac7, 0x4267, 0x4267, 0x7b0a, 0x7aea, 0x4ac8, 0x4347, 0x3b87, 0x3347, 0x4b88, 0x5308,
  0x5309, 0x730c, 0x8b2e, 0x8b0d, 0x6aad, 0x5aad, 0x7b0c, 0x834c, 0x738d, 0x730d, 0x7bf3, 0x536e,
  0x436e, 0x4b8e, 0x4bce, 0x3b6c, 0x2aeb, 0x334a, 0x434a, 0x330a, 0x4c4a, 0x4c6b, 0x440d, 0x3bad,
  0x3bce, 0x442d, 0x338d, 0x3bee, 0x3bef, 0x3bcf, 0x442f, 0x3bef, 0x5492, 0x4c73, 0x4c74, 0x4430,
  0x440c, 0x43eb, 0x3b6a, 0x3b8a, 0x3bcb, 0x3bec, 0x4c53, 0x5474, 0x5c74, 0x6494, 0x5474, 0x5c94,
  0x5474, 0x4c34, 0x3bd2, 0x3bf1, 0x3bf1, 0x4451, 0x4411, 0x3bd0, 0x4c31, 0x4452, 0x3c11, 0x33ad,
  0x442d, 0x4429, 0x4c4e, 0x4453, 0x54b3, 0x4cb4, 0x4cb5, 0x54f6, 0x4cd6, 0x3c76, 0x3c76, 0x3c13,
  0x334e, 0x2285, 0x2a85, 0x2246, 0x2206, 0x2268, 0x4329, 0x2966, 0x32c5, 0x2aa5, 0x2a65, 0x2224,
  0x19e4, 0x1a04, 0x1a04, 0x19c4, 0x19e4, 0x2205, 0x1964, 0x21e5, 0x32e5, 0x2a85, 0x2264, 0x2224,
  0x2244, 0x52c6, 0xbcab, 0xdd0b, 0xe54b, 0xd4a9, 0xccaa, 0xd50b, 0xd52c, 0xd52c, 0xcceb, 0xd50c,
  0xcd0c, 0xcccb, 0xc44a, 0xbc6a, 0xc4cb, 0xbc6a, 0x9b67, 0xac09, 0x9b88, 0xa3c8, 0xa3c8, 0x9347,
  0x9b67, 0xb449, 0xac09, 0xb409, 0xbc49, 0xc48a, 0xabe8, 0x9347, 0x49a4, 0x4984, 0x6204, 0x5a25,
  0x4a26, 0x4983, 0x51a3, 0x4163, 0x3943, 0x3123, 0x28e2, 0x2903, 0x3123, 0x7265, 0x9b46, 0x5a44,
  0x19a3, 0x2a44, 0x4325, 0x3ae4, 0x21e3, 0x19c3, 0x21e3, 0x2203, 0x1162, 0x21e2, 0x32a2, 0x3b23,
  0x1160, 0x1161, 0x19c1, 0x19a1, 0x3ae1, 0x32c1, 0x2a61, 0x2a41, 0x21e1, 0x1981, 0x2221, 0x4bc2,
  0x3b42, 0x4342, 0x4b83, 0x3b02, 0x21e2, 0x19a1, 0x2a42, 0x2242, 0x3b22, 0x53e3, 0x53c3, 0x3b22,
  0x3b03, 0x4363, 0x3b23, 0x4363, 0x4364, 0x2202, 0x32a3, 0x2222, 0x32a3, 0x4344, 0x32c3, 0x8678,
  0x769f, 0x553d, 0x547c, 0x541a, 0x5377, 0x5bf7, 0x6393, 0x6bd3, 0x5310, 0x42ef, 0x432f, 0x4b4f,
  0x432f, 0x4b6f, 0x4b6e, 0x63ae, 0x638d, 0x5b2b, 0x4b08, 0x4347, 0x73a9, 0x7b8b, 0x83ab, 0x634a,
  0x42a6, 0x3265, 0x2a45, 0x2a25, 0x3266, 0x3a66, 0x6ae8, 0x2165, 0x3ae6, 0x4266, 0x7307, 0x3a46,
  0x3a06, 0x5247, 0x6a89, 0x5a89, 0x4b08, 0x4347, 0x32c7, 0x32c7, 0x3b27, 0x32e7, 0x4387, 0x3306,
  0x3307, 0x638a, 0x830c, 0x8b2d, 0x5a8c, 0x5aac, 0x834d, 0x7b2c, 0x732c, 0x6aeb, 0x73cf, 0x3aea,
  0x32ea, 0x332a, 0x330a, 0x332a, 0x3b8a, 0x43ab, 0x434b, 0x434b, 0x338a, 0x3bca, 0x4c2b, 0x43ca,
  0x43ea, 0x3349, 0x2b2b, 0x3bae, 0x338f, 0x338f, 0x33ce, 0x442f, 0x4451, 0x5493, 0x54b4, 0x3bcf,
  0x3bad, 0x336c, 0x334b, 0x336a, 0x334b, 0x3bd0, 0x4c54, 0x4c12, 0x5475, 0x6474, 0x6474, 0x5c74,
  0x5c53, 0x4bf3, 0x3bb3, 0x4c32, 0x3bd1, 0x3bf0, 0x3bb0, 0x3370, 0x3bb0, 0x4c4e, 0x4c2f, 0x43ef,
  0x43e9, 0x3bc8, 0x3be9, 0x3c0e, 0x4c8f, 0x4c92, 0x4cd5, 0x4cb5, 0x4cb5, 0x3c96, 0x3c75, 0x3bf0,
  0x3bcf, 0x3b68, 0x2267, 0x2aec, 0x53ed, 0x2ac5, 0x3b26, 0x29a6, 0x32c5, 0x2264, 0x2224, 0x19c4,
  0x1184, 0x11a4, 0x11a4, 0x2244, 0x2264, 0x2224, 0x1984, 0x2225, 0x2ae5, 0x3345, 0x3b65, 0x43c6,
  0x4ba6, 0xb48a, 0xcccb, 0xc46a, 0xc48b, 0xcceb, 0xd54d, 0xbc4a, 0xbc4a, 0xbc29, 0xc52d, 0xbc6a,
  0xc4cb, 0xd54d, 0xbcab, 0x8d0e, 0xacab, 0xccaa, 0xdd6c, 0xbc29, 0xb429, 0xc4ab, 0xb3e8, 0xb3a8,
  0xbc09, 0xd52c, 0xc48a, 0xcd0b, 0xd50b, 0xdd6c, 0x8ae6, 0x4163, 0x4163, 0x4183, 0x51a3, 0x546e,
  0x338c, 0x5286, 0x59c3, 0x4163, 0x4163, 0x3923, 0x3103, 0x20c2, 0x3103, 0x3943, 0x82c5, 0x8b26,
  0x6b46, 0x2aa3, 0x2a63, 0x1a02, 0x19a2, 0x19e3, 0x19c2, 0x1182, 0x19c2, 0x4323, 0x5be3, 0x32c3,
  0x1140, 0x1101, 0x2a41, 0x21e1, 0x3ae2, 0x3b02, 0x2201, 0x19c1, 0x1141, 0x3b02, 0x2a61, 0x2a81,
  0x3b02, 0x32c2, 0x3ae2, 0x2a62, 0x19a1, 0x2a42, 0x3ae3, 0x2221, 0x2aa2, 0x4ba3, 0x4363, 0x32a2,
  0x3b03, 0x4363, 0x4ba4, 0x4383, 0x3b23, 0x2202, 0x3ae3, 0x2222, 0x32c3, 0x32c3, 0x32a3, 0x86b9,
  0x76bf, 0x551d, 0x5cdc, 0x53d9, 0x5397, 0x5bd6, 0x5b74, 0x6bd4, 0x42b0, 0x3b0f, 0x438e, 0x540e,
  0x5c0e, 0x540e, 0x6c4e, 0x6c0d, 0x740e, 0x634c, 0x3a88, 0x32c7, 0x4327, 0x4b48, 0x73c9, 0x836b,
  0x8b8c, 0x5aa8, 0x4aa6, 0x7308, 0x63c8, 0x5be7, 0x4306, 0x3286, 0x4be6, 0x43a6, 0x53a7, 0x6427,
  0x5bc7, 0x5367, 0x5327, 0x5be7, 0x6486, 0x4ba6, 0x32e7, 0x3287, 0x32c7, 0x32a7, 0x32e6, 0x2ae6,
  0x32e6, 0x4287, 0x728a, 0x830b, 0x4b28, 0x6329, 0x9bcd, 0x8b4c, 0x9b8c, 0x830b, 0x8b4c, 0x834c,
  0x3a8a, 0x2249, 0x224a, 0x2a8a, 0x2aaa, 0x2aca, 0x2a6a, 0x2a6a, 0x22aa, 0x22aa, 0x2289, 0x330a,
  0x2aea, 0x2b09, 0x3baa, 0x2b2c, 0x43ce, 0x3b8d, 0x440e, 0x33ae, 0x3bcf, 0x4c52, 0x4c6f, 0x444e,
  0x336d, 0x336b, 0x332b, 0x334a, 0x2b2a, 0x3b6c, 0x334c, 0x334e, 0x5454, 0x5c74, 0x5c74, 0x6473,
  0x5c53, 0x3bb3, 0x4c33, 0x4c52, 0x4411, 0x3bf0, 0x3bd0, 0x43b0, 0x43ef, 0x442b, 0x442b, 0x442d,
  0x43ea, 0x3369, 0x43c9, 0x3bca, 0x3bcc, 0x440c, 0x4cb3, 0x4473, 0x3c32, 0x4494, 0x3bac, 0x3b47,
  0x3307, 0x2286, 0x2ac7, 0x3306, 0x3305, 0x2ae6, 0x2aa6, 0x29e6, 0x32e5, 0x2ac5, 0x2a85, 0x32a5,
  0x2204, 0x4ba5, 0x3b45, 0x2ae4, 0x2a84, 0x2a44, 0x2184, 0x21e5, 0x2aa5, 0x2ac5, 0x2ac5, 0x32a5,
  0x6b67, 0xd4cb, 0xc48b, 0xc48a, 0xd50c, 0xcccb, 0xcccb, 0xcccb, 0xbc08, 0xbc09, 0xcccb, 0xd50c,
  0xcceb, 0xbc69, 0xb429, 0xbc89, 0xabe8, 0xbc49, 0xbc29, 0xc449, 0xd50c, 0xcc8a, 0xdd2c, 0xe5cd,
  0xe5ee, 0xdd8c, 0xe5ad, 0xddad, 0xe5ce, 0xb44a, 0x7244, 0x4163, 0x5183, 0x51a3, 0x61e3, 0x4a86,
  0x4308, 0x6223, 0x61e3, 0x4983, 0x4983, 0x4143, 0x4143, 0x3103, 0x2903, 0x3923, 0x51c4, 0x8ae6,
  0x6aa5, 0x21c2, 0x19c2, 0x19c2, 0x1182, 0x1162, 0x1122, 0x1142, 0x1982, 0x3ae3, 0x3ae2, 0x3b03,
  0x0881, 0x08c1, 0x08c0, 0x08e1, 0x08e1, 0x0901, 0x08e0, 0x1101, 0x1121, 0x1100, 0x19a1, 0x1121,
  0x1981, 0x1981, 0x2202, 0x19c1, 0x3282, 0x2a82, 0x2222, 0x2a42, 0x4383, 0x4bc3, 0x4323, 0x3b03,
  0x32c2, 0x32c2, 0x3ae3, 0x4ba3, 0x32e2, 0x2202, 0x2aa2, 0x2222, 0x32a3, 0x3b23, 0x32c3, 0x86b9,
  0x76bf, 0x551d, 0x547b, 0x4bb8, 0x53b7, 0x5395, 0x4b33, 0x3ad1, 0x328f, 0x3b2e, 0x43cd, 0x4c0d,
  0x5c6d, 0x646d, 0x74ad, 0x84ee, 0x848e, 0x738e, 0x730b, 0x3287, 0x3ae7, 0x4b28, 0x5b68, 0x6368,
  0x6328, 0x5387, 0x5c27, 0x6ca7, 0x4ba6, 0x3b06, 0x3a86, 0x2a26, 0x2ae6, 0x3b86, 0x3326, 0x3b46,
  0x5426, 0x5465, 0x5485, 0x4405, 0x4c05, 0x43c5, 0x43c6, 0x3ba6, 0x3b46, 0x2a67, 0x32e7, 0x3ac7,
  0x4228, 0x6289, 0x5b0b, 0x53a9, 0x4407, 0x43a7, 0x7b8a, 0x832b, 0x936c, 0x830b, 0x8b0b, 0x834d,
  0x3a8b, 0x32ab, 0x2a8a, 0x330a, 0x32ca, 0x32ca, 0x32ea, 0x32ca, 0x332a, 0x2aca, 0x228a, 0x226a,
  0x2aab, 0x3b6c, 0x2aec, 0x3bad, 0x338e, 0x336d, 0x3bcd, 0x43ee, 0x3baf, 0x43ef, 0x3c0c, 0x3bed,
  0x43ed, 0x3beb, 0x32eb, 0x3b2b, 0x2b2a, 0x3bcc, 0x3370, 0x3bcf, 0x4c4d, 0x4c51, 0x5474, 0x5434,
  0x3bd3, 0x3bb2, 0x3bd1, 0x33b1, 0x33b0, 0x3bd1, 0x3bb0, 0x2b4e, 0x33ad, 0x3b8b, 0x336b, 0x3388,
  0x3b88, 0x2b08, 0x3348, 0x338c, 0x3bcd, 0x4c0a, 0x4c70, 0x4452, 0x3b27, 0x32e6, 0x2ac6, 0x2a86,
  0x2aa6, 0x32c6, 0x32e6, 0x2aa5, 0x2265, 0x2266, 0x32a6, 0x19a6, 0x2205, 0x1a25, 0x2265, 0x2a85,
  0x2245, 0x32a5, 0x2a64, 0x2264, 0x2244, 0x2a65, 0x2184, 0x21c5, 0x2245, 0x1a05, 0x19c5, 0x7b27,
  0xc46a, 0xc429, 0xbc29, 0xc46a, 0xc46a, 0xbc4a, 0xbc49, 0xb3e8, 0xa367, 0xa387, 0xabe8, 0xb429,
  0xa3a8, 0xa387, 0xaba7, 0xa387, 0xa367, 0xa368, 0xa3a8, 0xb409, 0xabe8, 0xc46a, 0xc469, 0xbc6a,
  0xd50b, 0xd54b, 0xddac, 0xddac, 0xbc8a, 0x7265, 0x4963, 0x4983, 0x59c4, 0x59e4, 0x6a03, 0x51a3,
  0x59c3, 0x6a23, 0x6a23, 0x5183, 0x51a3, 0x4983, 0x4163, 0x4143, 0x28e2, 0x2903, 0x3943, 0x59e4,
  0x9b66, 0x6a84, 0x1122, 0x1142, 0x1102, 0x1143, 0x1962, 0x1122, 0x1983, 0x1143, 0x1123, 0x1943,
  0x31a7, 0x1904, 0x2163, 0x08e1, 0x08e1, 0x1142, 0x1121, 0x1121, 0x1100, 0x1981, 0x19a1, 0x1121,
  0x1141, 0x19a1, 0x21c1, 0x1161, 0x21e2, 0x2a22, 0x1981, 0x2a02, 0x2a82, 0x4ba3, 0x4342, 0x3b22,
  0x3b22, 0x2aa2, 0x4342, 0x3b62, 0x32c2, 0x19a2, 0x3b23, 0x19c2, 0x4345, 0x2aa2, 0x4bc5, 0x86da,
  0x76bf, 0x5d7d, 0x5c9b, 0x53f8, 0x53d6, 0x4b74, 0x3ad2, 0x32b0, 0x2a6f, 0x32ee, 0x43ae, 0x438d,
  0x4bec, 0x5c0c, 0x6c0d, 0x73ec, 0x73cd, 0x838e, 0x832c, 0x4ae8, 0x2a46, 0x3a67, 0x2a46, 0x3b46,
  0x4ba7, 0x4b86, 0x4b86, 0x3ae6, 0x3286, 0x2a46, 0x3206, 0x1965, 0x21e5, 0x2225, 0x2225, 0x2245,
  0x2a85, 0x2a65, 0x2aa5, 0x2aa5, 0x32e5, 0x32c5, 0x32e6, 0x2a86, 0x4387, 0x32a7, 0x4ba8, 0x32a7,
  0x5388, 0x5328, 0x4b48, 0x4387, 0x3346, 0x3b27, 0x6c29, 0x834a, 0x934b, 0x82eb, 0x7acb, 0x7b4c,
  0x32a9, 0x2ac9, 0x330a, 0x32ca, 0x2aca, 0x332a, 0x32aa, 0x226a, 0x2ae9, 0x3baa, 0x3b6b, 0x332b,
  0x2acb, 0x330b, 0x2b2b, 0x334c, 0x2b0d, 0x2acd, 0x2b2d, 0x336e, 0x3bee, 0x43ec, 0x2b4a, 0x336b,
  0x3b8b, 0x4c2c, 0x43ac, 0x3b2b, 0x43ca, 0x3bca, 0x3b8c, 0x3b8a, 0x3b6a, 0x4c32, 0x4c33, 0x4bf3,
  0x43d2, 0x3371, 0x3391, 0x3390, 0x3bb0, 0x4c30, 0x4c2e, 0x3bad, 0x3bea, 0x440c, 0x4411, 0x336e,
  0x3349, 0x2ae8, 0x3368, 0x3b89, 0x43c9, 0x43e9, 0x4450, 0x4cd5, 0x334c, 0x2246, 0x2226, 0x2246,
  0x2a86, 0x2246, 0x1a06, 0x2206, 0x1a06, 0x1a06, 0x19c6, 0x1966, 0x1965, 0x1185, 0x1185, 0x11a5,
  0x19e5, 0x19a5, 0x19a5, 0x2206, 0x21e7, 0x328a, 0x2985, 0x21a7, 0x1965, 0x19a5, 0x2206, 0xac4a,
  0xc46a, 0xc44a, 0xccab, 0xd50c, 0xcceb, 0xbc49, 0xc48a, 0xb408, 0xb409, 0xb409, 0xa388, 0xb408,
  0xb3e8, 0xb408, 0xbc08, 0xb3c8, 0xabc8, 0xabc9, 0xa3a8, 0xb429, 0xac09, 0xa409, 0xa3c8, 0xa429,
  0xac6a, 0xac6a, 0xa429, 0xac4a, 0x8b06, 0x6a24, 0x3923, 0x4963, 0x5183, 0x51a3, 0x61e4, 0x61e4,
  0x61e4, 0x59e3, 0x59c3, 0x51c3, 0x59c4, 0x59c4, 0x51c4, 0x4163, 0x3102, 0x28e2, 0x3123, 0x4163,
  0x7284, 0x6aa4, 0x21c3, 0x19e3, 0x1983, 0x3263, 0x1143, 0x1983, 0x1163, 0x21c4, 0x63a7, 0x3264,
  0x4a49, 0x4208, 0x4227, 0x1121, 0x08e1, 0x1141, 0x1121, 0x1101, 0x1121, 0x08e1, 0x08e1, 0x08c0,
  0x0901, 0x1121, 0x0921, 0x08e0, 0x0901, 0x0900, 0x1121, 0x1141, 0x21c1, 0x32a2, 0x2a82, 0x3ae2,
  0x4382, 0x2a62, 0x3b22, 0x32e2, 0x32c2, 0x2a82, 0x2a62, 0x2a83, 0x32c3, 0x32c2, 0x32e3, 0x86da,
  0x86ff, 0x6dbe, 0x64fb, 0x64b8, 0x6497, 0x5c55, 0x5433, 0x53f2, 0x2a8f, 0x3b4f, 0x3b2e, 0x434d,
  0x430c, 0x4b2c, 0x5b6c, 0x638b, 0x638b, 0x6b6c, 0x6b0c, 0x5b09, 0x42a7, 0x3a67, 0x2226, 0x2a65,
  0x2245, 0x2225, 0x2225, 0x2205, 0x21a5, 0x5a68, 0x4a07, 0x2145, 0x4aa5, 0x21e5, 0x31e6, 0x29c5,
  0x1985, 0x1985, 0x19a5, 0x29e6, 0x3206, 0x3207, 0x3226, 0x3b26, 0x3ba7, 0x3307, 0x4387, 0x43c7,
  0x32e7, 0x4287, 0x4ae7, 0x4387, 0x32e7, 0x3b07, 0x3b67, 0x5b29, 0x832b, 0x72ca, 0x7aeb, 0x832c,
  0x3a69, 0x2269, 0x2249, 0x2a49, 0x2a8a, 0x2249, 0x21e9, 0x2a49, 0x1a29, 0x2289, 0x2aca, 0x334a,
  0x2aea, 0x336a, 0x2b2a, 0x336b, 0x336c, 0x330e, 0x33ad, 0x3b8e, 0x3b8e, 0x336b, 0x338a, 0x336b,
  0x43cb, 0x440c, 0x330b, 0x3b4a, 0x334a, 0x3b6a, 0x334a, 0x2aca, 0x330d, 0x334f, 0x3b71, 0x3331,
  0x3351, 0x3331, 0x3370, 0x338f, 0x3b90, 0x334f, 0x336d, 0x2b0b, 0x334a, 0x3ba9, 0x3bc9, 0x3ba8,
  0x3368, 0x3328, 0x3367, 0x3368, 0x43e9, 0x442b, 0x4c70, 0x442e, 0x440e, 0x3b6d, 0x3b4d, 0x2acc,
  0x3b0b, 0x1a06, 0x19e6, 0x19c6, 0x2a88, 0x2227, 0x2a47, 0x2146, 0x2a27, 0x3b2a, 0x19c6, 0x19c6,
  0x19e6, 0x32e8, 0x21e6, 0x3ae9, 0x3289, 0x3aeb, 0x3965, 0x39c8, 0x42e8, 0x2206, 0x21e6, 0x72e7,
  0x7ac6, 0x4205, 0x5265, 0x5286, 0x5245, 0x3102, 0x3923, 0x3943, 0x3943, 0x3123, 0x4184, 0x6a25,
  0x6224, 0x6224, 0x6a44, 0x6204, 0x59e4, 0x7286, 0x4983, 0x4983, 0x51c4, 0x4983, 0x4143, 0x4163,
  0x4983, 0x4983, 0x4163, 0x6a44, 0x59e4, 0x4163, 0x4983, 0x4163, 0x59e3, 0x4163, 0x3943, 0x4164,
  0x3964, 0x3984, 0x3922, 0x3963, 0x51c4, 0x51c4, 0x4183, 0x4183, 0x31a4, 0x2943, 0x2923, 0x3163,
  0x2963, 0x29c3, 0x1983, 0x1163, 0x1983, 0x2203, 0x1983, 0x2223, 0x2203, 0x1983, 0x19c4, 0x4305,
  0x8410, 0x5aec, 0x738e, 0x0880, 0x08a1, 0x08c1, 0x10e1, 0x1141, 0x1121, 0x1121, 0x08e1, 0x1121,
  0x1981, 0x1161, 0x1981, 0x1121, 0x19a1, 0x1141, 0x2a22, 0x21c2, 0x19a1, 0x1161, 0x1981, 0x19a1,
  0x2a21, 0x21e1, 0x2a62, 0x32c2, 0x3ae3, 0x2aa2, 0x2a42, 0x32c3, 0x2aa3, 0x3b23, 0x2a83, 0x8ed9,
  0x871f, 0x75fe, 0x7ddc, 0x85d9, 0x7d97, 0x7595, 0x7574, 0x6d33, 0x64b1, 0x4bef, 0x4bcf, 0x438d,
  0x4bcc, 0x53eb, 0x64ab, 0x6ceb, 0x750b, 0x6ccb, 0x7cac, 0x840d, 0x7bab, 0x7bab, 0x630a, 0x738b,
  0x2a66, 0x3b46, 0x32c5, 0x2205, 0x52e7, 0x5ae8, 0x3226, 0x2165, 0x2aa6, 0x32e6, 0x3aa6, 0x4ac6,
  0x29e5, 0x3a26, 0x29e6, 0x29e6, 0x2a06, 0x3a87, 0x3b26, 0x3b66, 0x2aa6, 0x2226, 0x2a66, 0x2a86,
  0x2aa7, 0x3307, 0x3b67, 0x4387, 0x3b07, 0x3b27, 0x4387, 0x4387, 0x4ba8, 0x5bc8, 0x738b, 0x832c,
  0x4a8b, 0x2a4a, 0x2a4a, 0x2a6a, 0x2a8b, 0x2aab, 0x326a, 0x2a2a, 0x2a6a, 0x222a, 0x1a29, 0x1a49,
  0x224a, 0x224a, 0x2aab, 0x336d, 0x334d, 0x330e, 0x3bae, 0x338e, 0x43f0, 0x3bae, 0x2aaa, 0x3b6a,
  0x2aea, 0x2aaa, 0x2a8a, 0x2a6a, 0x2aaa, 0x2aaa, 0x228a, 0x3b6d, 0x440f, 0x43cd, 0x8532, 0x5c33,
  0x5c33, 0x3331, 0x3351, 0x2b0f, 0x3b90, 0x3b90, 0x332b, 0x334b, 0x332b, 0x2acc, 0x330b, 0x3329,
  0x43e9, 0x2ae9, 0x3348, 0x43c9, 0x3389, 0x3bea, 0x4409, 0x43a9, 0x338c, 0x4c31, 0x4431, 0x440f,
  0x4389, 0x3307, 0x2b08, 0x3b88, 0x3328, 0x2ac7, 0x32c7, 0x3186, 0x3a27, 0x2a47, 0x21e6, 0x3b07,
  0x3b87, 0x3b47, 0x4349, 0x4308, 0x4348, 0x3b29, 0x3965, 0x39a6, 0x3ae7, 0x32e7, 0x2aa7, 0x2aa7,
  0x32e7, 0x32e7, 0x32e8, 0x2ae9, 0x32c8, 0x4163, 0x3943, 0x51e4, 0x3963, 0x4163, 0x4984, 0x4983,
  0x4183, 0x2103, 0x1924, 0x224b, 0x2209, 0x2103, 0x3943, 0x3923, 0x4984, 0x4163, 0x51a4, 0x51c4,
  0x49a3, 0x51c4, 0x49a3, 0x51c3, 0x3943, 0x4163, 0x59e3, 0x49a4, 0x59c3, 0x3964, 0x1904, 0x2105,
  0x2945, 0x4205, 0x4163, 0x49a3, 0x59e4, 0x6204, 0x59e4, 0x49a4, 0x3286, 0x21c5, 0x1923, 0x1944,
  0x1903, 0x1943, 0x3a24, 0x2964, 0x2964, 0x1903, 0x1963, 0x19c3, 0x19a3, 0x1984, 0x29e4, 0x2a04,
  0x5acb, 0x3a08, 0x4a69, 0x20c1, 0x18c1, 0x2902, 0x28e2, 0x10a1, 0x1121, 0x1101, 0x18e3, 0x2104,
  0x2124, 0x4a29, 0x1941, 0x08c1, 0x08a0, 0x00a0, 0x08c0, 0x0901, 0x08e1, 0x0901, 0x1161, 0x1981,
  0x1141, 0x1981, 0x21c1, 0x19a1, 0x2202, 0x2a22, 0x3283, 0x2a83, 0x32a4, 0x2a83, 0x3b04, 0x8efa,
  0x873f, 0x75fe, 0x759c, 0x757a, 0x6d38, 0x6d36, 0x5cd4, 0x5cb3, 0x6d12, 0x6cf1, 0x7530, 0x752e,
  0x756d, 0x756c, 0x756b, 0x754b, 0x7d6b, 0x752a, 0x64aa, 0x6c6a, 0x7cab, 0x848c, 0x946d, 0x9c8e,
  0x840c, 0x3a67, 0x3205, 0x3266, 0x32e6, 0x32c6, 0x2245, 0x21a5, 0x2245, 0x2ac5, 0x3b25, 0x4365,
  0x4385, 0x6c46, 0x6446, 0x5426, 0x43c6, 0x43a6, 0x3b85, 0x3345, 0x3b46, 0x2a66, 0x4367, 0x32c7,
  0x2a87, 0x2ae6, 0x2b06, 0x2a86, 0x2a67, 0x3287, 0x32e7, 0x4387, 0x43a8, 0x4348, 0x6aea, 0x832b,
  0x62ea, 0x42aa, 0x328a, 0x3acb, 0x3acb, 0x3aaa, 0x322a, 0x3a4b, 0x3b2c, 0x430c, 0x53cf, 0x53d0,
  0x5c11, 0x4390, 0x4390, 0x332e, 0x3b4e, 0x32cd, 0x336d, 0x3b8c, 0x334b, 0x332b, 0x32eb, 0x334b,
  0x2aaa, 0x43aa, 0x3b8a, 0x332a, 0x3b6a, 0x3b8b, 0x2aeb, 0x332b, 0x334b, 0x4c4d, 0x7d32, 0x64b2,
  0x5cd2, 0x4c32, 0x4411, 0x3bf1, 0x3bae, 0x3bab, 0x3baa, 0x3b8a, 0x3baa, 0x43ea, 0x43e9, 0x43e9,
  0x3369, 0x32e8, 0x3348, 0x2b28, 0x3348, 0x3368, 0x3328, 0x3bab, 0x3bed, 0x4c4b, 0x3bc8, 0x3b88,
  0x3b87, 0x43a8, 0x2ae7, 0x2b27, 0x3368, 0x3369, 0x4baa, 0x39a6, 0x4288, 0x4388, 0x3b68, 0x2aa7,
  0x2aa6, 0x3b28, 0x4309, 0x42e9, 0x42e9, 0x3a87, 0x4185, 0x3986, 0x3aa7, 0x32c7, 0x32c8, 0x32c8,
  0x2ac9, 0x2b09, 0x3329, 0x3b4a, 0x4ac8, 0x7245, 0x59e4, 0x6a24, 0x7aa5, 0x6a44, 0x7a85, 0x61e4,
  0x59c4, 0x2103, 0x2145, 0x224b, 0x1a6c, 0x2944, 0x59e4, 0x59c4, 0x6205, 0x6a65, 0x8306, 0x82e6,
  0x82e5, 0x82e5, 0x7284, 0x7244, 0x59c3, 0x6224, 0x51e4, 0x6a44, 0x59c3, 0x4184, 0x1925, 0x2986,
  0x2945, 0x4225, 0x4983, 0x6224, 0x9346, 0x61e4, 0x49a3, 0x6224, 0x3243, 0x21e3, 0x1103, 0x1944,
  0x1103, 0x1963, 0x2184, 0x2984, 0x41e5, 0x49c5, 0x2943, 0x2124, 0x1924, 0x2144, 0x2184, 0x2984,
  0x8410, 0x632c, 0x7bce, 0x3142, 0x3122, 0x2902, 0x28e2, 0x18e2, 0x1942, 0x29a4, 0x4208, 0x41e8,
  0x49e9, 0x732c, 0x62a3, 0x2942, 0x2182, 0x2143, 0x2145, 0x2945, 0x39c7, 0x31a7, 0x53f0, 0x64d6,
  0x6d18, 0x7519, 0x7517, 0x5496, 0x54b8, 0x54fa, 0x5d1a, 0x5d7c, 0x5d5b, 0x659c, 0x7e7e, 0x979f,
  0x875f, 0x763e, 0x6d9c, 0x757a, 0x64f8, 0x6d17, 0x64b5, 0x5493, 0x6d13, 0x8db3, 0x7551, 0x754f,
  0x85ae, 0x650c, 0x6d2b, 0x754b, 0x7d6b, 0x754a, 0x64ca, 0x6cca, 0x6caa, 0x6c6a, 0x63e9, 0x5ba9,
  0x3ac7, 0x2a66, 0x3ae7, 0x2aa6, 0x2265, 0x2205, 0x2205, 0x21e5, 0x32c5, 0x2245, 0x2a45, 0x2a65,
  0x3b45, 0x3b65, 0x3b26, 0x3b45, 0x3325, 0x32e5, 0x2aa5, 0x2aa5, 0x2a85, 0x2246, 0x2ac6, 0x32c7,
  0x2a67, 0x32e7, 0x2226, 0x2aa6, 0x2a86, 0x32c7, 0x3b47, 0x32a7, 0x3b28, 0x4b48, 0x62a9, 0x72ea,
  0x6309, 0x4aa9, 0x3a89, 0x3aa9, 0x42a9, 0x42a9, 0x3a69, 0x3a49, 0x4b89, 0x538b, 0x5bed, 0x646f,
  0x6cf1, 0x5c91, 0x4bd1, 0x5411, 0x4bd0, 0x32cd, 0x3b4d, 0x43ae, 0x2aeb, 0x334b, 0x332a, 0x3b4a,
  0x43ea, 0x334a, 0x2aca, 0x2aea, 0x2aea, 0x3b8a, 0x43ab, 0x43ca, 0x3bab, 0x546d, 0x4c0e, 0x4430,
  0x4c71, 0x4c51, 0x3bd1, 0x3bf1, 0x4c0b, 0x43ca, 0x3b8b, 0x3bab, 0x3369, 0x3368, 0x2b08, 0x2b08,
  0x2aa8, 0x2268, 0x2ac8, 0x22c8, 0x2ac8, 0x3349, 0x43c9, 0x3348, 0x3b68, 0x3ba8, 0x2b27, 0x4ba9,
  0x73c8, 0x8387, 0x4309, 0x6b28, 0x534b, 0x4b6b, 0x6309, 0x72c8, 0x52a8, 0x5b27, 0x8347, 0x4349,
  0x7ba9, 0x7328, 0x530a, 0x8bcc, 0x8349, 0x4a06, 0x7aa7, 0x82e8, 0x7ae9, 0x6b6b, 0x3aea, 0x42eb,
  0x4b0a, 0x73a7, 0x6ba9, 0x22ea, 0x4a88, 0x6a25, 0x6204, 0x7265, 0x7a85, 0x7aa5, 0x7a65, 0x7265,
  0x61e4, 0x2943, 0x39c5, 0x3a08, 0x29c8, 0x3984, 0x51a3, 0x59c3, 0x59e4, 0x6245, 0x6a65, 0x7ac6,
  0x7285, 0x6a65, 0x6a44, 0x6224, 0x51a3, 0x59e4, 0x6a44, 0x5a04, 0x59c3, 0x4184, 0x2945, 0x4a07,
  0x3985, 0x5225, 0x4162, 0x5a04, 0x8b46, 0x51c4, 0x59e4, 0x51c4, 0x3243, 0x2223, 0x21a3, 0x1964,
  0x1103, 0x1963, 0x2183, 0x2123, 0x2964, 0x31a4, 0x39e3, 0x2964, 0x3185, 0x2144, 0x2984, 0x2944,
  0x9cb3, 0x738e, 0x94b0, 0x41a2, 0x51a3, 0x3942, 0x3102, 0x20e2, 0x20e2, 0x3164, 0x41e7, 0x49c7,
  0x6268, 0x9be8, 0x82c3, 0x3962, 0x18e2, 0x2123, 0x31a6, 0x39e7, 0x6b2d, 0x632d, 0x6cf0, 0x6d6e,
  0x6d51, 0x7553, 0x6d11, 0x5cb7, 0x5cf9, 0x5d3b, 0x5d3b, 0x6dbc, 0x655c, 0x6dbd, 0x86df, 0x9fdf,
  0x877f, 0x765e, 0x6d7c, 0x7599, 0x6d38, 0x6d57, 0x6d36, 0x6d34, 0x6d33, 0x6d32, 0x6d32, 0x5cb0,
  0x7d8e, 0x95ee, 0x756c, 0x6d0b, 0x6d0a, 0x64c9, 0x5c69, 0x5c69, 0x3b48, 0x1a46, 0x2246, 0x2266,
  0x2265, 0x2265, 0x2225, 0x2225, 0x1a05, 0x2205, 0x21e5, 0x21e5, 0x21c5, 0x21c5, 0x42a6, 0x2a26,
  0x2245, 0x2a85, 0x2aa5, 0x2aa5, 0x2a85, 0x2264, 0x2244, 0x2265, 0x2285, 0x19e5, 0x3326, 0x2a66,
  0x2206, 0x2206, 0x2aa6, 0x3346, 0x32e6, 0x2a66, 0x32e6, 0x43a7, 0x3b47, 0x4348, 0x6b09, 0x732a,
  0x6b69, 0x63a8, 0x5368, 0x4328, 0x3ac8, 0x3288, 0x3a29, 0x3208, 0x3ac8, 0x4349, 0x4b49, 0x538a,
  0x648a, 0x5c4b, 0x540b, 0x542b, 0x4bab, 0x3aeb, 0x3b4d, 0x3b2d, 0x32eb, 0x2ae9, 0x336a, 0x3349,
  0x2aca, 0x2a8a, 0x2a8a, 0x2a6a, 0x32ca, 0x226a, 0x226a, 0x43ad, 0x336d, 0x336c, 0x3bac, 0x4430,
  0x4410, 0x4430, 0x3bf0, 0x3bf0, 0x3b6a, 0x3bc9, 0x440a, 0x4c4b, 0x4c49, 0x3348, 0x3b48, 0x43a8,
  0x4c08, 0x2aa8, 0x4be8, 0x3308, 0x3308, 0x2ae8, 0x2aa7, 0x2aa7, 0x2aa7, 0x53a8, 0x3ac7, 0x6bc9,
  0x9326, 0x92a5, 0x7329, 0x6ae9, 0x5aa9, 0x62c8, 0x8aa5, 0x9ac6, 0x7ac6, 0x6a85, 0x92c6, 0x4b09,
  0x7ae7, 0x8ae6, 0x7b08, 0xa347, 0x9306, 0x51a4, 0x82c7, 0x82e7, 0x8ae7, 0x8bcb, 0x42c9, 0x5aa8,
  0x5308, 0x6325, 0x8408, 0x43cb, 0x8327, 0x9306, 0x9306, 0x8b06, 0xa3a7, 0x9347, 0x8326, 0x6a24,
  0x6a24, 0x41a4, 0x5a46, 0x5226, 0x5a46, 0x5204, 0x9ba7, 0x61e3, 0x6a23, 0x7aa4, 0x82e5, 0x9305,
  0x9305, 0x8b05, 0x7aa5, 0x8ae5, 0x6224, 0x5a04, 0x7244, 0x7a85, 0x61e3, 0x49a4, 0x2945, 0x2125,
  0x4984, 0x6245, 0x4162, 0x6224, 0x82c5, 0x7aa5, 0x6a44, 0x6a64, 0x3a43, 0x2203, 0x21e3, 0x3243,
  0x21a3, 0x21c3, 0x3203, 0x31e3, 0x2143, 0x29c3, 0x29c3, 0x31c4, 0x29a4, 0x29c3, 0x29c3, 0x21a3,
  0x8c10, 0x7b6d, 0x6b09, 0x51a3, 0x61c4, 0x59a4, 0x3122, 0x2902, 0x20e2, 0x3143, 0x5227, 0x5247,
  0x6a87, 0x9bc6, 0x7a24, 0x4163, 0x18c2, 0x18a2, 0x41e8, 0x630c, 0x630c, 0x6b4d, 0x7d0e, 0x758c,
  0x756d, 0x6d6d, 0x6d6e, 0x6d32, 0x6535, 0x6558, 0x5d39, 0x659a, 0x659b, 0x659c, 0x7e9e, 0x9fdf,
  0x875f, 0x6dfd, 0x655c, 0x6d79, 0x6d58, 0x6536, 0x6535, 0x6534, 0x5cd2, 0x5491, 0x5490, 0x546f,
  0x64ed, 0x650c, 0x5ceb, 0x54aa, 0x5469, 0x4c48, 0x4c07, 0x4c08, 0x4be8, 0x2ac6, 0x19e5, 0x1a05,
  0x1a05, 0x19e5, 0x2205, 0x4ae6, 0x5326, 0x3a45, 0x3a25, 0x2145, 0x3225, 0x2184, 0x6307, 0x8489,
  0x7448, 0x4b06, 0x19e5, 0x2225, 0x2245, 0x19a4, 0x19e4, 0x1a05, 0x1a05, 0x19e5, 0x19e5, 0x2206,
  0x2a86, 0x2a86, 0x2a66, 0x2a66, 0x2206, 0x2206, 0x2206, 0x2a46, 0x2aa7, 0x5c48, 0x6488, 0x74a8,
  0x8569, 0x7d48, 0x8da8, 0x95e9, 0x7d29, 0x32c8, 0x3228, 0x3227, 0x3267, 0x32e8, 0x4389, 0x5c69,
  0x64a8, 0x64a9, 0x5c49, 0x5429, 0x5c49, 0x5429, 0x546a, 0x5c6b, 0x53ae, 0x4b6e, 0x2a8a, 0x2269,
  0x2229, 0x2a6a, 0x2a4a, 0x2a8a, 0x3b8b, 0x3b4a, 0x32eb, 0x2aaa, 0x2acb, 0x2aea, 0x334a, 0x3bce,
  0x3c0f, 0x3bef, 0x3bef, 0x3bcf, 0x338d, 0x338d, 0x338a, 0x3ba9, 0x4c29, 0x5448, 0x5448, 0x4c08,
  0x3b68, 0x32a8, 0x3328, 0x4be8, 0x43a7, 0x3b48, 0x4388, 0x43a7, 0x5428, 0x9509, 0x73c7, 0x6b07,
  0x8aa5, 0x8a85, 0x9ba9, 0xbc89, 0x7b48, 0xbd2d, 0xa448, 0x7ae6, 0x9387, 0x6a65, 0x82c6, 0xaccb,
  0xa408, 0xd5cc, 0xb4eb, 0xb4ca, 0x82c6, 0x8307, 0xcd0a, 0xc50a, 0xc50b, 0xe60e, 0x840a, 0x6aa5,
  0x4205, 0xad08, 0xde6d, 0xce0a, 0x9bc7, 0x8ac5, 0x82a5, 0xac49, 0xc50a, 0xb489, 0xd5ac, 0xb4aa,
  0x4162, 0xc52b, 0xc54b, 0x5a24, 0xbcc8, 0xbcc8, 0xc4e9, 0xbce8, 0x7264, 0x9345, 0x8ac5, 0x8ac5,
  0x92e5, 0x8ae5, 0x82a5, 0x82c5, 0x6204, 0x7244, 0x7a84, 0x6a44, 0x51a3, 0x3965, 0x2126, 0x18e4,
  0x4964, 0x5a05, 0x4142, 0x6224, 0x8ac5, 0x8285, 0x6a04, 0x5a04, 0x4aa4, 0x4284, 0x31e4, 0x3223,
  0x29e3, 0x2a03, 0x3243, 0x3a64, 0x636c, 0x73d0, 0x8412, 0x9494, 0x8c73, 0x3a26, 0x21c3, 0x29e4,
  0x61a4, 0x7288, 0x8b2a, 0x59a4, 0x59a4, 0x61c4, 0x4963, 0x3122, 0x2902, 0x3143, 0x5247, 0x5227,
  0x6a88, 0x8b06, 0x8245, 0x4983, 0x20e2, 0x20c2, 0x4208, 0x6b2d, 0x6b4d, 0x83af, 0x8cef, 0x74cb,
  0x6cab, 0x6cac, 0x6ced, 0x6d0d, 0x754e, 0x6d31, 0x6d55, 0x6598, 0x5d9a, 0x5d5c, 0x765e, 0x9fdf,
  0x7f5f, 0x65de, 0x657d, 0x5d1b, 0x5cf8, 0x5cd6, 0x6515, 0x6534, 0x6d33, 0x6cf1, 0x750f, 0x750e,
  0x6ccd, 0x64ac, 0x64cb, 0x5caa, 0x5c89, 0x5c87, 0x5c87, 0x5c47, 0x6468, 0x6c88, 0x6408, 0x4b27,
  0x42e7, 0x5b87, 0x6407, 0x63c7, 0x63e7, 0x6c07, 0x5ba7, 0x2946, 0x4306, 0x4326, 0x4b05, 0x63e7,
  0x5ba6, 0x7468, 0x6c27, 0x21c4, 0x21e5, 0x2a05, 0x3a86, 0x52e7, 0x4b07, 0x29a5, 0x3a67, 0x3247,
  0x2206, 0x2226, 0x2246, 0x2a86, 0x32a7, 0x2226, 0x2aa6, 0x3b66, 0x3b27, 0x4307, 0x53a7, 0x53e7,
  0x5407, 0x6487, 0x6487, 0x74e7, 0x7d28, 0x5407, 0x4ba7, 0x4347, 0x32e7, 0x3307, 0x43a8, 0x5428,
  0x5c68, 0x6488, 0x64a9, 0x6ce9, 0x6d08, 0x6d28, 0x7548, 0x7548, 0x53ab, 0x2a6b, 0x226a, 0x1a49,
  0x2aea, 0x2aea, 0x2a8a, 0x2229, 0x2ac9, 0x334a, 0x43aa, 0x3b4a, 0x336a, 0x334a, 0x2b2a, 0x33ac,
  0x3bed, 0x3bee, 0x3bee, 0x440d, 0x338c, 0x330b, 0x2ac9, 0x3309, 0x3329, 0x3b28, 0x2ac8, 0x2aa7,
  0x2247, 0x19e7, 0x1a07, 0x2247, 0x3307, 0x3307, 0x2ae7, 0x2b07, 0x9d29, 0xeeab, 0xe66c, 0xcd8b,
  0xab86, 0x9306, 0xa3a8, 0xcd09, 0xccea, 0xeeaf, 0xddca, 0xb4aa, 0xddab, 0xb407, 0x7ac6, 0xddcb,
  0xddcb, 0xee8d, 0xe68e, 0xddcc, 0xb449, 0xe60e, 0xd58c, 0xddec, 0xe5ec, 0xee6e, 0xc54a, 0xac07,
  0x59e4, 0xcda9, 0xe66c, 0xe64b, 0xee8d, 0x82e5, 0xbc88, 0xddca, 0xe60b, 0xe62c, 0xee8d, 0xe60b,
  0x7b05, 0xe60b, 0xe62c, 0xcd6a, 0xd568, 0xe609, 0xc507, 0xc4c7, 0xbc66, 0xbce7, 0x6204, 0x61e4,
  0x82a6, 0x82e6, 0x82c5, 0x8ae5, 0x6a24, 0x59c3, 0x6204, 0x7264, 0x59c3, 0x3965, 0x2146, 0x3145,
  0x4984, 0x51e5, 0x3922, 0x4983, 0x7244, 0x6204, 0x6204, 0x59e4, 0x3163, 0x2943, 0x3184, 0x3164,
  0x2943, 0x2963, 0x29c3, 0x29e3, 0x3a46, 0x5b0f, 0x7bd2, 0x8c74, 0x8413, 0x52c8, 0x3283, 0x3263,
  0x8ba5, 0x7a27, 0x9349, 0x6a04, 0x69e4, 0x6a25, 0x59c3, 0x4942, 0x28e2, 0x3143, 0x4a06, 0x5a68,
  0x7b4c, 0x8368, 0x8364, 0x5183, 0x2902, 0x20e2, 0x5269, 0x736e, 0x738e, 0x9451, 0x9cf3, 0x5bae,
  0x5b8e, 0x534f, 0x5bb0, 0x53b1, 0x5c13, 0x5c14, 0x5c15, 0x5cb8, 0x659b, 0x6dfd, 0x7e9f, 0x97bf,
  0x8fbf, 0x767f, 0x75fe, 0x759c, 0x6d1b, 0x64b9, 0x6457, 0x6497, 0x6496, 0x53b3, 0x5bb2, 0x5b92,
  0x5bb2, 0x63d2, 0x63b1, 0x6bd1, 0x6bf0, 0x638d, 0x5b4b, 0x4ae9, 0x3ae7, 0x3b07, 0x4307, 0x3ac7,
  0x4307, 0x4b67, 0x4b26, 0x4b26, 0x4b26, 0x4306, 0x42e6, 0x3166, 0x4326, 0x4b86, 0x5b86, 0x5ba6,
  0x5346, 0x63e7, 0x5b87, 0x42c6, 0x5327, 0x5307, 0x5b48, 0x6388, 0x6388, 0x39e6, 0x6bca, 0x6be9,
  0x5ba8, 0x42c7, 0x29e6, 0x2a06, 0x2186, 0x2186, 0x21c6, 0x21c6, 0x3227, 0x4a67, 0x52a8, 0x5aa8,
  0x4a68, 0x52e8, 0x5b28, 0x6b49, 0x6b29, 0x4b28, 0x6468, 0x7d48, 0x53c7, 0x4b47, 0x5389, 0x7ccb,
  0x748a, 0x4b49, 0x4b69, 0x5c0a, 0x4b69, 0x4b49, 0x4b2a, 0x538a, 0x53ab, 0x2a4a, 0x222a, 0x1a09,
  0x1a09, 0x1a09, 0x2229, 0x2a09, 0x2229, 0x2229, 0x2249, 0x2249, 0x2249, 0x2aaa, 0x336b, 0x336c,
  0x33ad, 0x3bcc, 0x3c0c, 0x442a, 0x440a, 0x5c8f, 0x5471, 0x5450, 0x4c2c, 0x5c8a, 0x3b68, 0x3328,
  0x3b48, 0x2228, 0x32e8, 0x2268, 0x2248, 0x32e8, 0x32c8, 0x2aa8, 0x9caa, 0xee6c, 0xee4c, 0xd5aa,
  0xab86, 0x9306, 0xa387, 0xb428, 0xabc6, 0xd58a, 0xbcc8, 0xc4ea, 0xc4a8, 0xab87, 0x7ac6, 0xb448,
  0xb447, 0xddab, 0xcd4a, 0xbcc9, 0x9bc8, 0xcd0a, 0xbc88, 0xcd08, 0xc4c8, 0xd529, 0xb468, 0x8305,
  0x8264, 0xbd08, 0xddca, 0xcd69, 0xd58a, 0x8b26, 0xac07, 0xc509, 0xc4e8, 0xcd89, 0xd5c8, 0xdda8,
  0xa406, 0xcd28, 0xbcc8, 0xc4e7, 0xa406, 0xcd07, 0xb426, 0x9b86, 0xabe6, 0xb426, 0x59e4, 0x6205,
  0x7a85, 0x7aa5, 0x7a84, 0x8ae4, 0x6224, 0x51a3, 0x51a3, 0x59c3, 0x5163, 0x4164, 0x3965, 0x3964,
  0x4164, 0x49a4, 0x3902, 0x4163, 0x51a3, 0x51c3, 0x4143, 0x4983, 0x2923, 0x2903, 0x2924, 0x2103,
  0x20e3, 0x2103, 0x2183, 0x21c3, 0x3a46, 0x5b0f, 0x7bf2, 0x9cf6, 0x9cd5, 0x4aa9, 0x3264, 0x3283,
  0x8ca2, 0x8b47, 0xad27, 0x59c3, 0x6a24, 0x6aa4, 0x6223, 0x4942, 0x3962, 0x3962, 0x63c7, 0x6288,
  0x72eb, 0x7c67, 0x9582, 0x39a2, 0x94e3, 0x2922, 0x5a67, 0x8c48, 0x83ca, 0x736d, 0x9cb2, 0x6410,
  0x6c50, 0x5bf1, 0x5bf2, 0x5bf3, 0x5c55, 0x5c35, 0x5c36, 0x5437, 0x5cba, 0x655c, 0x76ff, 0x8fdf,
  0x97df, 0x6eff, 0x6e5e, 0x6d9d, 0x653c, 0x6cfb, 0x6cba, 0x6cf9, 0x64b7, 0x5bd5, 0x4b33, 0x5393,
  0x6c14, 0x6c13, 0x63b2, 0x5b50, 0x63b1, 0x5b6d, 0x3aa9, 0x2a07, 0x3ac7, 0x32a6, 0x3286, 0x2a66,
  0x2a66, 0x2a45, 0x2a25, 0x2a25, 0x2a25, 0x2a25, 0x2a26, 0x3166, 0x3246, 0x32a6, 0x3aa6, 0x3a86,
  0x3265, 0x3265, 0x3245, 0x3225, 0x3245, 0x3225, 0x3a66, 0x3246, 0x3a26, 0x31a6, 0x4247, 0x3266,
  0x3266, 0x3246, 0x3266, 0x3246, 0x2186, 0x21a6, 0x2a06, 0x3246, 0x4287, 0x4a87, 0x52a7, 0x5aa8,
  0x5ae9, 0x4a88, 0x52e8, 0x6349, 0x6b09, 0x5b27, 0x5c26, 0x6ce6, 0x6ce7, 0x4ba7, 0x4b68, 0x5be8,
  0x5c08, 0x4308, 0x4b49, 0x4b89, 0x53a9, 0x4b49, 0x4b29, 0x42ea, 0x430a, 0x324a, 0x222a, 0x222a,
  0x2a4a, 0x3aaa, 0x3a8a, 0x52cc, 0x5bac, 0x430a, 0x2a6a, 0x2a6a, 0x2a8a, 0x32ca, 0x330b, 0x3bac,
  0x3bab, 0x33aa, 0x33aa, 0x3ba9, 0x3ba9, 0x3369, 0x3b89, 0x43e9, 0x43c9, 0x3348, 0x2b08, 0x3328,
  0x2ac8, 0x2248, 0x2267, 0x2aa8, 0x2a88, 0x32c8, 0x2a87, 0x32a8, 0x7bc8, 0xdd69, 0xcd29, 0xc4c8,
  0x9305, 0x8285, 0x9b27, 0x9b26, 0x8ae5, 0xc508, 0xa3a6, 0xac27, 0xb407, 0x9326, 0x7286, 0x9b66,
  0xbc48, 0xc4e9, 0xbc88, 0xac27, 0x7ae5, 0xabc7, 0xb447, 0xabe7, 0xbc48, 0xb408, 0x9387, 0x5a04,
  0x7204, 0xb4a8, 0xc4a8, 0xc4a8, 0xb427, 0x82e5, 0x8b06, 0xb428, 0xa3a6, 0xb446, 0xbca6, 0xac45,
  0x9385, 0xa3a6, 0xac06, 0x9b66, 0x9325, 0xa3c6, 0x8b05, 0x82c5, 0xa386, 0x7ac4, 0x4183, 0x49a4,
  0x59e4, 0x59e4, 0x59e3, 0x6a44, 0x59c3, 0x49a3, 0x6223, 0x49a3, 0x4942, 0x4143, 0x3923, 0x3923,
  0x3923, 0x4164, 0x30e2, 0x3102, 0x4163, 0x4142, 0x3922, 0x3923, 0x2903, 0x20e2, 0x28e3, 0x2903,
  0x3163, 0x2943, 0x2143, 0x1943, 0x3a45, 0x5aed, 0x7bf2, 0x9cd6, 0x9495, 0x3a07, 0x3a47, 0x3204,
  0x8c26, 0xac4e, 0x9ce5, 0x59c3, 0x7bc4, 0x7b84, 0x5983, 0x6ae3, 0x6322, 0x4182, 0x6c63, 0x7be6,
  0x93ef, 0x8488, 0x8d03, 0x5282, 0x9542, 0x3142, 0x6ae5, 0xa524, 0x9cc9, 0xa4d1, 0xad13, 0x6c71,
  0x6c70, 0x6c72, 0x6453, 0x6453, 0x6495, 0x64b7, 0x64d9, 0x5c79, 0x64fa, 0x6dbc, 0x7f5f, 0xa7ff,
  0xa7ff, 0x6fbf, 0x675f, 0x66be, 0x6e3e, 0x6ddd, 0x6d5b, 0x6d3a, 0x6cf9, 0x6436, 0x5395, 0x53d4,
  0x5c13, 0x63f3, 0x63b2, 0x5b50, 0x4b0e, 0x42eb, 0x3ac8, 0x32c7, 0x3ae7, 0x3ae7, 0x32c7, 0x2a66,
  0x2a65, 0x2a45, 0x2a25, 0x2a05, 0x2205, 0x2a05, 0x29c5, 0x2946, 0x31e6, 0x3265, 0x2a45, 0x2a25,
  0x2a45, 0x2a45, 0x2a25, 0x2a45, 0x2a44, 0x3245, 0x3245, 0x3266, 0x29e6, 0x2986, 0x31e7, 0x2a46,
  0x2a66, 0x3266, 0x3266, 0x3266, 0x2a06, 0x29e6, 0x3ac6, 0x4346, 0x4be6, 0x6c46, 0x6c26, 0x7427,
  0x7ca7, 0x74a7, 0x74e7, 0x7d07, 0x7d67, 0x8567, 0x7d27, 0x7d27, 0x8568, 0x8588, 0x8588, 0x7d28,
  0x74e8, 0x8509, 0x84e9, 0x74a9, 0x6caa, 0x6c89, 0x6c6a, 0x642a, 0x5bca, 0x538a, 0x4b4a, 0x4b29,
  0x3aa9, 0x3aa9, 0x3a4a, 0x3a2a, 0x3aaa, 0x32ca, 0x32aa, 0x32aa, 0x32ab, 0x3b2c, 0x32ec, 0x334b,
  0x334a, 0x3baa, 0x2b29, 0x3349, 0x2ae8, 0x2ae8, 0x2ae9, 0x2ae9, 0x2ae9, 0x2268, 0x2a68, 0x2207,
  0x1a07, 0x3287, 0x4346, 0x53a5, 0x74c5, 0x6465, 0x5c05, 0x7d05, 0x9e05, 0xb605, 0xad86, 0x9c85,
  0x7a85, 0x7245, 0x7a65, 0x8ac5, 0x82e5, 0x8c45, 0x9345, 0x8b45, 0x9b65, 0x7a65, 0x6a45, 0x9b46,
  0x9b66, 0xb468, 0xbca8, 0xac07, 0x5a23, 0x9b46, 0x9b46, 0x82a5, 0x9b67, 0x9b67, 0x6a85, 0x51e4,
  0x5963, 0x5a64, 0xabe7, 0xa387, 0x8ae5, 0x7264, 0x82a5, 0xa3a7, 0x8ae5, 0x9b66, 0x9b85, 0x9365,
  0x7a85, 0x8ae5, 0x8b05, 0x82a5, 0x7a85, 0x82a5, 0x6a24, 0x7245, 0x9b26, 0x72a4, 0x3183, 0x41a3,
  0x51e4, 0x49c3, 0x49c3, 0x7244, 0x49a3, 0x4183, 0x51c3, 0x49a3, 0x4142, 0x3963, 0x3944, 0x3943,
  0x3123, 0x3944, 0x30c2, 0x28e2, 0x3122, 0x3122, 0x3942, 0x3142, 0x3a03, 0x3203, 0x2983, 0x39e3,
  0x6363, 0x5362, 0x3ac2, 0x3243, 0x5b85, 0x5b6a, 0x636e, 0x8c32, 0x7390, 0x3a08, 0x4288, 0x5345,
  0x7c44, 0x9367, 0x8cc4, 0x7b24, 0x84c2, 0x8c23, 0x5a63, 0x6b83, 0x7501, 0x51e3, 0x7c62, 0x6ba2,
  0x8465, 0x7c83, 0x8cc3, 0x6b62, 0x9582, 0x3982, 0x83e5, 0xad25, 0x9ca6, 0x846a, 0xd60b, 0x7d30,
  0x9d6b, 0x84f1, 0x856e, 0x7d14, 0x74f6, 0x655b, 0x65bd, 0x765e, 0x7ede, 0x877e, 0xa7df, 0xdfff,
  0xefff, 0xafff, 0x7fff, 0x77df, 0x67bf, 0x6f7e, 0x6f3e, 0x6ede, 0x769d, 0x7e1c, 0x7d9b, 0x7558,
  0x6cf5, 0x6472, 0x644f, 0x644e, 0x6c6d, 0x642b, 0x63ea, 0x5be9, 0x53c8, 0x4328, 0x4329, 0x3ae7,
  0x32e6, 0x32a6, 0x32a6, 0x32a6, 0x3285, 0x3265, 0x3246, 0x3a26, 0x3a26, 0x3265, 0x3285, 0x32e4,
  0x32e4, 0x32c4, 0x3b05, 0x3ae5, 0x3b25, 0x3b25, 0x3b25, 0x3b05, 0x3286, 0x3266, 0x3286, 0x3ae6,
  0x3b65, 0x4ba6, 0x6407, 0x6c27, 0x6c27, 0x6c46, 0x6c66, 0x6426, 0x7487, 0x94e9, 0xa4ea, 0x94c9,
  0x8cc8, 0x84c7, 0x8ce7, 0x8408, 0x6bc8, 0x6c07, 0x6c67, 0x6ca7, 0x6ca7, 0x6ce6, 0x7d47, 0x8588,
  0x7488, 0x73aa, 0x7beb, 0x5b4a, 0x4b0a, 0x3ac9, 0x3a89, 0x3aaa, 0x3aca, 0x4b0a, 0x5be9, 0x53a9,
  0x42e8, 0x3249, 0x3209, 0x320a, 0x3a8a, 0x32aa, 0x32aa, 0x32aa, 0x2acb, 0x2acb, 0x2acb, 0x2aeb,
  0x22aa, 0x2b09, 0x22c9, 0x2ae9, 0x3329, 0x2ae9, 0x2289, 0x2aa9, 0x2ac9, 0x2288, 0x2247, 0x2227,
  0x5346, 0x8d24, 0x8dc3, 0x95e3, 0x9e22, 0x9603, 0xa663, 0xa663, 0x95e3, 0x8583, 0x8543, 0x9563,
  0x9424, 0x7284, 0x7a65, 0x8285, 0x72c5, 0x8483, 0x7ae4, 0x72a4, 0x9325, 0x7245, 0x6225, 0x8b65,
  0x9366, 0xa427, 0xac47, 0x9be6, 0x82e5, 0x82a4, 0x8ae5, 0x82c5, 0x7aa5, 0x93a6, 0x49e4, 0x5a64,
  0x5a43, 0x6c24, 0xa466, 0x9b66, 0x82c5, 0x6a24, 0x7244, 0x8b06, 0x82a5, 0x9306, 0x8ae5, 0x82c5,
  0x7264, 0x82a4, 0x82e5, 0x7284, 0x7244, 0x7a65, 0x6a24, 0x6204, 0x8b05, 0x7c03, 0x6442, 0x3162,
  0x3963, 0x3963, 0x4163, 0x51c3, 0x3942, 0x3962, 0x3942, 0x4163, 0x3922, 0x3943, 0x3964, 0x4144,
  0x3923, 0x3924, 0x28c2, 0x28e2, 0x2962, 0x3202, 0x3a02, 0x3162, 0x5ba2, 0x53c3, 0x5be3, 0x3a62,
  0x3aa2, 0x32a2, 0x32a2, 0x4343, 0x7d24, 0x74a5, 0x9da6, 0x8509, 0x6bcd, 0x5b49, 0x6c28, 0x6464,
  0x73c4, 0x9387, 0x84c3, 0x9404, 0x74c3, 0x9444, 0x85c2, 0x7462, 0x7521, 0x5282, 0x7c62, 0x5b03,
  0x8cc5, 0x95a3, 0x8d42, 0x4b21, 0x8561, 0x7c23, 0x94c3, 0xaca5, 0x9c86, 0x84e6, 0xad66, 0x752f,
  0xa5c7, 0x956f, 0x856e, 0x7536, 0x856d, 0x657a, 0x65bd, 0x6dfd, 0x6e3e, 0x6ede, 0x775f, 0x8fdf,
  0xb7ff, 0xc7ff, 0xb7ff, 0xbfff, 0x8fff, 0x8fff, 0x87ff, 0x87bf, 0x771f, 0x65ff, 0x6d7d, 0x6d1b,
  0x6cd9, 0x6456, 0x63f1, 0x5bf0, 0x5b8e, 0x534c, 0x5b6b, 0x536a, 0x4b09, 0x4ae9, 0x4ae9, 0x6c69,
  0x6468, 0x53e7, 0x6488, 0x6ce7, 0x5c65, 0x5486, 0x5ca6, 0x5cc6, 0x5466, 0x5465, 0x5c86, 0x6ce6,
  0x5465, 0x4c05, 0x4c05, 0x5425, 0x5c65, 0x7d66, 0x7d66, 0x7525, 0x64a5, 0x5c65, 0x6485, 0x6485,
  0x6d23, 0x8584, 0x74a7, 0x5ba7, 0x5bc6, 0x5be6, 0x6c86, 0x64a6, 0x6485, 0x6cc7, 0x6ce7, 0x6ce7,
  0x6d06, 0x6d25, 0x6d46, 0x7526, 0x74a7, 0x6c27, 0x5b27, 0x63a8, 0x63c8, 0x63a7, 0x6c47, 0x6c67,
  0x6c47, 0x5b48, 0x5289, 0x528a, 0x4249, 0x4249, 0x3a2a, 0x320a, 0x322a, 0x3a6a, 0x53c9, 0x5c08,
  0x5c28, 0x32a9, 0x3269, 0x3289, 0x3ae9, 0x4388, 0x53c9, 0x5c0a, 0x644b, 0x640b, 0x32ea, 0x4bc9,
  0x4be9, 0x2ac9, 0x2ac9, 0x2ac9, 0x2aca, 0x2aca, 0x2a8a, 0x2a6a, 0x53c9, 0x5c86, 0x64c6, 0x6cc5,
  0x95a4, 0x95e3, 0x9603, 0x8da3, 0x95e3, 0xa662, 0x9e22, 0x95e2, 0x95e2, 0x8dc3, 0x8dc3, 0x9e22,
  0xa642, 0x84a3, 0x72a4, 0x6aa4, 0x62e4, 0x8503, 0x7443, 0x84a3, 0x6b64, 0x5aa4, 0x8483, 0x8d22,
  0x95a3, 0x7463, 0x7c43, 0x7c63, 0x7bc3, 0x6263, 0x8443, 0x8483, 0x7c24, 0x8ce3, 0x8503, 0x8503,
  0x5342, 0x7ce4, 0x9da5, 0x9544, 0x8ca4, 0x7364, 0x7304, 0x83a5, 0x72c4, 0x7b04, 0x8365, 0x7b84,
  0x6ac4, 0x8463, 0x7ca3, 0x7463, 0x6be3, 0x6b24, 0x5a04, 0x6b44, 0x9da5, 0x8d84, 0x5c23, 0x6403,
  0x3a83, 0x5344, 0x2922, 0x3963, 0x3963, 0x39a3, 0x3163, 0x3143, 0x2902, 0x2923, 0x2943, 0x2923,
  0x2943, 0x2122, 0x2122, 0x1922, 0x3243, 0x53e3, 0x3ae2, 0x53a2, 0x53c2, 0x6ca3, 0x6482, 0x6c82,
  0x53c2, 0x5c03, 0x53e4, 0x4362, 0x74e3, 0x8544, 0x95a4, 0x8d44, 0x9da6, 0x6c27, 0x74c7, 0xae63,
  0x7be4, 0x9b67, 0x7404, 0x9366, 0x6d02, 0x6ba3, 0x6cc2, 0x7d02, 0x7d81, 0x53c2, 0x6402, 0x63c2,
  0x8d23, 0x95c2, 0x74a2, 0x3ac1, 0x7501, 0x7462, 0x9dc2, 0x94e2, 0x94e4, 0x8d64, 0x9d65, 0x7d2b,
  0x8d85, 0x8529, 0x854d, 0x6cd0, 0x6caa, 0x5455, 0x5477, 0x4c78, 0x5498, 0x4cd9, 0x553b, 0x5e1d,
  0x6edf, 0x873e, 0x8f3e, 0x97bf, 0x6f9e, 0x5f5d, 0x5f3d, 0x671d, 0x877f, 0x7edf, 0x659c, 0x5cd9,
  0x5c77, 0x5414, 0x5bf0, 0x53ef, 0x5c0d, 0x5bab, 0x538a, 0x5369, 0x4b49, 0x42e9, 0x4ae9, 0x5be9,
  0x5be8, 0x4ba7, 0x4b67, 0x4b86, 0x4345, 0x4365, 0x4345, 0x4b85, 0x4365, 0x53c5, 0x4ba5, 0x53e5,
  0x6485, 0x3b45, 0x3ae5, 0x3b05, 0x53e5, 0x7d25, 0x6ca5, 0x5c65, 0x6d05, 0x64a5, 0x7505, 0x7544,
  0x7d64, 0x7d64, 0x9585, 0x9507, 0x94a8, 0x6bc7, 0x7427, 0x63c7, 0x6be7, 0x6c07, 0x6be7, 0x6347,
  0x5286, 0x5aa7, 0x52a7, 0x6aa7, 0x6a68, 0x7b27, 0x5ac7, 0x5ae7, 0x6348, 0x5347, 0x63e6, 0x6426,
  0x6c46, 0x6447, 0x6c48, 0x6ba9, 0x63c9, 0x5be8, 0x5b69, 0x5b69, 0x5b89, 0x5b69, 0x5ba9, 0x5be9,
  0x5bc8, 0x5bc8, 0x5be9, 0x5be9, 0x6409, 0x6c68, 0x74a9, 0x84eb, 0xa5cf, 0x9dac, 0x43c9, 0x3348,
  0x2ae9, 0x2268, 0x1a07, 0x4367, 0x7cc7, 0x7cc7, 0x7ce7, 0x7ce7, 0x7d26, 0x8585, 0x95e5, 0x9e04,
  0x9e24, 0x8da4, 0x8da3, 0x8543, 0x8d82, 0x7522, 0x7541, 0x7541, 0x7521, 0x6ce1, 0x7d61, 0x7501,
  0x7502, 0x6ca2, 0x53e2, 0x6c41, 0x74a3, 0x6ca2, 0x6c62, 0x5ba2, 0x6422, 0x8d03, 0x6c63, 0x8da1,
  0x8d62, 0x74c2, 0x53a1, 0x4b81, 0x6422, 0x7d02, 0x8542, 0x8542, 0x95a3, 0x9e23, 0x95c3, 0x8563,
  0x95c3, 0x8d83, 0x8d63, 0x8d82, 0x74a3, 0x6422, 0x5bc2, 0x6441, 0x6441, 0x74c1, 0x8542, 0x7d22,
  0x6cc1, 0x6461, 0x74c2, 0x7d22, 0x8543, 0x6422, 0x5382, 0x5be1, 0x6cc2, 0x7503, 0x7d03, 0x6cc2,
  0x4be2, 0x5c63, 0x64a4, 0x6ca4, 0x6ca4, 0x6ca4, 0x6483, 0x6463, 0x6c83, 0x6c84, 0x6c84, 0x6c84,
  0x6c84, 0x6c84, 0x6c84, 0x6c83, 0x6c83, 0x6443, 0x6c83, 0x5c23, 0x6ca3, 0x6463, 0x53e2, 0x4be2,
  0x53e1, 0x5402, 0x6ce3, 0x6463, 0x8dc2, 0x8da3, 0x9e02, 0x9e02, 0x95e2, 0x8d62, 0x9e02, 0x95a1,
  0x6402, 0x6bc4, 0x6c83, 0x9d46, 0x6ce2, 0x5ba2, 0x74a2, 0x9de3, 0x9602, 0x84e3, 0x5be2, 0x6422,
  0x74c2, 0x8da2, 0x53c2, 0x3ae1, 0x5c41, 0x6c62, 0x6ca1, 0x6ca1, 0x7cc3, 0x6ca2, 0x74c3, 0x74a4,
  0xa643, 0x8d64, 0x74e5, 0x8564, 0x8d87, 0x7d2a, 0x748b, 0x6c4c, 0x742e, 0x7c91, 0x7cd5, 0x7cf6,
  0x74b6, 0x7495, 0x7475, 0x75b9, 0x8e3a, 0x7cb5, 0x7472, 0x6c0f, 0x7492, 0x6452, 0x6c92, 0x5c31,
  0x6410, 0x63ef, 0x5bce, 0x5bd0, 0x5390, 0x5370, 0x5b4f, 0x5b50, 0x5b4f, 0x530e, 0x63ae, 0x530a,
  0x4ae9, 0x4ae8, 0x52e8, 0x52e8, 0x52c7, 0x5b07, 0x5b07, 0x5b07, 0x6367, 0x6ba7, 0x73e7, 0x7406,
  0x7ca6, 0x7cc6, 0x8526, 0x8d46, 0x8506, 0x8d06, 0x84e6, 0x8d26, 0x8d46, 0x8d67, 0x9567, 0x63c7,
  0x6c07, 0x7427, 0x7407, 0x7be8, 0x7bc8, 0x6ac8, 0x6ac8, 0x5a88, 0x6289, 0x6249, 0x7269, 0x6268,
  0x5a87, 0x5306, 0x4b26, 0x5b06, 0x5b06, 0x5ae5, 0x52a6, 0x52e7, 0x5307, 0x5307, 0x6347, 0x6327,
  0x6b88, 0x6328, 0x6348, 0x7369, 0x6309, 0x6349, 0x5aca, 0x632a, 0x5b6a, 0x636a, 0x6b0b, 0x5acb,
  0x5aab, 0x528a, 0x5aaa, 0x5a8a, 0x62ab, 0x5a8a, 0x4a6d, 0x5bce, 0x544c, 0x4c4a, 0x3ba8, 0x3368,
  0x43c9, 0x4c09, 0x4bc9, 0x73a7, 0x6285, 0x6b06, 0x62e5, 0x7384, 0x6324, 0x6c43, 0x74c4, 0xae46,
  0xae66, 0xb6a6, 0xb6a6, 0xb686, 0xae45, 0xa625, 0x9e05, 0x9dc5, 0x9e04, 0x9de4, 0xa5e4, 0x9da4,
  0x95a5, 0x9565, 0xa5e5, 0xa5e4, 0x95a4, 0x9de4, 0x9de5, 0x9de5, 0x95a4, 0x95a4, 0x95c4, 0x8d84,
  0x8d85, 0x8d64, 0x8d83, 0x8523, 0x8d83, 0x8523, 0x8562, 0x7d01, 0x6cc2, 0x7d02, 0x74e2, 0x8563,
  0x6ca2, 0x74e2, 0x5c41, 0x74e3, 0x8d64, 0x7d04, 0x74c3, 0x7ce3, 0x74c3, 0x8d44, 0x6463, 0x8563,
  0x6482, 0x74a3, 0x74a3, 0x7ce3, 0x7d23, 0x8524, 0x8504, 0x8524, 0x8524, 0x8d84, 0x8d85, 0x95c5,
  0x9e05, 0xa626, 0xa646, 0x9e05, 0xa645, 0xa625, 0x9e05, 0x9e05, 0xa645, 0xa645, 0xa645, 0x9e05,
  0xa645, 0xa645, 0xa624, 0x9e24, 0x9e04, 0xa625, 0x9de4, 0x8da4, 0x9e04, 0xa624, 0x9e23, 0x9e03,
  0xae63, 0xae64, 0xae84, 0xa643, 0xae82, 0xae81, 0x95e1, 0x7d61, 0x8581, 0xa641, 0x95c2, 0x6ca2,
  0x5be2, 0x74e4, 0x6ca3, 0x9584, 0x6c82, 0x7483, 0xae84, 0x74e2, 0x85a2, 0x8d82, 0x8d62, 0xa641,
  0x6c61, 0x53c1, 0x7d02, 0x8522, 0x8d82, 0x53a1, 0x4b81, 0x6c62, 0x8d43, 0x53c2, 0x95e2, 0x8562,
  0x9e22, 0x6462, 0x8563, 0x9603, 0x8da4, 0x8545, 0x6c66, 0x63c7, 0x5368, 0x63ec, 0x4b2b, 0x42c9,
  0x42c9, 0x42e8, 0x5368, 0x4b27, 0x5327, 0x534a, 0x6c4f, 0x74f1, 0x7d32, 0x7512, 0x7d12, 0x7d53,
  0x8573, 0x7471, 0x5b0c, 0x52ec, 0x6372, 0x74db, 0x6d1b, 0x6dbc, 0x861c, 0x6d39, 0x4b53, 0x426e,
  0x420b, 0x41ea, 0x3989, 0x41ca, 0x41c9, 0x5209, 0x5208, 0x41a9, 0x5a09, 0x5209, 0x6248, 0x6268,
  0x5a67, 0x6b49, 0x94aa, 0xa4eb, 0x9ceb, 0x8448, 0x7c48, 0x7408, 0x8488, 0x7c48, 0x7407, 0x7c48,
  0x7c48, 0x8ca9, 0x8ca9, 0x84a8, 0x7c86, 0x8524, 0x6c45, 0x5b46, 0x63c7, 0x73c8, 0x8389, 0x62c9,
  0x5a48, 0x49c7, 0x5247, 0x51e7, 0x5207, 0x6365, 0x6ba5, 0x63a5, 0x6be5, 0x6386, 0x63a7, 0x5b48,
  0x63a9, 0x7d48, 0x8588, 0x7d67, 0x7d67, 0x7d67, 0x7528, 0x7489, 0x6c49, 0x6c07, 0x63aa, 0x4b4a,
  0x4b2a, 0x3a4a, 0x52ea, 0x52ca, 0x632b, 0x52ca, 0x324c, 0x430e, 0x32ac, 0x430c, 0x538a, 0x4b89,
  0x5c2a, 0x5c0a, 0x6c2a, 0x82e7, 0x92e7, 0x82a7, 0x8286, 0x7a86, 0x7266, 0x73a4, 0x63e3, 0x5ba4,
  0x4b03, 0x4b03, 0x42c3, 0x63e4, 0x6424, 0x6404, 0x5bc4, 0x5384, 0x5be4, 0x5be4, 0x6c24, 0x5bc4,
  0x5ba4, 0x5ba4, 0x6404, 0x6404, 0x6c24, 0x6c44, 0x74c5, 0x74a5, 0x6c64, 0x6c44, 0x6c44, 0x6c64,
  0x7484, 0x74c3, 0x8523, 0x95a4, 0x8da4, 0x8d63, 0x9584, 0xa645, 0xae45, 0xae66, 0xae66, 0xae46,
  0xae66, 0xae66, 0xa645, 0xa665, 0xae86, 0xae86, 0xa645, 0xa665, 0xa666, 0xae87, 0xa666, 0xa666,
  0xa666, 0xae87, 0xae66, 0xae66, 0xae66, 0xa646, 0xa665, 0xa666, 0xa646, 0xae66, 0xa646, 0xa646,
  0xae66, 0xae86, 0xae86, 0xa646, 0xa645, 0xae66, 0xa625, 0xa645, 0xae86, 0xa646, 0xae65, 0xa645,
  0xae66, 0xb6a6, 0xa625, 0x9e25, 0xa625, 0x9de5, 0xa626, 0x95c5, 0xae46, 0xae65, 0xa625, 0x95a4,
  0xae65, 0xa644, 0xa664, 0xae83, 0xa661, 0x8da1, 0x7d21, 0x74c2, 0x95c3, 0x7d42, 0x74e2, 0x5c21,
  0x4321, 0x3ae1, 0x6462, 0x95c3, 0x6c81, 0x7d02, 0x6421, 0x74c2, 0x7501, 0x5c41, 0x95c3, 0x9e02,
  0x6481, 0x95a2, 0x6441, 0x7d22, 0x6481, 0x7cc3, 0x5381, 0x4b61, 0x53c1, 0x5c01, 0x74e2, 0x95e3,
  0x7522, 0x95e3, 0xa663, 0x8582, 0x8da3, 0x95c4, 0x8583, 0x8563, 0x8563, 0x8583, 0x7d64, 0x7544,
  0x7544, 0x7d64, 0x85a6, 0x6d23, 0x7503, 0x6ce3, 0x7d25, 0x74a5, 0x6466, 0x6446, 0x5be5, 0x5be5,
  0x5c44, 0x4b86, 0x4ae7, 0x5b08, 0x6b29, 0x632c, 0x63d0, 0x5412, 0x85b8, 0x7519, 0x859c, 0x7d1b,
  0x5c39, 0x5c79, 0x64fa, 0x7d1a, 0x5ad1, 0x420c, 0x41ca, 0x3989, 0x49c9, 0x5a0a, 0x41c9, 0x3168,
  0x3148, 0x6b29, 0xaccb, 0x946a, 0x8449, 0x7c48, 0x8469, 0x7408, 0x7c68, 0x84a8, 0x7c68, 0x7408,
  0x8448, 0x7c28, 0x7c28, 0x63a7, 0x63c6, 0x9de4, 0x8564, 0x8545, 0x95c5, 0x95a6, 0x9dc7, 0x9dc7,
  0x7c48, 0x7be8, 0x8428, 0x7388, 0x7c28, 0x8585, 0x85e4, 0x8e04, 0x8e24, 0x8de4, 0x8da5, 0x8545,
  0x74a6, 0x6cc6, 0x7507, 0x74e6, 0x74e6, 0x7506, 0x6ce6, 0x6c67, 0x5be7, 0x63a6, 0x4b69, 0x43aa,
  0x43aa, 0x53cb, 0x5c6b, 0x648b, 0x6c8b, 0x6ccb, 0x6ceb, 0x438d, 0x436e, 0x3aad, 0x42ac, 0x52eb,
  0x52ec, 0x428b, 0x4a8a, 0x7268, 0x8a66, 0x8245, 0x8245, 0xbb88, 0x9ae7, 0x8286, 0x7245, 0x61e4,
  0x51c3, 0x51a3, 0x59c4, 0x5203, 0x41e3, 0x41e3, 0x41a3, 0x49e4, 0x41e3, 0x3a23, 0x4223, 0x39c3,
  0x3182, 0x39c3, 0x39a3, 0x3982, 0x41a3, 0x4aa3, 0x53c2, 0x53a3, 0x5363, 0x42c2, 0x6404, 0x7d64,
  0x8544, 0x7ce5, 0x8507, 0x9da8, 0x9da7, 0x9585, 0x9565, 0x8d65, 0x8d65, 0x8d65, 0x9585, 0x95a6,
  0x9585, 0x8d65, 0x8544, 0x8d85, 0x8d85, 0x8d65, 0x8d85, 0x8d85, 0x8d65, 0x8d65, 0x8d65, 0x8d85,
  0x8d65, 0x95a6, 0x8d85, 0x8d85, 0x9586, 0x8505, 0x8d65, 0x8d65, 0x8d65, 0x95a5, 0x95a6, 0x95c5,
  0x95c5, 0x9e06, 0x9e06, 0xa626, 0xa646, 0xa626, 0xae86, 0xae86, 0xa666, 0xa646, 0xae66, 0xae86,
  0xae65, 0xae65, 0xae86, 0xae86, 0xae86, 0xae66, 0xae66, 0xae66, 0xa666, 0xa646, 0xa626, 0xa646,
  0xa625, 0x9e05, 0xa624, 0x95e2, 0x9e02, 0x8562, 0x74e1, 0x6cc2, 0x5c41, 0x74e2, 0x7d23, 0x7d02,
  0x42c4, 0x2a21, 0x53e1, 0x4b81, 0x53e1, 0x6c82, 0x6422, 0xa623, 0x8542, 0x8d83, 0x9de3, 0x7502,
  0x4bc1, 0x8541, 0x6461, 0x5401, 0x4bc1, 0x5c02, 0x7d23, 0x7d03, 0x3ae0, 0x5be1, 0x8523, 0x8562,
  0x8563, 0x8d82, 0x95e2, 0x8582, 0x9602, 0x9de3, 0x7ce2, 0x6422, 0x4ac3, 0x5ac5, 0x5aa5, 0x4a04,
  0x4a04, 0x5204, 0x5265, 0x4a05, 0x4a05, 0x62c7, 0x62c7, 0x7327, 0x6c06, 0x5ba6, 0x5ba6, 0x6387,
  0x73e7, 0x7447, 0x7427, 0x6368, 0x6b88, 0x6b67, 0x6b87, 0x73c8, 0x7bc9, 0x7baa, 0x7b8a, 0x7b8a,
  0x6b4b, 0x83ec, 0x7430, 0x965c, 0x7e3c, 0x763d, 0x6dbb, 0x5d19, 0x5c97, 0x5435, 0x4351, 0x32ad,
  0x29c9, 0x7be9, 0x948a, 0x9caa, 0x7c09, 0x7408, 0x7408, 0x7428, 0x7c68, 0x84a8, 0x8cc8, 0x7c47,
  0x7407, 0x7427, 0x5b67, 0x5b87, 0x6368, 0x8448, 0x7467, 0x74a7, 0x7ce6, 0x7cc6, 0x8d07, 0x8d07,
  0x7c67, 0x63c7, 0x6c28, 0x7429, 0x73e9, 0x6368, 0x6bc8, 0x63c7, 0x6bc6, 0x6ba5, 0x6bc5, 0x6c05,
  0x7445, 0x7445, 0x6c05, 0x5b65, 0x5b85, 0x5b65, 0x5ba5, 0x63e6, 0x6406, 0x5ba6, 0x5b87, 0x5b88,
  0x5348, 0x5b49, 0x5b4a, 0x5329, 0x530a, 0x4b0a, 0x5369, 0x5388, 0x5388, 0x53c8, 0x4b89, 0x53a8,
  0x5388, 0x4b48, 0x5328, 0x7ae7, 0x8a65, 0x69c4, 0x8246, 0xa2e7, 0x8a66, 0xa308, 0xab28, 0x8245,
  0x7205, 0x7a25, 0x71e4, 0x7a25, 0x8266, 0x8286, 0x92a6, 0x92a6, 0x69c4, 0x7205, 0x71e5, 0x69e4,
  0x7205, 0x7a05, 0x7a05, 0x69c4, 0x7a05, 0x8245, 0x7245, 0x7245, 0x69e4, 0x69e4, 0x6244, 0x63a4,
  0x6444, 0x4b63, 0x4b83, 0x4303, 0x3aa2, 0x42c2, 0x42e2, 0x4283, 0x4283, 0x4aa3, 0x4323, 0x4b23,
  0x3a82, 0x3a62, 0x3a82, 0x3a83, 0x3ac3, 0x3a62, 0x3aa2, 0x4b43, 0x3a82, 0x3a22, 0x4b03, 0x42c3,
  0x3a63, 0x3a42, 0x3a42, 0x3ae2, 0x4263, 0x4203, 0x3a42, 0x3a62, 0x3ac2, 0x39e2, 0x4263, 0x3a22,
  0x5aa3, 0x4ac3, 0x42e2, 0x4b42, 0x5343, 0x5bc3, 0x63e3, 0x6c63, 0x74c4, 0x8525, 0x8525, 0x8d65,
  0x9dc5, 0xa645, 0xae66, 0xb6a6, 0xae66, 0xa645, 0xae66, 0xae66, 0xa645, 0xa645, 0xa646, 0xa626,
  0x8da4, 0x7d43, 0x7d03, 0x6cc2, 0x7d22, 0x8523, 0x6441, 0x3b21, 0x7502, 0x6c82, 0x74e2, 0x6c85,
  0x3263, 0x3b01, 0x4341, 0x5c22, 0x7ce2, 0x9de3, 0x8562, 0x7d42, 0x7d42, 0x7502, 0x4b81, 0x5401,
  0x53c1, 0x5c21, 0x74e1, 0x4341, 0x4361, 0x53c1, 0x6461, 0x7d22, 0x7d02, 0x6462, 0x4ba1, 0x53e1,
  0x6ca2, 0x6461, 0x6441, 0x5c22, 0x6ca1, 0x6cc1, 0x6cc1, 0x6421, 0x8d23, 0x7b67, 0x7308, 0x6307,
  0x6306, 0x7306, 0x8b87, 0x72e6, 0x9c24, 0x7387, 0x7bc8, 0x7b47, 0x7426, 0x6426, 0x5bc6, 0x63a7,
  0x7c88, 0x84a8, 0x8ce7, 0x8467, 0x7c07, 0x8407, 0x83e7, 0x8408, 0x8408, 0x7ba9, 0x8c0a, 0x83c9,
  0x6308, 0x6329, 0x7bcc, 0x7474, 0x4b32, 0x863b, 0x6d78, 0x53b1, 0x5c54, 0x967b, 0x6d59, 0x4370,
  0x4bad, 0x5b8a, 0x63aa, 0x5b6a, 0x5309, 0x52e9, 0x52e9, 0x5309, 0x5329, 0x52e8, 0x4ac7, 0x4ac7,
  0x3a67, 0x3a87, 0x3207, 0x4a69, 0x4a6a, 0x6acb, 0x52cb, 0x424b, 0x4a8a, 0x3a09, 0x5aea, 0x632a,
  0x4248, 0x29a7, 0x29e7, 0x52c8, 0x4ae8, 0x42c8, 0x42a8, 0x42a8, 0x42e6, 0x64a4, 0x64a4, 0x5c85,
  0x5c85, 0x6cc5, 0x6485, 0x5345, 0x6445, 0x6424, 0x6c04, 0x7427, 0x7446, 0x7465, 0x7c66, 0x8c87,
  0x8468, 0x846b, 0x7c4e, 0x742c, 0x742b, 0x63cb, 0x5b6b, 0x63cb, 0x638b, 0x638b, 0x52ec, 0x638c,
  0x534a, 0x4b28, 0x3ac8, 0x6b27, 0x7204, 0x61a4, 0x71e4, 0x8245, 0x7225, 0x9286, 0x8245, 0x7a25,
  0x7a25, 0x69c4, 0x5963, 0x7a05, 0x8a86, 0x9ae7, 0x8a66, 0x71c5, 0x79e5, 0x71e5, 0x5964, 0x7a05,
  0x8246, 0x71e5, 0x8226, 0x71e5, 0x8245, 0x92a6, 0x9ae7, 0x8245, 0x8a66, 0x8a66, 0x8245, 0x9b07,
  0x9307, 0x6a45, 0x59e4, 0x51e3, 0x4983, 0x3963, 0x5183, 0x4983, 0x49a3, 0x4183, 0x41c3, 0x4183,
  0x4963, 0x4163, 0x4163, 0x4983, 0x51c4, 0x4983, 0x51a3, 0x4983, 0x4143, 0x4143, 0x4183, 0x5184,
  0x5164, 0x4963, 0x5983, 0x8464, 0x9d45, 0x9d46, 0xa586, 0x9d85, 0x9d86, 0xa586, 0x9da5, 0xa5e5,
  0xa5e5, 0x9de5, 0xa604, 0xae44, 0xa624, 0xa624, 0xa645, 0xae65, 0xae65, 0xae86, 0xae45, 0xae65,
  0xa625, 0xae65, 0xae65, 0xb686, 0xb686, 0x9de5, 0xa645, 0xae66, 0xa645, 0xa645, 0xa645, 0xa666,
  0x9e06, 0x95c5, 0x8565, 0x7d45, 0x74e4, 0x6c84, 0x53a3, 0x3ae1, 0x4b82, 0x4b82, 0x3b01, 0x3b02,
  0x3ae3, 0x4341, 0x3ae1, 0x53a1, 0x6cc1, 0x5c61, 0x5c61, 0x5c62, 0x5c61, 0x5c22, 0x8525, 0x74c4,
  0x32a1, 0x3ae1, 0x74c3, 0x3ae1, 0x32a1, 0x2aa0, 0x3b01, 0x4380, 0x4361, 0x3b21, 0x3b21, 0x5401,
  0x6462, 0x5c42, 0x6462, 0x6ca3, 0x74e3, 0x8d84, 0x8d83, 0x95c3, 0x95a4, 0x9585, 0x9585, 0x9dc6,
  0x9585, 0x9da5, 0x9dc6, 0x95a5, 0x9585, 0x9565, 0x9d86, 0x9546, 0x9d86, 0x8d46, 0x8d45, 0x8505,
  0x8d45, 0x8d25, 0x84c6, 0x6b89, 0x6b49, 0x6309, 0x630a, 0x736a, 0x6309, 0x5289, 0x5ac9, 0x4a89,
  0x42aa, 0x4b0f, 0x5b72, 0x5333, 0x3a72, 0x8518, 0x9e3c, 0x8538, 0x4b51, 0x63f2, 0x9dfa, 0xae3b,
  0x5bb4, 0x532d, 0x530b, 0x532b, 0x5b6b, 0x4b0a, 0x63cb, 0x742c, 0x6c0b, 0x3a67, 0x29e7, 0x3268,
  0x3a68, 0x42c8, 0x4a8b, 0x632e, 0x5b0e, 0x73d0, 0x42ad, 0x2a0b, 0x4a8b, 0x3a2b, 0x52ac, 0x4a6b,
  0x3a08, 0x31e8, 0x3a08, 0x5248, 0x4208, 0x5248, 0x5a69, 0x5249, 0x4a48, 0x5b46, 0x4ae7, 0x5b47,
  0x4b26, 0x42e5, 0x5366, 0x4266, 0x4ac7, 0x4b07, 0x42e7, 0x4b69, 0x4368, 0x4b68, 0x4b4a, 0x4b4b,
  0x530a, 0x532a, 0x5bc9, 0x6427, 0x6426, 0x6446, 0x6426, 0x6447, 0x8529, 0x7ca7, 0x7468, 0x7489,
  0x7c88, 0x7c86, 0x7c67, 0x7426, 0x3a23, 0x4ac3, 0x49e4, 0x7a25, 0x69e4, 0x92c6, 0x92c7, 0x7a46,
  0x7205, 0x7a45, 0x59a4, 0x7205, 0x82a7, 0x7a66, 0x69c5, 0x6184, 0x69c4, 0x5984, 0x4943, 0x5983,
  0x7205, 0x61c4, 0x61a4, 0x6184, 0x8225, 0x92a6, 0x9ac6, 0x8a86, 0x7a25, 0x8a66, 0x9ac7, 0xb368,
  0xb389, 0x8ac7, 0x8a66, 0x71e5, 0x8225, 0x7205, 0x8a86, 0x7a25, 0x7a45, 0x61c4, 0x69e4, 0x7204,
  0x7a25, 0x8245, 0x8265, 0x7205, 0x7a25, 0x71e4, 0x8a85, 0x8265, 0x8245, 0x8a65, 0x69e5, 0x8a66,
  0x7a05, 0x61a4, 0x8a65, 0x7c64, 0x8545, 0x9586, 0x8524, 0x8da4, 0x95a5, 0x95a5, 0x9e04, 0xa644,
  0x95c4, 0x9de4, 0x9dc4, 0x9dc4, 0x9584, 0x95a4, 0x9564, 0x95a5, 0x95a4, 0x8d64, 0x9584, 0x8d64,
  0x8d64, 0x8d64, 0x9585, 0x9565, 0x9585, 0x8d45, 0x9564, 0xa606, 0x9585, 0x95a5, 0x9dc6, 0x9565,
  0x9586, 0x9586, 0x8525, 0x8545, 0x7ce5, 0x74c5, 0x6ca4, 0x6483, 0x6ca3, 0x6ca3, 0x5c02, 0x5c04,
  0x21e2, 0x2a21, 0x53c1, 0x53e1, 0x32e1, 0x53e2, 0x4361, 0x2aa0, 0x2aa0, 0x4b82, 0x6462, 0x4bc1,
  0x3b40, 0x5402, 0x74e3, 0x4381, 0x6441, 0x6482, 0x74e2, 0x7d63, 0x8dc4, 0x8de4, 0x9604, 0x9624,
  0xa665, 0xae85, 0xae85, 0x9de5, 0xae86, 0xae65, 0xae65, 0xae65, 0xa645, 0x95c6, 0x9586, 0x9566,
  0x9566, 0x9586, 0x9586, 0x9586, 0x8d85, 0x95a5, 0x95a5, 0x95a5, 0x95a4, 0x95a4, 0xae64, 0x95c3,
  0x95e3, 0x9de2, 0x8543, 0x73ca, 0x6b8b, 0x73cc, 0x6b8c, 0x7c0c, 0x8c6c, 0x844c, 0x4289, 0x21c8,
  0x2a0a, 0x3a6d, 0x4b12, 0x3270, 0x3a92, 0x32b3, 0x3b56, 0xa5fb, 0x3b73, 0x328f, 0x32b0, 0x85bb,
  0x7d7c, 0x5b70, 0x42ab, 0x3a6a, 0x4aea, 0x5b8c, 0x63ec, 0x744c, 0x5bcb, 0x4b49, 0x21e7, 0x3ac8,
  0x4b49, 0x29e8, 0x320a, 0x3a2b, 0x3a2c, 0x424b, 0x526a, 0x41e8, 0x41e9, 0x49e9, 0x5a2a, 0x6a89,
  0x5a27, 0x51e7, 0x6a89, 0x6a89, 0x5a48, 0x6ae9, 0x5aa9, 0x5a89, 0x5ac8, 0x6b28, 0x6b48, 0x6b48,
  0x6bc7, 0x7c66, 0x7c86, 0x7c66, 0x7c46, 0x7426, 0x7425, 0x73c6, 0x7ba6, 0x7386, 0x7be7, 0x8407,
  0x7ba7, 0x73a5, 0x7c84, 0x9d84, 0x9d64, 0x9da5, 0x9da6, 0x9da6, 0xae07, 0xa607, 0xa607, 0xa5e7,
  0xa5e6, 0x9de6, 0x9de6, 0x95a5, 0x8544, 0x8d64, 0x7484, 0x7404, 0x6383, 0x7b05, 0x7225, 0x6a05,
  0x61e4, 0x5183, 0x51a3, 0x51c3, 0x82a6, 0x69e5, 0x61c4, 0x69c4, 0x7205, 0x5984, 0x69e5, 0x4943,
  0x4102, 0x61c4, 0x7205, 0x8225, 0x79e5, 0x8225, 0x7a05, 0x69c4, 0x61a4, 0x71e4, 0x8a46, 0x92a6,
  0xc40a, 0x8a66, 0x8245, 0x8246, 0x69e5, 0x7a25, 0x8246, 0x8245, 0x69e4, 0x7205, 0x8a66, 0x8245,
  0x7a25, 0x92c6, 0x8246, 0x8246, 0x8245, 0x9286, 0x92a6, 0x92c6, 0x8245, 0x7205, 0x7a25, 0x7a05,
  0x8a66, 0x7205, 0x8a65, 0x6b64, 0x5bc3, 0x6c24, 0x74a3, 0x74e3, 0x74e3, 0x6c83, 0x74c4, 0x7d64,
  0x53c3, 0x3aa3, 0x3ae3, 0x4343, 0x3ac3, 0x4303, 0x4303, 0x4303, 0x4323, 0x3aa3, 0x4b63, 0x42e3,
  0x3ac3, 0x3ac3, 0x4303, 0x3ae3, 0x3ac3, 0x3223, 0x42e3, 0x53c4, 0x3ae3, 0x4303, 0x4362, 0x3b02,
  0x4322, 0x5be2, 0x7463, 0x7d04, 0x8524, 0x8503, 0x8d84, 0x74c3, 0x8d64, 0xa604, 0x8dc3, 0x9e25,
  0x6424, 0x6423, 0x5c22, 0x6442, 0x6442, 0x6462, 0x6cc2, 0x6cc2, 0x74e3, 0x7d03, 0x8564, 0x8da4,
  0x8da4, 0x95c5, 0x95e5, 0x9e05, 0x95e5, 0x95e5, 0x9e25, 0x95e4, 0xa665, 0xa665, 0x9e45, 0xa645,
  0xa644, 0xa664, 0xa665, 0xa645, 0x9de5, 0xa665, 0x8584, 0x8544, 0x7d23, 0x42e2, 0x3242, 0x3242,
  0x32a2, 0x3ae2, 0x3aa2, 0x4382, 0x3ae2, 0x42e3, 0x3a62, 0x4322, 0x4302, 0x4b83, 0x8564, 0x8d84,
  0x7ce2, 0x7442, 0x73e3, 0x73ab, 0x73cc, 0x73ec, 0x7bec, 0x844d, 0x844c, 0x8c4d, 0x842c, 0x29e9,
  0x29ea, 0x3a6e, 0x42b1, 0x29ef, 0x3230, 0x4355, 0x3b15, 0x53d6, 0x4bd5, 0x2a6f, 0x3ad1, 0x43d5,
  0x5cdb, 0x42f1, 0x324d, 0x2a2c, 0x324b, 0x42eb, 0x4aea, 0x430a, 0x4b6a, 0x3268, 0x21a7, 0x3268,
  0x3aa8, 0x21e8, 0x324b, 0x320b, 0x29eb, 0x4a6b, 0x6289, 0x5a49, 0x5a49, 0x6a69, 0x6a49, 0x72aa,
  0x6a67, 0x6248, 0x6a89, 0x7288, 0x62a8, 0x6387, 0x63c7, 0x5ba7, 0x5bc5, 0x6c65, 0x6465, 0x6c65,
  0x6c45, 0x8525, 0x8d26, 0x9567, 0x9566, 0x9566, 0x8d66, 0x8d86, 0x8d86, 0x8587, 0x85a7, 0x8da5,
  0x95a5, 0x9dc6, 0x9dc4, 0xa605, 0xa625, 0xae45, 0xbe86, 0xc6e8, 0xbea7, 0xbec7, 0xbec7, 0xbee7,
  0xb6c7, 0xb6a6, 0xb6a6, 0xb6a6, 0xae86, 0xae46, 0xa645, 0xa625, 0x95c5, 0x7cc4, 0x5ac3, 0x5aa3,
  0x52a3, 0x5b03, 0x4282, 0x5b62, 0x6b04, 0x51a4, 0x59a4, 0x4963, 0x5183, 0x5183, 0x4143, 0x3962,
  0x6204, 0x61c4, 0x59a4, 0x59a4, 0x5183, 0x7a25, 0x8a45, 0x8245, 0x7226, 0x7205, 0x7a05, 0x9ac7,
  0xab28, 0x7a25, 0x61c4, 0x7205, 0x59a4, 0x71e5, 0x69c4, 0x71e5, 0x8245, 0x69e4, 0x61a4, 0x69c4,
  0x7a25, 0x7a46, 0x8245, 0x7a25, 0x5163, 0x69c4, 0x8265, 0x8245, 0x69e4, 0x61c4, 0x71e5, 0x71e5,
  0x7a25, 0x69e5, 0x7a05, 0x8285, 0x92e6, 0x7244, 0x6a44, 0x6283, 0x6343, 0x5b23, 0x5323, 0x6c23,
  0x5bc3, 0x3283, 0x3262, 0x31e2, 0x3202, 0x3a43, 0x3a42, 0x3943, 0x31c3, 0x3263, 0x31c3, 0x3283,
  0x3222, 0x3a62, 0x3222, 0x3a22, 0x2982, 0x3223, 0x3a63, 0x3223, 0x31c2, 0x39c2, 0x3222, 0x3242,
  0x6423, 0x9604, 0x9624, 0x9e24, 0x95e4, 0x9605, 0x9e24, 0x9604, 0x9e44, 0x9e04, 0x9e23, 0xae86,
  0x9e05, 0x95e4, 0x95c4, 0x95c4, 0x8da4, 0x8564, 0x8d84, 0x8544, 0x7cc4, 0x8d24, 0x7ce3, 0x8524,
  0x6c43, 0x8544, 0x7d24, 0x8544, 0x74a3, 0x8564, 0x8544, 0x8544, 0x8d84, 0x8564, 0x8da4, 0x8da4,
  0x8563, 0x95c4, 0x8d84, 0x95a5, 0x8d64, 0x8544, 0x6c83, 0x7483, 0x5ba2, 0x31c2, 0x29a2, 0x29a2,
  0x3a62, 0x39e2, 0x4a23, 0x3242, 0x39e3, 0x31a3, 0x4aa3, 0x3182, 0x3a22, 0x4b43, 0x6c24, 0x6b83,
  0x6283, 0x7a84, 0x7a65, 0x8c6c, 0x740c, 0x7c0c, 0x73ed, 0x73cd, 0x7bec, 0x840c, 0x8c4d, 0x4aab,
  0x3a6d, 0x322e, 0x2a30, 0x3230, 0x2a10, 0x2a52, 0x2a52, 0x3294, 0x5c79, 0x32b2, 0x43b5, 0x54b8,
  0x54ba, 0x32b2, 0x3250, 0x3290, 0x3270, 0x32b1, 0x3ad0, 0x3aef, 0x42ec, 0x2a4a, 0x19a9, 0x2a2a,
  0x2a29, 0x21c9, 0x2a4c, 0x324d, 0x324e, 0x5aeb, 0x6b29, 0x6b49, 0x7349, 0x7309, 0x6a8a, 0x6a8a,
  0x72a8, 0x7ae7, 0x72c8, 0x72c8, 0x7bc5, 0x74c2, 0x6464, 0x5be4, 0x5c03, 0x4aa4, 0x4a04, 0x62c5,
  0x6325, 0x6b84, 0x6ba4, 0x7c23, 0x7403, 0x7404, 0x7c44, 0x8464, 0x7c44, 0x7404, 0x7423, 0x8c84,
  0x9c46, 0x9446, 0x73a4, 0x6423, 0x6ca4, 0x6c83, 0x74e4, 0x9de5, 0xb667, 0xbec7, 0xb6a6, 0xc708,
  0xb6a6, 0xae86, 0xb686, 0xae86, 0xae66, 0xa645, 0xae66, 0xae65, 0xae65, 0xa645, 0xa625, 0xa625,
  0xa605, 0x9e05, 0x9e05, 0x95c4, 0x7ce4, 0x74a3, 0x7483, 0x6c63, 0x6c63, 0x6c83, 0x6c83, 0x6c82,
  0x6402, 0x5382, 0x5342, 0x5342, 0x4b02, 0x6324, 0x7204, 0x69c4, 0x61c4, 0x61a4, 0x8245, 0x9ae7,
  0xb327, 0x7a45, 0x61e4, 0x59a4, 0x59c4, 0x8266, 0x61a4, 0x71e5, 0x7a25, 0x5163, 0x69c4, 0x7a45,
  0x71e5, 0x8a86, 0x8246, 0x7a25, 0x59a4, 0x7a05, 0x71e5, 0x69c4, 0x69c4, 0x69c4, 0x71c4, 0x6184,
  0x5984, 0x6184, 0x7205, 0x8ac6, 0xab68, 0xbbea, 0xab48, 0x92c6, 0x8aa6, 0x8285, 0x7a65, 0x6a44,
  0x6224, 0x3122, 0x3102, 0x3922, 0x3922, 0x3962, 0x3962, 0x4943, 0x3923, 0x3922, 0x3102, 0x3122,
  0x3922, 0x4142, 0x4142, 0x4163, 0x51a4, 0x3923, 0x59a3, 0x4963, 0x4963, 0x3942, 0x3102, 0x3142,
  0x42a2, 0x74e3, 0x7d24, 0x8564, 0x8584, 0x7d24, 0x7d03, 0x85a5, 0x8585, 0x6cc4, 0x7d43, 0x7524,
  0x8da6, 0x95c5, 0x95e6, 0x8d85, 0x8d84, 0x7d03, 0x6ca3, 0x5c02, 0x2a02, 0x3282, 0x2a62, 0x2a42,
  0x21a1, 0x42e2, 0x2a02, 0x42e3, 0x42e2, 0x4342, 0x3282, 0x3b02, 0x3b42, 0x3b02, 0x5c43, 0x7d44,
  0x7d03, 0x74a3, 0x7ca4, 0x6c03, 0x7c84, 0x5b23, 0x4a82, 0x5aa3, 0x4a02, 0x3102, 0x30e2, 0x3942,
  0x3122, 0x49a3, 0x5a04, 0x3122, 0x4143, 0x3122, 0x3142, 0x4943, 0x3102, 0x49e3, 0x7264, 0x9b07,
  0xab27, 0xbb88, 0xbb88, 0x8d0b, 0x750a, 0x642c, 0x538e, 0x4b6f, 0x42ef, 0x4aef, 0x5b4f, 0x428d,
  0x2a0d, 0x322f, 0x29f0, 0x3272, 0x2a31, 0x2a73, 0x2232, 0x2a53, 0x5c58, 0x5418, 0x32b4, 0x5dbc,
  0x4d3c, 0x3356, 0x3335, 0x3336, 0x3357, 0x3378, 0x3316, 0x3315, 0x3b13, 0x2a2d, 0x19cc, 0x19cc,
  0x2a4c, 0x2a2c, 0x2a2e, 0x2a2f, 0x2a2f, 0x428d, 0x52ab, 0x6b8c, 0x6bcb, 0x7487, 0x7467, 0x7c2b,
  0x7ba9, 0x7348, 0x7387, 0x73a6, 0x63c6, 0x5bc5, 0x5c05, 0x5385, 0x5344, 0x4a64, 0x5ac5, 0x5ac5,
  0x4a85, 0x41e7, 0x5227, 0x5206, 0x6287, 0x5268, 0x5268, 0x4a48, 0x5248, 0x5228, 0x4a48, 0x62a8,
  0x5a68, 0x5227, 0x5a24, 0x6383, 0x5363, 0x5c02, 0x6462, 0x5c62, 0x6462, 0x95a5, 0xa625, 0xb687,
  0xbec7, 0xae65, 0xae86, 0xb686, 0xb686, 0xa645, 0xae86, 0xae65, 0xae86, 0xae65, 0xae65, 0xa645,
  0xae66, 0xa646, 0xa646, 0xa645, 0x9e25, 0x95e5, 0x9e25, 0x9e05, 0xa645, 0xa625, 0xa645, 0x9604,
  0x8de4, 0x8dc3, 0x8de4, 0x85a3, 0x85a3, 0x7d23, 0x5b43, 0x52a3, 0x4a23, 0x7285, 0x8ac6, 0x7a85,
  0xab27, 0x61e4, 0x59c4, 0x61e5, 0x61e5, 0x8245, 0x5963, 0x69c4, 0x61a4, 0x69c4, 0x61a4, 0x69c4,
  0x7a25, 0x69e5, 0x7a05, 0x61e5, 0x7225, 0x69c4, 0x5984, 0x5964, 0x69a4, 0x5984, 0x5963, 0x71e5,
  0x61a4, 0x5143, 0x5143, 0x9b46, 0xa347, 0xb3a9, 0xbbc9, 0xb368, 0xb389, 0xb3a9, 0x92a6, 0xa327,
  0x92e7, 0x4943, 0x5163, 0x7a25, 0x7205, 0x5163, 0x5983, 0x59c4, 0x4963, 0x51a4, 0x4963, 0x3902,
  0x5163, 0x7a45, 0x8266, 0x59a4, 0x4943, 0x4143, 0x7a45, 0x92c6, 0xa328, 0x4963, 0x61e4, 0x5183,
  0x4983, 0x5ac3, 0x6b83, 0x5343, 0x74a4, 0x5b83, 0x6c03, 0x6c83, 0x6443, 0x5bc3, 0x5c42, 0x6483,
  0x6ca6, 0x7d04, 0x74e4, 0x74e4, 0x6c63, 0x6ca3, 0x53a2, 0x3b02, 0x29e2, 0x21a2, 0x29c2, 0x21a2,
  0x2a01, 0x2101, 0x29a1, 0x3aa2, 0x3202, 0x31e2, 0x3a62, 0x3203, 0x3a23, 0x3ac2, 0x5c23, 0x5c03,
  0x5ba2, 0x5ae3, 0x62a3, 0x5a63, 0x5a63, 0x7203, 0x8aa5, 0x7a44, 0x7a45, 0x4122, 0x4963, 0x61c4,
  0x7a45, 0x59a4, 0x5184, 0x61e5, 0x5163, 0x4943, 0x5184, 0x61a4, 0x5143, 0x61e4, 0xbba9, 0xc40a,
  0xcc2a, 0xbba9, 0xc3e9, 0x84e6, 0x85a4, 0x9e42, 0x9e24, 0x9606, 0x74a9, 0x4aee, 0x6350, 0x3a4c,
  0x21cb, 0x21ee, 0x21ce, 0x2a30, 0x21ef, 0x21f0, 0x19f1, 0x2a53, 0x2ab4, 0x3b16, 0x3b57, 0x875f,
  0x775f, 0x56fe, 0x66bd, 0x5e5d, 0x5e1e, 0x55dd, 0x4d5d, 0x44fb, 0x33d7, 0x2af3, 0x2291, 0x2a91,
  0x2ab1, 0x2a90, 0x32d2, 0x32d2, 0x32d3, 0x32d2, 0x3ad1, 0x42f1, 0x4b30, 0x6c8c, 0x64aa, 0x5bed,
  0x538f, 0x5351, 0x5b91, 0x536b, 0x6445, 0x5bc6, 0x6c46, 0x5ba6, 0x5bc5, 0x4ae4, 0x5324, 0x4ae4,
  0x4285, 0x52a8, 0x41e6, 0x5b08, 0x4ac9, 0x4288, 0x4289, 0x5329, 0x6bc9, 0x6389, 0x5b68, 0x5b48,
  0x6be9, 0x5b67, 0x6345, 0x6bc5, 0x7425, 0x7ca4, 0x8d25, 0x9dc5, 0xa625, 0xae85, 0xb6a6, 0xae86,
  0xae86, 0xae65, 0xae86, 0xae66, 0xae86, 0xae66, 0xae66, 0xa645, 0xae65, 0xa645, 0xae65, 0xae66,
  0xa645, 0xae66, 0xa646, 0xa646, 0x9e25, 0x9e25, 0xa645, 0xa645, 0x9e05, 0xae65, 0xa645, 0xa646,
  0xa646, 0x9de4, 0xa645, 0x9e25, 0xa625, 0x95e4, 0x85c3, 0x7d63, 0x7523, 0x74e3, 0x6c83, 0x6bc3,
  0x8b24, 0x51a3, 0x3923, 0x4963, 0x4963, 0x59c4, 0x4963, 0x59a4, 0x4923, 0x5163, 0x4143, 0x69e4,
  0x5183, 0x59a3, 0x6204, 0x51c3, 0x6224, 0x5183, 0x3943, 0x5183, 0x4983, 0x4163, 0x4963, 0x4143,
  0x5163, 0x4122, 0x5143, 0x7a43, 0xb368, 0xbbc9, 0xbba9, 0xb368, 0xbba9, 0xb368, 0xa327, 0xab68,
  0xc42a, 0x8a86, 0x7a05, 0x69e4, 0x7205, 0x61e4, 0x69c4, 0x59a4, 0x59a4, 0x69e4, 0x7225, 0x7a66,
  0x69e5, 0x8266, 0x8266, 0x7205, 0x5984, 0x61c4, 0x92c6, 0x7a25, 0x92a6, 0x7a25, 0x7204, 0x7204,
  0x8aa5, 0xab88, 0x6a24, 0x82a5, 0x7ae5, 0x5a23, 0x5a63, 0x6b04, 0x5262, 0x4a02, 0x63a3, 0x4a43,
  0x7448, 0x6404, 0x6c24, 0x6363, 0x5ac3, 0x5b23, 0x4242, 0x3982, 0x2902, 0x28e2, 0x30e2, 0x3102,
  0x2921, 0x28c2, 0x49c2, 0x29a1, 0x3142, 0x41c3, 0x41c3, 0x3943, 0x3163, 0x31a2, 0x4aa3, 0x6263,
  0x7224, 0x7a24, 0x92c7, 0xab67, 0x8a65, 0xb347, 0xa2e6, 0x9ae6, 0x8a86, 0x5163, 0x69e5, 0x7205,
  0x71e5, 0x61a4, 0x7205, 0x7a46, 0x7205, 0x6a05, 0x7205, 0x7a25, 0x7a05, 0x8266, 0xc40a, 0xbbc9,
  0xcc0a, 0xbb88, 0xc3e9, 0x9545, 0x8582, 0x7d42, 0x7d44, 0x7d03, 0x7d04, 0x74a7, 0x7449, 0x63e7,
  0x6447, 0x6468, 0x6468, 0x6c89, 0x5c4a, 0x5c4a, 0x5c2a, 0x5c2c, 0x5c4b, 0x5c8b, 0x5ccd, 0x8694,
  0x96b4, 0x7e72, 0x8672, 0x7e50, 0x7e50, 0x760f, 0x65d2, 0x6df5, 0x6d94, 0x6cd2, 0x5c52, 0x6491,
  0x64af, 0x5c8e, 0x648d, 0x6cad, 0x646c, 0x7cc7, 0x7ce7, 0x8527, 0x8546, 0x8585, 0x7d64, 0x8583,
  0x7d03, 0x6c87, 0x7487, 0x7d04, 0x8561, 0x8563, 0x8d83, 0x8da4, 0x8584, 0x8564, 0x7ce4, 0x7d23,
  0x74e3, 0x7cc3, 0x7ca4, 0x8504, 0x8544, 0x7d04, 0x8524, 0x7d03, 0x8544, 0x7d23, 0x8543, 0x8543,
  0x8d84, 0x8d64, 0x7d04, 0x7d05, 0x7ce5, 0x7cc4, 0x7ce4, 0x7d04, 0x8524, 0x7cc4, 0x8524, 0x84e4,
  0x8504, 0x7ce4, 0x8505, 0x8525, 0x8525, 0x7d05, 0x8525, 0x8525, 0x7ce4, 0x7cc4, 0x7ce4, 0x7d05,
  0x7ce4, 0x74c4, 0x7d05, 0x74c4, 0x74a4, 0x74a4, 0x7483, 0x74c4, 0x74a3, 0x7cc4, 0x7ce4, 0x7ce4,
  0x7cc4, 0x7cc4, 0x7ce4, 0x7ce5, 0x84e5, 0x8525, 0x8545, 0x74a4, 0x74a4, 0x74c4, 0x6ca4, 0x6ca3,
  0x63e3, 0x4303, 0x3aa3, 0x4b23, 0x4b03, 0x53a3, 0x53a3, 0x5363, 0x5362, 0x63e3, 0x63c3, 0x63c3,
  0x6383, 0x63a3, 0x6403, 0x5bc3, 0x63e4, 0x6404, 0x6424, 0x6c23, 0x5bc3, 0x53a2, 0x53a2, 0x5382,
  0x4b82, 0x53c2, 0x53a2, 0x5b22, 0x9b06, 0xb348, 0xbba9, 0xab48, 0xab68, 0xa307, 0xa328, 0xb3a9,
  0xcc4a, 0x69c4, 0x69c4, 0x8245, 0x8265, 0x8266, 0x69e5, 0x4963, 0x69e4, 0x7205, 0x71e5, 0x7225,
  0x61c4, 0x71e4, 0x5963, 0x5963, 0x5964, 0x5984, 0x8a65, 0x8a86, 0x8225, 0x7a25, 0x8a65, 0x92a6,
  0xa326, 0xa307, 0xc3e9, 0xbbc9, 0x92a6, 0xb389, 0x69e5, 0x69c4, 0x71e4, 0x9ac7, 0x4983, 0x5143,
  0x4a25, 0x5a64, 0x5a44, 0x6204, 0x7245, 0x8265, 0x59a3, 0x5183, 0x3102, 0x4943, 0x5163, 0x4123,
  0x3902, 0x61c4, 0x59c3, 0x3102, 0x4102, 0x3902, 0x3102, 0x4963, 0x51a3, 0x3102, 0x5183, 0x7a24,
  0xa307, 0x9ac6, 0xc42b, 0xc3ea, 0xb368, 0xc3e9, 0xa2c6, 0xa307, 0x8245, 0x4923, 0x61a4, 0x7205,
  0x69e4, 0x69e5, 0x6184, 0x69e5, 0x61a4, 0x5163, 0x71e5, 0x7205, 0x7a25, 0x8a66, 0xc3c9, 0xcbe9,
  0xb368, 0xbb88, 0xb368, 0x6284, 0x4263, 0x4aa3, 0x5b43, 0x4ae2, 0x3a42, 0x3a23, 0x4a83, 0x52c3,
  0x3202, 0x5323, 0x4262, 0x5302, 0x52c3, 0x4a83, 0x52c3, 0x4aa3, 0x4ae3, 0x5ba3, 0x5343, 0x4b22,
  0x5303, 0x4a83, 0x3a02, 0x4b03, 0x5b82, 0x4302, 0x42e2, 0x3a62, 0x8562, 0x6404, 0x5325, 0x63e4,
  0x4b61, 0x4302, 0x4a83, 0x52c3, 0x4243, 0x4a83, 0x4a83, 0x4ac3, 0x42a2, 0x3ae2, 0x3ac2, 0x4322,
  0x4322, 0x4342, 0x4b63, 0x3aa2, 0x3aa2, 0x42c2, 0x42a2, 0x4283, 0x4263, 0x4a42, 0x4162, 0x4a82,
  0x4ae2, 0x2982, 0x3a03, 0x5362, 0x3aa2, 0x4283, 0x4ae3, 0x3a82, 0x3ac2, 0x4ae3, 0x3281, 0x5342,
  0x5364, 0x53c3, 0x4b62, 0x3282, 0x3a82, 0x4243, 0x3a02, 0x4ae3, 0x4b03, 0x4b83, 0x53a4, 0x42c3,
  0x3a63, 0x4b23, 0x4303, 0x3a83, 0x3ac2, 0x4322, 0x4b22, 0x4322, 0x2a02, 0x42a2, 0x3a62, 0x3a42,
  0x3a62, 0x42c2, 0x3a62, 0x3262, 0x4ae3, 0x41c3, 0x4283, 0x5be3, 0x42c2, 0x3aa2, 0x4b22, 0x3282,
  0x3262, 0x3a82, 0x4302, 0x3aa2, 0x4b03, 0x6bc3, 0x8d04, 0x5b63, 0x5b84, 0x3ac2, 0x4302, 0x53c2,
  0x42e2, 0x3ac2, 0x3ae3, 0x42e3, 0x4302, 0x4322, 0x53c3, 0x5ba3, 0x4323, 0x4ba2, 0x4b83, 0x3a83,
  0x4b03, 0x5363, 0x4b23, 0x42e3, 0x5363, 0x5344, 0x5384, 0x4b23, 0x4b42, 0x5382, 0x4b21, 0x5382,
  0x4b22, 0x53c2, 0x5383, 0x6323, 0x8aa5, 0xab48, 0xa307, 0xa307, 0x92c6, 0x8aa6, 0x9ae7, 0x92c6,
  0xcc2a, 0x61a4, 0x7a05, 0x69c4, 0x6184, 0x7205, 0x5984, 0x4143, 0x5163, 0x5183, 0x59c4, 0x5184,
  0x4943, 0x5984, 0x4943, 0x5184, 0x5184, 0x4943, 0x92a6, 0x7a25, 0x61a4, 0x9265, 0x71c4, 0x8aa5,
  0x8305, 0xbbc9, 0xa327, 0xc42a, 0xbba9, 0xc40a, 0x7205, 0x7a25, 0xa307, 0xa307, 0x8a65, 0x9286,
  0x6a26, 0x7204, 0x8a86, 0xab47, 0x9ae7, 0xb368, 0xa2e6, 0x5143, 0x4943, 0x61a4, 0x71e4, 0x69e4,
  0x61c4, 0x59a4, 0x5163, 0x7204, 0x7204, 0x5163, 0x4143, 0x5984, 0x5983, 0x5983, 0x8a66, 0xc3c9,
  0xb368, 0xa2e7, 0xbb68, 0xbb68, 0xa2e7, 0xbb88, 0xa2c6, 0x9ac6, 0x7a05, 0x3902, 0x4943, 0x7225,
  0x8266, 0x71e5, 0x71c4, 0x5984, 0x4943, 0x5183, 0x61a4, 0x71e4, 0x6184, 0x7a04, 0xbb88, 0xab27,
  0x9ae7, 0xa2e7, 0xd429, 0x7384, 0x5b83, 0x4223, 0x7c64, 0x7c22, 0x63a2, 0x4203, 0x3963, 0x3962,
  0x3963, 0x3963, 0x3122, 0x41c3, 0x49e3, 0x6ae3, 0x4183, 0x5243, 0x4a03, 0x4222, 0x49e3, 0x49c3,
  0x41a2, 0x83c5, 0x4a23, 0x52a3, 0x4242, 0x31e2, 0x6be3, 0x5b63, 0x7d02, 0x74a4, 0x84a6, 0x6c24,
  0x6c22, 0x41c3, 0x41a3, 0x3983, 0x3943, 0x41a3, 0x3963, 0x3963, 0x3162, 0x2941, 0x4a62, 0x52a2,
  0x4202, 0x3201, 0x31a2, 0x41c3, 0x39a3, 0x3182, 0x3983, 0x41a3, 0x3963, 0x41c5, 0x49a5, 0x49a4,
  0x41a3, 0x3943, 0x3983, 0x31a2, 0x3162, 0x5224, 0x41e3, 0x41a3, 0x3983, 0x3963, 0x3943, 0x4a04,
  0x39e3, 0x4263, 0x5203, 0x39c3, 0x39a3, 0x3943, 0x4163, 0x49a3, 0x39a3, 0x4a63, 0x4a03, 0x4203,
  0x31a2, 0x3202, 0x31c2, 0x39a3, 0x3163, 0x4203, 0x3183, 0x39c3, 0x2923, 0x39a2, 0x41a3, 0x41a3,
  0x2942, 0x4a22, 0x3122, 0x41a3, 0x41a3, 0x3943, 0x3983, 0x3a42, 0x63c2, 0x6382, 0x4aa2, 0x73a2,
  0x6342, 0x52c2, 0x4262, 0x7c03, 0x4ae2, 0x7483, 0x8503, 0x8d43, 0x5363, 0x6c24, 0x6bc4, 0x5b44,
  0x3a22, 0x6ae4, 0x39c2, 0x31e2, 0x42a2, 0x3202, 0x4ac3, 0x4223, 0x4203, 0x4243, 0x4263, 0x31a2,
  0x4263, 0x2982, 0x31a2, 0x39a2, 0x4243, 0x39c2, 0x3a22, 0x39e2, 0x29a2, 0x29a1, 0x31c1, 0x4aa2,
  0x3182, 0x3182, 0x4163, 0x51a3, 0x92c6, 0xab27, 0xb347, 0x9286, 0xbba9, 0xab28, 0xb3a9, 0x92e7,
  0xab68, 0x4943, 0x4943, 0x5163, 0x61a4, 0x4923, 0x4943, 0x5164, 0x7226, 0x7205, 0x6a05, 0x69e5,
  0x5163, 0x5163, 0x6a05, 0x7246, 0x4964, 0x4123, 0x5143, 0x5143, 0x5983, 0x69a4, 0x6983, 0x7284,
  0x8404, 0xc409, 0xb368, 0x92c7, 0xbbc9, 0x9ae7, 0x92a6, 0xbba9, 0xcc0a, 0xa2e7, 0x9286, 0xb369,
  0xb36a, 0xa2e7, 0xab48, 0x9ae6, 0xab28, 0xbb89, 0xaae6, 0x71c4, 0x5143, 0x6183, 0x61a4, 0x61a4,
  0x69c4, 0x5983, 0x61a4, 0x71e4, 0x7a05, 0x69e4, 0x61c4, 0x69e4, 0x7a25, 0x7a25, 0x8245, 0xb328,
  0xb348, 0xa308, 0xbb68, 0xbb88, 0xa2e6, 0xab07, 0x9265, 0x9286, 0x5983, 0x4102, 0x4943, 0x4963,
  0x4963, 0x5163, 0x69c4, 0x7a25, 0x7a45, 0x7205, 0x4943, 0x4123, 0x5984, 0x8245, 0xa307, 0xbba9,
  0xb347, 0xa2e7, 0xbb87, 0x84c4, 0x7d22, 0x8da3, 0x7d03, 0x8d61, 0x7cc3, 0x8d04, 0x7b65, 0x61c5,
  0x6a26, 0x49a5, 0x6267, 0x5225, 0x5285, 0x84c3, 0x8d23, 0x7423, 0x7be3, 0x8325, 0x9c85, 0x9d24,
  0x6364, 0x9d24, 0x9dc3, 0x6383, 0x52e3, 0x8d22, 0x84c3, 0x84e3, 0x8523, 0x8563, 0x8d44, 0x9583,
  0x8d42, 0x7344, 0x6264, 0x7344, 0x5b04, 0x8423, 0x6bc3, 0x9424, 0x51c5, 0x51c4, 0x6a46, 0x7245,
  0x69e4, 0x5184, 0x7a87, 0x7246, 0x69e5, 0x51a4, 0x6aa6, 0x5245, 0x29a6, 0x5aca, 0x5aca, 0x5289,
  0x62a8, 0x72c9, 0x51a5, 0x61c5, 0x7a46, 0x61e5, 0x6226, 0x7aa8, 0x6a68, 0x5a28, 0x72ca, 0x6a26,
  0x61e5, 0x51c4, 0x7a46, 0x51a4, 0x7a46, 0x69e5, 0x5184, 0x6a05, 0x8aa7, 0x5184, 0x7266, 0x59e5,
  0x59c4, 0x6a46, 0x51e6, 0x6a68, 0x49e7, 0x5248, 0x6289, 0x41a5, 0x3944, 0x59c4, 0x69e4, 0x61c4,
  0x69e4, 0x71e4, 0x59a4, 0x61c4, 0x59a4, 0x59a4, 0x69c4, 0x6ac3, 0x7c82, 0x6c22, 0x7c63, 0x7c62,
  0x8cc3, 0x8d02, 0x9dc3, 0x8d23, 0x5bc3, 0x6c62, 0x7d23, 0x74e3, 0x9563, 0x95a3, 0x9d65, 0x8be5,
  0x7363, 0x8423, 0x6c03, 0xa544, 0x8c44, 0x6b83, 0xace4, 0x6284, 0x6b83, 0x7c23, 0x8443, 0x3983,
  0x4943, 0x4923, 0x51c3, 0x7a85, 0x4164, 0x61e4, 0x3922, 0x3162, 0x8483, 0x28e2, 0x5a43, 0x6243,
  0x2922, 0x4222, 0x4a23, 0x6c02, 0x8b45, 0x9aa6, 0x8a85, 0x8aa6, 0xb369, 0xab48, 0xa2e7, 0xab48,
  0xbba9, 0x71e4, 0x61a4, 0x59a4, 0x79e4, 0x7205, 0x69e4, 0x61c4, 0x69e5, 0x59a4, 0x4143, 0x4943,
  0x4943, 0x5163, 0x4963, 0x4943, 0x4123, 0x4923, 0x61a4, 0x7a04, 0x7204, 0x7a25, 0x7205, 0x7284,
  0x7365, 0xa307, 0xb389, 0xa327, 0xcc0a, 0x9b07, 0x69c4, 0x9ae6, 0xb368, 0xc40a, 0x9ac6, 0xab07,
  0xb38a, 0xab27, 0xa307, 0x9ae7, 0xb348, 0xb348, 0x8225, 0x71e4, 0x5983, 0x71e4, 0x61a4, 0x7225,
  0x61c4, 0x5984, 0x7a04, 0x69a4, 0x5163, 0x4123, 0x71e4, 0x69e4, 0x69e4, 0x8a66, 0xa308, 0xbb89,
  0xb368, 0x9286, 0xaae6, 0xab07, 0x8a65, 0x8a65, 0x9286, 0xab07, 0x5963, 0x3902, 0x61c4, 0x61c4,
  0x59a4, 0x59a4, 0x8aa6, 0x8286, 0x7205, 0x5984, 0x5184, 0x5184, 0x69c4, 0x8245, 0xab27, 0xab27,
  0xa2e6, 0x9aa6, 0xa2e6, 0x7ca4, 0x7d22, 0x8582, 0x6ce2, 0x6482, 0x7d41, 0x7522, 0x7cc3, 0x6b45,
  0x7365, 0x5ae6, 0x6b09, 0x6309, 0x6348, 0x74a4, 0x7d61, 0x8561, 0x7d02, 0x84e3, 0x8d63, 0x7d62,
  0x9e43, 0x9de3, 0x8542, 0x9583, 0x74a3, 0x7da1, 0x8583, 0x7d23, 0x74c3, 0x6c82, 0x6ca2, 0x7502,
  0x7522, 0x85a3, 0x6c44, 0x52e4, 0x8dc3, 0x7543, 0x8dc2, 0x7c63, 0x6a66, 0x6a67, 0x7268, 0x6a27,
  0x7226, 0x51a5, 0x7aa8, 0x6a47, 0x6289, 0x6247, 0x5a48, 0x49e7, 0x2146, 0x31eb, 0x31ea, 0x420a,
  0x39c8, 0x4a29, 0x6a48, 0x7a88, 0x8288, 0x7226, 0x7247, 0x72cb, 0x72ec, 0x528b, 0x630d, 0x5a49,
  0x7268, 0x7246, 0x7a26, 0x7a26, 0x7205, 0x7226, 0x7226, 0x8a87, 0x6a06, 0x7226, 0x82a8, 0x59c6,
  0x5228, 0x6b0c, 0x5acb, 0x4a6a, 0x31c8, 0x52ab, 0x632e, 0x526a, 0x41a6, 0x5184, 0x71e5, 0x7205,
  0x71e5, 0x71c4, 0x7a05, 0x71e4, 0x69c4, 0x83a4, 0x7b83, 0x7c63, 0x8d82, 0x8542, 0x8523, 0x6c82,
  0x5342, 0x6c62, 0x9e42, 0x7522, 0x5c42, 0x6ca2, 0x74e2, 0x6cc2, 0x6ca2, 0x8da2, 0x9e23, 0x7d03,
  0x7502, 0x9602, 0xa643, 0x8da2, 0x85a1, 0x8581, 0x8522, 0x8543, 0x8523, 0x74c2, 0x6c42, 0x8503,
  0x6b63, 0x52c2, 0x6382, 0x8385, 0x82a7, 0x6ae4, 0x5362, 0x53c2, 0x7482, 0x42c2, 0x8b63, 0x49c3,
  0x5b83, 0x6462, 0x84a3, 0x6d01, 0x7b84, 0x9ae7, 0x8245, 0x7225, 0x9b07, 0xa307, 0x9aa6, 0x8a86,
  0x92a6, 0x5163, 0x5163, 0x61c4, 0x5163, 0x61c4, 0x7205, 0x69e5, 0x5984, 0x4943, 0x4123, 0x4943,
  0x4123, 0x3903, 0x4123, 0x3903, 0x4123, 0x3923, 0x4963, 0x59a3, 0x61a3, 0x7a25, 0x8245, 0x9326,
  0x6a84, 0x9ac7, 0x7a45, 0x8286, 0x92a6, 0x8aa7, 0x9ae7, 0x8266, 0xab27, 0xbba9, 0xbba9, 0x9286,
  0xa309, 0xb347, 0xb347, 0x9ae6, 0xbba9, 0xa2c7, 0x8205, 0x5963, 0x38e2, 0x4102, 0x7204, 0x7a25,
  0x69c4, 0x69c4, 0x69c4, 0x4122, 0x5143, 0x5143, 0x5143, 0x6184, 0x71e5, 0x61a4, 0x8287, 0xb368,
  0x9ac7, 0x69e4, 0x8225, 0xab27, 0xa2e7, 0x9a86, 0x9265, 0x9266, 0x5143, 0x30e2, 0x3902, 0x4943,
  0x59a4, 0x61a4, 0x8aa7, 0x69e5, 0x5163, 0x4143, 0x5184, 0x59a4, 0x6183, 0x69a4, 0x9ac6, 0xab07,
  0x8245, 0x9ae6, 0x9ae6, 0x74a3, 0x74e3, 0x53c3, 0x5c42, 0x5402, 0x4361, 0x53e2, 0x6461, 0x5382,
  0x6442, 0x6c63, 0x8505, 0x8d64, 0x74a4, 0x6c62, 0x6481, 0x7521, 0x7521, 0x7562, 0x9602, 0x7522,
  0x6d01, 0x7502, 0x8d82, 0x8d43, 0x8543, 0x5c62, 0x6483, 0x6463, 0x6cc2, 0x3b21, 0x4ba1, 0x53e1,
  0x43a1, 0x6ce2, 0x64a3, 0x5be3, 0x7d23, 0x7d63, 0x7502, 0x7482, 0x7483, 0x5b85, 0x73a9, 0x41a7,
  0x5206, 0x59e6, 0x7aa7, 0x5208, 0x5acc, 0x51e8, 0x3966, 0x41a8, 0x2168, 0x3a2d, 0x31ec, 0x29cb,
  0x4a6a, 0x5269, 0x49a7, 0x59e7, 0x6a89, 0x51c7, 0x5229, 0x5a8b, 0x6aed, 0x528c, 0x62ee, 0x420b,
  0x6aac, 0x51e7, 0x7226, 0x7a46, 0x82a8, 0x82a8, 0x7226, 0x6a06, 0x4964, 0x7a47, 0x6a47, 0x39a7,
  0x424b, 0x5b0d, 0x4a8b, 0x2988, 0x29a8, 0x4a8c, 0x52ed, 0x52ac, 0x4a6b, 0x51e8, 0x61c6, 0x61e4,
  0x7245, 0x69c4, 0x8b05, 0x8c24, 0x7323, 0x7ca2, 0x95a2, 0x8522, 0x5402, 0x7ce2, 0x74e2, 0x5c02,
  0x42e1, 0x53e1, 0x64c1, 0x43a2, 0x5c02, 0x74e2, 0x4321, 0x4b81, 0x4bc1, 0x5c21, 0x7d22, 0x6c82,
  0x53c1, 0x74e1, 0x6481, 0x6481, 0x6ce2, 0x7d22, 0x74e2, 0x7d22, 0x74c2, 0x6c82, 0x6c63, 0x6c82,
  0x6462, 0x6ce2, 0x53c1, 0x5b62, 0x5ae4, 0x6b83, 0x4b22, 0x74c3, 0x6c63, 0x6c83, 0x3a82, 0x5383,
  0x9565, 0x7ce5, 0x9588, 0x7d27, 0x7c04, 0x71e4, 0x7a25, 0x8a86, 0x92c7, 0x8266, 0x8286, 0x92c7,
  0x9b07, 0x4943, 0x5163, 0x4943, 0x4123, 0x4943, 0x4123, 0x69c4, 0x69c4, 0x5163, 0x4943, 0x4143,
  0x4123, 0x3903, 0x30e2, 0x30c2, 0x30e2, 0x3102, 0x4183, 0x4982, 0x5983, 0x7204, 0x61a4, 0x7224,
  0x5203, 0xb389, 0xa328, 0xbbca, 0x7246, 0x9b28, 0x82c7, 0x7a45, 0x69e4, 0x8aa6, 0x9ae7, 0x69a4,
  0xa309, 0x9285, 0x9285, 0xa2e6, 0xa2c6, 0x8225, 0x69a4, 0x4102, 0x30c2, 0x4102, 0x4943, 0x4943,
  0x4123, 0x59a4, 0x61c4, 0x59a4, 0x6a04, 0x69e4, 0x5143, 0x5163, 0x4943, 0x5163, 0x69c4, 0x8225,
  0x9ac6, 0x9ac7, 0x9265, 0xab07, 0x8a25, 0x8a25, 0x8225, 0x71c4, 0x4122, 0x28c2, 0x30e2, 0x30e2,
  0x3902, 0x5163, 0x61c4, 0x5184, 0x5163, 0x61a4, 0x4943, 0x4123, 0x4102, 0x6183, 0x92c6, 0x8a65,
  0x8a65, 0x8285, 0x5a64, 0x6403, 0x6443, 0x5be3, 0x5c03, 0x6443, 0x53c2, 0x6ca3, 0x74e2, 0x74a3,
  0x8543, 0x8543, 0x8523, 0x8563, 0x95a4, 0x8543, 0x74e3, 0x8564, 0x7d23, 0x7522, 0x6ca2, 0x8562,
  0x53e2, 0x5c42, 0x6461, 0x4ba1, 0x7483, 0x5bc2, 0x6c43, 0x5be2, 0x3ae1, 0x2221, 0x4341, 0x5bc2,
  0x32c1, 0x32e1, 0x53c2, 0x4b61, 0x53e2, 0x53e2, 0x4b82, 0x4b82, 0x6482, 0x6442, 0x4ae5, 0x5ba6,
  0x5ba5, 0x6ba5, 0x4a48, 0x426b, 0x3a2b, 0x31c9, 0x4a8b, 0x52cc, 0x2147, 0x322c, 0x3a2c, 0x320b,
  0x6386, 0x39a6, 0x41e7, 0x39e8, 0x4a28, 0x6306, 0x4a69, 0x31ea, 0x320b, 0x3a0a, 0x39ea, 0x6bd2,
  0x5b10, 0x3165, 0x49a5, 0x51c5, 0x7246, 0x51a5, 0x51a5, 0x51c5, 0x4964, 0x4985, 0x31a5, 0x52a9,
  0x320b, 0x320b, 0x6390, 0x31ea, 0x29c9, 0x3a2a, 0x424b, 0x426b, 0x426b, 0x5287, 0x8504, 0x74a2,
  0x5aa3, 0x9c84, 0x9504, 0x8d23, 0x7cc2, 0x6cc2, 0x6c82, 0x7d02, 0x5c02, 0x5bc2, 0x4b81, 0x3b01,
  0x6c22, 0x4321, 0x2a81, 0x4321, 0x6402, 0x5bc1, 0x2a41, 0x2a61, 0x32a1, 0x3ae1, 0x4b81, 0x3b21,
  0x6c82, 0x3b01, 0x3b01, 0x5401, 0x5c02, 0x5c02, 0x4bc1, 0x5c61, 0x6462, 0x4b42, 0x6422, 0x5c02,
  0x6c83, 0x74a3, 0x8d44, 0x8523, 0x8d24, 0x95a4, 0x7ce3, 0x8d84, 0x7d03, 0x8543, 0x7ce3, 0x8523,
  0x8d84, 0x7ce4, 0x8527, 0x7d06, 0x6c43, 0x5b03, 0x62a4, 0x7a85, 0x61e4, 0x7225, 0x8266, 0x92e7,
  0x8aa6, 0x3923, 0x4963, 0x5984, 0x61c4, 0x5983, 0x4163, 0x30e2, 0x4123, 0x4123, 0x4963, 0x4123,
  0x30e2, 0x28a2, 0x20a2, 0x20a1, 0x20a1, 0x2961, 0x39e1, 0x39a1, 0x4182, 0x5163, 0x5163, 0x59a3,
  0x6aa4, 0xab68, 0x9b07, 0xa307, 0xbba9, 0xb348, 0xa2c6, 0x7204, 0x7a25, 0x8245, 0x69c4, 0x71e5,
  0x8a67, 0x72e4, 0x5a63, 0x6223, 0x7a25, 0x8287, 0x71e4, 0x38e2, 0x38e2, 0x4123, 0x69e4, 0x5163,
  0x4943, 0x4143, 0x7225, 0x8a65, 0x7a25, 0x69c4, 0x4123, 0x3902, 0x4963, 0x61c4, 0x9286, 0xab28,
  0x8a45, 0x9aa6, 0x8a65, 0x9286, 0x6183, 0x61a3, 0x71c4, 0x5983, 0x4163, 0x2922, 0x20c1, 0x2922,
  0x41a2, 0x3902, 0x3922, 0x4183, 0x51e3, 0x6204, 0x4123, 0x28e2, 0x49a2, 0x51e3, 0x6a43, 0x6244,
  0x62c3, 0x5b23, 0x5382, 0x5bc3, 0x5be3, 0x6423, 0x6c83, 0x74e4, 0x7504, 0x7d44, 0x8da4, 0x9604,
  0x9de4, 0xa625, 0x9e05, 0xa625, 0xa625, 0xae45, 0xa626, 0xa646, 0xae66, 0xae66, 0xa645, 0xae65,
  0xae65, 0xa605, 0x9de4, 0x8524, 0x8d85, 0x95a5, 0x8d65, 0x95a5, 0x8d84, 0x8d64, 0x8d64, 0x8564,
  0x8d84, 0x8d64, 0x8544, 0x8544, 0x7d24, 0x8d85, 0x8d84, 0x8d64, 0x8544, 0x95e4, 0x9de5, 0xa626,
  0xa626, 0x9de5, 0x9de5, 0x9dc5, 0x9dc6, 0x9de6, 0x95a6, 0x9de6, 0x95a5, 0x95a5, 0x95a5, 0x95a5,
  0x9de4, 0x95a4, 0x8d84, 0x95c5, 0x9dc5, 0x9dc5, 0x95a5, 0x9dc6, 0x9da6, 0x9da6, 0x9585, 0x9dc9,
  0x9de9, 0x8d65, 0x9585, 0x9585, 0x9dc6, 0x9da5, 0x9dc6, 0x9de6, 0xa5e6, 0x9dc5, 0x9da5, 0x9dc5,
  0xa5e7, 0x9dc6, 0xa5e7, 0x9de6, 0xa5e6, 0xa5e6, 0x8d66, 0x9585, 0xa626, 0xa625, 0xa624, 0xae64,
  0xae45, 0xa624, 0xa624, 0xa644, 0xa644, 0xa624, 0xa625, 0xa604, 0x9de4, 0x8d64, 0x9e05, 0x9de4,
  0x95c4, 0x95a4, 0x95c4, 0x95c4, 0x95a3, 0x8d84, 0x8d84, 0x8d64, 0x8d84, 0x95a4, 0x95c5, 0x95a4,
  0x9de5, 0x8d84, 0x9de4, 0x9de4, 0x95c4, 0x9de4, 0x9de4, 0x95e4, 0x95c4, 0x95c4, 0x95c4, 0x95c4,
  0x95c4, 0xae45, 0xb686, 0xae45, 0xae65, 0xa624, 0xa645, 0xa645, 0x9e25, 0x9e04, 0x9de4, 0x95a4,
  0x8d84, 0x8563, 0x74e3, 0x6463, 0x6ca2, 0x6c63, 0x5c03, 0x5bc3, 0x5b63, 0x5b24, 0x5aa4, 0x6244,
  0x7224, 0x51c3, 0x3942, 0x3942, 0x3942, 0x2922, 0x4aa1, 0x28e2, 0x20c2, 0x2902, 0x20e1, 0x18c1,
  0x18c1, 0x18c1, 0x18c1, 0x2a20, 0x1901, 0x3280, 0x29e1, 0x3201, 0x2981, 0x2942, 0x4183, 0x3102,
  0x51e3, 0x7a86, 0x8266, 0x92a6, 0xbb89, 0x8a65, 0x9a85, 0x71e4, 0x9286, 0x9ac7, 0x8a66, 0x7205,
  0x7246, 0x7c84, 0x8c04, 0x82e4, 0x79e5, 0x71e5, 0x6163, 0x30e2, 0x28c2, 0x3903, 0x4943, 0x5984,
  0x4943, 0x59a4, 0x7a45, 0x7a25, 0x4923, 0x4102, 0x3903, 0x5163, 0x5983, 0x5163, 0x7205, 0x9aa6,
  0x71e4, 0x6183, 0x8a66, 0x8a45, 0x5983, 0x7a24, 0x61c3, 0x49a3, 0x29a1, 0x2160, 0x2141, 0x2a21,
  0x29e1, 0x2962, 0x31e2, 0x3a61, 0x3a42, 0x4242, 0x3142, 0x2982, 0x39c2, 0x52c2, 0x5302, 0x4b23,
  0x53a4, 0xbe84, 0x7d03, 0xc6e2, 0x8563, 0x8544, 0x8524, 0x8d84, 0x95e4, 0x95e5, 0x9e25, 0x9e25,
  0xa625, 0xa625, 0x9e05, 0xa625, 0x9e05, 0x9e25, 0x9e25, 0xa646, 0xae66, 0xae86, 0xae86, 0xb686,
  0xae65, 0xa625, 0xa625, 0xa646, 0xa646, 0xae66, 0xae46, 0xae66, 0xae66, 0xa646, 0xae65, 0xae65,
  0xae65, 0xae46, 0xae66, 0xae66, 0xae66, 0xae66, 0xae45, 0xa645, 0x9e05, 0xa645, 0xae85, 0xb6a5,
  0xb686, 0xa624, 0xae64, 0xae64, 0xae64, 0xae85, 0xb685, 0xb685, 0xae64, 0x9de4, 0x95c3, 0x95c3,
  0x9e24, 0xa644, 0x9e24, 0xa644, 0xae64, 0xae65, 0xae64, 0xae65, 0xa604, 0xa644, 0xa644, 0x9de4,
  0xa644, 0x95c4, 0x9e05, 0x9e25, 0xa645, 0xae65, 0xae86, 0xb686, 0xae85, 0xae65, 0xae65, 0xae65,
  0xae85, 0xae65, 0xa644, 0xae65, 0xae65, 0xae65, 0xa624, 0xa644, 0xa644, 0xae85, 0xa625, 0xb685,
  0xb685, 0xa624, 0xa644, 0xae85, 0xae65, 0xae65, 0xae65, 0xb685, 0xae65, 0xae65, 0xa645, 0xae65,
  0xae65, 0xa665, 0xae65, 0xae45, 0xae45, 0xae65, 0xae65, 0xae85, 0xae65, 0xae45, 0xa645, 0xae65,
  0xae65, 0xae65, 0xae65, 0xa645, 0xae65, 0xae65, 0xae65, 0xae65, 0xa625, 0xae65, 0xae65, 0xae45,
  0xa645, 0xae45, 0xae65, 0xa624, 0x9e04, 0x9e24, 0xa645, 0xae65, 0xae85, 0xae45, 0xae45, 0x9e05,
  0x9e05, 0x95c4, 0x95c4, 0x95e4, 0x95e4, 0x8584, 0x8563, 0x7d23, 0x7d23, 0x7503, 0x74c3, 0x6c82,
  0x6c42, 0x63e2, 0x5ba2, 0x5bc2, 0x5ba2, 0x4b82, 0x4b62, 0x42e2, 0x3aa2, 0x3a81, 0x3a81, 0x3a81,
  0x3ac1, 0x3aa1, 0x3aa1, 0x3aa1, 0x3aa1, 0x3ac1, 0x3aa1, 0x3281, 0x3281, 0x3241, 0x3262, 0x3222,
  0x7344, 0xa328, 0x7a25, 0x7a45, 0xa307, 0x9b07, 0x7205, 0x4943, 0x7a45, 0x92c7, 0x69c4, 0x8286,
  0x7ae6, 0x7463, 0x7b23, 0x83c2, 0x7284, 0x6a24, 0x51c3, 0x42c2, 0x20e2, 0x28c2, 0x3902, 0x4963,
  0x59e3, 0x51e3, 0x59c4, 0x5163, 0x28c2, 0x3902, 0x4943, 0x5963, 0x6183, 0x4943, 0x5984, 0x8265,
  0x61c4, 0x5983, 0x8265, 0x92a6, 0x69e4, 0x6203, 0x3a02, 0x3a42, 0x4b01, 0x3260, 0x3281, 0x3261,
  0x32c1, 0x4321, 0x4b22, 0x4302, 0x4b42, 0x4341, 0x5bc2, 0x7ce4, 0x42c2, 0x6c62, 0x8542, 0x6443,
  0x6463, 0xae83, 0x9e03, 0xbee1, 0x8da4, 0x8564, 0x8564, 0x95c4, 0xbec1, 0x95e5, 0x95c5, 0x95c5,
  0x9de5, 0x9e04, 0xa625, 0x9de5, 0x9de4, 0x9e05, 0xa625, 0xa625, 0xa625, 0xa645, 0xa645, 0xa645,
  0xa645, 0xae65, 0xa625, 0xa625, 0xa645, 0x9e25, 0xa645, 0xae65, 0xae65, 0xa645, 0x9e04, 0xa624,
  0xa625, 0xa646, 0xae46, 0xae46, 0xa645, 0xae66, 0xae45, 0xa645, 0xae65, 0xae45, 0xae65, 0xae65,
  0xa644, 0xa644, 0xae65, 0xae45, 0xae65, 0xae45, 0xa605, 0xae45, 0xa644, 0xa645, 0x9e24, 0x9e24,
  0xa624, 0xa644, 0xa644, 0x9e24, 0x9e24, 0xa645, 0xae65, 0xb685, 0xa644, 0xa624, 0xa624, 0x9e04,
  0xa645, 0xa645, 0xa645, 0xae65, 0xae45, 0xae65, 0xae65, 0xae86, 0xae65, 0xa645, 0xae65, 0xa645,
  0xae65, 0xa645, 0xae85, 0xae85, 0xa665, 0xa665, 0xa665, 0xa644, 0xae65, 0xa645, 0xae65, 0xa644,
  0xae64, 0xae64, 0xae65, 0xae45, 0xa645, 0xa644, 0xae64, 0xa644, 0xa624, 0xa645, 0xa645, 0xae65,
  0xae65, 0xa645, 0xae65, 0xae65, 0xae65, 0xae65, 0xa645, 0xa645, 0x9e24, 0xa645, 0xae65, 0xae65,
  0xa625, 0xa665, 0xae85, 0xae85, 0xae65, 0xae65, 0xa625, 0xa625, 0xa645, 0xa645, 0xae45, 0xa625,
  0xa625, 0x9e04, 0xa644, 0xa624, 0x9e04, 0x9e04, 0xa624, 0xa625, 0xa645, 0xa625, 0xa645, 0xa645,
  0x9e04, 0x95e4, 0x8da4, 0x95c4, 0x95e4, 0x9e04, 0x9e04, 0x95c4, 0x95e4, 0x95c4, 0x8da4, 0x8da4,
  0x95a4, 0x9de5, 0x9dc5, 0x95a5, 0x8564, 0x8564, 0x7d23, 0x7ce3, 0x74a3, 0x6c83, 0x74a3, 0x74c3,
  0x7d03, 0x74a3, 0x6463, 0x6442, 0x6ca2, 0x74c2, 0x74c3, 0x6c83, 0x6422, 0x5be2, 0x53a2, 0x5382,
  0x63a3, 0x8aa5, 0x8a65, 0x8245, 0x7225, 0x92e7, 0x8aa6, 0x5184, 0x61c4, 0x8aa6, 0x7244, 0x7266,
  0x8367, 0x6ca2, 0x7c43, 0x6a83, 0x7c03, 0x6a83, 0x5202, 0x2982, 0x20c1, 0x20a1, 0x28c2, 0x4142,
  0x51e3, 0x39a3, 0x39a2, 0x28e1, 0x5282, 0x51c3, 0x4943, 0x4163, 0x4122, 0x3902, 0x7205, 0x7a66,
  0x69e4, 0x59c3, 0x6a23, 0x6243, 0x4a22, 0x42a2, 0x4b22, 0x4b42, 0x53c2, 0x5be2, 0x6482, 0x6ca3,
  0x74c3, 0x8524, 0x7d03, 0x7d03, 0x7d04, 0x8544, 0x8d64, 0x8d84, 0x8d64, 0x95e4, 0xa661, 0x8583,
  0x8d83, 0xb6a3, 0x9e03, 0x9e22, 0x8583, 0x8d84, 0x9e03, 0x95e3, 0xa641, 0xa643, 0xa644, 0x8da4,
  0xa643, 0x8d83, 0x95c4, 0x95c3, 0x95e4, 0x95e4, 0x95c4, 0x9e04, 0x9e04, 0x9e04, 0xa624, 0x95e4,
  0x9e24, 0x9e24, 0x9e24, 0xa645, 0xa625, 0x9e25, 0xa645, 0x9e24, 0x9e24, 0xa644, 0xa645, 0xae65,
  0xa645, 0xae66, 0xae65, 0xa625, 0xa645, 0xa645, 0xa625, 0xa645, 0xae45, 0x9e25, 0xa645, 0xa645,
  0xa644, 0xae65, 0xae85, 0xae65, 0xae65, 0xae86, 0xae65, 0xa625, 0xa644, 0xae65, 0x9e25, 0xa665,
  0xa645, 0xae65, 0xa645, 0xa624, 0xa624, 0xae45, 0xa645, 0xb685, 0xa624, 0xa644, 0xa644, 0xa645,
  0xae65, 0xa625, 0xa625, 0xae65, 0xae45, 0xa645, 0xa625, 0xae65, 0xa644, 0x9e24, 0xae65, 0xae65,
  0xa665, 0xae65, 0xa645, 0xb685, 0xa665, 0xa644, 0xae65, 0xa645, 0xae65, 0xae65, 0xa624, 0xae64,
  0xa664, 0xa643, 0xa665, 0xae65, 0xa644, 0xa624, 0xa644, 0xa624, 0xa624, 0x9e04, 0xa645, 0xa624,
  0xa645, 0xa625, 0xae64, 0xa644, 0xa644, 0xae65, 0xae65, 0xa625, 0xa645, 0xa645, 0xa645, 0xae65,
  0xae64, 0xa664, 0xaea5, 0xa665, 0xa644, 0xa624, 0xae65, 0xa644, 0xa645, 0xa645, 0x9de4, 0xa645,
  0xa625, 0xa625, 0xa645, 0xa624, 0xa645, 0xa624, 0xa624, 0x9e24, 0x9e04, 0xa644, 0xa645, 0xa644,
  0x9e24, 0x9e04, 0x95c4, 0x95c4, 0x8da4, 0x9e04, 0x9e24, 0x9e04, 0x9de4, 0x95e4, 0x9e04, 0xa624,
  0x9e04, 0xa625, 0x9e05, 0x9e05, 0x9de5, 0x8dc4, 0x8d84, 0x8da3, 0x8563, 0x8d84, 0x95e5, 0x95e5,
  0x95e5, 0x8dc4, 0x8583, 0x8dc4, 0x8dc3, 0x8d84, 0x8564, 0x74c3, 0x6c83, 0x6463, 0x5c22, 0x5ba3,
  0x5382, 0x6363, 0x5a64, 0x6a24, 0x82a6, 0x8266, 0x8aa6, 0x5163, 0x5163, 0x4963, 0x5a43, 0x49e4,
  0x6347, 0x7523, 0x6b03, 0x6322, 0x7382, 0x5ae3, 0x5321, 0x2942, 0x20e1, 0x2981, 0x3a42, 0x4242,
  0x3122, 0x31c2, 0x3a41, 0x28a1, 0x5361, 0x39c2, 0x3983, 0x41c2, 0x41c2, 0x4262, 0x61c3, 0x6224,
  0x49c2, 0x5242, 0x3a82, 0x4322, 0x4b62, 0x53c2, 0x6442, 0x6442, 0x6ca3, 0x6cc3, 0x6cc3, 0x7d23,
  0x8564, 0x8563, 0x8563, 0x8da3, 0xa602, 0x95c3, 0x8d84, 0x9de4, 0x95e4, 0x9e23, 0x9e42, 0x95e4,
  0xa645, 0x9e24, 0x9e04, 0x8d83, 0x8da3, 0x95c3, 0xae82, 0x8da3, 0x7d62, 0xa663, 0x8da3, 0x9603,
  0x95e3, 0x95e3, 0x8da4, 0x8564, 0x9e04, 0x95c4, 0x95e4, 0x95c4, 0x95e4, 0x95e4, 0x9e04, 0x9e04,
  0xa625, 0x95e4, 0x95e4, 0x9e24, 0x9e04, 0x95e4, 0x9e04, 0x95e4, 0x9e04, 0x9e04, 0x9e24, 0xae65,
  0xae65, 0xa645, 0xa645, 0xa644, 0xbea6, 0xa625, 0x9e05, 0xa625, 0x9e25, 0x9e25, 0x9e05, 0xae65,
  0xae45, 0xa645, 0xa645, 0xa625, 0xae65, 0xae45, 0xa625, 0x9e04, 0xa645, 0x9e04, 0x9e04, 0x9e25,
  0x9e05, 0xa625, 0xa625, 0x9e24, 0xa644, 0xa645, 0xa645, 0xae65, 0xa645, 0xa645, 0xa645, 0x9e04,
  0xa645, 0xa624, 0x9e04, 0xa645, 0xa625, 0xa625, 0xa645, 0xa645, 0xae65, 0xa644, 0xae65, 0xae85,
  0xae65, 0xae65, 0x9e24, 0x9e24, 0xa644, 0xa624, 0xa644, 0xae45, 0xa624, 0x9e04, 0x9e04, 0x9e23,
  0xa643, 0xb6a2, 0xa643, 0xa644, 0xa644, 0xa624, 0x9e04, 0xa624, 0x9e24, 0xa644, 0xae65, 0xa645,
  0x9e24, 0x9e24, 0x9e04, 0x9e04, 0xa644, 0xae64, 0xa644, 0xa645, 0xa644, 0xa624, 0x9e24, 0x9e24,
  0xa644, 0x9e24, 0xa645, 0xa644, 0x9e24, 0xa624, 0x9e04, 0xa644, 0xa644, 0xa644, 0xa624, 0xae44,
  0xa625, 0xae65, 0xa645, 0x9e24, 0xb686, 0xb666, 0xa624, 0xa643, 0x9e23, 0x9e04, 0x9e04, 0x95c4,
  0x9e24, 0x9e04, 0x95e4, 0x95c4, 0x9e05, 0x95c4, 0x9604, 0x9604, 0x95e4, 0x9e04, 0x9e04, 0x9e04,
  0x9e04, 0x95c4, 0x95c4, 0x8da4, 0x8d84, 0x95c3, 0x95e3, 0x8dc3, 0x8da3, 0x8d84, 0x8dc4, 0x95e4,
  0x8dc4, 0x95e3, 0x95e4, 0x8dc3, 0x95c4, 0x8584, 0x8da4, 0x8563, 0x7d23, 0x74e3, 0x6ca3, 0x6462,
  0x6442, 0x6443, 0x5be3, 0x5bc3, 0x5b43, 0x52c3, 0x5a63, 0x49c3, 0x72a4, 0x52a3, 0x52a2, 0x4a23,
  0x5b24, 0x5ba2, 0x5962, 0x6382, 0x5a42, 0x6403, 0x3a02, 0x31c2, 0x1901, 0x2a61, 0x4302, 0x4342,
  0x2961, 0x3221, 0x43a0, 0x5361, 0x53e2, 0x3a22, 0x31a2, 0x31a2, 0x3a22, 0x4341, 0x5ac3, 0x5ae2,
  0x42c1, 0x4321, 0x4b82, 0x5c22, 0x6462, 0x6482, 0x74e3, 0x7d24, 0x8544, 0x7d23, 0x8564, 0x8564,
  0x8d84, 0x8da4, 0x8da3, 0x8da3, 0x95e2, 0x9e23, 0xa643, 0x9de2, 0x9603, 0x9e23, 0x95e2, 0x9e23,
  0xa663, 0x7d43, 0x8dc3, 0x6cc2, 0x9e22, 0x85a2, 0xb6a1, 0x95e2, 0x64a2, 0x8da3, 0x7502, 0x9e22,
  0x8da4, 0xa645, 0x9604, 0x95e4, 0x9e04, 0x9e24, 0x9e04, 0xa644, 0x9e24, 0x9e04, 0x9e25, 0x95e4,
  0xa644, 0xa644, 0x9e24, 0x9e24, 0xa644, 0xae64, 0x9e24, 0x9604, 0x9e24, 0x9e04, 0xae64, 0xa644,
  0x9e24, 0xae84, 0x9e04, 0xae84, 0xae84, 0x9e24, 0xa644, 0x9e24, 0xa645, 0x9e04, 0xae85, 0xae65,
  0xa665, 0xa645, 0xa624, 0x9e24, 0xae66, 0xa645, 0xa625, 0xa625, 0xa645, 0x9e04, 0xa625, 0x9e04,
  0xa645, 0x9e04, 0x9e04, 0xa625, 0xae65, 0xae45, 0xae45, 0xae45, 0xa625, 0xae65, 0xae65, 0xa645,
  0x9e24, 0xa624, 0x9e04, 0x9e24, 0xa645, 0xa625, 0xa645, 0xa625, 0xae45, 0xa625, 0xa645, 0xae45,
  0xae65, 0xa645, 0xa624, 0x9e05, 0xa625, 0xae65, 0xa625, 0xa625, 0xa625, 0x9e04, 0xa644, 0xbec3,
  0x9e03, 0x9603, 0xa644, 0xb684, 0xa644, 0xa644, 0xa644, 0xa644, 0xa644, 0xae64, 0xa664, 0x95e4,
  0xa644, 0xa664, 0xa644, 0xbee4, 0xae84, 0xa644, 0xa624, 0xae65, 0xa645, 0xa645, 0x9e25, 0x9e04,
  0x95e4, 0x9e24, 0xa644, 0xa644, 0x9e04, 0xa644, 0xae83, 0xc703, 0x9e24, 0xa644, 0x9e24, 0xa644,
  0xa645, 0x9e04, 0xae45, 0x9e04, 0xa664, 0x9e04, 0x9e04, 0xb6a3, 0x9e22, 0xa643, 0xb683, 0x9e04,
  0x9e24, 0x95e3, 0x8da3, 0x95c4, 0x9e25, 0xa625, 0xa645, 0x9e24, 0x95c4, 0x9de4, 0x9de4, 0x95e4,
  0x95c4, 0x95e4, 0x9de4, 0x95e4, 0x8da4, 0x95a4, 0x95c4, 0x9e04, 0x9e04, 0x9e04, 0x95e4, 0x95c4,
  0x8d84, 0x9de4, 0x95c4, 0x95e4, 0x9e04, 0x9e04, 0x95e4, 0x95c4, 0x8563, 0x8563, 0x7d23, 0x8543,
  0x74e3, 0x7503, 0x74c3, 0x74c3, 0x6483, 0x5c22, 0x5c02, 0x53e3, 0x6423, 0x6c63, 0x5b82, 0x42c2,
  0x73e5, 0x4241, 0x4182, 0x5381, 0x5342, 0x4b62, 0x4282, 0x5382, 0x29e1, 0x21e1, 0x2a01, 0x2a21,
  0x2a41, 0x2a41, 0x3281, 0x74c2, 0x5bc2, 0x3aa2, 0x32a1, 0x4342, 0x4b42, 0x4361, 0x4b82, 0x53c2,
  0x5c02, 0x6462, 0x74c3, 0x7d03, 0x7d23, 0x7d43, 0x7d23, 0x7d44, 0x8584, 0x8584, 0x8da4, 0x8da4,
  0x95c4, 0x9de4, 0x95e4, 0x95e3, 0x8dc3, 0x9603, 0x9e03, 0x8563, 0x9e04, 0x8dc3, 0x8dc2, 0x7d42,
  0x8d82, 0x7d03, 0x74e2, 0x5402, 0x7d22, 0x7501, 0x7d41, 0x7d03, 0x4381, 0x7d22, 0x8dc2, 0x95c2,
  0x8583, 0x95e3, 0xa644, 0xa643, 0x9e23, 0xa644, 0xa644, 0xa645, 0xae65, 0xae65, 0xa625, 0xae65,
  0xa624, 0xa644, 0xae64, 0xaea3, 0xb6c2, 0xa662, 0xaea2, 0xae84, 0xae85, 0xa645, 0xa644, 0xa644,
  0x9e43, 0xbee1, 0x9e43, 0x95e3, 0xae82, 0x9e23, 0x9e03, 0xae64, 0xa624, 0x95c4, 0xb686, 0xb686,
  0xae65, 0xb6a5, 0xae65, 0xae45, 0xa645, 0xae66, 0xb686, 0xae65, 0xa645, 0xa625, 0xae45, 0xa625,
  0xa645, 0x9e04, 0xa625, 0xa645, 0xae45, 0xa624, 0xae65, 0xae65, 0xa625, 0xae65, 0xb685, 0xae45,
  0xae65, 0xae45, 0xae45, 0xae66, 0xae65, 0xa625, 0xae45, 0xae66, 0xae66, 0xa625, 0xa624, 0x9e24,
  0xae84, 0xb6a3, 0xae65, 0xae46, 0xa645, 0xa624, 0xae45, 0xa605, 0xa605, 0xae63, 0xae82, 0xa662,
  0x9e23, 0x9e03, 0x95e4, 0xa624, 0xae82, 0xa663, 0xa644, 0x9604, 0xa643, 0xae82, 0xb6c1, 0x8dc3,
  0x85a4, 0xb6a4, 0xa663, 0xb6c1, 0xb6c3, 0xa644, 0x9e24, 0xa645, 0xa625, 0xa625, 0xa665, 0xbee4,
  0x9e24, 0xa644, 0x9e44, 0x9e24, 0xa683, 0xae83, 0xa662, 0xa681, 0x9603, 0x9e44, 0xb688, 0xa644,
  0xa644, 0x9de3, 0x8d83, 0x9602, 0x9e03, 0x95c3, 0xa643, 0x9e03, 0x95c3, 0xa642, 0xb6a1, 0xa662,
  0xae82, 0xb6a2, 0x9e03, 0x9e05, 0x9e05, 0x9e05, 0xa604, 0x9e04, 0x9e04, 0x9e04, 0xa624, 0xa625,
  0x9e05, 0x9e05, 0x9e05, 0x9e05, 0x8da4, 0x8da4, 0x8da4, 0x9de5, 0x9e06, 0x95c4, 0x95c4, 0x95c4,
  0x95c4, 0x9de4, 0x95c4, 0x95c4, 0x8da4, 0x95c4, 0x95a4, 0x95a4, 0x8564, 0x8d84, 0x8543, 0x8564,
  0x7d24, 0x8564, 0x8544, 0x7d23, 0x74c3, 0x6463, 0x6ca3, 0x6ce3, 0x64a2, 0x7503, 0x6ca2, 0x6cc3,
  0x52e5, 0x4b01, 0x5381, 0x4b81, 0x4b41, 0x4b81, 0x4b81, 0x4b81, 0x4b82, 0x4b62, 0x4b82, 0x53c2,
  0x53e2, 0x5c02, 0x5c22, 0x6442, 0x6462, 0x74c3, 0x7ce3, 0x7d03, 0x7d23, 0x74e3, 0x7d23, 0x7d23,
  0x7d43, 0x8543, 0x8563, 0x8543, 0x8d84, 0x8dc4, 0x9e04, 0x95c4, 0x8da4, 0x95c4, 0x8da4, 0x95c4,
  0x8da4, 0x8d84, 0x95e4, 0x9e03, 0x95e3, 0x85a3, 0x9e03, 0x9de4, 0x9e04, 0x8dc3, 0x5c62, 0x9de3,
  0x8561, 0x53e2, 0x4bc1, 0x9dc4, 0x8da2, 0x5421, 0x5c22, 0x6482, 0x32a1, 0x6cc1, 0x7d02, 0x7d23,
  0x95c3, 0x9e22, 0x95e2, 0x9e03, 0xae64, 0xa625, 0x9de5, 0xae45, 0xa625, 0x9e05, 0x9de5, 0xae45,
  0xa624, 0xa623, 0x9e23, 0xb6a0, 0x9601, 0x9601, 0x9601, 0xa623, 0xa645, 0xa624, 0x9e04, 0x9e03,
  0xb6a2, 0x9e42, 0xaea2, 0xae82, 0x8de2, 0x8dc2, 0x7d23, 0x8564, 0x9e04, 0x9e04, 0xa645, 0xa645,
  0xa624, 0x9604, 0xa624, 0xa625, 0xa624, 0xa644, 0xae65, 0xa624, 0x9e04, 0x9e04, 0x9e05, 0x95c5,
  0x9e04, 0x8dc4, 0x9e05, 0xa625, 0xa645, 0xa625, 0xae65, 0xa645, 0x9de4, 0xa625, 0xae45, 0x9de4,
  0x9e04, 0xa625, 0x9e05, 0xa625, 0xa645, 0x9de4, 0xa624, 0xa625, 0x9e05, 0xa625, 0xa644, 0xae63,
  0x9e41, 0x9603, 0xa665, 0x9de5, 0x9e05, 0x9de4, 0x9e05, 0x9e05, 0x9e05, 0xa624, 0xae62, 0x7d42,
  0x95a3, 0x95a3, 0x9e24, 0x9e24, 0x9e02, 0xae81, 0x9e22, 0xa661, 0x9e21, 0x8582, 0x85a1, 0xae80,
  0xae82, 0x95e2, 0xa662, 0x95c1, 0x95e2, 0x9e04, 0x95e4, 0x95e4, 0xa624, 0x9e25, 0x9e05, 0x9e04,
  0x95e4, 0x9e24, 0xa644, 0x9e24, 0xbee1, 0x9de2, 0x8582, 0x95e2, 0x9e23, 0x8dc3, 0x9e05, 0x95e3,
  0x9e23, 0x9e03, 0x95e2, 0xaea1, 0xae62, 0x8542, 0x8582, 0x8da3, 0xa643, 0xa641, 0x7d61, 0x9e21,
  0x9601, 0x9622, 0x9e23, 0x9e04, 0x95e4, 0x95c4, 0x8da4, 0x95c4, 0x9de4, 0x9de4, 0x9e04, 0x9e04,
  0x95e5, 0x95a4, 0x95c4, 0x8d84, 0x95c5, 0x95e5, 0x95c4, 0x95c5, 0x95c5, 0x95c5, 0x8584, 0x8da4,
  0x95c4, 0x9de4, 0x95c4, 0x9de5, 0xa626, 0xa626, 0x9e05, 0x9e04, 0x8da4, 0x8d83, 0x8d84, 0x8d84,
  0x8564, 0x8d84, 0x8563, 0x8563, 0x7d23, 0x7ce3, 0x7d43, 0x7d23, 0x7d23, 0x7d02, 0x74e2, 0x74e3,
  0x4b05, 0x7481, 0x6c81, 0x4b61, 0x4b61, 0x4341, 0x6c62, 0x8543, 0x6442, 0x6ca3, 0x6ca3, 0x74e3,
  0x7503, 0x7503, 0x7d23, 0x7d43, 0x8544, 0x8543, 0x95a4, 0x8583, 0x8563, 0x7d43, 0x7503, 0x8da4,
  0x95e4, 0x95e4, 0x8dc4, 0x8da4, 0x8da4, 0x95e4, 0x95c4, 0x95e4, 0x95e4, 0x9de4, 0x9de4, 0x95e4,
  0x9e04, 0x9e04, 0x9e04, 0x95c3, 0x8dc2, 0x7d23, 0x7d23, 0x95c3, 0x8583, 0x7d43, 0x5c02, 0x7502,
  0x5c01, 0x4361, 0x5c02, 0x5c03, 0x7d03, 0x4341, 0x5be3, 0x4321, 0x32a1, 0x4b61, 0x74c2, 0x7d02,
  0x9e02, 0x9e22, 0x74c3, 0x8da4, 0x9e04, 0xa625, 0xa645, 0xa625, 0xa645, 0xa624, 0xae65, 0xae44,
  0xa604, 0x9e23, 0x9e23, 0x95e1, 0x8561, 0x6461, 0x6482, 0x95e4, 0x9e04, 0xa623, 0xa623, 0x8544,
  0x9e21, 0x8dc2, 0x9602, 0x8da3, 0x8562, 0x6423, 0x74c3, 0x8564, 0x95e4, 0xa645, 0xa645, 0xa645,
  0xa625, 0x8584, 0xa644, 0xae45, 0xa644, 0xae64, 0x9e04, 0x9e24, 0x9de4, 0x9de4, 0x95e4, 0xa625,
  0x9e24, 0x9e04, 0x9e25, 0xa625, 0xa645, 0xa645, 0xae65, 0xae65, 0x9e04, 0x9e04, 0xa645, 0x9de4,
  0x9e04, 0xa624, 0x9e04, 0xa625, 0x9e05, 0x9e05, 0xa625, 0xae45, 0xae65, 0xae85, 0xae85, 0x95c4,
  0x74e2, 0x6463, 0xa625, 0xa625, 0x9e04, 0x8da4, 0x95a4, 0xa605, 0x9de4, 0x9de4, 0x9e23, 0x6c82,
  0x8da4, 0xa644, 0xa644, 0x9e04, 0x95c3, 0x9e21, 0x9602, 0x9601, 0x9e02, 0x74a3, 0x6422, 0x95c2,
  0x8d83, 0xa641, 0x9e41, 0x7d22, 0x74e2, 0x8da3, 0x9e24, 0x9e04, 0x9e24, 0x9e24, 0x9e04, 0x9e05,
  0xae45, 0x9de4, 0x9e03, 0x95e3, 0x8dc2, 0xa662, 0x8582, 0x7503, 0x9e23, 0x6c62, 0x74c2, 0x9602,
  0x9e23, 0x9e03, 0x9e23, 0x9e22, 0x95c3, 0x8542, 0x4b81, 0x74c2, 0x74e3, 0x85a1, 0x64c1, 0x7521,
  0x7d22, 0x8562, 0x95c3, 0x9e03, 0x95e3, 0x95c3, 0x8da4, 0x95c4, 0x95c4, 0x95e4, 0x95c4, 0x9de4,
  0x9e04, 0x9de4, 0x95a4, 0x95c4, 0x9de4, 0x95e4, 0x95c4, 0x95c5, 0x95c5, 0x95e5, 0x95e4, 0x95c4,
  0x9e04, 0x9de4, 0x9de4, 0x95c4, 0x9de5, 0x9e05, 0x95e4, 0x95c4, 0x95a4, 0x95c4, 0x95c4, 0x95e4,
  0x9e05, 0x95c4, 0x8564, 0x8d63, 0x8d83, 0x8d63, 0x8543, 0x8563, 0x7d03, 0x7d03, 0x74c2, 0x7ce4,
  0x5bc6, 0x6c83, 0x74e3, 0x6c83, 0x74c3, 0x74e3, 0x74e3, 0x7503, 0x74e3, 0x7d03, 0x74e3, 0x7d43,
  0x8563, 0x7503, 0x7d24, 0x8544, 0x8544, 0x8564, 0x8d84, 0x8d84, 0x8d84, 0x8564, 0x7d03, 0x74c3,
  0x8564, 0x8544, 0x7d44, 0x7503, 0x8584, 0x95e4, 0x95c4, 0x8563, 0x8da4, 0x95c4, 0x8d84, 0x7d23,
  0x8564, 0x8563, 0x8564, 0x8d83, 0x7d03, 0x6c83, 0x6ca3, 0x7d03, 0x74e3, 0x74e3, 0x6c63, 0x74e3,
  0x53e3, 0x53a3, 0x8524, 0xae65, 0x8544, 0x6443, 0x7ce4, 0x5be3, 0x53a3, 0x5be3, 0x6ca3, 0x8543,
  0x8da3, 0x8d84, 0x8524, 0x8564, 0x95e4, 0x95e4, 0x95e4, 0x8da4, 0x8da4, 0x8da4, 0x95e4, 0x9e04,
  0x9e04, 0x9de4, 0x95e4, 0x8563, 0x8544, 0x8524, 0x8544, 0x8d64, 0x95c4, 0x8d84, 0x95a4, 0x8544,
  0x8d84, 0x8da4, 0x95a4, 0x8d64, 0x7d24, 0x7d04, 0x8564, 0x8d84, 0x95a5, 0x95a5, 0x8d84, 0x95c4,
  0x95c4, 0x95e4, 0x9e04, 0x9de4, 0x95c4, 0x95a4, 0x95c4, 0x95a4, 0x9de5, 0x8da5, 0x8d84, 0x9e05,
  0x9e05, 0x9e05, 0xa625, 0x9e04, 0x95e4, 0x95c4, 0x95c4, 0x9de4, 0x95c4, 0x9de4, 0x9de4, 0x8da4,
  0x8d84, 0x95c4, 0x95c4, 0x9e05, 0x95a4, 0x8d84, 0x8564, 0x8d64, 0x8d64, 0x9e05, 0x9e05, 0x9e05,
  0x9e05, 0x9de5, 0x8d84, 0x8d84, 0x9dc4, 0x95c4, 0x95c4, 0xae45, 0xae45, 0x9de5, 0x8d64, 0x8524,
  0x8544, 0x95c4, 0x9de4, 0x9de4, 0x9de4, 0x9e04, 0xa644, 0x95c3, 0x7d23, 0x74a3, 0x8d44, 0x95c3,
  0x9dc4, 0x8563, 0x8543, 0x8da3, 0x7d04, 0x8da4, 0x8d84, 0x8da4, 0x8da4, 0x95c4, 0x95e4, 0x8d84,
  0x9de4, 0x9de4, 0x9e04, 0xa625, 0xae85, 0x95c4, 0x8544, 0x9e04, 0x8d84, 0x74a4, 0x8d64, 0x9e03,
  0x9e04, 0x95e4, 0x8da4, 0x8d84, 0x95a4, 0x8544, 0x74e3, 0x6c83, 0x8523, 0x8543, 0x74a3, 0x7ce3,
  0x8563, 0x8da4, 0x95c4, 0x95c4, 0x8d84, 0x95c4, 0x8d84, 0x95e4, 0x9de4, 0x95c4, 0x8563, 0x8584,
  0x9de4, 0x8da4, 0x8d84, 0x95c4, 0x95c4, 0x8da4, 0x8564, 0x8564, 0x8d84, 0x8564, 0x95c4, 0x95c4,
  0x95a4, 0x8544, 0x7d03, 0x8524, 0x8523, 0x7d23, 0x8d84, 0x9de4, 0x8da4, 0x8544, 0x8d84, 0x8d84,
  0x8544, 0x8d84, 0x8da4, 0x8d84, 0x8543, 0x8d84, 0x8564, 0x8d84, 0x8d84, 0x8543, 0x8543, 0x8524,
  0x63e6, 0x8d84, 0x9dc5, 0x95a5, 0x8544, 0x8da4, 0x7d24, 0x74e4, 0x74e4, 0x74e4, 0x8564, 0x95c4,
  0x95e4, 0x8545, 0x6484, 0x6cc4, 0x6cc4, 0x7d24, 0x8d85, 0x74e4, 0x7d25, 0x8545, 0x95c5, 0x8d85,
  0x8524, 0x74e4, 0x6ca4, 0x6cc4, 0x7d24, 0x8565, 0x8545, 0x7d05, 0x8545, 0x8d85, 0x9de5, 0x95a5,
  0x9585, 0x8d85, 0x7d25, 0x8564, 0x8544, 0x7d24, 0x8565, 0x95c5, 0x9de5, 0x8525, 0x74c4, 0x74e5,
  0x7d25, 0x7d04, 0x7d04, 0x74e4, 0x6ca4, 0x6c84, 0x8545, 0x7ce5, 0x6ca5, 0x7d05, 0x7d04, 0x7d04,
  0x7d04, 0x7d24, 0x8565, 0x7d04, 0x74e4, 0x8564, 0x8584, 0x8565, 0x7d25, 0x8d85, 0x8565, 0x8565,
  0x8564, 0x95a5, 0x8da5, 0x8d65, 0x8565, 0x7504, 0x7504, 0x7d04, 0x8d85, 0x9dc5, 0x8d85, 0x8545,
  0x8d85, 0x8da5, 0x95a5, 0x8d85, 0x95c5, 0x95e5, 0x9e06, 0x9de5, 0x95a5, 0x8524, 0x8544, 0x8564,
  0x8d64, 0x8d85, 0x9e05, 0x95c5, 0x7504, 0x6ce4, 0x8565, 0x8545, 0x8d85, 0x95a5, 0x8544, 0x8544,
  0x8544, 0x8565, 0x8565, 0x8d64, 0x7d04, 0x74c4, 0x7d24, 0x7d24, 0x7504, 0x8545, 0x8d85, 0x8545,
  0x7d04, 0x8544, 0x74e4, 0x7504, 0x8da5, 0x95a5, 0x8545, 0x8d65, 0x8d65, 0xa625, 0x9dc5, 0x95a5,
  0x95c5, 0x95a5, 0x8d85, 0x95a5, 0x8d64, 0x7d24, 0x7d24, 0x95a5, 0x8d85, 0x8545, 0x8545, 0x8544,
  0x8565, 0x8545, 0x95a5, 0x95a4, 0x8d64, 0x8d84, 0x9de5, 0xae45, 0x9de5, 0x9e05, 0x9de5, 0x9e05,
  0x95c5, 0x8584, 0x95e4, 0x95e5, 0x95c6, 0xae46, 0x9e05, 0x8d84, 0x8d64, 0x8544, 0x8544, 0x8524,
  0x8564, 0x8544, 0x7d04, 0x9e05, 0x9de5, 0x8524, 0x74e4, 0x8d85, 0x9de5, 0x8d65, 0x8564, 0x95c4,
  0x95c4, 0x95a4, 0x74c4, 0x8564, 0x8544, 0x74c4, 0x74e5, 0x8545, 0x7d04, 0x7d04, 0x95a4, 0x9de5,
  0x9e05, 0x8564, 0x7d04, 0x8505, 0x8525, 0x8d45, 0x7d24, 0x8d84, 0x95a4, 0x8d84, 0x7d04, 0x6ca4,
  0x7d04, 0x8d84, 0x8545, 0x7d25, 0x8545, 0x8545, 0x74e4, 0x6c84, 0x6ca4, 0x6cc3, 0x6483, 0x7d04,
  0x8d84, 0x8544, 0x8d64, 0x95a5, 0x8d65, 0x8525, 0x74e4, 0x8d65, 0x8544, 0x74e4, 0x6cc4, 0x6484,
  0x7504, 0x95a4, 0x9de4, 0x8d84, 0x7d24, 0x74c4, 0x7504, 0x74e4, 0x8da4, 0x8564, 0x8d85, 0x9de5,
  0x6c66, 0x8d85, 0x95e5, 0x95c5, 0x95c5, 0x7d25, 0x74e5, 0x8565, 0x8564, 0x74e5, 0x74e4, 0x6cc4,
  0x6ca4, 0x6483, 0x6483, 0x6ca3, 0x8564, 0x8dc5, 0x8dc5, 0x8d85, 0x8565, 0x95c5, 0x9de5, 0x95c5,
  0x8564, 0x7d44, 0x8564, 0x8564, 0x8da4, 0x95c4, 0x95c5, 0x95a5, 0x95a5, 0x8545, 0x74e5, 0x7d05,
  0x8525, 0x8545, 0x7d04, 0x74e4, 0x7505, 0x74e5, 0x74e5, 0x7505, 0x6ca4, 0x6cc4, 0x6ca4, 0x6ca4,
  0x7d24, 0x95c4, 0x8da4, 0x7d24, 0x74e4, 0x74e4, 0x8584, 0x8d85, 0x8d65, 0x8d64, 0x8564, 0x8d85,
  0x8da5, 0x8d84, 0x8d85, 0x8545, 0x8d85, 0x95c5, 0x95c5, 0x8da5, 0x8da5, 0x95a5, 0x95a5, 0x8d85,
  0x8d64, 0x8da5, 0x95e5, 0x95c5, 0x8565, 0x8564, 0x8564, 0x74e4, 0x74c4, 0x6ca4, 0x6c84, 0x6cc4,
  0x7d04, 0x8d84, 0x95c5, 0x95e5, 0x95a5, 0x7d05, 0x7d25, 0x7d25, 0x8da5, 0x9de5, 0x9de5, 0x9de5,
  0x95c5, 0x9de5, 0x9de5, 0x9de5, 0x95c4, 0x95a4, 0x7d24, 0x6ca4, 0x6ca4, 0x74c4, 0x7504, 0x7d44,
  0x7d24, 0x8545, 0x95c5, 0x9de5, 0x8d85, 0x6ca4, 0x74e4, 0x7d04, 0x74c4, 0x74e4, 0x6ca4, 0x6484,
  0x6484, 0x8544, 0x8545, 0x8565, 0x8d85, 0x8d85, 0x8d85, 0x7d24, 0x8545, 0x7d24, 0x7d24, 0x8564,
  0x8565, 0x95a5, 0x95c5, 0x95a5, 0x95a5, 0x8da5, 0x8da5, 0x95a5, 0x9de5, 0x9e05, 0x9e05, 0x8da5,
  0x8d85, 0x9de5, 0x9e05, 0x9e05, 0x9e05, 0xa626, 0x9e05, 0x9de5, 0x7d25, 0x7d05, 0x8525, 0x8d85,
  0x8da5, 0x8565, 0x8585, 0x8565, 0x8565, 0x8545, 0x74e4, 0x74e4, 0x74e4, 0x7d05, 0x8da4, 0x95c4,
  0x8da4, 0x7d24, 0x7504, 0x7d24, 0x8d84, 0x8564, 0x8544, 0x8564, 0x8da5, 0x95e5, 0x95c5, 0x95c5,
  0x95c4, 0x95a4, 0x95c4, 0x8d84, 0x8d85, 0x8d85, 0x7504, 0x7d44, 0x7d24, 0x7d24, 0x8564, 0x8544,
  0x6c84, 0x6c84, 0x6464, 0x6ca4, 0x74c4, 0x74e4, 0x8544, 0x8564, 0x8d84, 0x7d24, 0x7d24, 0x7d24,
  0x8d84, 0x8d84, 0x8d84, 0x8564, 0x8d84, 0x8d85, 0x8564, 0x74c4, 0x7504, 0x7504, 0x7d25, 0x8564,
  0x8564, 0x8544, 0x8d85, 0x8d85, 0x8d84, 0x8565, 0x8565, 0x8545, 0x8524, 0x7d24, 0x74c4, 0x6ca4,
  0x6ca4, 0x8544, 0x8544, 0x74e4, 0x6ca4, 0x6ca4, 0x6ca4, 0x7d24, 0x8d84, 0x8da4, 0x8da5, 0x8da5,
  0x8526, 0x8564, 0x7d04, 0x7d04, 0x8565, 0x8d85, 0x8d85, 0x8d85, 0x8d85, 0x8565, 0x7d44, 0x7d24,
  0x7d24, 0x7524, 0x8564, 0x7d44, 0x8584, 0x8584, 0x8584, 0x7d24, 0x8d84, 0x8d84, 0x8524, 0x74e4,
  0x74e4, 0x7504, 0x6ca3, 0x6483, 0x7503, 0x7504, 0x74e4, 0x74e4, 0x8564, 0x8d85, 0x8545, 0x8545,
  0x74e4, 0x74e4, 0x8524, 0x8565, 0x8d65, 0x8565, 0x8d85, 0x8545, 0x7d44, 0x7d44, 0x8544, 0x8564,
  0x8da4, 0x95c4, 0x8d84, 0x8564, 0x8564, 0x8564, 0x8d84, 0x8564, 0x7d44, 0x8544, 0x7d24, 0x8d84,
  0x8da4, 0x8584, 0x7504, 0x74e4, 0x8d85, 0x8d85, 0x8da5, 0x8584, 0x8d85, 0x8564, 0x8564, 0x7d04,
  0x74a4, 0x7504, 0x7d24, 0x7d24, 0x8da5, 0x8da5, 0x8d85, 0x8545, 0x7d24, 0x7d24, 0x7d04, 0x7d24,
  0x8da4, 0x95c4, 0x95e5, 0x8d65, 0x8d85, 0x8da5, 0x8da5, 0x8565, 0x95a5, 0x95a5, 0x95a5, 0x8d85,
  0x7d04, 0x7d44, 0x8544, 0x8d85, 0x95c5, 0x95c5, 0x8524, 0x5c44, 0x6484, 0x6ca4, 0x74c4, 0x74e4,
  0x74e4, 0x6cc4, 0x7504, 0x74e4, 0x74e4, 0x8544, 0x8544, 0x8d84, 0x8d84, 0x95a5, 0x8565, 0x8544,
  0x8d85, 0x95c5, 0x95e5, 0x95c5, 0x95c5, 0x95c5, 0x8da5, 0x8da5, 0x9de5, 0x95e5, 0x7d44, 0x8564,
  0x8564, 0x95e5, 0x9e05, 0x8544, 0x7d24, 0x8564, 0x8564, 0x8564, 0x8da4, 0x95a4, 0x95a4, 0x8d65,
  0x7d04, 0x7d24, 0x8d84, 0x8d84, 0x8da5, 0x8544, 0x8564, 0x8564, 0x7d04, 0x7d24, 0x7d24, 0x7d04,
  0x74e5, 0x7d25, 0x7d05, 0x95c5, 0x95c5, 0x8da5, 0x8d85, 0x8d85, 0x8d85, 0x8565, 0x95c5, 0x9e05,
  0x9de5, 0x8564, 0x7d24, 0x7d24, 0x7d24, 0x7504, 0x74c4, 0x74e4, 0x8544, 0x95c5, 0x95c5, 0x95c5,
  0x95c5, 0x95a4, 0x95a4, 0x8564, 0x74e4, 0x6ce4, 0x6ce4, 0x8544, 0x8da4, 0x8da4, 0x95c4, 0x8da4,
  0x8da5, 0x8da5, 0x8544, 0x7504, 0x7d04, 0x7d24, 0x8d84, 0x95c4, 0x8da5, 0x8584, 0x8d84, 0x8564,
  0x7d24, 0x8544, 0x8d84, 0x8584, 0x7d04, 0x74c4, 0x7d04, 0x8564, 0x8544, 0x7d24, 0x6ca4, 0x74c4,
  0x7d24, 0x8564, 0x8545, 0x74e4, 0x6cc4, 0x6ca4, 0x6484, 0x6ca4, 0x8565, 0x8564, 0x8d84, 0x8564,
  0x8564, 0x8584, 0x8584, 0x8564, 0x7d24, 0x7d04, 0x74e4, 0x74c4, 0x7d24, 0x7d44, 0x7d24, 0x7d44,
  0x6c84, 0x74e4, 0x6ca4, 0x6c83, 0x7d04, 0x8da5, 0x95c5, 0x8da5, 0x8d85, 0x8da5, 0x8da4, 0x8da4,
  0x8d84, 0x7d24, 0x74c4, 0x6ca4, 0x6ca4, 0x6c84, 0x6484, 0x6ca4, 0x6ca4, 0x6ca4, 0x6464, 0x6443,
  0x6443, 0x74e4, 0x6c83, 0x6c83, 0x6484, 0x5c24, 0x5c44, 0x74e4, 0x74c4, 0x74c4, 0x6ca4, 0x74c4,
  0x6cc4, 0x6ca4, 0x7d04, 0x95c5, 0x95c5, 0x95c4, 0x95a4, 0x8d84, 0x8564, 0x8544, 0x7d24, 0x8544,
  0x8584, 0x8da4, 0x7d04, 0x6ca3, 0x6483, 0x6483, 0x6c83, 0x6ca3, 0x6484, 0x6484, 0x6484, 0x7504,
  0x6cc3, 0x6ca3, 0x6463, 0x6483, 0x7d44, 0x7d44, 0x7d24, 0x7d04, 0x7d24, 0x7504, 0x74e4, 0x74c4,
  0x5c23, 0x6464, 0x7d24, 0x8565, 0x8d64, 0x8544, 0x8d64, 0x95a5, 0x95c5, 0x8d84, 0x95a4, 0x95c4,
  0x95c4, 0x8da4, 0x8544, 0x6ca4, 0x6ca4, 0x6c84, 0x6c84, 0x6c84, 0x6ca4, 0x74e4, 0x74e4, 0x74c4,
  0x6ca4, 0x6ca4, 0x6cc4, 0x74e4, 0x74e4, 0x6ca4, 0x6444, 0x5c23, 0x6464, 0x6464, 0x7d05, 0x7d44,
  0x8545, 0x95a6, 0x8545, 0x6463, 0x6463, 0x6ca4, 0x7d04, 0x7d44, 0x95a5, 0x95e5, 0x95c5, 0x8584,
  0x8544, 0x95c5, 0x95e5, 0x95c5, 0x95e5, 0x9e05, 0x95e5, 0x9de5, 0x9e05, 0x9de5, 0x95a4, 0x95c4,
  0x95c5, 0x8d84, 0x8d85, 0x8564, 0x7d04, 0x6ca3, 0x6ca4, 0x6ca4, 0x74c4, 0x74e4, 0x6ca4, 0x8d65,
  0x8da4, 0x8d84, 0x74e4, 0x74c4, 0x74a4, 0x6ca3, 0x74c4, 0x74c4, 0x74c4, 0x7d04, 0x7d04, 0x74c4,
  0x6ca4, 0x74e4, 0x74e4, 0x8524, 0x95a5, 0x9e05, 0x9e05, 0x95c5, 0x95a5, 0x8da5, 0x95e5, 0x95e5,
  0x95c5, 0x74e4, 0x74c4, 0x74e4, 0x7d04, 0x95c4, 0x95c4, 0x8dc4, 0x8da4, 0x8584, 0x8544, 0x8544,
  0x7d44, 0x7d04, 0x74e4, 0x7504, 0x74e4, 0x6ca4, 0x6483, 0x6ca3, 0x74c3, 0x7d04, 0x8544, 0x8584,
  0x8d85, 0x8da5, 0x8da5, 0x8564, 0x8d84, 0x8d84, 0x8da4, 0x95c4, 0x95a4, 0x6ca3, 0x5c63, 0x6463,
  0x6463, 0x6463, 0x6463, 0x6463, 0x6463, 0x6463, 0x6ca4, 0x7d24, 0x8545, 0x74e4, 0x6c84, 0x6c84,
  0x6444, 0x6cc4, 0x74e4, 0x74e4, 0x6c84, 0x6c84, 0x6ca4, 0x6484, 0x6484, 0x6ca4, 0x7504, 0x8544,
  0x8da4, 0x95c5, 0x95e5, 0x95e4, 0x95c4, 0x8524, 0x6ca4, 0x6ca4, 0x6cc4, 0x8564, 0x8dc4, 0x8dc4,
  0x6cc4, 0x6cc4, 0x7504, 0x74e4, 0x6cc4, 0x6cc4, 0x8544, 0x8da5, 0x95c5, 0x95e5, 0x9de5, 0x95c5,
  0x8d84, 0x7ce3, 0x74c4, 0x74c4, 0x6cc4, 0x6484, 0x6484, 0x6ca4, 0x6484, 0x5c44, 0x6ca4, 0x74e4,
  0x74e4, 0x6ce4, 0x7504, 0x7d24, 0x74c4, 0x6ca4, 0x6cc4, 0x74e5, 0x6ce5, 0x6ca4, 0x6ca4, 0x6cc4,
  0x74e4, 0x7504, 0x8545, 0x95c5, 0x95e5, 0x95c5, 0x95c5, 0x8d85, 0x8d85, 0x8545, 0x8544, 0x8da4,
  0x95a4, 0x8564, 0x8564, 0x7d24, 0x7d04, 0x7504, 0x7504, 0x6cc4, 0x6464, 0x6484, 0x8565, 0x95e5,
  0x95c5, 0x8564, 0x7524, 0x7d24, 0x7524, 0x7d44, 0x8564, 0x8564, 0x8545, 0x7d44, 0x8544, 0x8544,
  0x7d24, 0x7d24, 0x7d04, 0x8544, 0x8564, 0x8564, 0x95a4, 0x8d85, 0x95c5, 0x95e4, 0x95c4, 0x95a5,
  0x95e5, 0x9de5, 0x95a5, 0x8d65, 0x74e4, 0x74c4, 0x74e4, 0x74c4, 0x74c4, 0x6ca4, 0x6ca4, 0x6ca4,
  0x6cc4, 0x6cc4, 0x74e4, 0x7d45, 0x7d25, 0x8545, 0x7d44, 0x7d24, 0x7d24, 0x7d05, 0x8545, 0x8d84,
  0x8d85, 0x8d85, 0x95a5, 0x8564, 0x7d44, 0x7d04, 0x8564, 0x95c5, 0x9de5, 0x9e05, 0x95e5, 0x95c5,
  0x8da5, 0x8da5, 0x8da5, 0x8d85, 0x95c5, 0x9e05, 0x9de5, 0xa606, 0x9e05, 0x9de5, 0x9e05, 0x9de5,
  0x9de5, 0x8564, 0x8564, 0x8d84, 0x8da4, 0x74c4, 0x74c4, 0x74e4, 0x6cc4, 0x74e4, 0x74e4, 0x8d64,
  0x95c5, 0x95c5, 0x8544, 0x7d24, 0x7d24, 0x74e4, 0x74c4, 0x74c4, 0x7d04, 0x7d04, 0x7d24, 0x8545,
  0x8565, 0x8544, 0x8545, 0x8d65, 0x95c5, 0x9de5, 0x9de6, 0x9e06, 0x9e05, 0x9de5, 0x8da4, 0x8584,
  0x8584, 0x8545, 0x8545, 0x8565, 0x8d65, 0x8da5, 0x95c5, 0x95c4, 0x95e4, 0x95e5, 0x8da5, 0x8da5,
  0x8d85, 0x8564, 0x7d24, 0x6cc4, 0x74e4, 0x74e4, 0x7d04, 0x7503, 0x8da4, 0x8dc4, 0x8d84, 0x74e3,
  0x7504, 0x7d04, 0x7504, 0x7504, 0x95e5, 0x95e5, 0x95e5, 0x95e5, 0x9de5, 0x95a4, 0x8d84, 0x8da5,
  0x8d85, 0x74e4, 0x6483, 0x6483, 0x6483, 0x6483, 0x6ca4, 0x74e4, 0x7d04, 0x7d25, 0x7d24, 0x8d65,
  0x7d04, 0x64a4, 0x6ca4, 0x6ca4, 0x6cc4, 0x7d24, 0x7504, 0x7504, 0x74e4, 0x6cc4, 0x7504, 0x8584,
  0x8dc4, 0x95c5, 0x8da4, 0x8d84, 0x8d84, 0x8d84, 0x8544, 0x7d44, 0x7d24, 0x7504, 0x8544, 0x8dc4,
  0x8d85, 0x8d85, 0x8d84, 0x8d85, 0x8d84, 0x8da4, 0x95c5, 0x8dc5, 0x8da5, 0x8da5, 0x95e5, 0x95c5,
  0x8544, 0x8544, 0x8564, 0x8544, 0x8565, 0x6ca5, 0x5c04, 0x53e3, 0x5c24, 0x6c84, 0x7504, 0x7504,
  0x74e4, 0x7504, 0x8da5, 0x95c5, 0x95e5, 0x9de5, 0x9e06, 0x9de6, 0x8565, 0x7d44, 0x7d44, 0x7d44,
  0x95c5, 0x95e5, 0x95c5, 0x95c5, 0x95c5, 0x95e5, 0x95e5, 0x9e06, 0x95c6, 0x8d85, 0x8d85, 0x8d85,
  0x8d65, 0x8544, 0x8544, 0x8544, 0x8d84, 0x95c5, 0x95c5, 0x7d05, 0x6484, 0x6484, 0x6ce4, 0x8565,
  0x8565, 0x95c5, 0x9e05, 0x9e05, 0x9e05, 0x9de5, 0x9e05, 0x9de5, 0x95e5, 0x9de5, 0x8565, 0x8565,
  0x8565, 0x8565, 0x95c5, 0x9e05, 0x9de5, 0x9de5, 0x9de5, 0x9de5, 0x9e25, 0xa625, 0x9e05, 0x95a5,
  0x8da5, 0x8da5, 0x8d85, 0x8d85, 0x74e4, 0x7504, 0x8544, 0x8d85, 0x8d85, 0x74c4, 0x74c4, 0x74e4,
  0x7504, 0x74e4, 0x74e4, 0x7d04, 0x8545, 0x95c5, 0x95e5, 0x95e5, 0x95e5, 0x8545, 0x7d24, 0x7d04,
  0x7d04, 0x8d65, 0x95e5, 0x95c5, 0x95e5, 0x9de5, 0x9e05, 0xa626, 0xa626, 0xa606, 0x9de5, 0x9e05,
  0x9e06, 0xa606, 0xa626, 0xa626, 0x9e06, 0x9de5, 0x95a5, 0x8565, 0x8d85, 0x8565, 0x9e05, 0x9e06,
  0x9e05, 0x9de5, 0x95c4, 0x8d84, 0x8564, 0x74e4, 0x6ca4, 0x74c4, 0x74c4, 0x74e4, 0x8da4, 0x95c4,
  0x7504, 0x6ca4, 0x6cc4, 0x7504, 0x7d24, 0x8544, 0x95c5, 0x95c5, 0x95c5, 0x95e5, 0x95e5, 0x95c5,
  0x95c5, 0x8d85, 0x8d85, 0x8d85, 0x95c5, 0x9de5, 0x9de5, 0x9de5, 0x95a5, 0x95a5, 0x9de5, 0x95e5,
  0x95e5, 0x8565, 0x7d25, 0x8da5, 0x8da6, 0x95e5, 0x9e05, 0x9e05, 0x8d85, 0x8d85, 0x8da5, 0x95e5,
  0x95e5, 0x8d84, 0x8564, 0x8564, 0x95e5, 0x9e05, 0x95e5, 0x95e5, 0x9e05, 0x8dc4, 0x8da4, 0x8da4,
  0x95c5, 0x95c5, 0x95a4, 0x8564, 0x8584, 0x8564, 0x8da5, 0x9e05, 0x9e05, 0x9e05, 0x95c5, 0x7d24,
  0x7d24, 0x74e4, 0x74e4, 0x8da5, 0x95a5, 0x8d84, 0x6463, 0x6443, 0x6463, 0x74c4, 0x7d24, 0x7d24,
  0x7504, 0x74e4, 0x8da4, 0x95c5, 0x95c5, 0x9de5, 0x95e5, 0x7d44, 0x7d44, 0x7d44, 0x8564, 0x8da5,
  0x95c5, 0x95c5, 0x95c5, 0x9e06, 0x9e06, 0x9e06, 0x95e6, 0x7d24, 0x74e4, 0x74e4, 0x7d24, 0x8584,
  0x74e4, 0x74e4, 0x6cc4, 0x6cc4, 0x6cc4, 0x7d44, 0x8584, 0x8564, 0x8da5, 0x8da4, 0x8da5, 0x7504,
  0x7504, 0x7504, 0x7d04, 0x7d04, 0x7d24, 0x7d44, 0x7d24, 0x7504, 0x74e4, 0x8da4, 0x95c4, 0x8da5,
  0x8564, 0x7d44, 0x8564, 0x8da4, 0x95c5, 0x95e5, 0x95e5, 0x95c5, 0x8585, 0x8564, 0x8584, 0x8584,
  0x8584, 0x7d44, 0x8564, 0x8584, 0x95e4, 0x95e4, 0x95e5, 0x8da5, 0x8565, 0x8565, 0x8565, 0x8565,
  0x74e4, 0x74e4, 0x74e4, 0x6cc3, 0x8564, 0x8d84, 0x95c4, 0x8da4, 0x8d84, 0x7d24, 0x7d44, 0x8da4,
  0x95e5, 0x8dc4, 0x8dc4, 0x8dc5, 0x8dc4, 0x8dc4, 0x95c5, 0x95c5, 0x9e26, 0x9e06, 0x95c5, 0x95c5,
  0x8da5, 0x7d04, 0x7d04, 0x7504, 0x74e4, 0x7d24, 0x95c5, 0x9e05, 0x9e05, 0x9e05, 0x9de5, 0x95c5,
  0x95c5, 0x8da5, 0x95a5, 0x95a5, 0x8d84, 0x8564, 0x8544, 0x7d04, 0x7d24, 0x8564, 0x8544, 0x8d84,
  0x95c4, 0x8da4, 0x8565, 0x8545, 0x8545, 0x95e5, 0x95c5, 0x95e5, 0x9e05, 0x9de5, 0x95a5, 0x8d85,
  0x8d84, 0x95c5, 0x9de5, 0x9de5, 0x9de5, 0x95c4, 0x8564, 0x8d65, 0x8d65, 0x8d65, 0x8da5, 0x8da5,
  0x8584, 0x95c5, 0x9de5, 0xa626, 0x9de5, 0x95a5, 0x95a5, 0x8564, 0x7d24, 0x7d44, 0x7d24, 0x8564,
  0x7d44, 0x95c4, 0x9de5, 0x8d84, 0x7d24, 0x7d04, 0x8d84, 0x8da4, 0x74c4, 0x6484, 0x8544, 0x7d44,
  0x74e4, 0x6cc4, 0x74e4, 0x8d85, 0x8d85, 0x8d85, 0x95c5, 0x8da5, 0x8da5, 0x9de5, 0x95e5, 0x95e5,
  0x95e5, 0x8d85, 0x7d24, 0x7d04, 0x7d24, 0x95c5, 0x95c4, 0x95a5, 0x8d85, 0x95c5, 0x95c5, 0x95c5,
  0x8565, 0x74e4, 0x6cc4, 0x74e4, 0x7505, 0x7524, 0x95c5, 0x9de5, 0x9e05, 0x9e05, 0xa626, 0x95c5,
  0x8da4, 0x7d24, 0x6cc4, 0x6cc4, 0x8565, 0x95e5, 0x9e05, 0x95e5, 0x9e05, 0x95e5, 0x95c4, 0x95c4,
  0x8544, 0x7d24, 0x74e4, 0x74e4, 0x74e4, 0x7504, 0x8585, 0x95e5, 0x95e5, 0x95e5, 0x95e5, 0x95c5,
  0x8da5, 0x8585, 0x8585, 0x8585, 0x95c5, 0x95c5, 0x8564, 0x7d24, 0x7524, 0x7d44, 0x8da5, 0x95c5,
  0x9e05, 0x9e05, 0x9de5, 0x95c5, 0x8dc4, 0x95c5, 0x95e5, 0x95e5, 0x95a5, 0x95c5, 0x8da5, 0x8da5,
  0x7d24, 0x74e4, 0x74e4, 0x8565, 0x9de6, 0x95c5, 0x95c5, 0x8da5, 0x7d24, 0x7504, 0x74e4, 0x7504,
  0x8544, 0x7d44, 0x8d85, 0x8565, 0x8584, 0x8da4, 0x8584, 0x7d24, 0x7504, 0x7d24, 0x8da4, 0x8da4,
  0x8da4, 0x8da4, 0x7d24, 0x8544, 0x95e5, 0x95c5, 0x95c5, 0x8564, 0x7d23, 0x8564, 0x8da4, 0x95e5,
  0x95c5, 0x95c5, 0x95c5, 0x9e05, 0x9e05, 0x9e05, 0x9de5, 0x9e05, 0x9e05, 0x95e5, 0x7d44, 0x7d04,
  0x7d24, 0x7d24, 0x7d24, 0x8564, 0x95c4, 0x8da4, 0x95c5, 0x8da5, 0x7d24, 0x6ca4, 0x74a4, 0x8d65,
  0x9de5, 0x95e5, 0x9de5, 0x95a4, 0x8dc4, 0x95c4, 0x9e05, 0x9e05, 0x8da5, 0x8d84, 0x8564, 0x95e4,
  0x9604, 0x95e5, 0x9e05, 0x95e5, 0x8dc4, 0x95c5, 0x95c5, 0x95c5, 0x9de5, 0x9de6, 0x9de6, 0x95c5,
  0x8565, 0x7d44, 0x7d44, 0x7d24, 0x8564, 0x8da4, 0x95c5, 0x95a5, 0x95c4, 0x8da4, 0x95c5, 0x95c4,
  0x9de5, 0x8d65, 0x8545, 0x7d25, 0x9de5, 0x9e05, 0x9de5, 0x9de5, 0x8564, 0x8d84, 0x8564, 0x95c5,
  0x9de5, 0x9e05, 0x8d85, 0x8d64, 0x8565, 0x8d85, 0x8d85, 0x8da5, 0x8da5, 0x8da5, 0x95c5, 0x95e5,
  0x95e5, 0x9e05, 0x9de5, 0x9e05, 0x8da4, 0x8564, 0x8d85, 0x8d85, 0x8d85, 0x8d84, 0x95c5, 0x8da4,
  0x8da4, 0x8da5, 0x8d85, 0x8d85, 0x8d85, 0x8544, 0x8544, 0x7d24, 0x7d04, 0x7504, 0x7d44, 0x8d84,
  0x95c5, 0x9e05, 0x9de5, 0x9de5, 0x95a5, 0x8544, 0x8da4, 0x8da4, 0x95a5, 0x8da4, 0x95c4, 0x95e4,
  0x8564, 0x7d24, 0x7d44, 0x7d24, 0x7d44, 0x7d04, 0x8564, 0x95e5, 0x95e5, 0x9e05, 0x95e5, 0x9e05,
  0xa646, 0xa626, 0x9de5, 0x95c5, 0x8da4, 0x8564, 0x8544, 0x8544, 0x8524, 0x8564, 0x8564, 0x8564,
  0x8d65, 0x7d24, 0x7d24, 0x7d05, 0x8da5, 0x9de5, 0x9e05, 0xa625, 0x9e05, 0xa646, 0xa626, 0xa625,
  0x95e5, 0x95c5, 0x8564, 0x8564, 0x95c5, 0x9605, 0x95e5, 0x95c5, 0x8da5, 0x8da5, 0x8585, 0x8564,
  0x8544, 0x74c4, 0x6cc4, 0x6cc4, 0x8d85, 0x8d84, 0x8da5, 0x95c5, 0x8dc4, 0x95e5, 0x95e5, 0x9605,
  0x95e5, 0x9e05, 0x95e5, 0x95e5, 0x9e25, 0x9e05, 0x9e05, 0x95e5, 0x95c4, 0x8d84, 0x8544, 0x7d23,
  0x8564, 0x9e05, 0x95e5, 0x9de5, 0x8dc4, 0x8dc4, 0x8da4, 0x8d84, 0x95c4, 0x95c4, 0x8da4, 0x95a4,
  0x95c5, 0x8564, 0x7d45, 0x8545, 0x8545, 0x8545, 0x7d24, 0x7d24, 0x7d24, 0x6cc3, 0x6ca3, 0x6483,
  0x7d04, 0x74c4, 0x74e4, 0x6cc4, 0x6464, 0x6464, 0x6c84, 0x8544, 0x7d44, 0x8da4, 0x95e4, 0x9e25,
  0x9e05, 0x95e5, 0x95c5, 0x95c5, 0x8da5, 0x8da5, 0x95e4, 0x95e4, 0x95e4, 0x8dc4, 0x8564, 0x95c5,
  0x95c5, 0x8565, 0x8545, 0x7d45, 0x8564, 0x8d85, 0x95c5, 0x95c5, 0x95c5, 0x95c4, 0x6cc4, 0x6ca4,
  0x74c4, 0x6c84, 0x6c84, 0x6ca4, 0x7d24, 0x8544, 0x8544, 0x8565, 0x74e4, 0x6cc4, 0x8545, 0x95c5,
  0x95e5, 0x9e05, 0x9e05, 0x95e5, 0x8da4, 0x95c5, 0x95a4, 0x95a5, 0x95a5, 0x95c4, 0x95e4, 0x8dc4,
  0x8564, 0x8564, 0x8544, 0x8544, 0x74e4, 0x6cc4, 0x6cc4, 0x7d24, 0x7d24, 0x7d04, 0x7d24, 0x7d44,
  0x8544, 0x7d04, 0x74e4, 0x74e4, 0x6ca4, 0x6ca4, 0x74e4, 0x8544, 0x8d84, 0x8d65, 0x8564, 0x8d65,
  0x8545, 0x7d25, 0x7d05, 0x8d85, 0x9e05, 0x9e05, 0x9e05, 0x9e05, 0x9de5, 0x9e05, 0x9e05, 0x9de5,
  0x95c5, 0x95c5, 0x9de5, 0x9e05, 0x95c5, 0x8565, 0x8545, 0x74e5, 0x74e5, 0x7505, 0x95a5, 0x9de5,
  0x95e5, 0x8da5, 0x8d84, 0x8da4, 0x8d84, 0x8d85, 0x7d24, 0x8545, 0x7d24, 0x7d04, 0x7d24, 0x8564,
  0x8d84, 0x8544, 0x6ca4, 0x6ca4, 0x74c4, 0x7d04, 0x8da5, 0x95e5, 0x95e5, 0x95c5, 0x8564, 0x8544,
  0x8564, 0x8d85, 0x8565, 0x8544, 0x8544, 0x8544, 0x9e05, 0x9e05, 0x9e05, 0x9e05, 0x9e25, 0x9e25,
  0x95c5, 0x8dc5, 0x8dc5, 0x8da5, 0x8da5, 0x8d85, 0x8d85, 0x8d85, 0x8da5, 0x95c5, 0x9e05, 0x9e05,
  0x9de5, 0x8d85, 0x8da5, 0x95c5, 0x9e04, 0x95c5, 0x8544, 0x74e4, 0x74e4, 0x74c4, 0x74e4, 0x74e4,
  0x74e4, 0x74e4, 0x8545, 0x8544, 0x8d85, 0x8d85, 0x95c5, 0x9de5, 0x9de5, 0x9e05, 0x95c5, 0x8d85,
  0x8d85, 0x8585, 0x95c5, 0x95e4, 0x95e5, 0x8dc4, 0x8584, 0x7d24, 0x74e4, 0x74e4, 0x74e4, 0x74e4,
  0x74e4, 0x6484, 0x74e4, 0x6cc4, 0x8545, 0x8544, 0x7504, 0x7504, 0x74e4, 0x7d04, 0x8544, 0x8584,
  0x8585, 0x95c5, 0x9de5, 0x95c5, 0x95c5, 0x8da5, 0x8da5, 0x8da5, 0x95e5, 0x95e5, 0x95e5, 0x95e5,
  0x95c5, 0x95e5, 0x8dc5, 0x8584, 0x8d84, 0x8d84, 0x95c4, 0x95c4, 0x95c5, 0x7d24, 0x7d04, 0x7d04,
  0x8544, 0x8d84, 0x8544, 0x74e4, 0x74e4, 0x6cc4, 0x6444, 0x6463, 0x6463, 0x6483, 0x6c84, 0x74e4,
  0x6463, 0x6463, 0x6484, 0x64a4, 0x6484, 0x6484, 0x74e4, 0x7504, 0x74e4, 0x7504, 0x8d84, 0x95e4,
  0x9e05, 0x9605, 0x95e5, 0x8d84, 0x7504, 0x7524, 0x8da4, 0x85a4, 0x8da4, 0x7d44, 0x7d44, 0x8d84,
  0x8564, 0x6ca4, 0x6ca4, 0x6ca4, 0x7d04, 0x7d24, 0x8544, 0x8544, 0x8564, 0x7d24, 0x6484, 0x6484,
  0x6ca4, 0x6464, 0x6464, 0x74c4, 0x7d24, 0x8564, 0x8544, 0x7504, 0x6ca4, 0x6cc4, 0x7504, 0x7d44,
  0x7d44, 0x8544, 0x8564, 0x8da4, 0x95c4, 0x95c4, 0x7d24, 0x7524, 0x7d44, 0x8da4, 0x8da4, 0x8564,
  0x6ca4, 0x6c83, 0x6463, 0x6ca3, 0x6ca3, 0x6ca4, 0x6ca4, 0x74e4, 0x6ce4, 0x74e4, 0x8544, 0x8564,
  0x8544, 0x6c84, 0x6484, 0x6484, 0x64a4, 0x6ca4, 0x7504, 0x7d24, 0x7d44, 0x74e4, 0x7504, 0x74e4,
  0x74e4, 0x7d24, 0x8545, 0x95c5, 0x95e5, 0x95c5, 0x95c5, 0x8d85, 0x8d65, 0x8584, 0x95c5, 0x8dc4,
  0x8da5, 0x8da5, 0x95c5, 0x9e05, 0x95e5, 0x8d84, 0x7d24, 0x74c4, 0x6cc4, 0x6484, 0x74e4, 0x7504,
  0x7504, 0x74c4, 0x6cc4, 0x7d04, 0x7d04, 0x7d25, 0x74e4, 0x74c4, 0x6cc4, 0x74e4, 0x7504, 0x95c5,
  0x95a4, 0x8d65, 0x5c44, 0x6443, 0x6463, 0x7d04, 0x95e6, 0x9de5, 0x9de5, 0x9de5, 0x8564, 0x7d24,
  0x7d24, 0x7d24, 0x74e4, 0x7d44, 0x7d44, 0x8564, 0x8da5, 0x8da4, 0x8d84, 0x8564, 0x8d85, 0x8d85,
  0x95c5, 0x9e05, 0x95e4, 0x95e5, 0x9e05, 0x95e5, 0x95c5, 0x8545, 0x8565, 0x8545, 0x95c5, 0x95e5,
  0x95c5, 0x74c4, 0x6cc4, 0x74e4, 0x8564, 0x8564, 0x8564, 0x8544, 0x7d44, 0x7504, 0x6ca4, 0x6ca4,
  0x6ca4, 0x6ca4, 0x7504, 0x8584, 0x8d84, 0x8564, 0x7d44, 0x8544, 0x8544, 0x8544, 0x8565, 0x7505,
  0x7d25, 0x7505, 0x8544, 0x95e5, 0x9e05, 0x8da4, 0x7524, 0x74e4, 0x6cc4, 0x7504, 0x74e4, 0x7504,
  0x7d44, 0x7d24, 0x7d24, 0x8564, 0x8565, 0x8544, 0x6ca4, 0x64a4, 0x6484, 0x5c43, 0x5c43, 0x7504,
  0x7d23, 0x7d24, 0x74e3, 0x74e4, 0x7d04, 0x74e4, 0x74e4, 0x74e4, 0x8565, 0x9e05, 0x9e05, 0x9de5,
  0x95e5, 0x95c5, 0x95c4, 0x7d44, 0x7503, 0x7503, 0x8564, 0x8da4, 0x8da4, 0x8564, 0x6483, 0x6463,
  0x6484, 0x6ca4, 0x7d04, 0x7d04, 0x7d04, 0x7504, 0x6ca4, 0x5c23, 0x5c23, 0x5c44, 0x5c43, 0x6ca3,
  0x7d24, 0x7d44, 0x7d44, 0x7d44, 0x7d44, 0x7504, 0x6ca3, 0x6483, 0x6ce4, 0x8584, 0x8da4, 0x8da4,
  0x95c5, 0x95c5, 0x8564, 0x7d44, 0x7d24, 0x8564, 0x8da4, 0x8da4, 0x8584, 0x6ca4, 0x6463, 0x6463,
  0x5c64, 0x6444, 0x5c24, 0x6ca4, 0x7d04, 0x74e4, 0x74e4, 0x8da4, 0x8da4, 0x8564, 0x6ce4, 0x6cc4,
  0x6cc4, 0x74e4, 0x7d25, 0x8da4, 0x95c4, 0x95c4, 0x95c4, 0x7504, 0x6ca4, 0x6ca4, 0x64a4, 0x64a4,
  0x7504, 0x7d44, 0x8584, 0x8d84, 0x8da4, 0x8d84, 0x74e4, 0x74e4, 0x8564, 0x8564, 0x8584, 0x6463,
  0x5c03, 0x53e3, 0x6423, 0x8564, 0x8584, 0x8564, 0x6ca3, 0x6cc3, 0x6cc4, 0x8da5, 0x95c5, 0x95e5,
  0x7d04, 0x6cc4, 0x6cc4, 0x6cc4, 0x7d64, 0x85a4, 0x8584, 0x8da4, 0x7d44, 0x6cc4, 0x64a4, 0x64a3,
  0x6483, 0x8585, 0x8dc5, 0x8da4, 0x8d84, 0x8564, 0x8564, 0x6cc4, 0x74e4, 0x74e4, 0x8d84, 0x8da4,
  0x8da4, 0x8da4, 0x95a5, 0x95c5, 0x8d85, 0x7d24, 0x7d24, 0x7d24, 0x7d24, 0x7d24, 0x7d24, 0x7d24,
  0x7d24, 0x7504, 0x5c43, 0x6464, 0x5c43, 0x6ce4, 0x7d24, 0x7d04, 0x7ce4, 0x8544, 0x8d84, 0x95a5,
  0x95a5, 0x8565, 0x5c43, 0x5c23, 0x5403, 0x6463, 0x74e4, 0x74e4, 0x7d04, 0x8da4, 0x8da5, 0x95c5,
  0x95c4, 0x8d84, 0x8564, 0x9e04, 0x9e05, 0x9e05, 0x9de5, 0x7d44, 0x7d24, 0x74e4, 0x6cc4, 0x6cc4,
  0x7d24, 0x95e4, 0x95c4, 0x95e4, 0x9de5, 0x95c4, 0x95c4, 0x7d25, 0x74c4, 0x74c4, 0x8564, 0x7d44,
  0x7d24, 0x5c43, 0x5c43, 0x6463, 0x6483, 0x8584, 0x8564, 0x95e4, 0x95c4, 0x95c4, 0x74c4, 0x6ca4,
  0x74e4, 0x7d24, 0x7d44, 0x95e5, 0x9e05, 0x9e05, 0x9e05, 0x7d24, 0x74e4, 0x6cc4, 0x6cc4, 0x6cc4,
  0x74e4, 0x6cc4, 0x6cc4, 0x8564, 0x8564, 0x8d84, 0x7504, 0x6463, 0x6463, 0x74e4, 0x8da5, 0x8dc5,
  0x95e5, 0x95e5, 0x95e5, 0x95c5, 0x95c5, 0x8da4, 0x8564, 0x6483, 0x6483, 0x6483, 0x6483, 0x6cc3,
  0x8da4, 0x8da4, 0x8da4, 0x6cc3, 0x6cc3, 0x6ca3, 0x6484, 0x64a4, 0x64a4, 0x7d24, 0x95c5, 0x95c5,
  0x95e5, 0x8da4, 0x8564, 0x8564, 0x7d24, 0x7503, 0x7503, 0x7d64, 0x8584, 0x8584, 0x7d44, 0x6463,
  0x5c43, 0x5c43, 0x74e4, 0x8da5, 0x8dc5, 0x95c4, 0x8564, 0x6cc4, 0x6463, 0x6463, 0x6cc4, 0x7504,
  0x8d84, 0x8584, 0x8da4, 0x95c4, 0x8da4, 0x7d24, 0x74e4, 0x74e4, 0x6ce4, 0x74e4, 0x7504, 0x7504,
  0x6ce4, 0x6ce4, 0x6483, 0x6483, 0x6483, 0x64a3, 0x6483, 0x6483, 0x6cc4, 0x74e4, 0x7d24, 0x8d84,
  0x8da5, 0x8d84, 0x8545, 0x8da4, 0x8dc4, 0x95c4, 0x95c4, 0x95e4, 0x95e4, 0x95c4, 0x8da4, 0x8da4,
  0x8da4, 0x8da4, 0x8d84, 0x8d84, 0x95c4, 0x95c4, 0x95c5, 0x8544, 0x7d44, 0x7d24, 0x7d24, 0x7d24,
  0x7d44, 0x7d44, 0x7d04, 0x6ca4, 0x6cc4, 0x6cc4, 0x6cc4, 0x6cc3, 0x7d24, 0x7d23, 0x8d84, 0x8d84,
  0x8564, 0x7d24, 0x74e4, 0x8564, 0x95c4, 0x95c4, 0x95c4, 0x95c4, 0x95e4, 0x95c4, 0x95c4, 0x95c4,
  0x8d84, 0x8d84, 0x8d84, 0x8584, 0x95c4, 0x95e5, 0x9de5, 0x95e4, 0x8dc4, 0x8d84, 0x8d84, 0x8da4,
  0x8564, 0x8584, 0x8d84, 0x7d04, 0x6cc3, 0x74e3, 0x7504, 0x74e4, 0x74e4, 0x6ca4, 0x6463, 0x6484,
  0x6464, 0x6cc4, 0x6cc4, 0x6cc4, 0x7504, 0x7d04, 0x8da4, 0x95c4, 0x95c4, 0x95e4, 0x8da4, 0x8da4,
  0x8da4, 0x8564, 0x74e4, 0x74e4, 0x7d04, 0x7d24, 0x7d04, 0x74c4, 0x6ca4, 0x6ca4, 0x6cc4, 0x74e4,
  0x74e4, 0x74e4, 0x7d24, 0x7d24, 0x7d24, 0x7504, 0x95a4, 0x95c5, 0x9de5, 0x9e05, 0x95e5, 0x8da4,
  0x8da4, 0x8d84, 0x8d84, 0x95a4, 0x8564, 0x8584, 0x8585, 0x7524, 0x7504, 0x7504, 0x7504, 0x7504,
  0x7d44, 0x7d44, 0x7d44, 0x7d44, 0x8544, 0x8544, 0x7d24, 0x7d24, 0x95c5, 0x95a5, 0x95c5, 0x95c5,
  0x95c4, 0x8d84, 0x8584, 0x8584, 0x8564, 0x95c4, 0x95c4, 0x95c4, 0x8544, 0x8544, 0x8544, 0x8544,
  0x8d64, 0x95c5, 0x95c5, 0x95e5, 0x9de5, 0x95e5, 0x95e5, 0x8dc4, 0x8564, 0x8544, 0x7d24, 0x7d04,
  0x7d25, 0x95c4, 0x95c4, 0x8d84, 0x6c83, 0x6ca4, 0x6ca4, 0x74e4, 0x7d24, 0x8544, 0x8da4, 0x9e05,
  0x95e5, 0x9605, 0x9605, 0x95e5, 0x8d84, 0x8da4, 0x8584, 0x8584, 0x8d84, 0x8d84, 0x8d84, 0x8d84,
  0x8da4, 0x8da4, 0x8dc4, 0x8da4, 0x8564, 0x8564, 0x8564, 0x8d84, 0x8da4, 0x8da4, 0x8da4, 0x8da4,
  0x95c5, 0x8da5, 0x6c84, 0x6484, 0x6c84, 0x6463, 0x5c43, 0x5c43, 0x6464, 0x6464, 0x6c84, 0x6ca4,
  0x7d24, 0x8da4, 0x8da5, 0x8da5, 0x8d84, 0x8564, 0x7d04, 0x74e4, 0x7d24, 0x8544, 0x7d44, 0x7d24,
  0x8da5, 0x7d24, 0x8d85, 0x8544, 0x74c4, 0x6ca4, 0x6ca4, 0x6ca4, 0x6444, 0x5c44, 0x7504, 0x7524,
  0x7d44, 0x8d84, 0x8da5, 0x8dc5, 0x95e5, 0x8dc4, 0x8da4, 0x8564, 0x8da5, 0x95c5, 0x95c4, 0x95e4,
  0x8da4, 0x7d24, 0x74e4, 0x74e4, 0x7504, 0x8565, 0x95e5, 0x9e05, 0x9e05, 0x9e05, 0x9e05, 0x95e4,
  0x95c4, 0x95e5, 0x9e05, 0xa625, 0x9e05, 0x9e05, 0x9e05, 0x9de5, 0x95e5, 0x95c4, 0x95c5, 0x7d44,
  0x6cc4, 0x6464, 0x6464, 0x6484, 0x6464, 0x6ca4, 0x74e4, 0x7d44, 0x95c4, 0x9e05, 0x9e05, 0x9e05,
  0x95a5, 0x6ca4, 0x6c84, 0x74e4, 0x74e4, 0x8564, 0x8564, 0x8544, 0x8564, 0x8564, 0x8564, 0x8584,
  0x8565, 0x7d45, 0x95c5, 0x9e06, 0x9e26, 0x9e26, 0x9e06, 0x9de5, 0x8565, 0x8565, 0x8564, 0x8544,
  0x7d24, 0x7504, 0x8565, 0x7d24, 0x7d24, 0x7d24, 0x8dc4, 0x95e5, 0x95e5, 0x6ca4, 0x6483, 0x6484,
  0x6c84, 0x74e4, 0x6ce4, 0x74e4, 0x7d44, 0x8584, 0x95e5, 0x9e05, 0x9e05, 0x9e05, 0x9e05, 0x9e05,
  0x95e5, 0x7d44, 0x7d44, 0x7d44, 0x9de5, 0x9e05, 0x8d85, 0x8565, 0x7d44, 0x7d44, 0x8da4, 0x95c5,
  0x8da4, 0x8544, 0x7d24, 0x7d24, 0x7d24, 0x7504, 0x8d84, 0x8d84, 0x95a5, 0x8565, 0x8525, 0x8545,
  0x8545, 0x8524, 0x7d44, 0x6ce3, 0x6ce3, 0x8564, 0x7d44, 0x7524, 0x7d24, 0x95e5, 0x8da4, 0x8564,
  0x8544, 0x74e4, 0x74e4, 0x7d24, 0x8544, 0x8d84, 0x8d85, 0x8d84, 0x8d84, 0x8da4, 0x9e05, 0x9e05,
  0xa625, 0x9e05, 0x8d84, 0x7d44, 0x7d44, 0x8564, 0x8564, 0x7d04, 0x7d24, 0x7d24, 0x8da5, 0x9e05,
  0x9e05, 0x9e05, 0x9e05, 0x9de5, 0x9e25, 0xa646, 0xa626, 0x9e05, 0x8584, 0x8584, 0x8da4, 0x95a4,
  0x8da4, 0x8da4, 0x8584, 0x7504, 0x64a4, 0x64a4, 0x6484, 0x7504, 0x7d24, 0x8d84, 0x9605, 0x9e05,
  0xa625, 0x9e05, 0x95c5, 0x7504, 0x7504, 0x7504, 0x7d24, 0x7d24, 0x8544, 0x8d84, 0x8da4, 0x95c4,
  0x95c4, 0x95c4, 0x95e4, 0x95e4, 0x95c4, 0x8564, 0x7d44, 0x8584, 0x95c5, 0x95a5, 0x8565, 0x7d04,
  0x74e4, 0x74c4, 0x5c23, 0x5c23, 0x6444, 0x74e4, 0x7d25, 0x74c4, 0x6443, 0x53c3, 0x5c23, 0x5c23,
  0x5c43, 0x6cc4, 0x6cc4, 0x74e4, 0x7d24, 0x7d44, 0x7d44, 0x8544, 0x8d84, 0x9e05, 0x9e05, 0x9e05,
  0x7d24, 0x74e4, 0x8564, 0x8544, 0x7d04, 0x7d04, 0x74c4, 0x6484, 0x6cc4, 0x74c4, 0x8564, 0x8584,
  0x7d44, 0x8564, 0x8564, 0x8584, 0x8d84, 0x8584, 0x8564, 0x8d84, 0x8584, 0x8584, 0x8584, 0x95e4,
  0x8dc5, 0x8da4, 0x8da4, 0x8da4, 0x7d44, 0x7d24, 0x7d45, 0x7d25, 0x8565, 0x8564, 0x7d44, 0x7d44,
  0x8da4, 0x95e4, 0x95e5, 0x9de5, 0x95e5, 0x95c5, 0x8584, 0x8544, 0x8544, 0x7d44, 0x7d24, 0x7d44,
  0x7d24, 0x7504, 0x74e4, 0x7d24, 0x8564, 0x7d44, 0x8584, 0x8da4, 0x95c5, 0x8dc5, 0x8da5, 0x8da5,
  0x7d44, 0x7d24, 0x7d24, 0x7504, 0x7d25, 0x8da5, 0x8da4, 0x8da4, 0x8dc4, 0x8dc4, 0x8544, 0x7504,
  0x7504, 0x8544, 0x95e6, 0x9de5, 0x9de5, 0x95e5, 0x95c5, 0x95c5, 0x95c5, 0x95c5, 0x7d24, 0x74e4,
  0x74e4, 0x74e4, 0x8d85, 0x8d85, 0x8d84, 0x8d84, 0x95e4, 0x95e4, 0x95e5, 0x8d84, 0x8564, 0x8564,
  0x7d24, 0x74e4, 0x74e4, 0x6cc4, 0x7504, 0x7504, 0x8544, 0x8564, 0x8da5, 0x8dc4, 0x8dc4, 0x8da5,
  0x8da5, 0x8da5, 0x9de5, 0x95e5, 0x95a5, 0x8da5, 0x95c5, 0x9de5, 0x95e5, 0x95c5, 0x8d84, 0x8544,
  0x8544, 0x7d24, 0x8d84, 0x8da5, 0x8da5, 0x8d84, 0x8544, 0x74e4, 0x7d04, 0x6ca4, 0x6c84, 0x6ca4,
  0x6ca4, 0x74e4, 0x8544, 0x8564, 0x8564, 0x95c4, 0x95c4, 0x8da4, 0x95e4, 0x9604, 0x9604, 0x8da4,
  0x8584, 0x8564, 0x8584, 0x7d44, 0x7504, 0x7504, 0x7504, 0x8584, 0x8584, 0x7d44, 0x8d84, 0x8da5,
  0x95c5, 0x8da5, 0x8544, 0x8da4, 0x95c5, 0x8da4, 0x95c4, 0x8544, 0x7d44, 0x7d24, 0x7d44, 0x8da4,
  0x8584, 0x8da4, 0x95c5, 0x95a5, 0x95e5, 0x9e05, 0x9e05, 0x9e05, 0x9605, 0x95c5, 0x7d04, 0x7d04,
  0x7d24, 0x7d24, 0x8564, 0x8564, 0x8564, 0x7504, 0x7504, 0x7504, 0x7d24, 0x8d84, 0x95c4, 0x95e4,
  0x95e5, 0x95e5, 0x8dc4, 0x8564, 0x7d24, 0x74e4, 0x6ce4, 0x7504, 0x8564, 0x8da5, 0x8da4, 0x8da4,
  0x95c4, 0x95c4, 0x95e4, 0x95e4, 0x8dc4, 0x8dc4, 0x8da4, 0x8584, 0x95e5, 0x95c5, 0x8565, 0x7d44,
  0x7d24, 0x6ca3, 0x6443, 0x5c03, 0x5c23, 0x6c84, 0x7d24, 0x7504, 0x74e4, 0x6ca4, 0x6cc4, 0x7d24,
  0x8564, 0x8564, 0x8584, 0x8564, 0x8584, 0x8584, 0x8564, 0x7504, 0x7d24, 0x8544, 0x8564, 0x8544,
  0x8564, 0x7d24, 0x8da4, 0x8564, 0x8564, 0x7d24, 0x74e4, 0x7d04, 0x8584, 0x8584, 0x8584, 0x8584,
  0x8564, 0x7d44, 0x8564, 0x7504, 0x7d24, 0x7d24, 0x8544, 0x95c5, 0x8da4, 0x8da4, 0x8da4, 0x95e5,
  0x8dc4, 0x8dc4, 0x95c4, 0x8da4, 0x7d04, 0x7d24, 0x7d24, 0x8564, 0x8dc4, 0x8da4, 0x8d84, 0x8d85,
  0x95a4, 0x95a4, 0x95a5, 0x8d65, 0x8544, 0x7d24, 0x7d24, 0x7d44, 0x7d24, 0x8564, 0x7d44, 0x8da4,
  0x8d84, 0x8584, 0x8584, 0x8da4, 0x8da4, 0x8da4, 0x8da4, 0x95c5, 0x95e5, 0x95c4, 0x95e5, 0x8d65,
  0x8565, 0x8565, 0x8564, 0x7d44, 0x9605, 0x9e05, 0x95e5, 0x9e05, 0x95c4, 0x95c4, 0x8544, 0x7d24,
  0x8564, 0x95c5, 0x95e5, 0x9e05, 0x95e5, 0x95e5, 0x95e5, 0x95e5, 0x9e05, 0x9e05, 0x95a4, 0x7d24,
  0x74e3, 0x7d04, 0x95c5, 0x95c5, 0x95e5, 0x95e5, 0x8da4, 0x8da4, 0x8da4, 0x95c5, 0x8da4, 0x8da5,
  0x8544, 0x7504, 0x7524, 0x7503, 0x7503, 0x7504, 0x7d24, 0x7d44, 0x8584, 0x8da4, 0x8da4, 0x8da4,
  0x8da5, 0x8d84, 0x8564, 0x8d84, 0x8564, 0x8564, 0x95c5, 0x9e25, 0x9e05, 0x9e05, 0x8544, 0x6c83,
  0x6483, 0x74c4, 0x95e5, 0x95e5, 0x9de5, 0x8da5, 0x8da5, 0x8565, 0x8544, 0x8564, 0x7d04, 0x7d24,
  0x7d24, 0x7d24, 0x8da4, 0x8da4, 0x95e4, 0x95c4, 0x95c4, 0x9e04, 0x9e25, 0xa625, 0x9e24, 0x9e25,
  0x9604, 0x8da4, 0x8dc4, 0x8564, 0x8564, 0x7d64, 0x7d44, 0x8da5, 0x8da5, 0x8d84, 0x8584, 0x8584,
  0x8584, 0x8584, 0x8544, 0x8da5, 0x95c5, 0x95c5, 0x9de5, 0x8da5, 0x8564, 0x8544, 0x8564, 0x8584,
  0x7d43, 0x7d24, 0x7d44, 0x95c5, 0x8d84, 0x95e4, 0x95c4, 0x95e5, 0x95c5, 0x95c5, 0x74e5, 0x6cc4,
  0x7504, 0x7d24, 0x7d44, 0x7d24, 0x7d24, 0x7d24, 0x7d24, 0x8564, 0x8564, 0x95e4, 0x95e4, 0x9e05,
  0x95e4, 0x95e5, 0x8da5, 0x8da4, 0x7d24, 0x7d43, 0x7d23, 0x7d44, 0x7d44, 0x8dc4, 0x95c4, 0x8dc4,
  0x95e4, 0x9e05, 0x95e4, 0x95e4, 0x9604, 0x95e4, 0x9605, 0x9e05, 0x9e25, 0xa625, 0x9e25, 0x95e4,
  0x95c4, 0x8564, 0x74e3, 0x6443, 0x6423, 0x6423, 0x74c4, 0x7d04, 0x7d25, 0x7504, 0x7504, 0x7504,
  0x8584, 0x8564, 0x8584, 0x95e5, 0x8da4, 0x8da4, 0x8da4, 0x7d04, 0x7d24, 0x7d44, 0x7d44, 0x7d44,
  0x9605, 0x9e05, 0x9e05, 0x9e05, 0x9e25, 0x9605, 0x9604, 0x9604, 0x95e4, 0x8584, 0x8da4, 0x95e5,
  0x95e4, 0x95e4, 0x7d44, 0x6ca4, 0x6ca4, 0x74e4, 0x6ca4, 0x6cc3, 0x74e4, 0x7d44, 0x7d44, 0x7d24,
  0x7d24, 0x7d24, 0x7d24, 0x8d84, 0x8da4, 0x8dc4, 0x95e5, 0x9e05, 0x9e05, 0x9e05, 0x8d84, 0x6cc3,
  0x6ce3, 0x6cc3, 0x6c83, 0x3aa2, 0x32a2, 0x32a2, 0x4b63, 0x7504, 0x8564, 0x95c4, 0x95c4, 0x9e25,
  0x9e05, 0x9e05, 0x8da4, 0x8d84, 0x8564, 0x8d84, 0x8585, 0xa645, 0xa645, 0xa645, 0x9e05, 0x9e05,
  0x9e05, 0x9e05, 0x9e05, 0x95e5, 0x8dc4, 0x8dc5, 0x8da4, 0x95e4, 0x9e04, 0x9de4, 0x95e4, 0x95c4,
  0x8564, 0x8564, 0x8da5, 0x9e25, 0xa625, 0xa626, 0xa626, 0xa646, 0x74c4, 0x3ae1, 0x3ae2, 0x3ae2,
  0x8d85, 0x95e5, 0x95c5, 0x95e5, 0x8564, 0x7d04, 0x6c83, 0x6483, 0x6cc3, 0x7504, 0x7504, 0x74e4,
  0x8da4, 0x95e4, 0x9605, 0x9e25, 0x8544, 0x74e4, 0x74e4, 0x74e4, 0x8564, 0x7d24, 0x6463, 0x6463,
  0x5c43, 0x5c23, 0x6ca3, 0x6ca3, 0x6cc3, 0x7504, 0x95c5, 0x95e5, 0x9de5, 0x9e05, 0x95c4, 0x95c4,
  0x95e4, 0x95e5, 0xa625, 0xa625, 0xa645, 0xa645, 0x9e05, 0x8544, 0x7d24, 0x7d04, 0x8544, 0x8564,
  0x8544, 0x7504, 0x7d24, 0x7d04, 0x8d85, 0x95e5, 0x9de5, 0x9de5, 0x95e5, 0x95e5, 0x95c4, 0x95e4,
  0x9e05, 0x9e25, 0x9e25, 0x9e25, 0x9e25, 0xa645, 0xa625, 0x9e05, 0x9e05, 0x9e25, 0x9e05, 0x95e4,
  0x8da4, 0x7d24, 0x7d24, 0x7d24, 0x7504, 0x7504, 0x7d24, 0x7d24, 0x6463, 0x6ca3, 0x6cc4, 0x74e4,
  0x95c5, 0x95c5, 0x8da5, 0x8da4, 0x8564, 0x74e4, 0x74e4, 0x74e4, 0x74c4, 0x6444, 0x6c84, 0x6c84,
  0x74e4, 0x9e05, 0xa666, 0x53c3, 0x4342, 0x4343, 0x4323, 0x95a5, 0x9e25, 0x9e45, 0x9e25, 0x9e25,
  0x9604, 0x7d44, 0x74e3, 0x7503, 0x7503, 0x95c4, 0x9e25, 0x9e25, 0x9e05, 0x8584, 0x8564, 0x7d44,
  0x7d44, 0x8da4, 0x95c4, 0x95e4, 0x95c4, 0x8564, 0x8564, 0x8da4, 0x8544, 0x7d04, 0x74e3, 0x74e3,
  0x8d64, 0x9e25, 0x9e05, 0x95e4, 0x95c5, 0x8d85, 0x8565, 0x8565, 0x8545, 0x8da5, 0x95c5, 0x95e4,
  0x8dc4, 0x8dc4, 0x8dc4, 0x95c4, 0x74e4, 0x6ca3, 0x6ca4, 0x5c24, 0x5c23, 0x5c23, 0x6c84, 0x8d85,
  0x9e25, 0x9e25, 0x9605, 0x9e25, 0x95e5, 0x8565, 0x8584, 0x8584, 0x8564, 0x8584, 0x8584, 0x8dc4,
  0x95e4, 0x95e4, 0x95e5, 0x8da5, 0x7d24, 0x6ca4, 0x64a4, 0x7504, 0x7504, 0x7504, 0x7504, 0x8584,
  0x8da4, 0x8564, 0x7d44, 0x7d44, 0x7d44, 0x7d45, 0x5c24, 0x53a3, 0x53a3, 0x53e3, 0x8d84, 0x8564,
  0x8584, 0x8da4, 0x7d04, 0x3282, 0x3ac2, 0x3ac2, 0x4b83, 0x9e05, 0x9e05, 0x9605, 0x95e5, 0x9e05,
  0x9de5, 0x8584, 0x7d44, 0x7d44, 0x7d44, 0x7d65, 0x85a5, 0x95e5, 0x95e5, 0x9605, 0x9605, 0x9605,
  0x9e25, 0x9e25, 0x8dc5, 0x95e5, 0x95e5, 0x9605, 0x9605, 0x9e25, 0x9e24, 0x9e04, 0x8584, 0x8584,
  0x8584, 0x7d64, 0x95e5, 0x8dc4, 0x95e5, 0x9e05, 0xa646, 0xa646, 0x6423, 0x3ac2, 0x32c2, 0x3ac2,
  0x95a5, 0x95e5, 0x95e5, 0x95e5, 0x7d44, 0x6cc4, 0x74c3, 0x6ca3, 0x74e3, 0x7d24, 0x7d24, 0x7d23,
  0x7503, 0x7d44, 0x7d24, 0x7d24, 0x8564, 0x95c4, 0x95a4, 0x8da4, 0x8da4, 0x7d04, 0x6483, 0x6463,
  0x5c43, 0x5c23, 0x7503, 0x8563, 0x8543, 0x8564, 0x9e25, 0xa645, 0xa625, 0xa645, 0x9604, 0x9e25,
  0x9e25, 0x9e05, 0x9de5, 0x9de5, 0x9e25, 0xa625, 0x9e05, 0x8564, 0x8564, 0x7504, 0x7d44, 0x95c4,
  0x8da4, 0x8d84, 0x8d84, 0x7d03, 0x3b02, 0x4322, 0x3b02, 0x4322, 0x95c5, 0xa646, 0xa625, 0x9e25,
  0x95e5, 0x9605, 0x8dc5, 0x95e5, 0x9e05, 0xa645, 0x9e25, 0x9e25, 0x9605, 0x95e5, 0x95e4, 0x95e4,
  0x9e25, 0x95e4, 0x95e4, 0x8da4, 0x7d24, 0x7d44, 0x7504, 0x7d24, 0x74e4, 0x64a3, 0x6cc3, 0x6ca3,
  0x8584, 0x95c4, 0x8dc5, 0x8d84, 0x8da4, 0x7d24, 0x7504, 0x74e4, 0x7504, 0x8564, 0x7d24, 0x7d24,
  0x7524, 0x7503, 0x7d44, 0x4b83, 0x4302, 0x3b02, 0x4323, 0x8d84, 0x9e25, 0x9e05, 0x9e25, 0x95e4,
  0x9e04, 0x9e04, 0x8544, 0x74e3, 0x6ce3, 0x74e3, 0x8da4, 0xa625, 0xa625, 0x8da4, 0x7d64, 0x7d24,
  0x7524, 0x7d44, 0x8d84, 0x8584, 0x8584, 0x7d44, 0x74e4, 0x74e4, 0x5363, 0x3aa2, 0x3aa2, 0x32a2,
  0x6423, 0xa625, 0xa625, 0x9de5, 0x8585, 0x8565, 0x7d24, 0x7504, 0x7504, 0x7d24, 0x7d44, 0x8dc4,
  0x8de4, 0x95e4, 0x95e4, 0x9e05, 0x95e5, 0x7d44, 0x6cc4, 0x6cc4, 0x74e4, 0x74e4, 0x7504, 0x6ca4,
  0x95e4, 0x9605, 0x8d84, 0x95e5, 0x9e05, 0x9e05, 0x9e05, 0x8d84, 0x8564, 0x8543, 0x7d43, 0x8544,
  0x7d64, 0x95c4, 0x95e4, 0x95c4, 0x8da4, 0x8564, 0x8d84, 0x8d84, 0x8d84, 0x8d84, 0x8585, 0x95e5,
  0x95e5, 0x8da4, 0x8da4, 0x95c4, 0x8da5, 0x95c5, 0x53c3, 0x4322, 0x3b02, 0x4b62, 0x95e5, 0x95c4,
  0x8d83, 0x8543, 0x6c83, 0x3aa2, 0x3aa2, 0x3aa2, 0x4b63, 0x8da5, 0x8564, 0x8564, 0x8564, 0x8544,
  0x8584, 0x7d43, 0x7d63, 0x8564, 0x8da4, 0x8584, 0x9e05, 0x9e25, 0x9605, 0x9605, 0x9e25, 0x9e25,
  0x9604, 0x8584, 0x8564, 0x8584, 0x8564, 0x8da4, 0x8584, 0x8da4, 0x8dc4, 0x95e4, 0x9e04, 0x9e25,
  0x9e05, 0x95e4, 0x95e4, 0x95e4, 0x95c4, 0x9e05, 0x95a5, 0x95c5, 0x53a3, 0x3ac2, 0x3ae2, 0x32c2,
  0x8564, 0x8da4, 0x95c4, 0x95e4, 0x95e4, 0x95c4, 0x8da4, 0x8da3, 0x95c4, 0x95e5, 0x95e5, 0x9e05,
  0x6463, 0x6463, 0x6483, 0x6483, 0x7d24, 0x95e4, 0x95c4, 0x95a4, 0x8da4, 0x95c4, 0x8d84, 0x8564,
  0x8564, 0x8d64, 0x6422, 0x6ca3, 0x74a3, 0x6c63, 0x8564, 0x8da4, 0x8da4, 0x8da4, 0x8524, 0x7d04,
  0x7d04, 0x7d04, 0x8d84, 0x8d84, 0x95e5, 0x95c4, 0x9e04, 0x95e4, 0x95e4, 0x95c4, 0x95c5, 0x95c4,
  0x95a4, 0x95a4, 0x95c4, 0x8543, 0x3ae2, 0x3b02, 0x3b02, 0x3b02, 0x8545, 0x95c5, 0x8da4, 0x8da4,
  0x9e25, 0x9e05, 0x9605, 0x9605, 0x9e05, 0xa645, 0x9e25, 0xa645, 0xa625, 0x8dc4, 0x95c4, 0x95e4,
  0x8da5, 0x8564, 0x8564, 0x8544, 0x95c4, 0x9e05, 0x9de5, 0x9de5, 0x8d84, 0x8da4, 0x8da4, 0x95c5,
  0x8da4, 0x95e4, 0x95c4, 0x95e5, 0x95e5, 0x8dc4, 0x8d84, 0x8584, 0x8584, 0x8584, 0x95e5, 0x95e4,
  0x95e4, 0x95e4, 0x95c4, 0x5c03, 0x4342, 0x3ae2, 0x3ae2, 0x74a4, 0x8544, 0x8544, 0x8544, 0x7d24,
  0x7d24, 0x7d24, 0x7d24, 0x74e3, 0x8da3, 0x8dc4, 0x95e4, 0x9e05, 0x9e25, 0x9e24, 0x9de4, 0x8da4,
  0x8da4, 0x8dc4, 0x7d24, 0x7d04, 0x8564, 0x95c4, 0x95c4, 0x8da4, 0x53a3, 0x32a2, 0x32a2, 0x32a2,
  0x53a3, 0x8d85, 0x95a5, 0x8d84, 0x9e05, 0x95e5, 0x95c4, 0x95c4, 0x8d84, 0x95c4, 0x95c4, 0x9604,
  0x8dc4, 0x8dc4, 0x8dc4, 0x8da4, 0x8da4, 0x8d84, 0x8564, 0x8564, 0x95c4, 0x95e4, 0x95e4, 0x8dc5,
  0x9605, 0x9605, 0x95e5, 0x95e5, 0x95c5, 0x95c5, 0x8da5, 0x8544, 0x7d03, 0x6463, 0x6463, 0x6cc3,
  0x8564, 0x95e4, 0x95e4, 0x9de5, 0x95e5, 0x95c4, 0x95e4, 0x95e4, 0x95c4, 0x8d84, 0x8da5, 0x8da5,
  0x8da5, 0x95c5, 0x95c5, 0x95e5, 0x95e5, 0x95e5, 0x4b63, 0x3b02, 0x3ae2, 0x4b62, 0x7cc4, 0x53a2,
  0x4b82, 0x53a2, 0x4b42, 0x3282, 0x3282, 0x3282, 0x4b22, 0x74c3, 0x74c3, 0x6cc3, 0x6ca3, 0x7d04,
  0x8564, 0x8564, 0x7d64, 0x8564, 0x8da4, 0x8dc4, 0x8da4, 0x8da4, 0x95e4, 0x95c4, 0x7d44, 0x74e3,
  0x6463, 0x7504, 0x7d44, 0x95c4, 0x95e5, 0x8da4, 0x8564, 0x8564, 0x8d84, 0x95e4, 0x9e04, 0x95e4,
  0x95e4, 0x9e25, 0x9e25, 0x9e25, 0x9e25, 0x9e05, 0x8d84, 0x8544, 0x4b42, 0x32a2, 0x32a2, 0x3ac2,
  0x8d84, 0x95c4, 0x95c4, 0x9de5, 0x9e05, 0x9e05, 0x95e5, 0x8da4, 0x9de4, 0x9de5, 0x9e05, 0x9e25,
  0x6443, 0x5c23, 0x6443, 0x5c23, 0x7d03, 0x8d84, 0x8543, 0x8543, 0x8d84, 0x9e05, 0x95e4, 0x95e4,
  0x95e4, 0x95c5, 0x4303, 0x3ae2, 0x3ae2, 0x3ac2, 0x74e3, 0x7d03, 0x7d24, 0x8524, 0x6c64, 0x5c03,
  0x5be3, 0x5c03, 0x74c4, 0x6ca4, 0x74c4, 0x74c4, 0x95c4, 0x95e4, 0x9de4, 0x9de4, 0x95c5, 0x8524,
  0x8544, 0x8524, 0x7d23, 0x8523, 0x32c2, 0x3ae2, 0x3ac2, 0x3ae2, 0x7ce4, 0x8544, 0x7d24, 0x7d24,
  0x9e05, 0x9e05, 0x9e05, 0x9e05, 0x9e05, 0xa625, 0xa625, 0xa645, 0xa645, 0x8da4, 0x95c4, 0x95e4,
  0x7d24, 0x6ca4, 0x6ca4, 0x6ca4, 0x8da4, 0x9e25, 0x9e05, 0x9e25, 0x95c4, 0x95e4, 0x9e05, 0x9e05,
  0x9e05, 0x95e4, 0x95e4, 0x95e5, 0x95c5, 0x95e5, 0x95c4, 0x95c4, 0x95c4, 0x95c5, 0x95e5, 0x9e05,
  0x95e5, 0x95e5, 0x9e05, 0x95c4, 0x95c4, 0x8da4, 0x8544, 0x6463, 0x6c83, 0x6ca3, 0x6ca3, 0x6c83,
  0x6443, 0x6c84, 0x6c84, 0x6484, 0x74e4, 0x8564, 0x8564, 0x8564, 0x8564, 0x8543, 0x8d84, 0x95c4,
  0x95c4, 0x95c4, 0x7d04, 0x6c83, 0x6c83, 0x7d03, 0x95a4, 0x95a4, 0x63e3, 0x32a2, 0x3282, 0x32a2,
  0x5363, 0x8544, 0x8524, 0x7d24, 0x8d84, 0x9e05, 0x9e04, 0x9e04, 0x9e04, 0x95c4, 0x9e04, 0x9e04,
  0x9604, 0x8dc4, 0x8dc4, 0x8dc4, 0x7d44, 0x7d24, 0x7d24, 0x7d44, 0x7d44, 0x95e4, 0x9605, 0x9e05,
  0x5be3, 0x5bc3, 0x4b23, 0x42c2, 0x3ac2, 0x42c2, 0x42e2, 0x4b22, 0x4322, 0x4322, 0x4322, 0x4322,
  0x4b22, 0x4b22, 0x4b42, 0x4b42, 0x4b63, 0x4b63, 0x4b63, 0x4b63, 0x4302, 0x4302, 0x4302, 0x4302,
  0x4322, 0x4b62, 0x4b62, 0x4b82, 0x5383, 0x42e2, 0x3282, 0x3282, 0x3282, 0x3ae2, 0x4302, 0x4302,
  0x42e2, 0x42e2, 0x3aa2, 0x3282, 0x3aa2, 0x3aa2, 0x3aa2, 0x4b23, 0x4b22, 0x4b22, 0x4322, 0x42e2,
  0x4302, 0x4302, 0x42e2, 0x4302, 0x4b22, 0x4b22, 0x4b43, 0x4b42, 0x4b42, 0x4322, 0x4322, 0x4302,
  0x42e2, 0x4b42, 0x4b82, 0x53a3, 0x53a3, 0x4b43, 0x4302, 0x4302, 0x4b02, 0x4b02, 0x4b22, 0x4b22,
  0x4302, 0x5382, 0x5383, 0x5383, 0x53a3, 0x5363, 0x4b43, 0x4b43, 0x4303, 0x42e3, 0x3ac3, 0x4303,
  0x4b43, 0x4b42, 0x4b42, 0x5383, 0x5383, 0x5383, 0x5383, 0x4b62, 0x4b42, 0x4b42, 0x4b62, 0x4b63,
  0x3ac2, 0x3ac2, 0x3ac2, 0x3ac2, 0x4b43, 0x4b63, 0x4b63, 0x5362, 0x5362, 0x4b63, 0x4b62, 0x5383,
  0x5383, 0x5383, 0x42e3, 0x42e3, 0x3ac2, 0x3ac2, 0x4b43, 0x5363, 0x4b63, 0x4b43, 0x3ac2, 0x3ac2,
  0x3ac2, 0x3ac2, 0x4302, 0x4303, 0x4302, 0x42e2, 0x4322, 0x4b42, 0x4b62, 0x4b63, 0x4b42, 0x4302,
  0x4302, 0x4302, 0x42e2, 0x5383, 0x4322, 0x4322, 0x4322, 0x3ae2, 0x4b43, 0x4b43, 0x4b42, 0x4b42,
  0x5383, 0x5383, 0x5383, 0x5383, 0x5383, 0x5383, 0x5383, 0x5383, 0x4b43, 0x4b42, 0x4b42, 0x4b42,
  0x4b23, 0x4302, 0x4302, 0x42e2, 0x4b63, 0x53a3, 0x5382, 0x4b82, 0x4b62, 0x4b42, 0x4b63, 0x4b83,
  0x5383, 0x4b23, 0x4b43, 0x4b43, 0x4b43, 0x4b63, 0x5383, 0x5383, 0x5383, 0x5383, 0x53a3, 0x53a3,
  0x53c3, 0x5bc3, 0x5bc3, 0x53a3, 0x5bc3, 0x5bc3, 0x5bc3, 0x4b23, 0x4b43, 0x4b42, 0x4b23, 0x4323,
  0x4b43, 0x4322, 0x4322, 0x4322, 0x4302, 0x4b22, 0x4b23, 0x4b23, 0x4323, 0x4322, 0x4322, 0x4322,
  0x4b42, 0x4b43, 0x4b42, 0x4322, 0x4322, 0x4322, 0x4322, 0x4b63, 0x4b42, 0x4322, 0x4322, 0x3ae2,
  0x42e2, 0x4b42, 0x4b22, 0x4322, 0x4b42, 0x4b63, 0x4b62, 0x4b62, 0x4b62, 0x4b62, 0x5382, 0x4b62,
  0x4b62, 0x4b02, 0x4302, 0x4302, 0x4302, 0x4b22, 0x4b22, 0x4b22, 0x4b22, 0x5362, 0x5363, 0x4b63,
  0x3262, 0x2a22, 0x3242, 0x3242, 0x2a22, 0x2a22, 0x2a22, 0x3ac2, 0x3ac2, 0x3ae2, 0x3ae2, 0x3ac2,
  0x3ac2, 0x3ae2, 0x3ac2, 0x3ac2, 0x3ae2, 0x3ae2, 0x3b02, 0x3ae2, 0x3282, 0x3282, 0x32a2, 0x32a2,
  0x32a2, 0x4322, 0x4302, 0x4302, 0x4322, 0x32a2, 0x3262, 0x3242, 0x3262, 0x3aa2, 0x42e3, 0x3ac2,
  0x3ac2, 0x3aa2, 0x3aa2, 0x3ac2, 0x3ac2, 0x3ae2, 0x3aa2, 0x3ac2, 0x3ac2, 0x3ac2, 0x3ac2, 0x3262,
  0x3262, 0x3282, 0x3282, 0x3282, 0x3aa2, 0x3aa2, 0x3ac2, 0x3ac2, 0x3ac2, 0x3ae2, 0x3ae2, 0x3ae2,
  0x3ae2, 0x4322, 0x4322, 0x4322, 0x4302, 0x3ac2, 0x3282, 0x3262, 0x3262, 0x3262, 0x3262, 0x3262,
  0x3242, 0x3ae2, 0x3ae2, 0x3ae2, 0x3ae2, 0x3a82, 0x3a82, 0x3aa2, 0x3282, 0x3282, 0x3282, 0x3ac2,
  0x3aa2, 0x3aa2, 0x3ac2, 0x3ae2, 0x42e2, 0x4302, 0x4302, 0x3ae2, 0x3ac2, 0x3ac2, 0x3ac2, 0x3ac2,
  0x3282, 0x3282, 0x3aa2, 0x3282, 0x3ac2, 0x4303, 0x4302, 0x4302, 0x4302, 0x3ae2, 0x4302, 0x3b02,
  0x4302, 0x3b02, 0x3ae3, 0x3ae2, 0x3aa2, 0x3aa2, 0x42e3, 0x42e2, 0x3ae2, 0x3ae2, 0x3282, 0x3262,
  0x3262, 0x3262, 0x3aa2, 0x3aa2, 0x3a82, 0x3282, 0x3ac2, 0x3ae2, 0x3ae2, 0x3ae2, 0x3ac2, 0x3ac2,
  0x3aa2, 0x3aa2, 0x3282, 0x4323, 0x4b43, 0x4322, 0x4342, 0x4302, 0x4302, 0x4322, 0x4302, 0x3b02,
  0x3ae2, 0x3ae2, 0x3ae2, 0x3ae2, 0x3b02, 0x3ae2, 0x3ae2, 0x3ae2, 0x3aa2, 0x3282, 0x32a2, 0x32a2,
  0x3262, 0x3262, 0x3282, 0x3282, 0x3ac2, 0x3ae2, 0x3ae2, 0x3ae2, 0x3ac2, 0x3ae2, 0x3ae2, 0x3b02,
  0x4302, 0x32a2, 0x3282, 0x32a2, 0x32a2, 0x32a2, 0x3ae2, 0x3b02, 0x3b02, 0x3ae2, 0x4302, 0x4322,
  0x4322, 0x4322, 0x4322, 0x3b02, 0x4302, 0x3ae2, 0x3ac2, 0x3ae2, 0x4303, 0x42e2, 0x3ae2, 0x3ac2,
  0x4302, 0x42e2, 0x4302, 0x4302, 0x3aa2, 0x3a82, 0x3aa2, 0x3aa2, 0x3aa2, 0x3ac2, 0x3ae2, 0x3ae2,
  0x3ae2, 0x3ac2, 0x3b02, 0x3ae2, 0x3b02, 0x3b02, 0x3ae2, 0x4322, 0x4b43, 0x4342, 0x4322, 0x3b02,
  0x3ae2, 0x3ae2, 0x3ac2, 0x3ac2, 0x3ac2, 0x3b02, 0x3b02, 0x3ae2, 0x3ae2, 0x3ae2, 0x3ac2, 0x3ac2,
  0x3ac2, 0x3242, 0x3242, 0x3222, 0x3242, 0x3ac2, 0x3aa2, 0x3ac2, 0x3ac2, 0x3ac2, 0x3ac2, 0x3ac2,
  0x3262, 0x2a22, 0x3242, 0x2a42, 0x2a22, 0x2a42, 0x2a42, 0x3ae2, 0x3ae2, 0x3ae2, 0x3ae2, 0x3ae2,
  0x3ae2, 0x3ae2, 0x3ae2, 0x3ae2, 0x3ae2, 0x3ae2, 0x3ae2, 0x3ae2, 0x32a2, 0x32a2, 0x3282, 0x32a2,
  0x3aa2, 0x4322, 0x3b02, 0x3b02, 0x4322, 0x3aa2, 0x3282, 0x3262, 0x3282, 0x3ac2, 0x4303, 0x3ae2,
  0x3ac2, 0x3ac2, 0x3ac2, 0x3ae2, 0x3ae2, 0x3ac2, 0x3ac2, 0x3ae2, 0x3ae2, 0x3ac2, 0x3ac2, 0x3262,
  0x3262, 0x3282, 0x3282, 0x3282, 0x32a2, 0x32a2, 0x3aa2, 0x32a2, 0x3ac2, 0x3ae2, 0x3ae2, 0x42e2,
  0x4302, 0x4322, 0x4322, 0x4322, 0x4322, 0x3ac2, 0x3282, 0x3282, 0x3262, 0x3262, 0x3282, 0x3282,
  0x3242, 0x3ac2, 0x3ae2, 0x3ae2, 0x3ae2, 0x3aa2, 0x3282, 0x3aa2, 0x3282, 0x3282, 0x3262, 0x3ac2,
  0x3ac2, 0x3ac2, 0x3ac2, 0x42e2, 0x4302, 0x42e2, 0x4302, 0x42e2, 0x3ae2, 0x3ae2, 0x3ac2, 0x3ae2,
  0x3ac2, 0x32a2, 0x3282, 0x32a2, 0x3ae2, 0x4323, 0x4322, 0x4302, 0x4322, 0x3ae2, 0x3ae2, 0x3ae2,
  0x3b02, 0x3b02, 0x3ae2, 0x3ae2, 0x3ac2, 0x3ac2, 0x4302, 0x4303, 0x3ae2, 0x3ae2, 0x3282, 0x3282,
  0x3282, 0x3282, 0x3aa2, 0x3aa2, 0x3aa2, 0x3aa2, 0x3ac2, 0x3ac2, 0x3ac2, 0x3ae2, 0x3ac2, 0x3ac2,
  0x3ac2, 0x3aa2, 0x3aa2, 0x4322, 0x4b43, 0x4343, 0x4342, 0x4302, 0x4322, 0x4322, 0x4302, 0x4302,
  0x3ae2, 0x3ae2, 0x3ae2, 0x3b02, 0x3ae2, 0x3ae2, 0x3ae2, 0x3ae2, 0x3282, 0x32a2, 0x3aa2, 0x3aa2,
  0x3282, 0x3282, 0x32a2, 0x3aa2, 0x3ac2, 0x3ae2, 0x3ae2, 0x3ae2, 0x3ae2, 0x3b02, 0x3b02, 0x3b02,
  0x3b03, 0x32a2, 0x32a2, 0x32a2, 0x3282, 0x32a2, 0x3b02, 0x3b02, 0x3b02, 0x4302, 0x4302, 0x4322,
  0x4322, 0x4302, 0x4323, 0x4302, 0x4302, 0x3ae2, 0x3ae3, 0x3ae3, 0x4323, 0x4303, 0x4303, 0x4302,
  0x4302, 0x42e2, 0x42e2, 0x4302, 0x3aa2, 0x3282, 0x3ac2, 0x3ac2, 0x3ac2, 0x3ac2, 0x3ae2, 0x3ae2,
  0x3ae2, 0x3ae2, 0x3b02, 0x3ae2, 0x3ae2, 0x4302, 0x3b02, 0x4322, 0x4343, 0x4342, 0x4322, 0x4302,
  0x3ae2, 0x3ae2, 0x3ae2, 0x3ac2, 0x3ae2, 0x3ae2, 0x3ae2, 0x3ae2, 0x3ac2, 0x3ae2, 0x3ac2, 0x3ac2,
  0x3ac2, 0x3242, 0x3242, 0x3242, 0x3242, 0x3ac2, 0x3aa2, 0x3ac2, 0x3aa2, 0x3ac2, 0x3ac2, 0x3ac2,
  0x2a22, 0x2a22, 0x3242, 0x2a02, 0x2a02, 0x2a02, 0x2a22, 0x3ae2, 0x3b02, 0x3b02, 0x4302, 0x3ac2,
  0x3ac2, 0x3ae2, 0x3ac2, 0x3aa2, 0x3b02, 0x3b02, 0x3ae2, 0x3ae2, 0x3262, 0x3242, 0x3242, 0x3222,
  0x3282, 0x3b02, 0x4302, 0x4322, 0x4322, 0x3aa2, 0x3242, 0x3242, 0x3262, 0x3a82, 0x4303, 0x3ae2,
  0x3ae2, 0x3ae2, 0x3ac2, 0x3ae2, 0x3ae2, 0x3ae2, 0x3ac2, 0x3ae2, 0x3ae2, 0x3ae2, 0x3ac2, 0x3282,
  0x3aa2, 0x32a2, 0x3aa2, 0x3282, 0x3262, 0x3262, 0x3262, 0x3262, 0x3ac2, 0x3b02, 0x4302, 0x42e2,
  0x4302, 0x3ac2, 0x3ac2, 0x3ac2, 0x3ac2, 0x3ac2, 0x3aa2, 0x3282, 0x3282, 0x3242, 0x3242, 0x3242,
  0x3242, 0x3a82, 0x3a82, 0x3a82, 0x3aa2, 0x3ac2, 0x3aa2, 0x3242, 0x3242, 0x3242, 0x3242, 0x3ac2,
  0x3ae2, 0x3ae2, 0x3ac2, 0x3ac2, 0x3ae2, 0x3ae2, 0x3ac2, 0x3ac2, 0x3ae2, 0x3ae2, 0x3ae2, 0x3ae2,
  0x3262, 0x3242, 0x3242, 0x3242, 0x3aa2, 0x4322, 0x4322, 0x4322, 0x4322, 0x3aa2, 0x3aa2, 0x3a82,
  0x3282, 0x3ac2, 0x3ae2, 0x3ac2, 0x3ac2, 0x3ac2, 0x4302, 0x4303, 0x4302, 0x3ae2, 0x32a2, 0x3282,
  0x3282, 0x3282, 0x3ac2, 0x3ac2, 0x3ac2, 0x3ac2, 0x3282, 0x3a82, 0x3a82, 0x3aa2, 0x3ac2, 0x3ae2,
  0x3ae2, 0x3ac2, 0x3ae2, 0x3ac2, 0x42e2, 0x42e2, 0x42e2, 0x42e2, 0x42e2, 0x4302, 0x3ae2, 0x3ae2,
  0x3a82, 0x3a82, 0x3aa2, 0x3ac2, 0x3ac2, 0x3ae2, 0x3ac2, 0x3ac2, 0x3282, 0x3262, 0x3282, 0x3282,
  0x3ac2, 0x3ac2, 0x3ac2, 0x3aa2, 0x3aa2, 0x3ac2, 0x3ac2, 0x3ac2, 0x3aa2, 0x3b02, 0x4302, 0x3b02,
  0x3b02, 0x3262, 0x3242, 0x3242, 0x3242, 0x3282, 0x4322, 0x4322, 0x4322, 0x4322, 0x3ae2, 0x3ac2,
  0x3aa2, 0x3ac2, 0x3ac2, 0x4323, 0x4303, 0x4303, 0x3ae3, 0x3ae3, 0x4303, 0x4323, 0x4303, 0x4302,
  0x4302, 0x4302, 0x4302, 0x3b02, 0x3aa2, 0x3ac2, 0x3ac2, 0x3ae2, 0x3ac2, 0x3a82, 0x3aa2, 0x3aa2,
  0x3aa2, 0x3ac2, 0x4302, 0x4302, 0x3b02, 0x3b02, 0x3ae2, 0x3ac2, 0x3ac2, 0x3ac2, 0x3ae2, 0x4302,
  0x3ae2, 0x3aa2, 0x3aa2, 0x3aa2, 0x3aa2, 0x3aa2, 0x3aa2, 0x3282, 0x3282, 0x3aa2, 0x3ac2, 0x3ac2,
  0x3ac2, 0x3242, 0x2a22, 0x2a22, 0x3242, 0x3ac2, 0x3ac2, 0x3aa2, 0x3282, 0x3ac2, 0x3ac2, 0x3ac2,
  0x2a02, 0x21a1, 0x3ac2, 0x29c1, 0x21a1, 0x21a1, 0x3202, 0x4343, 0x4343, 0x4302, 0x4322, 0x3ae2,
  0x3ac2, 0x3aa2, 0x3aa2, 0x3ac2, 0x4342, 0x4342, 0x4322, 0x4322, 0x29a2, 0x2922, 0x2922, 0x2922,
  0x3222, 0x4362, 0x4362, 0x4362, 0x4b63, 0x2a02, 0x2962, 0x2962, 0x2162, 0x29c2, 0x4323, 0x4323,
  0x4323, 0x4302, 0x4302, 0x4303, 0x4302, 0x3ae2, 0x4302, 0x4342, 0x4342, 0x4b43, 0x4b43, 0x4303,
  0x4322, 0x4322, 0x4322, 0x3ae2, 0x2962, 0x2962, 0x2942, 0x2922, 0x3aa2, 0x4362, 0x4b62, 0x4b62,
  0x4322, 0x2942, 0x2962, 0x2962, 0x2942, 0x3a82, 0x4323, 0x42e2, 0x4302, 0x3242, 0x29e2, 0x29e2,
  0x2181, 0x29a2, 0x3222, 0x3262, 0x3282, 0x4b83, 0x5383, 0x3202, 0x3202, 0x2a02, 0x3242, 0x4322,
  0x4322, 0x4302, 0x4302, 0x3aa2, 0x3aa2, 0x3aa2, 0x3282, 0x3ac2, 0x4322, 0x4322, 0x4322, 0x4322,
  0x2942, 0x2942, 0x2922, 0x2922, 0x3a62, 0x4b63, 0x4362, 0x4b62, 0x4b63, 0x29c2, 0x2962, 0x2962,
  0x2162, 0x3242, 0x4323, 0x4323, 0x4302, 0x4322, 0x4302, 0x42e2, 0x4302, 0x3ae2, 0x3ae2, 0x4302,
  0x3ae2, 0x4302, 0x4342, 0x4342, 0x4342, 0x4322, 0x2962, 0x2962, 0x2942, 0x2962, 0x3a62, 0x4342,
  0x4322, 0x4322, 0x4322, 0x29a2, 0x2982, 0x2982, 0x2982, 0x3242, 0x4322, 0x3ae2, 0x3ac2, 0x42e2,
  0x29a2, 0x2982, 0x2982, 0x29a2, 0x3ac2, 0x4b83, 0x4342, 0x4342, 0x4302, 0x3262, 0x3262, 0x3262,
  0x4322, 0x4b42, 0x4322, 0x4302, 0x3ae2, 0x3ae2, 0x3ae2, 0x3aa2, 0x3ae2, 0x4342, 0x4342, 0x4342,
  0x4342, 0x31c2, 0x3102, 0x3102, 0x3102, 0x31e2, 0x4b82, 0x4362, 0x4362, 0x4362, 0x3a82, 0x29a2,
  0x29a2, 0x2981, 0x29c2, 0x4343, 0x4343, 0x4343, 0x4343, 0x4323, 0x4323, 0x4303, 0x4303, 0x4323,
  0x4b83, 0x4b63, 0x4b63, 0x4b63, 0x4b43, 0x4b63, 0x4b63, 0x4342, 0x4b43, 0x29e2, 0x2982, 0x2982,
  0x2982, 0x29a2, 0x4342, 0x4342, 0x4342, 0x4342, 0x3ac2, 0x2141, 0x2961, 0x2961, 0x2961, 0x42e2,
  0x4322, 0x3262, 0x3262, 0x3242, 0x2182, 0x29c2, 0x29e2, 0x29c2, 0x29a2, 0x4302, 0x4ba3, 0x4b62,
  0x4b62, 0x3ac2, 0x3242, 0x3222, 0x3242, 0x4302, 0x42e2, 0x3ac2, 0x3ac2, 0x4302, 0x4302, 0x4302,
  0x2a22, 0x29e1, 0x3ac2, 0x29e2, 0x29e1, 0x2181, 0x3222, 0x4343, 0x4322, 0x4322, 0x4322, 0x3ac2,
  0x3ac2, 0x3ae2, 0x3ac2, 0x3ae2, 0x4342, 0x4322, 0x4322, 0x4322, 0x29a2, 0x2922, 0x2942, 0x2922,
  0x3222, 0x4362, 0x4362, 0x4342, 0x4362, 0x3202, 0x2982, 0x2962, 0x2962, 0x29c2, 0x4303, 0x4303,
  0x4303, 0x4302, 0x4303, 0x4302, 0x42e2, 0x3ae2, 0x4302, 0x4342, 0x4322, 0x4b43, 0x4b43, 0x4323,
  0x4343, 0x4322, 0x4342, 0x42e2, 0x2962, 0x2962, 0x2962, 0x2922, 0x3aa2, 0x4342, 0x4342, 0x4b62,
  0x4322, 0x2962, 0x2962, 0x2962, 0x2942, 0x3a82, 0x4322, 0x4b22, 0x4322, 0x3222, 0x29e2, 0x2a02,
  0x29a1, 0x29a2, 0x3262, 0x3a82, 0x3262, 0x4b62, 0x4342, 0x3a62, 0x3222, 0x2a02, 0x3242, 0x4322,
  0x4322, 0x4302, 0x4302, 0x3ac2, 0x3ac2, 0x3ac2, 0x3aa2, 0x42e2, 0x4322, 0x4322, 0x4322, 0x4322,
  0x2962, 0x2942, 0x2942, 0x2922, 0x3a62, 0x4342, 0x4b62, 0x4b62, 0x4b63, 0x29c2, 0x2962, 0x2982,
  0x2962, 0x3242, 0x4323, 0x4323, 0x4322, 0x4322, 0x4302, 0x4303, 0x3ae2, 0x3ae2, 0x3ae2, 0x4302,
  0x4302, 0x4302, 0x4342, 0x4342, 0x4322, 0x4322, 0x2982, 0x2962, 0x2962, 0x2962, 0x3a62, 0x4342,
  0x4322, 0x4322, 0x3b02, 0x29c2, 0x2982, 0x2982, 0x2982, 0x3242, 0x4322, 0x4302, 0x3ac2, 0x4302,
  0x29a2, 0x29a2, 0x29a2, 0x29a2, 0x3ac2, 0x4b82, 0x4b62, 0x4b62, 0x4302, 0x3282, 0x3262, 0x3262,
  0x4322, 0x4342, 0x4342, 0x4322, 0x3ae2, 0x3ac2, 0x3ac2, 0x3ac2, 0x3ac2, 0x4342, 0x4342, 0x4342,
  0x4342, 0x39e2, 0x3122, 0x3122, 0x3102, 0x39e2, 0x4b82, 0x4362, 0x4362, 0x4342, 0x3282, 0x29c2,
  0x29a2, 0x29a1, 0x29c2, 0x4343, 0x4b43, 0x4323, 0x4323, 0x4323, 0x4323, 0x4323, 0x4302, 0x4302,
  0x4b83, 0x4b63, 0x4b63, 0x4b63, 0x4b43, 0x4b63, 0x4b62, 0x4b62, 0x4b62, 0x29e2, 0x29a2, 0x29a2,
  0x29a2, 0x29a2, 0x4342, 0x4342, 0x4342, 0x4322, 0x3ac2, 0x2161, 0x2961, 0x2961, 0x2941, 0x42e2,
  0x4322, 0x4302, 0x3ac2, 0x3262, 0x29a2, 0x29e2, 0x3202, 0x29e2, 0x29c2, 0x4302, 0x4b82, 0x4b83,
  0x4b62, 0x4322, 0x3242, 0x2a02, 0x3262, 0x4302, 0x3ae2, 0x3ae2, 0x3ac2, 0x42e2, 0x3ae2, 0x3ae2,
  0x2a02, 0x29e1, 0x3ac2, 0x29c1, 0x29c1, 0x29c1, 0x3222, 0x4322, 0x4302, 0x4322, 0x4322, 0x3aa2,
  0x3aa2, 0x3ac2, 0x3aa2, 0x3ae2, 0x4342, 0x4342, 0x4322, 0x4322, 0x29a2, 0x2122, 0x2122, 0x2922,
  0x3222, 0x4b82, 0x4b62, 0x4342, 0x4342, 0x3222, 0x2962, 0x2962, 0x2161, 0x29c2, 0x4303, 0x4302,
  0x4302, 0x4322, 0x4323, 0x4302, 0x4302, 0x3ae2, 0x4302, 0x4342, 0x4b43, 0x4322, 0x4323, 0x4303,
  0x4343, 0x4342, 0x4342, 0x4302, 0x2942, 0x2942, 0x2942, 0x2942, 0x3aa2, 0x4362, 0x4b62, 0x4342,
  0x4322, 0x2962, 0x2962, 0x2942, 0x2941, 0x3a82, 0x4322, 0x4302, 0x4322, 0x3222, 0x29e2, 0x29a2,
  0x29a1, 0x29c2, 0x3262, 0x3a82, 0x3262, 0x4b62, 0x4b62, 0x3262, 0x2a22, 0x2a22, 0x3242, 0x4322,
  0x4302, 0x4322, 0x4322, 0x3ac2, 0x3ac2, 0x3ac2, 0x3ac2, 0x4302, 0x4343, 0x4322, 0x4342, 0x4343,
  0x2962, 0x2142, 0x2142, 0x2942, 0x3a62, 0x4362, 0x4b82, 0x4362, 0x4b63, 0x29c2, 0x2161, 0x2162,
  0x2161, 0x3242, 0x4b63, 0x4b43, 0x4b43, 0x4b43, 0x4322, 0x4302, 0x3ae2, 0x3ae2, 0x3ae2, 0x4302,
  0x4302, 0x4322, 0x4362, 0x4342, 0x4322, 0x4322, 0x2982, 0x2962, 0x2962, 0x2962, 0x3a62, 0x4342,
  0x4322, 0x4302, 0x4302, 0x29c2, 0x2982, 0x2982, 0x2982, 0x3a42, 0x4322, 0x3ae2, 0x3ae2, 0x42e2,
  0x29a2, 0x2982, 0x29a2, 0x29a2, 0x3aa2, 0x4362, 0x4b62, 0x4b62, 0x4302, 0x3262, 0x3262, 0x3262,
  0x4322, 0x4b42, 0x4b42, 0x4b42, 0x3ac2, 0x3ac2, 0x3ac2, 0x3ac2, 0x4302, 0x4342, 0x4342, 0x4342,
  0x4342, 0x31e2, 0x2922, 0x2922, 0x2922, 0x31e2, 0x4b82, 0x4b82, 0x4362, 0x4362, 0x3a82, 0x29a1,
  0x29a1, 0x2981, 0x29c2, 0x4323, 0x4b43, 0x4323, 0x4322, 0x4322, 0x4323, 0x4323, 0x4302, 0x4302,
  0x4b62, 0x4b62, 0x4b62, 0x4b62, 0x4323, 0x4342, 0x4342, 0x4362, 0x4362, 0x29e2, 0x29a2, 0x29a2,
  0x2982, 0x2982, 0x4342, 0x4362, 0x4342, 0x4322, 0x3aa2, 0x2961, 0x2141, 0x2141, 0x2121, 0x42e2,
  0x4322, 0x3ae2, 0x3ac2, 0x3282, 0x29a2, 0x29c2, 0x29e2, 0x29e2, 0x29c2, 0x4322, 0x4b82, 0x4b82,
  0x4b62, 0x3ac2, 0x3222, 0x3222, 0x3242, 0x4322, 0x3ae2, 0x3ae2, 0x4302, 0x3ac2, 0x42e2, 0x3ac2,
  0x2a02, 0x29a1, 0x3aa2, 0x29a1, 0x29a1, 0x29a1, 0x29e2, 0x3ae2, 0x3ac2, 0x3ac2, 0x3ac2, 0x3262,
  0x3241, 0x3241, 0x3a62, 0x3aa2, 0x4322, 0x4322, 0x4322, 0x4322, 0x29a2, 0x2902, 0x2902, 0x2902,
  0x3202, 0x4342, 0x4322, 0x4322, 0x4302, 0x31e2, 0x2942, 0x2962, 0x2942, 0x29a2, 0x4302, 0x4302,
  0x4302, 0x4302, 0x3aa2, 0x3ac2, 0x3ac2, 0x3aa2, 0x3ac2, 0x4b42, 0x4b42, 0x4b42, 0x4b43, 0x42c2,
  0x42e2, 0x42e2, 0x4302, 0x42c2, 0x2922, 0x2922, 0x2922, 0x2922, 0x3a62, 0x42e2, 0x42e2, 0x42e2,
  0x42c2, 0x2942, 0x2922, 0x2922, 0x2921, 0x3a62, 0x3ae2, 0x42e2, 0x3ac2, 0x31c2, 0x2962, 0x2962,
  0x2942, 0x2982, 0x31e2, 0x3222, 0x3222, 0x42e2, 0x4302, 0x3242, 0x2a02, 0x29e2, 0x3222, 0x3ac2,
  0x3ac2, 0x3ac2, 0x3ac2, 0x3a62, 0x3262, 0x3a82, 0x3a82, 0x3ac2, 0x4322, 0x4322, 0x4322, 0x4342,
  0x2942, 0x2921, 0x2922, 0x2902, 0x3242, 0x4322, 0x4302, 0x4302, 0x4322, 0x2982, 0x2941, 0x2941,
  0x2941, 0x3242, 0x4b43, 0x4323, 0x4b43, 0x4b23, 0x3ac2, 0x3ac2, 0x3ac2, 0x3282, 0x4302, 0x4b62,
  0x4342, 0x4322, 0x4302, 0x4302, 0x42e2, 0x42e2, 0x2962, 0x2942, 0x2942, 0x2942, 0x3222, 0x3ae2,
  0x3ac2, 0x3ac2, 0x3aa1, 0x2982, 0x2962, 0x2942, 0x2942, 0x3a22, 0x42c2, 0x3ac2, 0x3ac2, 0x42c2,
  0x2962, 0x2942, 0x2942, 0x2942, 0x3262, 0x4302, 0x4302, 0x4322, 0x3ac2, 0x3202, 0x3202, 0x2a02,
  0x4302, 0x4302, 0x4302, 0x4302, 0x3a82, 0x3262, 0x3262, 0x3a82, 0x3aa2, 0x4342, 0x4342, 0x4342,
  0x4362, 0x31e2, 0x2902, 0x2902, 0x2902, 0x31c2, 0x4342, 0x4322, 0x4322, 0x4322, 0x3a62, 0x2962,
  0x2962, 0x2982, 0x29a2, 0x4303, 0x4302, 0x4302, 0x42e2, 0x42e2, 0x4302, 0x42e3, 0x42e2, 0x4302,
  0x4b62, 0x4b62, 0x4b62, 0x4b62, 0x4b03, 0x42e2, 0x42e2, 0x4302, 0x4322, 0x31a2, 0x2962, 0x2962,
  0x2942, 0x2982, 0x42e2, 0x42e2, 0x42e2, 0x42e2, 0x3a82, 0x2922, 0x2922, 0x2922, 0x2901, 0x3ac2,
  0x42e2, 0x3ac2, 0x3aa2, 0x3242, 0x2962, 0x2982, 0x3182, 0x2982, 0x2982, 0x42c2, 0x4b22, 0x4b22,
  0x4b22, 0x3a81, 0x31e2, 0x29c2, 0x3222, 0x3ae2, 0x3ac2, 0x3ac2, 0x3ac2, 0x3a82, 0x3a82, 0x3a82,
  0x3202, 0x2141, 0x3222, 0x29e2, 0x2141, 0x2121, 0x2181, 0x2a22, 0x2a02, 0x29e2, 0x29e2, 0x3182,
  0x31a2, 0x3182, 0x3162, 0x3a22, 0x4322, 0x4302, 0x42e2, 0x4323, 0x3182, 0x28c2, 0x28c2, 0x28c2,
  0x2962, 0x2a22, 0x2a02, 0x29e1, 0x29e1, 0x3122, 0x30c2, 0x30e2, 0x30e2, 0x3142, 0x42e3, 0x3aa2,
  0x3aa2, 0x3aa2, 0x3a62, 0x3a62, 0x3a62, 0x3a42, 0x42c3, 0x5be3, 0x53c3, 0x53a3, 0x5ba3, 0x51e3,
  0x41a3, 0x3982, 0x39a2, 0x3162, 0x28c2, 0x30e2, 0x30e2, 0x30e2, 0x2961, 0x29a2, 0x29a2, 0x29a2,
  0x29a2, 0x30e2, 0x30e2, 0x30c2, 0x30c2, 0x39c2, 0x4202, 0x4203, 0x41e3, 0x30e2, 0x30e2, 0x30c2,
  0x28a2, 0x3102, 0x3902, 0x30e2, 0x3102, 0x3142, 0x3202, 0x2a02, 0x29c1, 0x2161, 0x2962, 0x29c2,
  0x29c2, 0x29c2, 0x29a2, 0x3182, 0x31a2, 0x31a2, 0x29a2, 0x3a82, 0x4323, 0x4322, 0x4302, 0x4302,
  0x30e2, 0x30c2, 0x28c2, 0x28c2, 0x31a2, 0x3242, 0x3202, 0x3202, 0x3222, 0x30e2, 0x30c2, 0x30c2,
  0x30c2, 0x39e2, 0x42e3, 0x42c3, 0x42e3, 0x42e3, 0x3a82, 0x3a82, 0x3a82, 0x3262, 0x4b83, 0x5c03,
  0x5c03, 0x5363, 0x41a2, 0x41c2, 0x41c2, 0x39a2, 0x30e2, 0x30e2, 0x30c2, 0x30c2, 0x3122, 0x29a2,
  0x29a2, 0x31a2, 0x2981, 0x3102, 0x38e2, 0x38e2, 0x38e2, 0x3142, 0x3182, 0x3162, 0x3122, 0x3922,
  0x30c2, 0x30c2, 0x30e2, 0x30c2, 0x3182, 0x3222, 0x3202, 0x29e2, 0x29c1, 0x29a2, 0x29a2, 0x29c2,
  0x3242, 0x3222, 0x2a02, 0x2a02, 0x3182, 0x3182, 0x31a2, 0x2982, 0x3222, 0x4b42, 0x4b42, 0x4342,
  0x4b83, 0x39c2, 0x30e2, 0x30e2, 0x28c2, 0x3162, 0x3a82, 0x3262, 0x3242, 0x3a82, 0x31a2, 0x30e2,
  0x30e2, 0x30c2, 0x3122, 0x42e3, 0x3ac2, 0x3aa2, 0x3aa2, 0x3262, 0x42a2, 0x3a82, 0x3a82, 0x3ac2,
  0x5bc3, 0x5ba3, 0x5ba3, 0x5ba3, 0x5ac4, 0x51c3, 0x41c2, 0x31c2, 0x31e2, 0x38e2, 0x3902, 0x3902,
  0x3902, 0x3922, 0x31a2, 0x31a2, 0x2982, 0x2982, 0x3182, 0x3902, 0x3902, 0x38e2, 0x38e2, 0x3a02,
  0x3a02, 0x39c2, 0x31a2, 0x2902, 0x28c2, 0x30e2, 0x3922, 0x3902, 0x30e2, 0x31c2, 0x3202, 0x29e2,
  0x29e2, 0x3201, 0x31a2, 0x2962, 0x29c2, 0x3262, 0x3242, 0x3222, 0x3222, 0x3182, 0x31a2, 0x31a2,
  0x3222, 0x2962, 0x3222, 0x29e2, 0x2962, 0x2121, 0x2181, 0x2a22, 0x2a02, 0x29e1, 0x29e1, 0x3162,
  0x31a2, 0x31a2, 0x3182, 0x3a22, 0x4302, 0x4302, 0x42e2, 0x4302, 0x3182, 0x28c2, 0x28c2, 0x28c2,
  0x2962, 0x2a42, 0x2a01, 0x29e1, 0x29e1, 0x3122, 0x28c2, 0x30c2, 0x30c2, 0x3142, 0x42e3, 0x3aa2,
  0x3a82, 0x3a82, 0x3a62, 0x3a62, 0x3a62, 0x3a42, 0x42c3, 0x53c3, 0x5bc3, 0x53a3, 0x5383, 0x51e3,
  0x41a3, 0x39a2, 0x39a2, 0x3142, 0x30c2, 0x30e2, 0x30e2, 0x28c2, 0x2961, 0x29a2, 0x29a2, 0x2982,
  0x29a2, 0x38e2, 0x38e2, 0x30c2, 0x30a1, 0x39a2, 0x41e2, 0x41e3, 0x41c2, 0x30e2, 0x30e2, 0x30c2,
  0x28c2, 0x3102, 0x3922, 0x3902, 0x3102, 0x3142, 0x3202, 0x3222, 0x29c2, 0x2982, 0x2982, 0x29e2,
  0x29c2, 0x29c2, 0x29a2, 0x3182, 0x31a2, 0x31a2, 0x29a2, 0x3a82, 0x4b43, 0x4302, 0x4303, 0x42e2,
  0x28c2, 0x28c2, 0x30c2, 0x28c2, 0x31a2, 0x3242, 0x3202, 0x3202, 0x3202, 0x30e2, 0x30c2, 0x30c2,
  0x30c2, 0x39e2, 0x4ae3, 0x42c3, 0x42c3, 0x42e3, 0x3a82, 0x3a82, 0x3a82, 0x3262, 0x4b63, 0x5c03,
  0x53e3, 0x5363, 0x39a2, 0x39c2, 0x39a2, 0x3182, 0x30e2, 0x30c2, 0x30c2, 0x30e2, 0x2922, 0x2981,
  0x2982, 0x2982, 0x2982, 0x3902, 0x38e2, 0x38e2, 0x38e2, 0x3142, 0x3182, 0x3162, 0x3122, 0x3142,
  0x30e2, 0x30e2, 0x30e2, 0x3902, 0x3182, 0x3202, 0x31e2, 0x31e2, 0x29e2, 0x29a2, 0x29a2, 0x29c2,
  0x3242, 0x2a22, 0x2a02, 0x2a02, 0x3182, 0x3182, 0x2982, 0x2982, 0x3222, 0x4342, 0x4342, 0x4342,
  0x4342, 0x39c2, 0x30e2, 0x30e2, 0x28c2, 0x3162, 0x3282, 0x3262, 0x3242, 0x3242, 0x31a2, 0x30e2,
  0x30e2, 0x30c2, 0x3122, 0x3ac2, 0x3ae2, 0x3aa2, 0x3ac2, 0x3a62, 0x3a82, 0x42a2, 0x3a62, 0x3ac2,
  0x5bc3, 0x5ba3, 0x53a3, 0x53a3, 0x4aa3, 0x4203, 0x39e2, 0x31c2, 0x31e2, 0x30e2, 0x30e2, 0x3902,
  0x38e2, 0x3102, 0x29a2, 0x29a2, 0x29a2, 0x29a2, 0x3182, 0x4102, 0x4102, 0x38e2, 0x38e2, 0x3a02,
  0x39e2, 0x39c2, 0x31a2, 0x2902, 0x28e2, 0x30e2, 0x3922, 0x3922, 0x3902, 0x31c2, 0x3202, 0x29e2,
  0x29e2, 0x2a02, 0x29a2, 0x29a2, 0x29c2, 0x3242, 0x3242, 0x2a22, 0x3222, 0x3182, 0x31a2, 0x29a2,
  0x3222, 0x2961, 0x3222, 0x29e2, 0x2161, 0x2141, 0x2161, 0x2a01, 0x29e1, 0x29e1, 0x29c1, 0x3182,
  0x2981, 0x3182, 0x3182, 0x3a22, 0x4302, 0x42e2, 0x3ac2, 0x42e2, 0x3182, 0x28c2, 0x28a2, 0x28a2,
  0x2962, 0x3242, 0x2a01, 0x29c1, 0x29c1, 0x2922, 0x28c2, 0x30c2, 0x28c2, 0x3142, 0x3ac2, 0x3a82,
  0x3a82, 0x3a82, 0x3242, 0x3a42, 0x3a63, 0x3a62, 0x42c3, 0x53c3, 0x53c3, 0x53a3, 0x5383, 0x49c3,
  0x41a2, 0x3982, 0x3162, 0x3142, 0x28c2, 0x28c2, 0x28c2, 0x28c2, 0x2941, 0x2982, 0x2982, 0x2962,
  0x2962, 0x38e2, 0x30c2, 0x30c2, 0x30c2, 0x39c2, 0x41e3, 0x39e3, 0x39c3, 0x3102, 0x30c2, 0x28c2,
  0x28c2, 0x3102, 0x3102, 0x30e2, 0x3102, 0x2962, 0x3202, 0x2a02, 0x29c2, 0x29c2, 0x29a2, 0x29c2,
  0x29c2, 0x29c2, 0x29a2, 0x3182, 0x3182, 0x31a2, 0x31c2, 0x3a62, 0x4322, 0x4322, 0x4302, 0x4302,
  0x28c2, 0x28c2, 0x28c2, 0x28c2, 0x29a2, 0x3222, 0x31e2, 0x31e2, 0x3202, 0x30e2, 0x30c2, 0x28c2,
  0x28c2, 0x39e2, 0x42e2, 0x42c2, 0x42c3, 0x3ac3, 0x3282, 0x3262, 0x3262, 0x3262, 0x4b63, 0x5be3,
  0x53e3, 0x4b63, 0x39a2, 0x31a2, 0x3182, 0x3182, 0x28e2, 0x28c2, 0x28c2, 0x28c2, 0x2922, 0x2962,
  0x2962, 0x2942, 0x2982, 0x3902, 0x38e2, 0x38e2, 0x38e2, 0x3142, 0x3162, 0x3142, 0x3122, 0x3122,
  0x3102, 0x3102, 0x3102, 0x30e2, 0x3162, 0x31e2, 0x31e2, 0x31e2, 0x29e2, 0x29a2, 0x29a2, 0x29a2,
  0x3222, 0x2a01, 0x2a02, 0x2a02, 0x31a2, 0x3162, 0x2962, 0x2962, 0x31e2, 0x4342, 0x4342, 0x4342,
  0x4342, 0x31c2, 0x28c2, 0x28c2, 0x28c2, 0x2962, 0x3262, 0x3242, 0x3222, 0x3242, 0x31a2, 0x30e2,
  0x30c2, 0x30c2, 0x3122, 0x3ae3, 0x3ac2, 0x3aa2, 0x3ac2, 0x3a62, 0x3a62, 0x3a62, 0x3a82, 0x3ac2,
  0x53a3, 0x5ba3, 0x53a3, 0x5ba3, 0x4aa3, 0x39e2, 0x3202, 0x31e2, 0x29a2, 0x3102, 0x30e2, 0x30e2,
  0x30e2, 0x30e2, 0x29a2, 0x29a2, 0x29a2, 0x2982, 0x3162, 0x4122, 0x3902, 0x3902, 0x3902, 0x39e3,
  0x39e2, 0x31a2, 0x31a2, 0x2902, 0x28c2, 0x3102, 0x3922, 0x3922, 0x3902, 0x3182, 0x29e1, 0x29e2,
  0x29e2, 0x2a02, 0x29a2, 0x29a2, 0x29c2, 0x3242, 0x3222, 0x2a22, 0x2a22, 0x3182, 0x2982, 0x29a2,
  0x31c2, 0x2961, 0x31a2, 0x2962, 0x2941, 0x2921, 0x2922, 0x31a2, 0x31a2, 0x31a2, 0x31a2, 0x3162,
  0x3142, 0x2922, 0x2922, 0x31c2, 0x3a82, 0x3a82, 0x3a82, 0x3a82, 0x2942, 0x28a1, 0x28a2, 0x28a2,
  0x2922, 0x31c1, 0x3182, 0x2961, 0x2961, 0x2902, 0x28c2, 0x28a1, 0x28a2, 0x3102, 0x4262, 0x4242,
  0x4222, 0x4242, 0x39c2, 0x31a2, 0x39c2, 0x31c2, 0x4242, 0x5b43, 0x5b03, 0x5b03, 0x5b03, 0x4162,
  0x3962, 0x3122, 0x3122, 0x2902, 0x28c2, 0x30e2, 0x30c2, 0x28c2, 0x3942, 0x3962, 0x3962, 0x3962,
  0x3122, 0x5163, 0x5163, 0x5163, 0x5983, 0x49a3, 0x4182, 0x4182, 0x3962, 0x28c2, 0x28c2, 0x28c2,
  0x30e2, 0x59a4, 0x5183, 0x5183, 0x4983, 0x3942, 0x3162, 0x2982, 0x2982, 0x2962, 0x2962, 0x31a2,
  0x31a2, 0x31c2, 0x31a2, 0x3122, 0x3142, 0x2942, 0x2942, 0x3202, 0x3aa2, 0x3a82, 0x3a82, 0x3a82,
  0x28c2, 0x28c2, 0x28c2, 0x28c2, 0x3142, 0x31c2, 0x3182, 0x3182, 0x31a2, 0x30e2, 0x30c2, 0x30c2,
  0x28c2, 0x39c2, 0x4a83, 0x4a83, 0x4283, 0x4a83, 0x39e2, 0x31e2, 0x31e2, 0x31c2, 0x4ac3, 0x5b43,
  0x5b23, 0x52c3, 0x3142, 0x3142, 0x3142, 0x3142, 0x30e2, 0x30c2, 0x30c2, 0x30e2, 0x3922, 0x3142,
  0x3122, 0x3122, 0x3142, 0x5163, 0x5163, 0x5163, 0x5183, 0x4963, 0x3122, 0x3122, 0x3102, 0x28e2,
  0x5183, 0x59a3, 0x59a3, 0x59a3, 0x4983, 0x3182, 0x3182, 0x3182, 0x2961, 0x2962, 0x2962, 0x3162,
  0x31a2, 0x31a2, 0x39a2, 0x31a2, 0x3142, 0x3122, 0x2922, 0x2922, 0x3182, 0x42c2, 0x42a2, 0x3aa2,
  0x3ac2, 0x3162, 0x28c2, 0x28c2, 0x28c2, 0x3122, 0x3a02, 0x39c2, 0x31c2, 0x31c2, 0x3142, 0x30c2,
  0x30c2, 0x28c2, 0x3122, 0x4aa3, 0x4262, 0x3a82, 0x4283, 0x3a02, 0x31e2, 0x31e2, 0x31e2, 0x3a42,
  0x6343, 0x6323, 0x6323, 0x5b23, 0x4243, 0x3182, 0x31a2, 0x3182, 0x3162, 0x30e2, 0x30e2, 0x30e2,
  0x30c2, 0x3102, 0x3982, 0x3962, 0x3962, 0x3142, 0x4962, 0x5983, 0x5983, 0x59a3, 0x61c3, 0x49c3,
  0x41a2, 0x3962, 0x3142, 0x28c2, 0x28c2, 0x59a3, 0x61c4, 0x61e4, 0x61c4, 0x49a3, 0x3182, 0x3182,
  0x3182, 0x3182, 0x2962, 0x2982, 0x3182, 0x31c2, 0x31c2, 0x39c2, 0x39c2, 0x3142, 0x2942, 0x2942,
  0x28c2, 0x28c2, 0x28c2, 0x28c2, 0x28c2, 0x28c2, 0x28e2, 0x4142, 0x4142, 0x4142, 0x4162, 0x3902,
  0x28c2, 0x28c2, 0x28c2, 0x2902, 0x31e2, 0x31a2, 0x3182, 0x39a2, 0x30e2, 0x28c2, 0x28a2, 0x20a2,
  0x28c2, 0x3902, 0x30e2, 0x30e2, 0x30e2, 0x30c2, 0x30c2, 0x28c2, 0x28a2, 0x30e2, 0x59e3, 0x59c3,
  0x5983, 0x5183, 0x3902, 0x30e2, 0x28c2, 0x28a2, 0x4122, 0x69e3, 0x61a3, 0x61a3, 0x61c3, 0x30c2,
  0x30e2, 0x28c2, 0x28c2, 0x28a2, 0x38e2, 0x3902, 0x38e2, 0x30e2, 0x5182, 0x5183, 0x5162, 0x5163,
  0x4942, 0x69c4, 0x69e4, 0x69c4, 0x69e4, 0x5983, 0x4122, 0x4122, 0x4122, 0x28c2, 0x28c2, 0x28c2,
  0x3902, 0x7205, 0x61c4, 0x69e4, 0x61c4, 0x4102, 0x30e2, 0x30c2, 0x30c2, 0x28c2, 0x30e2, 0x4942,
  0x4142, 0x4942, 0x4962, 0x30e2, 0x28c2, 0x28c2, 0x28c2, 0x2922, 0x3182, 0x2962, 0x2962, 0x2941,
  0x30c2, 0x30c2, 0x28c2, 0x28a2, 0x3102, 0x3122, 0x3102, 0x3102, 0x3102, 0x30e2, 0x30e2, 0x30e2,
  0x30e2, 0x4963, 0x61e4, 0x61e4, 0x59c3, 0x61e3, 0x38e2, 0x38e2, 0x30c2, 0x30c2, 0x5183, 0x59c3,
  0x5183, 0x5163, 0x30c2, 0x30e2, 0x30e2, 0x30c2, 0x38e2, 0x4102, 0x38e2, 0x38e2, 0x4942, 0x5163,
  0x4122, 0x4122, 0x3902, 0x69c4, 0x69c4, 0x69c4, 0x69c4, 0x5983, 0x3902, 0x38e2, 0x30e2, 0x28c2,
  0x69e4, 0x7204, 0x69e4, 0x71e4, 0x59a3, 0x3102, 0x3902, 0x30e2, 0x30c2, 0x28c2, 0x30c2, 0x30e2,
  0x4122, 0x4942, 0x4122, 0x4943, 0x3902, 0x30c2, 0x30c2, 0x30c2, 0x30e2, 0x31c2, 0x31a2, 0x3182,
  0x3182, 0x30e2, 0x30c2, 0x30c2, 0x30c2, 0x30e2, 0x4122, 0x3902, 0x3902, 0x3902, 0x38e2, 0x38e2,
  0x30e2, 0x30c2, 0x30e2, 0x5a03, 0x59e3, 0x59e3, 0x51e3, 0x3922, 0x30e2, 0x30c2, 0x30c2, 0x3902,
  0x82a5, 0x7264, 0x6a24, 0x6a04, 0x4143, 0x30c2, 0x30e2, 0x30e2, 0x28c2, 0x30c2, 0x38e2, 0x38e2,
  0x38e2, 0x4102, 0x5983, 0x5163, 0x5163, 0x4143, 0x5183, 0x69c4, 0x69c4, 0x69e3, 0x71e4, 0x5983,
  0x5142, 0x4122, 0x28a1, 0x28a1, 0x28a1, 0x69e4, 0x7204, 0x7204, 0x7204, 0x5183, 0x3102, 0x3902,
  0x30e2, 0x30c2, 0x30c2, 0x30c2, 0x3902, 0x4122, 0x4122, 0x4142, 0x4942, 0x30c2, 0x28c2, 0x28a1,
  0x28c2, 0x28c2, 0x28c2, 0x28c2, 0x28c2, 0x28c2, 0x28c2, 0x4942, 0x4942, 0x4142, 0x4142, 0x3902,
  0x28c1, 0x30c2, 0x28a1, 0x2901, 0x31c2, 0x31a2, 0x3182, 0x3162, 0x28e2, 0x28a2, 0x28a2, 0x20a2,
  0x28c2, 0x3902, 0x38e2, 0x30e2, 0x38e2, 0x30c2, 0x28c2, 0x28a1, 0x28a1, 0x30e2, 0x59c3, 0x51a3,
  0x59a3, 0x59a3, 0x4122, 0x30e2, 0x28c2, 0x28c2, 0x4122, 0x61c3, 0x61a3, 0x5983, 0x59a3, 0x30e2,
  0x28c2, 0x28c2, 0x28c2, 0x28c2, 0x38e2, 0x38e2, 0x38e2, 0x38e2, 0x5162, 0x5163, 0x5183, 0x5163,
  0x5163, 0x69c4, 0x69e4, 0x69c4, 0x69e4, 0x5983, 0x4122, 0x4122, 0x4102, 0x28c2, 0x30c2, 0x28c2,
  0x3902, 0x7204, 0x71e4, 0x69c4, 0x61a4, 0x4902, 0x38e2, 0x28c2, 0x28c2, 0x28c2, 0x30e2, 0x4942,
  0x4942, 0x4942, 0x4942, 0x3902, 0x30c2, 0x28c2, 0x28c2, 0x2922, 0x2962, 0x2942, 0x2942, 0x2962,
  0x30c1, 0x28c2, 0x28c2, 0x28a2, 0x30e2, 0x3122, 0x3122, 0x3122, 0x3122, 0x30e2, 0x30e2, 0x30e2,
  0x30c2, 0x4962, 0x6204, 0x61c4, 0x61c3, 0x61c3, 0x38e2, 0x30e2, 0x30c2, 0x30c1, 0x5183, 0x59a3,
  0x5183, 0x4963, 0x30e2, 0x30c2, 0x28c2, 0x28c2, 0x3902, 0x38e2, 0x30e2, 0x30e2, 0x4942, 0x5163,
  0x4943, 0x4122, 0x4122, 0x69c4, 0x69c4, 0x69c4, 0x69c4, 0x5983, 0x3902, 0x3902, 0x30e2, 0x30c2,
  0x69e4, 0x7204, 0x69e4, 0x7204, 0x5983, 0x30e2, 0x38e2, 0x30e2, 0x30e2, 0x30e2, 0x30c2, 0x30c2,
  0x4122, 0x4122, 0x4122, 0x4942, 0x3902, 0x28c2, 0x28c1, 0x30c1, 0x30e1, 0x31c2, 0x3182, 0x3182,
  0x3182, 0x28e2, 0x28c2, 0x30c2, 0x28c2, 0x30e2, 0x4122, 0x3902, 0x3902, 0x3902, 0x38e2, 0x30e2,
  0x30c2, 0x30c2, 0x30e2, 0x6203, 0x59e3, 0x59e3, 0x51e3, 0x4142, 0x30c2, 0x30c2, 0x30c2, 0x3922,
  0x7264, 0x6a24, 0x6203, 0x6203, 0x4142, 0x30c2, 0x30c2, 0x30c2, 0x28c2, 0x30c2, 0x30e2, 0x38e2,
  0x30e2, 0x3902, 0x5183, 0x5163, 0x5163, 0x4943, 0x5983, 0x71e4, 0x69c4, 0x69c3, 0x69c3, 0x5983,
  0x5142, 0x4122, 0x28c1, 0x28a1, 0x28a1, 0x69e4, 0x7204, 0x7204, 0x7204, 0x5983, 0x30e2, 0x38e2,
  0x38e2, 0x30c2, 0x30c2, 0x30c2, 0x38e2, 0x4142, 0x4122, 0x4122, 0x4942, 0x30c2, 0x28a1, 0x30c1,
  0x28c2, 0x28c2, 0x28c2, 0x28c2, 0x28c2, 0x20c2, 0x30c2, 0x4942, 0x4142, 0x4942, 0x4943, 0x3902,
  0x28a1, 0x28a1, 0x28a1, 0x28e1, 0x3182, 0x3182, 0x3162, 0x3162, 0x28e2, 0x28a2, 0x20a1, 0x20a1,
  0x28c2, 0x3902, 0x38e2, 0x30e2, 0x38e2, 0x30c2, 0x28a2, 0x28c2, 0x28a2, 0x30e2, 0x61c3, 0x61c3,
  0x59a3, 0x61c3, 0x4122, 0x30e2, 0x30e2, 0x30c2, 0x4122, 0x61c3, 0x61a3, 0x61a3, 0x61a3, 0x28c2,
  0x28a2, 0x28c2, 0x28a2, 0x28a2, 0x38e2, 0x30e2, 0x30e2, 0x30e2, 0x5162, 0x5983, 0x5163, 0x5163,
  0x5162, 0x71e4, 0x69e4, 0x69e4, 0x71e4, 0x5163, 0x3902, 0x3902, 0x38e2, 0x28c2, 0x28c2, 0x28c2,
  0x4122, 0x7a25, 0x7204, 0x71e4, 0x69c4, 0x4102, 0x38e2, 0x28c2, 0x28c2, 0x28c2, 0x30e2, 0x4942,
  0x4942, 0x4963, 0x4942, 0x38e2, 0x28c2, 0x28c2, 0x28a1, 0x2901, 0x2941, 0x2941, 0x2942, 0x2942,
  0x28c1, 0x28a1, 0x28c2, 0x28a2, 0x28e2, 0x3122, 0x3122, 0x3102, 0x3102, 0x30e2, 0x30e2, 0x30c2,
  0x30e2, 0x4963, 0x6a04, 0x61e4, 0x61e4, 0x61e4, 0x38e2, 0x30c2, 0x30e2, 0x30e2, 0x5163, 0x5983,
  0x5983, 0x5162, 0x30c2, 0x28c2, 0x28c2, 0x28c2, 0x28c2, 0x30e2, 0x30e2, 0x38e2, 0x4942, 0x5163,
  0x4963, 0x4942, 0x4922, 0x69c4, 0x69c4, 0x69c4, 0x69c4, 0x5983, 0x38e2, 0x38e2, 0x30c2, 0x30c2,
  0x69e4, 0x71e4, 0x71e4, 0x71e4, 0x6183, 0x30e1, 0x30e1, 0x30e2, 0x28c2, 0x28c2, 0x30c2, 0x28c2,
  0x4122, 0x4942, 0x4922, 0x4922, 0x3902, 0x28c1, 0x28a1, 0x28a1, 0x28c1, 0x3161, 0x3162, 0x3162,
  0x2962, 0x28e2, 0x28c2, 0x28c2, 0x28c2, 0x30e2, 0x4122, 0x3902, 0x3902, 0x3902, 0x38e2, 0x30c2,
  0x30c2, 0x30c2, 0x30e2, 0x6204, 0x6204, 0x59e3, 0x59e3, 0x4142, 0x30c2, 0x30c2, 0x30c2, 0x4123,
  0x6a24, 0x6203, 0x6203, 0x6203, 0x4142, 0x30c2, 0x28c2, 0x28c2, 0x28c2, 0x30c2, 0x30c2, 0x30c2,
  0x30c2, 0x3902, 0x5163, 0x5163, 0x4963, 0x5163, 0x61a3, 0x71e4, 0x69c3, 0x69c3, 0x69c3, 0x5163,
  0x4922, 0x4102, 0x20a2, 0x28a2, 0x28a1, 0x69e4, 0x7a25, 0x7a04, 0x7204, 0x5983, 0x30e2, 0x30e2,
  0x30e2, 0x28c2, 0x28c2, 0x28c2, 0x30e2, 0x4122, 0x4122, 0x4122, 0x4122, 0x30c2, 0x28a1, 0x28a1,
  0x30e2, 0x30e2, 0x3902, 0x3902, 0x3902, 0x3902, 0x4122, 0x59a3, 0x59a3, 0x61a3, 0x5983, 0x61c3,
  0x61c4, 0x61c3, 0x61c4, 0x6a04, 0x7244, 0x6a24, 0x6a25, 0x7225, 0x4963, 0x30e2, 0x30e2, 0x30e2,
  0x30e2, 0x20a2, 0x20a2, 0x20a2, 0x20a2, 0x30c2, 0x38e2, 0x38e2, 0x38e2, 0x4102, 0x5163, 0x4943,
  0x4943, 0x4122, 0x30e2, 0x30c2, 0x30c2, 0x30c2, 0x30e2, 0x3902, 0x3902, 0x3902, 0x3902, 0x30e2,
  0x30e2, 0x30e2, 0x30e2, 0x30e2, 0x3902, 0x3902, 0x3902, 0x3902, 0x4942, 0x5163, 0x5143, 0x5143,
  0x5963, 0x4123, 0x3902, 0x4102, 0x4122, 0x30c2, 0x28a2, 0x20a2, 0x20a2, 0x28c2, 0x28c2, 0x28c2,
  0x28c2, 0x4123, 0x4102, 0x4102, 0x3902, 0x4102, 0x4122, 0x4922, 0x4122, 0x4122, 0x4943, 0x61a3,
  0x61a3, 0x61a3, 0x61a4, 0x61a3, 0x61a3, 0x61a3, 0x61a3, 0x69e4, 0x7245, 0x7245, 0x7245, 0x7245,
  0x3902, 0x3902, 0x3902, 0x3902, 0x30e2, 0x20a2, 0x20a2, 0x20a2, 0x20a2, 0x4102, 0x4122, 0x4122,
  0x4122, 0x4943, 0x4963, 0x5163, 0x4963, 0x4943, 0x30e2, 0x30e2, 0x30c2, 0x30c2, 0x28c2, 0x28c2,
  0x28c2, 0x30e2, 0x3902, 0x3902, 0x3902, 0x3902, 0x3902, 0x3902, 0x3902, 0x3902, 0x4122, 0x4943,
  0x4943, 0x4942, 0x5142, 0x3902, 0x3902, 0x3902, 0x3902, 0x30e2, 0x28c2, 0x28c2, 0x28a2, 0x28a2,
  0x3902, 0x3902, 0x3902, 0x3902, 0x38e2, 0x38e2, 0x3902, 0x3902, 0x4942, 0x4122, 0x4922, 0x4922,
  0x61a3, 0x61a3, 0x6183, 0x5983, 0x61a3, 0x61a3, 0x61a3, 0x59a3, 0x61c3, 0x7245, 0x7244, 0x6a45,
  0x7265, 0x4963, 0x4122, 0x3902, 0x4122, 0x3902, 0x28a2, 0x28a2, 0x28a2, 0x28a2, 0x38e2, 0x4102,
  0x3902, 0x4102, 0x4102, 0x5163, 0x5163, 0x4963, 0x5163, 0x3902, 0x30e2, 0x30c2, 0x30c2, 0x30e2,
  0x4142, 0x4142, 0x4142, 0x4122, 0x3902, 0x38e2, 0x3902, 0x38e2, 0x38e2, 0x38e2, 0x38e2, 0x38e2,
  0x38e2, 0x3902, 0x5983, 0x5163, 0x5163, 0x5983, 0x5983, 0x3922, 0x4102, 0x4102, 0x3902, 0x28a2,
  0x28a2, 0x28a2, 0x28a2, 0x20a2, 0x20a2, 0x3902, 0x4123, 0x4122, 0x4102, 0x3902, 0x4102, 0x4102,
  0x4102, 0x4102, 0x4102, 0x4122, 0x5143, 0x61a3, 0x5983, 0x5983, 0x5983, 0x61a3, 0x61c4, 0x61c4,
  0x4942, 0x5142, 0x4942, 0x4942, 0x5162, 0x4942, 0x5163, 0x61c3, 0x61c3, 0x61a3, 0x61a3, 0x7204,
  0x7a24, 0x7a04, 0x7a04, 0x7a45, 0x8ac6, 0x8285, 0x8286, 0x82a6, 0x59c4, 0x4943, 0x4943, 0x4922,
  0x4102, 0x20a2, 0x20a2, 0x20a2, 0x20a2, 0x30e2, 0x3902, 0x38e2, 0x38e2, 0x38e2, 0x4122, 0x4102,
  0x4102, 0x3902, 0x30e2, 0x30c2, 0x30c2, 0x30c2, 0x28c2, 0x30c2, 0x28c2, 0x28c2, 0x28c2, 0x38e2,
  0x38e2, 0x38e2, 0x38e2, 0x38e2, 0x38e2, 0x3902, 0x3902, 0x3902, 0x4943, 0x5163, 0x5163, 0x5163,
  0x5963, 0x3902, 0x4102, 0x38e2, 0x38e2, 0x28c2, 0x28a2, 0x28a2, 0x20a2, 0x20a2, 0x28a2, 0x28c2,
  0x28a2, 0x3902, 0x38e2, 0x30e2, 0x3902, 0x4102, 0x5983, 0x61a3, 0x5983, 0x5163, 0x5983, 0x69c3,
  0x69c3, 0x69c4, 0x69c4, 0x71e4, 0x71e4, 0x71e4, 0x71e4, 0x7a45, 0x8aa6, 0x8aa6, 0x8aa6, 0x8aa6,
  0x4963, 0x5163, 0x5163, 0x5163, 0x3902, 0x20a2, 0x20a2, 0x20a2, 0x20a2, 0x4122, 0x4943, 0x4923,
  0x4922, 0x4922, 0x4922, 0x4122, 0x4102, 0x4102, 0x38e2, 0x30e2, 0x30c2, 0x30c2, 0x28c2, 0x28c2,
  0x28c2, 0x30e2, 0x3902, 0x3902, 0x3902, 0x3902, 0x4102, 0x4102, 0x3902, 0x4102, 0x4943, 0x4943,
  0x4943, 0x4943, 0x5142, 0x4122, 0x3902, 0x38e2, 0x30e2, 0x28c2, 0x20a2, 0x20a2, 0x28a2, 0x28a2,
  0x30e2, 0x30e2, 0x30e2, 0x30e2, 0x4122, 0x4122, 0x4122, 0x4122, 0x61a3, 0x61a3, 0x59a3, 0x5963,
  0x69c4, 0x69c4, 0x61a3, 0x69c4, 0x71e4, 0x7204, 0x7204, 0x71e4, 0x7a24, 0x8aa6, 0x8aa6, 0x8aa6,
  0x8ac6, 0x61c4, 0x5183, 0x5183, 0x5163, 0x4943, 0x20a1, 0x20a2, 0x20a2, 0x20a2, 0x3902, 0x4122,
  0x4122, 0x4102, 0x4102, 0x5162, 0x4942, 0x4122, 0x4122, 0x38e2, 0x30e2, 0x30c2, 0x30c2, 0x30c2,
  0x30e2, 0x28c2, 0x28c2, 0x28c2, 0x3902, 0x3902, 0x4102, 0x3902, 0x3902, 0x3902, 0x3902, 0x3902,
  0x3902, 0x4102, 0x5983, 0x5983, 0x5983, 0x5983, 0x5163, 0x4122, 0x4102, 0x38e2, 0x38e2, 0x28c2,
  0x28a2, 0x28a2, 0x20a1, 0x20a2, 0x20a2, 0x3902, 0x3902, 0x3902, 0x38e2, 0x4122, 0x5163, 0x4943,
  0x4943, 0x5963, 0x5963, 0x5963, 0x5983, 0x69c3, 0x69c3, 0x69c4, 0x69e4, 0x7204, 0x7a04, 0x7a24,
  0x61a3, 0x5963, 0x69c3, 0x61a3, 0x5963, 0x5963, 0x5983, 0x61a3, 0x61a3, 0x61a3, 0x61a3, 0x71e4,
  0x7a24, 0x7a24, 0x7a04, 0x7a45, 0x82a6, 0x8285, 0x8286, 0x8286, 0x61c4, 0x4922, 0x4122, 0x4122,
  0x3902, 0x28a2, 0x28a2, 0x28c2, 0x28a2, 0x30e2, 0x3902, 0x3902, 0x38e2, 0x3902, 0x3902, 0x4102,
  0x3902, 0x4122, 0x28c2, 0x28a2, 0x28a2, 0x28a2, 0x30c2, 0x4922, 0x4102, 0x4102, 0x4102, 0x5142,
  0x5142, 0x4942, 0x4922, 0x4922, 0x4922, 0x4922, 0x4922, 0x4942, 0x61a3, 0x69c3, 0x69c3, 0x69c3,
  0x69c3, 0x4122, 0x4102, 0x4102, 0x4102, 0x38e2, 0x28c2, 0x28a2, 0x28c2, 0x30e2, 0x30e2, 0x30c2,
  0x30c2, 0x5142, 0x5142, 0x4942, 0x5963, 0x6183, 0x69c3, 0x69c4, 0x69c4, 0x69a3, 0x61a3, 0x69a3,
  0x69c4, 0x69c4, 0x69c4, 0x71e4, 0x7a04, 0x71e3, 0x71e3, 0x8245, 0x8aa6, 0x8aa6, 0x8aa6, 0x8a86,
  0x5163, 0x4943, 0x4943, 0x4943, 0x3902, 0x20a2, 0x28a2, 0x20a2, 0x20a2, 0x3902, 0x4122, 0x4122,
  0x4102, 0x3902, 0x3902, 0x4102, 0x4102, 0x4102, 0x28a2, 0x28a2, 0x28c2, 0x28a2, 0x30c2, 0x38e2,
  0x38e2, 0x4122, 0x5163, 0x5143, 0x5143, 0x4943, 0x5163, 0x5143, 0x5143, 0x5143, 0x5983, 0x69a3,
  0x61a3, 0x69a3, 0x61a3, 0x4122, 0x4102, 0x4102, 0x40e2, 0x30e2, 0x28a2, 0x28a2, 0x28a2, 0x28c2,
  0x4122, 0x4922, 0x4122, 0x4922, 0x61a3, 0x69e4, 0x69c3, 0x69c4, 0x71e4, 0x69e4, 0x69c4, 0x69c4,
  0x69c3, 0x69c3, 0x61a3, 0x69c4, 0x71e4, 0x7204, 0x71e3, 0x7204, 0x7a04, 0x8aa6, 0x8aa6, 0x8aa6,
  0x82a6, 0x61c4, 0x5163, 0x5163, 0x4943, 0x4943, 0x28a1, 0x28a1, 0x28a2, 0x28c2, 0x38e2, 0x4102,
  0x3902, 0x38e2, 0x38e2, 0x4122, 0x4102, 0x3902, 0x3902, 0x30e2, 0x28c2, 0x28c2, 0x28a2, 0x28c2,
  0x4122, 0x4102, 0x3902, 0x3902, 0x5142, 0x5143, 0x5163, 0x5143, 0x5142, 0x4922, 0x4922, 0x4942,
  0x4942, 0x5163, 0x71e3, 0x71e4, 0x71e4, 0x69e4, 0x61a3, 0x4922, 0x4102, 0x4122, 0x38e2, 0x28a1,
  0x28a1, 0x28a1, 0x28a2, 0x28a2, 0x28a2, 0x4922, 0x5142, 0x5142, 0x5143, 0x5983, 0x61a3, 0x69a3,
  0x69a3, 0x69c3, 0x69a3, 0x61a3, 0x69a3, 0x69e3, 0x69e4, 0x69c3, 0x71e4, 0x7a04, 0x7a24, 0x7a24,
  0x69c4, 0x5983, 0x71e4, 0x61a3, 0x5983, 0x6183, 0x69a3, 0x6183, 0x6183, 0x69a3, 0x69c3, 0x7204,
  0x8245, 0x8245, 0x7a25, 0x8265, 0x8aa6, 0x8aa6, 0x8286, 0x8286, 0x7a25, 0x71e4, 0x61a4, 0x69c4,
  0x6183, 0x30c2, 0x30e2, 0x30e2, 0x30c2, 0x4102, 0x4922, 0x4102, 0x4922, 0x4922, 0x4102, 0x38e2,
  0x4102, 0x4922, 0x28c2, 0x20a1, 0x20a2, 0x20a2, 0x30e2, 0x4922, 0x4922, 0x4922, 0x4122, 0x5963,
  0x5983, 0x5963, 0x5963, 0x5963, 0x5143, 0x5963, 0x5983, 0x5963, 0x69c3, 0x71e3, 0x71e3, 0x71e3,
  0x69c3, 0x5963, 0x5962, 0x5963, 0x5942, 0x5963, 0x5142, 0x4922, 0x5163, 0x4942, 0x4922, 0x4922,
  0x4922, 0x5962, 0x5162, 0x5142, 0x69a3, 0x69c3, 0x71e3, 0x7a04, 0x69c4, 0x69c4, 0x71c4, 0x69c4,
  0x71e4, 0x71e4, 0x71c4, 0x7a04, 0x7a04, 0x7a04, 0x7a24, 0x8265, 0x8aa6, 0x8a85, 0x8a85, 0x8a85,
  0x61c4, 0x61a3, 0x61c4, 0x69e4, 0x61a4, 0x30c2, 0x30e2, 0x30e2, 0x38e2, 0x4943, 0x4943, 0x4923,
  0x4123, 0x4122, 0x4102, 0x4102, 0x4102, 0x4922, 0x20a1, 0x20a2, 0x20a2, 0x20a2, 0x30e2, 0x4102,
  0x3902, 0x4943, 0x61a3, 0x61a3, 0x61a3, 0x69a3, 0x5983, 0x5983, 0x5983, 0x5983, 0x61a3, 0x71c3,
  0x71c3, 0x71c3, 0x69c3, 0x6183, 0x6183, 0x5962, 0x5963, 0x4942, 0x38e2, 0x38e2, 0x38e2, 0x30e2,
  0x4942, 0x5143, 0x5143, 0x5142, 0x69c3, 0x7a04, 0x71e4, 0x71e4, 0x7204, 0x71e4, 0x69e4, 0x7204,
  0x69c4, 0x69c4, 0x69c4, 0x69c4, 0x71e4, 0x7204, 0x7a04, 0x7a24, 0x7a24, 0x8ac6, 0x8aa6, 0x8a85,
  0x8265, 0x7224, 0x7204, 0x7204, 0x7204, 0x6a04, 0x30c2, 0x30e2, 0x30c2, 0x30e2, 0x3902, 0x4102,
  0x3902, 0x3902, 0x3902, 0x3902, 0x3902, 0x3902, 0x4122, 0x30e2, 0x20a2, 0x28c2, 0x20a2, 0x28c2,
  0x4942, 0x4922, 0x4122, 0x4102, 0x5983, 0x6183, 0x5983, 0x5983, 0x5983, 0x5982, 0x5962, 0x5983,
  0x5963, 0x5983, 0x7a04, 0x7204, 0x7204, 0x7204, 0x69c3, 0x5963, 0x5162, 0x5142, 0x4922, 0x4922,
  0x4102, 0x4102, 0x4922, 0x4122, 0x4122, 0x5142, 0x5963, 0x5963, 0x5163, 0x6183, 0x71c3, 0x71c3,
  0x7a04, 0x71c3, 0x69c3, 0x69c3, 0x69c3, 0x71e4, 0x71e4, 0x71c4, 0x71e4, 0x7a24, 0x8245, 0x8265,
  0x61a3, 0x5163, 0x61a3, 0x5163, 0x5143, 0x4943, 0x4943, 0x4122, 0x4122, 0x4122, 0x4122, 0x5163,
  0x61a3, 0x5983, 0x5983, 0x5163, 0x5183, 0x5163, 0x5163, 0x5163, 0x7a65, 0x8286, 0x8286, 0x7a66,
  0x7225, 0x30c2, 0x30c2, 0x28c2, 0x28c2, 0x4102, 0x4922, 0x4922, 0x5142, 0x5143, 0x4922, 0x4922,
  0x4922, 0x4922, 0x28c2, 0x20a1, 0x20a1, 0x2081, 0x30e2, 0x4943, 0x4942, 0x4922, 0x4942, 0x61a3,
  0x69a3, 0x6183, 0x6183, 0x61a3, 0x5163, 0x5983, 0x5163, 0x5163, 0x5983, 0x5983, 0x5983, 0x5983,
  0x5983, 0x7a24, 0x7a24, 0x7a24, 0x7a24, 0x7a24, 0x7a44, 0x7a24, 0x7a24, 0x5963, 0x5142, 0x4942,
  0x4942, 0x5163, 0x5963, 0x5963, 0x69a3, 0x71c3, 0x71e4, 0x61a4, 0x5163, 0x5143, 0x4943, 0x4122,
  0x4123, 0x4923, 0x4943, 0x5963, 0x6183, 0x5983, 0x5983, 0x5983, 0x5183, 0x5983, 0x5983, 0x5163,
  0x8286, 0x82a6, 0x82a6, 0x8286, 0x6a05, 0x38e2, 0x38e2, 0x38e2, 0x38e2, 0x5163, 0x5163, 0x5163,
  0x5143, 0x5163, 0x5162, 0x5142, 0x5142, 0x5963, 0x20a2, 0x20a2, 0x20a2, 0x20a1, 0x4102, 0x4942,
  0x4942, 0x5163, 0x61a3, 0x61a3, 0x61a3, 0x69c4, 0x61a3, 0x5983, 0x5983, 0x5983, 0x61a3, 0x61a3,
  0x61a3, 0x61a3, 0x61a3, 0x8244, 0x8244, 0x8265, 0x8265, 0x7a45, 0x7a45, 0x7225, 0x7204, 0x7204,
  0x4943, 0x5143, 0x5142, 0x5142, 0x69c3, 0x7204, 0x7204, 0x71e4, 0x61c3, 0x5983, 0x61a3, 0x59a3,
  0x4923, 0x4122, 0x4122, 0x4122, 0x5163, 0x5983, 0x5962, 0x5963, 0x5963, 0x5163, 0x5983, 0x5983,
  0x5163, 0x7245, 0x8285, 0x8285, 0x8285, 0x7a45, 0x30c2, 0x30c2, 0x30c2, 0x30e2, 0x3902, 0x3902,
  0x3902, 0x4102, 0x4102, 0x4102, 0x4122, 0x4122, 0x4943, 0x30e2, 0x20a2, 0x20a2, 0x20a2, 0x28c2,
  0x4922, 0x4942, 0x4922, 0x4102, 0x61a3, 0x69c3, 0x61c3, 0x61c3, 0x61c3, 0x5983, 0x5983, 0x5983,
  0x5983, 0x61a3, 0x61c3, 0x61c3, 0x61c4, 0x61a3, 0x69e4, 0x7a24, 0x7a44, 0x8244, 0x8265, 0x7a45,
  0x7a24, 0x7a24, 0x69c4, 0x61a4, 0x61a4, 0x5963, 0x5963, 0x5963, 0x5963, 0x69c3, 0x71e3, 0x71e3,
  0x69c4, 0x5983, 0x5163, 0x5143, 0x4942, 0x4923, 0x4923, 0x4122, 0x4122, 0x5963, 0x5983, 0x5983
};