// array size is 32400
const uint16_t background[] PROGMEM = {
  0x461f, 0x461f, 0x461f, 0x461f, 0x461f, 0x461f, 0x461f, 0x461f, 0x461f, 0x461f, 0x461f, 0x461f,
  0x461f, 0x461f, 0x461f, 0x461f, 0x461f, 0x461f, 0x461f, 0x461f, 0x461f, 0x463f, 0x463f, 0x461f,
  0x4dfe, 0x55fd, 0x5dbc, 0x6e1d, 0x8eff, 0xa73e, 0xb75e, 0xc79f, 0xbf7e, 0xbf5e, 0xb75e, 0xb75e,
  0xbf5f, 0xbf5f, 0xbf5f, 0xc77f, 0xcf9f, 0xd79f, 0xd79f, 0xd79f, 0xd7bf, 0xd79f, 0xd79f, 0xdf9f,
  0xdf9f, 0xdf9f, 0xd7bf, 0xcfbf, 0xc79f, 0xbf5f, 0xb73f, 0xbf5f, 0xb77f, 0x9f3f, 0x6e5d, 0x561e,
  0x565f, 0x563f, 0x4e1f, 0x563f, 0x565f, 0x4e3e, 0x4e1f, 0x563f, 0x5e5f, 0x5e3f, 0x5e3f, 0x5e3f,
  0x5e3f, 0x5e3f, 0x5e3f, 0x5e3f, 0x5e3f, 0x5e3f, 0x5e3f, 0x5e3f, 0x5e3f, 0x5e3f, 0x5e3f, 0x5e3f,
  0x5e3f, 0x5e3f, 0x5e3f, 0x5e3f, 0x5e3f, 0x5e3f, 0x5e3f, 0x5e3f, 0x5e3f, 0x5e3f, 0x5e3f, 0x5e3f,
  0x5e3f, 0x5e3f, 0x5e3f, 0x5e3f, 0x5e3f, 0x5e3f, 0x5e3f, 0x5e3f, 0x5e3f, 0x5e3f, 0x5e3f, 0x5e3f,
  0x5e3f, 0x5e3f, 0x5e3f, 0x5e3f, 0x5e3f, 0x5e3f, 0x5e3f, 0x5e3f, 0x5e3f, 0x5e3f, 0x5e3f, 0x665f,
  0x667f, 0x665f, 0x5e3f, 0x665f, 0x665f, 0x663f, 0x663f, 0x665f, 0x6e7f, 0x6e7f, 0x6e7f, 0x6e7f,
  0x6e7f, 0x6e7f, 0x6e7f, 0x6e7f, 0x6e7f, 0x6e7f, 0x6e7f, 0x6e7f, 0x6e7f, 0x6e7f, 0x6e7f, 0x6e7f,
  0x6e7f, 0x6e7f, 0x6e7f, 0x6e7f, 0x6e7f, 0x6e7f, 0x6e7f, 0x6e7f, 0x6e7f, 0x6e7f, 0x6e7f, 0x6e7f,
  0x6e7f, 0x6e7f, 0x6e7f, 0x6e7f, 0x6e7f, 0x6e7f, 0x6e7f, 0x6e7f, 0x6e7f, 0x6e7f, 0x6e7f, 0x6e7f,
  0x6e7f, 0x6e7f, 0x6e7f, 0x6e7f, 0x6e7f, 0x6e7f, 0x6e7f, 0x6e7f, 0x6e7f, 0x7e5c, 0x8674, 0x966b,
  0x9648, 0x9608, 0x8dc6, 0x8dc6, 0x85c6, 0x8dc7, 0x8dc6, 0x8dc6, 0x8dc6, 0x85c6, 0x85c6, 0x85c6,
  0x85c6, 0x85c5, 0x85e5, 0x85e5, 0x7dc4, 0x6da3, 0x6541, 0x6422, 0x62e2, 0x61a3, 0x7165, 0x79a7,
  0x8a28, 0x8a68, 0x8267, 0x7225, 0x69c4, 0x71c4, 0x7a05, 0x8267, 0x7a26, 0x69a4, 0x6984, 0x69a4,
  0x69a4, 0x71e5, 0x8267, 0x8a67, 0x8267, 0x8246, 0x7a06, 0x71c4, 0x6963, 0x6963, 0x6963, 0x6963,
  0x6963, 0x6963, 0x6983, 0x7184, 0x7184, 0x6983, 0x6983, 0x6983, 0x6983, 0x6983, 0x6983, 0x6983,
  0x461f, 0x461f, 0x461f, 0x461f, 0x461f, 0x461f, 0x461f, 0x461f, 0x461f, 0x461f, 0x461f, 0x461f,
  0x461f, 0x461f, 0x461f, 0x461f, 0x4e1f, 0x461f, 0x461f, 0x461f, 0x461f, 0x463f, 0x3e3f, 0x463f,
  0x461f, 0x4dff, 0x55fe, 0x561e, 0x5e1d, 0x6e1b, 0x8e9c, 0xaf5e, 0xb75e, 0xb75e, 0xb75e, 0xb75e,
  0xb75f, 0xbf5f, 0xbf7f, 0xcf9f, 0xd7bf, 0xd79f, 0xd79f, 0xd79f, 0xd79f, 0xd79f, 0xd79f, 0xd79f,
  0xdf9f, 0xd79f, 0xd7bf, 0xcfbf, 0xc79f, 0xbf5e, 0xb73e, 0xbf5f, 0xaf7f, 0x9f3f, 0x6e5d, 0x563e,
  0x4e1e, 0x4e3f, 0x563f, 0x4e1f, 0x4e3e, 0x563f, 0x565f, 0x565f, 0x5e5f, 0x5e3f, 0x5e3f, 0x5e3f,
  0x5e3f, 0x5e3f, 0x5e3f, 0x5e3f, 0x5e3f, 0x5e3f, 0x5e3f, 0x5e3f, 0x5e3f, 0x5e3f, 0x5e3f, 0x5e3f,
  0x5e3f, 0x5e3f, 0x5e3f, 0x5e3f, 0x5e3f, 0x5e3f, 0x5e3f, 0x5e3f, 0x5e3f, 0x5e3f, 0x5e3f, 0x5e3f,
  0x5e3f, 0x5e3f, 0x5e3f, 0x5e3f, 0x5e3f, 0x5e3f, 0x5e3f, 0x5e3f, 0x5e3f, 0x5e3f, 0x5e3f, 0x5e3f,
  0x5e3f, 0x5e3f, 0x5e3f, 0x5e3f, 0x5e3f, 0x5e3f, 0x5e3f, 0x5e3f, 0x5e3f, 0x5e3f, 0x665f, 0x665f,
  0x5e3f, 0x665f, 0x667f, 0x665f, 0x663f, 0x665f, 0x667f, 0x6e7f, 0x6e7f, 0x6e7f, 0x6e7f, 0x6e7f,
  0x6e7f, 0x6e7f, 0x6e7f, 0x6e7f, 0x6e7f, 0x6e7f, 0x6e7f, 0x6e7f, 0x6e7f, 0x6e7f, 0x6e7f, 0x6e7f,
  0x6e7f, 0x6e7f, 0x6e7f, 0x6e7f, 0x6e7f, 0x6e7f, 0x6e7f, 0x6e7f, 0x6e7f, 0x6e7f, 0x6e7f, 0x6e7f,
  0x6e7f, 0x6e7f, 0x6e7f, 0x6e7f, 0x6e7f, 0x6e7f, 0x6e7f, 0x6e7f, 0x6e7f, 0x6e7f, 0x6e7f, 0x6e7f,
  0x6e7f, 0x6e7f, 0x6e7f, 0x6e7f, 0x6e7f, 0x6e7f, 0x6e7f, 0x6e7f, 0x6e5f, 0x7e7c, 0x8e74, 0x8e6b,
  0x8e07, 0x8dc7, 0x85a6, 0x8de6, 0x8dc7, 0x8dc7, 0x8da6, 0x8da6, 0x8da6, 0x8dc6, 0x85c6, 0x85c6,
  0x7d64, 0x7da4, 0x7de5, 0x7dc4, 0x7583, 0x6d82, 0x6d23, 0x6c23, 0x62e3, 0x61c3, 0x7a07, 0x8227,
  0x8247, 0x8267, 0x8287, 0x7a06, 0x69c4, 0x7205, 0x8246, 0x8267, 0x7205, 0x69a4, 0x69a3, 0x69a4,
  0x69a4, 0x7205, 0x8267, 0x8267, 0x8246, 0x7a05, 0x71c4, 0x71a4, 0x6984, 0x6963, 0x6983, 0x6983,
  0x6963, 0x6963, 0x6983, 0x7184, 0x6983, 0x6983, 0x6983, 0x6983, 0x6983, 0x6963, 0x6983, 0x6983,
  0x461f, 0x461f, 0x461f, 0x461f, 0x461f, 0x461f, 0x461f, 0x461f, 0x461f, 0x461f, 0x461f, 0x3e1f,
  0x461f, 0x461f, 0x461f, 0x461f, 0x4e1f, 0x461f, 0x461f, 0x461f, 0x461f, 0x463f, 0x463f, 0x463f,
  0x461f, 0x461f, 0x461f, 0x4e1f, 0x4dfe, 0x5dfc, 0x869d, 0xaf7f, 0xb77f, 0xb77f, 0xb77f, 0xb77f,
  0xb75f, 0xb75f, 0xbf5f, 0xcf9f, 0xd7bf, 0xd79f, 0xd79f, 0xd79f, 0xd7bf, 0xd79f, 0xd79f, 0xdfbf,
  0xdf9f, 0xd79f, 0xd79f, 0xd7bf, 0xc79f, 0xbf5f, 0xbf5f, 0xbf5f, 0xaf5f, 0x9f3f, 0x6e5d, 0x563e,
  0x4e1f, 0x4e3f, 0x563f, 0x563f, 0x4e3e, 0x4e3f, 0x565f, 0x565f, 0x5e5f, 0x5e3f, 0x5e3f, 0x5e3f,
  0x5e3f, 0x5e3f, 0x5e3f, 0x5e3f, 0x5e3f, 0x5e3f, 0x5e3f, 0x5e3f, 0x5e3f, 0x5e3f, 0x5e3f, 0x5e3f,
  0x5e3f, 0x5e3f, 0x5e3f, 0x5e3f, 0x5e3f, 0x5e3f, 0x5e3f, 0x5e3f, 0x5e3f, 0x5e3f, 0x5e3f, 0x5e3f,
  0x5e3f, 0x5e3f, 0x5e3f, 0x5e3f, 0x5e3f, 0x5e3f, 0x5e3f, 0x5e3f, 0x5e3f, 0x5e3f, 0x5e3f, 0x5e3f,
  0x5e3f, 0x5e3f, 0x5e3f, 0x5e3f, 0x5e3f, 0x5e3f, 0x5e3f, 0x5e3f, 0x5e3f, 0x5e3f, 0x665f, 0x665f,
  0x5e5f, 0x665f, 0x665f, 0x665f, 0x663f, 0x665f, 0x665f, 0x6e7f, 0x6e7f, 0x6e7f, 0x6e7f, 0x6e7f,
  0x6e7f, 0x6e7f, 0x6e7f, 0x6e7f, 0x6e7f, 0x6e7f, 0x6e7f, 0x6e7f, 0x6e7f, 0x6e7f, 0x6e7f, 0x6e7f,
  0x6e7f, 0x6e7f, 0x6e7f, 0x6e7f, 0x6e7f, 0x6e7f, 0x6e7f, 0x6e7f, 0x6e7f, 0x6e7f, 0x6e7f, 0x6e7f,
  0x6e7f, 0x6e7f, 0x6e7f, 0x6e7f, 0x6e7f, 0x6e7f, 0x6e7f, 0x6e7f, 0x6e7f, 0x6e7f, 0x6e7f, 0x6e7f,
  0x6e7f, 0x6e7f, 0x6e7f, 0x6e7f, 0x6e7f, 0x6e7f, 0x6e7f, 0x6e7f, 0x6e7f, 0x7e5c, 0x8e74, 0x8e6b,
  0x8e27, 0x8de7, 0x85c6, 0x8dc6, 0x8dc6, 0x8dc7, 0x8da6, 0x8da7, 0x8da7, 0x8da6, 0x8dc6, 0x85c5,
  0x7d84, 0x7dc4, 0x7de4, 0x75a3, 0x6d62, 0x6d22, 0x6ca2, 0x5b82, 0x62a2, 0x59e2, 0x7a46, 0x8287,
  0x7a66, 0x8286, 0x8267, 0x79e6, 0x71a5, 0x7a26, 0x8267, 0x8267, 0x7a26, 0x7205, 0x71e5, 0x71e4,
  0x69a4, 0x7205, 0x8267, 0x8267, 0x8246, 0x71c4, 0x6984, 0x69a4, 0x6983, 0x6963, 0x6984, 0x7184,
  0x6963, 0x6983, 0x7184, 0x6983, 0x6983, 0x6963, 0x6963, 0x7184, 0x6983, 0x6963, 0x6983, 0x7184,
  0x461f, 0x461f, 0x461f, 0x461f, 0x461f, 0x461f, 0x461f, 0x461f, 0x461f, 0x461f, 0x461f, 0x461f,
  0x461f, 0x461f, 0x461f, 0x461f, 0x461f, 0x461f, 0x461f, 0x461f, 0x461f, 0x461f, 0x461f, 0x461f,
  0x461f, 0x461f, 0x461f, 0x461f, 0x563f, 0x769e, 0x971e, 0xaf5f, 0xb75e, 0xb75e, 0xbf7e, 0xbf7f,
  0xbf7f, 0xb75f, 0xbf5f, 0xc77f, 0xcf9f, 0xd79f, 0xd79f, 0xdf9f, 0xd79f, 0xd79f, 0xd79f, 0xd79f,
  0xd79f, 0xd79f, 0xd79f, 0xd7bf, 0xcf9f, 0xc77f, 0xbf5f, 0xbf5f, 0xaf5f, 0x973f, 0x6e5d, 0x561d,
  0x563f, 0x4e3f, 0x4e1f, 0x563f, 0x563f, 0x4e3e, 0x561f, 0x563f, 0x5e5f, 0x5e3f, 0x5e3f, 0x5e3f,
  0x5e3f, 0x5e3f, 0x5e3f, 0x5e3f, 0x5e3f, 0x5e3f, 0x5e3f, 0x5e3f, 0x5e3f, 0x5e3f, 0x5e3f, 0x5e3f,
  0x5e3f, 0x5e3f, 0x5e3f, 0x5e3f, 0x5e3f, 0x5e3f, 0x5e3f, 0x5e3f, 0x5e3f, 0x5e3f, 0x5e3f, 0x5e3f,
  0x5e3f, 0x5e3f, 0x5e3f, 0x5e3f, 0x5e3f, 0x5e3f, 0x5e3f, 0x5e3f, 0x5e3f, 0x5e3f, 0x5e3f, 0x5e3f,
  0x5e3f, 0x5e3f, 0x5e3f, 0x5e3f, 0x5e3f, 0x5e3f, 0x5e3f, 0x5e3f, 0x5e3f, 0x5e3f, 0x5e3f, 0x665f,
  0x667f, 0x665f, 0x5e5f, 0x665f, 0x665f, 0x665f, 0x663f, 0x665f, 0x6e7f, 0x6e7f, 0x6e7f, 0x6e7f,
  0x6e7f, 0x6e7f, 0x6e7f, 0x6e7f, 0x6e7f, 0x6e7f, 0x6e7f, 0x6e7f, 0x6e7f, 0x6e7f, 0x6e7f, 0x6e7f,
  0x6e7f, 0x6e7f, 0x6e7f, 0x6e7f, 0x6e7f, 0x6e7f, 0x6e7f, 0x6e7f, 0x6e7f, 0x6e7f, 0x6e7f, 0x6e7f,
  0x6e7f, 0x6e7f, 0x6e7f, 0x6e7f, 0x6e7f, 0x6e7f, 0x6e7f, 0x6e7f, 0x6e7f, 0x6e7f, 0x6e7f, 0x6e7f,
  0x6e7f, 0x6e7f, 0x6e7f, 0x6e7f, 0x6e7f, 0x6e7f, 0x6e7f, 0x6e7f, 0x6e7f, 0x7e5c, 0x8674, 0x966b,
  0x9648, 0x9628, 0x8dc6, 0x85c6, 0x85c6, 0x8dc7, 0x8da7, 0x8da7, 0x8da7, 0x8da7, 0x8dc6, 0x85c6,
  0x85e5, 0x7de5, 0x7de5, 0x75c4, 0x6d62, 0x64a2, 0x5bc2, 0x4a80, 0x5a21, 0x61e3, 0x7a45, 0x8286,
  0x8266, 0x8267, 0x8267, 0x71e6, 0x71c5, 0x7a26, 0x8267, 0x8267, 0x8267, 0x8267, 0x8267, 0x7a46,
  0x69c4, 0x7205, 0x8267, 0x8267, 0x8246, 0x71e5, 0x6984, 0x6984, 0x6963, 0x6963, 0x6984, 0x7184,
  0x6983, 0x7184, 0x71a4, 0x6983, 0x6963, 0x6963, 0x6963, 0x71a4, 0x71a4, 0x6983, 0x6983, 0x71a4,
  0x461f, 0x461f, 0x461f, 0x461f, 0x461f, 0x461f, 0x461f, 0x461f, 0x461f, 0x461f, 0x461f, 0x461f,
  0x461f, 0x461f, 0x461f, 0x461f, 0x461f, 0x461f, 0x461f, 0x461f, 0x461f, 0x461f, 0x461f, 0x4e1f,
  0x4dff, 0x461f, 0x461f, 0x461f, 0x5e3e, 0x8efe, 0xb79f, 0xb75e, 0xbf5e, 0xc77e, 0xc79e, 0xcfbf,
  0xbf7f, 0xbf5f, 0xbf5f, 0xbf5f, 0xcf9f, 0xd79f, 0xdf9f, 0xdf9f, 0xd79f, 0xd79f, 0xd79f, 0xd79f,
  0xdf9f, 0xdf9f, 0xd79f, 0xd79f, 0xd7bf, 0xcf9f, 0xc73f, 0xbf5f, 0xb77f, 0x9f3f, 0x6e5d, 0x563e,
  0x4e1f, 0x4e1f, 0x561f, 0x561f, 0x4e3f, 0x4e3f, 0x563f, 0x5e5f, 0x5e5f, 0x5e3f, 0x5e3f, 0x5e3f,
  0x5e3f, 0x5e3f, 0x5e3f, 0x5e3f, 0x5e3f, 0x5e3f, 0x5e3f, 0x5e3f, 0x5e3f, 0x5e3f, 0x5e3f, 0x5e3f,
  0x5e3f, 0x5e3f, 0x5e3f, 0x5e3f, 0x5e3f, 0x5e3f, 0x5e3f, 0x5e3f, 0x5e3f, 0x5e3f, 0x5e3f, 0x5e3f,
  0x5e3f, 0x5e3f, 0x5e3f, 0x5e3f, 0x5e3f, 0x5e3f, 0x5e3f, 0x5e3f, 0x5e3f, 0x5e3f, 0x5e3f, 0x5e3f,
  0x5e3f, 0x5e3f, 0x5e3f, 0x5e3f, 0x5e3f, 0x5e3f, 0x5e3f, 0x5e3f, 0x5e3f, 0x5e5f, 0x665f, 0x665f,
  0x665f, 0x665f, 0x665f, 0x665f, 0x665f, 0x665f, 0x665f, 0x665f, 0x6e7f, 0x6e7f, 0x6e7f, 0x6e7f,
  0x6e7f, 0x6e7f, 0x6e7f, 0x6e7f, 0x6e7f, 0x6e7f, 0x6e7f, 0x6e7f, 0x6e7f, 0x6e7f, 0x6e7f, 0x6e7f,
  0x6e7f, 0x6e7f, 0x6e7f, 0x6e7f, 0x6e7f, 0x6e7f, 0x6e7f, 0x6e7f, 0x6e7f, 0x6e7f, 0x6e7f, 0x6e7f,
  0x6e7f, 0x6e7f, 0x6e7f, 0x6e7f, 0x6e7f, 0x6e7f, 0x6e7f, 0x6e7f, 0x6e7f, 0x6e7f, 0x6e7f, 0x6e7f,
  0x6e7f, 0x6e7f, 0x6e7f, 0x6e7f, 0x6e7f, 0x6e7f, 0x6e7f, 0x6e7f, 0x6e5f, 0x7e5c, 0x8654, 0x8e6b,
  0x9627, 0x9607, 0x8dc6, 0x85c5, 0x8dc6, 0x8dc7, 0x8da7, 0x8da7, 0x8da7, 0x8dc7, 0x85c6, 0x85c6,
  0x85c6, 0x7dc5, 0x7da4, 0x7584, 0x6d43, 0x6462, 0x6383, 0x4a40, 0x51c1, 0x69a3, 0x79c5, 0x81e6,
  0x8a27, 0x8227, 0x7206, 0x69e5, 0x69e4, 0x7a46, 0x8267, 0x8267, 0x8267, 0x8267, 0x8287, 0x7a67,
  0x69e5, 0x7205, 0x8267, 0x8267, 0x8246, 0x79e5, 0x6983, 0x6983, 0x6963, 0x6983, 0x6983, 0x6983,
  0x6983, 0x7184, 0x7184, 0x6983, 0x6983, 0x6963, 0x6963, 0x7184, 0x7184, 0x7184, 0x7184, 0x7184,
  0x461f, 0x461f, 0x461f, 0x461f, 0x461f, 0x461f, 0x461f, 0x461f, 0x461f, 0x461f, 0x461f, 0x461f,
  0x461f, 0x461f, 0x461f, 0x461f, 0x461f, 0x461f, 0x461f, 0x461f, 0x461f, 0x461f, 0x461f, 0x4dff,
  0x4dff, 0x461f, 0x461f, 0x461f, 0x663e, 0x9f1e, 0xbfbe, 0xc77e, 0xc79e, 0xd7bf, 0xcf9f, 0xcfbf,
  0xc77f, 0xbf5f, 0xbf5f, 0xbf5f, 0xcf9f, 0xd79f, 0xdf9f, 0xdf9f, 0xd79f, 0xd79f, 0xd79f, 0xd79f,
  0xdf9f, 0xdf9f, 0xd7bf, 0xd79f, 0xd7bf, 0xcf9f, 0xc73e, 0xbf5f, 0xb77f, 0x9f5f, 0x6e7e, 0x563e,
  0x4e1f, 0x4e3f, 0x563f, 0x4e1f, 0x4e1e, 0x563f, 0x563f, 0x5e5f, 0x5e5f, 0x5e3f, 0x5e3f, 0x5e3f,
  0x5e3f, 0x5e3f, 0x5e3f, 0x5e3f, 0x5e3f, 0x5e3f, 0x5e3f, 0x5e3f, 0x5e3f, 0x5e3f, 0x5e3f, 0x5e3f,
  0x5e3f, 0x5e3f, 0x5e3f, 0x5e3f, 0x5e3f, 0x5e3f, 0x5e3f, 0x5e3f, 0x5e3f, 0x5e3f, 0x5e3f, 0x5e3f,
  0x5e3f, 0x5e3f, 0x5e3f, 0x5e3f, 0x5e3f, 0x5e3f, 0x5e3f, 0x5e3f, 0x5e3f, 0x5e3f, 0x5e3f, 0x5e3f,
  0x5e3f, 0x5e3f, 0x5e3f, 0x5e3f, 0x5e3f, 0x5e3f, 0x5e3f, 0x5e3f, 0x5e3f, 0x5e5f, 0x667f, 0x667f,
  0x5e5f, 0x665f, 0x667f, 0x665f, 0x665f, 0x665f, 0x665f, 0x667f, 0x6e7f, 0x6e7f, 0x6e7f, 0x6e7f,
  0x6e7f, 0x6e7f, 0x6e7f, 0x6e7f, 0x6e7f, 0x6e7f, 0x6e7f, 0x6e7f, 0x6e7f, 0x6e7f, 0x6e7f, 0x6e7f,
  0x6e7f, 0x6e7f, 0x6e7f, 0x6e7f, 0x6e7f, 0x6e7f, 0x6e7f, 0x6e7f, 0x6e7f, 0x6e7f, 0x6e7f, 0x6e7f,
  0x6e7f, 0x6e7f, 0x6e7f, 0x6e7f, 0x6e7f, 0x6e7f, 0x6e7f, 0x6e7f, 0x6e7f, 0x6e7f, 0x6e7f, 0x6e7f,
  0x6e7f, 0x6e7f, 0x6e7f, 0x6e7f, 0x6e7f, 0x6e7f, 0x6e7f, 0x6e7f, 0x6e5f, 0x7e5c, 0x8674, 0x8e4a,
  0x8e07, 0x8dc7, 0x8dc6, 0x8dc6, 0x8dc6, 0x8dc7, 0x8dc7, 0x8da7, 0x8da7, 0x85c7, 0x85c6, 0x85c6,
  0x85c5, 0x7da5, 0x7584, 0x7583, 0x6d43, 0x6482, 0x5ba2, 0x4a80, 0x5200, 0x59c1, 0x6182, 0x7184,
  0x8227, 0x7a06, 0x69a4, 0x61c4, 0x69e4, 0x7a46, 0x8267, 0x8267, 0x8267, 0x8267, 0x8287, 0x7a47,
  0x71c5, 0x71e5, 0x8247, 0x8247, 0x8226, 0x79c5, 0x6983, 0x6983, 0x6963, 0x6983, 0x6983, 0x6963,
  0x6963, 0x6983, 0x6983, 0x6983, 0x7184, 0x6963, 0x6983, 0x7184, 0x7184, 0x7184, 0x7184, 0x7184,
  0x461f, 0x461f, 0x461f, 0x461f, 0x461f, 0x461f, 0x461f, 0x461f, 0x461f, 0x461f, 0x461f, 0x461f,
  0x461f, 0x461f, 0x461f, 0x461f, 0x461f, 0x461f, 0x461f, 0x461f, 0x461f, 0x461f, 0x461f, 0x4dff,
  0x4dff, 0x4dff, 0x461f, 0x461f, 0x663e, 0xa71e, 0xcfbf, 0xcf9f, 0xcf9f, 0xd7bf, 0xd79f, 0xcf9f,
  0xcf9f, 0xc75f, 0xbf5f, 0xbf3f, 0xcf7f, 0xd79f, 0xd79f, 0xd79f, 0xd79f, 0xd79f, 0xd79f, 0xd79f,
  0xdf9f, 0xdf9f, 0xd79f, 0xd79f, 0xd7bf, 0xcf9f, 0xc73e, 0xbf3f, 0xaf5f, 0x973f, 0x6e5d, 0x561e,
  0x563f, 0x4e1f, 0x4e1f, 0x4e1f, 0x4e3f, 0x4e3e, 0x561f, 0x563f, 0x5e3f, 0x5e3f, 0x5e3f, 0x5e3f,
  0x5e3f, 0x5e3f, 0x5e3f, 0x5e3f, 0x5e3f, 0x5e3f, 0x5e3f, 0x5e3f, 0x5e3f, 0x5e3f, 0x5e3f, 0x5e3f,
  0x5e3f, 0x5e3f, 0x5e3f, 0x5e3f, 0x5e3f, 0x5e3f, 0x5e3f, 0x5e3f, 0x5e3f, 0x5e3f, 0x5e3f, 0x5e3f,
  0x5e3f, 0x5e3f, 0x5e3f, 0x5e3f, 0x5e3f, 0x5e3f, 0x5e3f, 0x5e3f, 0x5e3f, 0x5e3f, 0x5e3f, 0x5e3f,
  0x5e3f, 0x5e3f, 0x5e3f, 0x5e3f, 0x5e3f, 0x5e3f, 0x5e3f, 0x5e3f, 0x5e3f, 0x5e3f, 0x665f, 0x665f,
  0x665f, 0x665f, 0x665f, 0x665f, 0x665f, 0x665f, 0x665f, 0x667f, 0x6e7f, 0x6e7f, 0x6e7f, 0x6e7f,
  0x6e7f, 0x6e7f, 0x6e7f, 0x6e7f, 0x6e7f, 0x6e7f, 0x6e7f, 0x6e7f, 0x6e7f, 0x6e7f, 0x6e7f, 0x6e7f,
  0x6e7f, 0x6e7f, 0x6e7f, 0x6e7f, 0x6e7f, 0x6e7f, 0x6e7f, 0x6e7f, 0x6e7f, 0x6e7f, 0x6e7f, 0x6e7f,
  0x6e7f, 0x6e7f, 0x6e7f, 0x6e7f, 0x6e7f, 0x6e7f, 0x6e7f, 0x6e7f, 0x6e7f, 0x6e7f, 0x6e7f, 0x6e7f,
  0x6e7f, 0x6e7f, 0x6e7f, 0x6e7f, 0x6e7f, 0x6e7f, 0x6e7f, 0x6e7f, 0x6e5f, 0x7e5c, 0x8674, 0x8e4a,
  0x8de6, 0x85c6, 0x8dc6, 0x8dc6, 0x85c6, 0x8da6, 0x8dc7, 0x8da7, 0x8dc7, 0x85c6, 0x85c6, 0x85c6,
  0x85c6, 0x85c6, 0x7da5, 0x7dc5, 0x7da4, 0x7524, 0x6c84, 0x5ba2, 0x6362, 0x6302, 0x5a41, 0x59c1,
  0x61c3, 0x69c3, 0x69c4, 0x7205, 0x7a26, 0x8247, 0x8267, 0x8267, 0x8267, 0x8267, 0x7a26, 0x71e5,
  0x69a4, 0x69a4, 0x71e5, 0x71e5, 0x71c4, 0x71a4, 0x6983, 0x6983, 0x6983, 0x7184, 0x6983, 0x6963,
  0x6963, 0x6963, 0x6963, 0x6983, 0x71a4, 0x6983, 0x6983, 0x71a4, 0x7184, 0x7184, 0x7184, 0x7184,
  0x461f, 0x461f, 0x461f, 0x461f, 0x461f, 0x461f, 0x461f, 0x461f, 0x461f, 0x461f, 0x461f, 0x461f,
  0x461f, 0x461f, 0x461f, 0x461f, 0x461f, 0x461f, 0x461f, 0x461f, 0x461f, 0x461f, 0x461f, 0x4e1f,
  0x4dff, 0x4dff, 0x461f, 0x461f, 0x661e, 0xa6fe, 0xd7df, 0xd7bf, 0xd79f, 0xd79f, 0xd79f, 0xd7bf,
  0xd7bf, 0xcf9f, 0xc77f, 0xc75f, 0xc77f, 0xcf9f, 0xd7bf, 0xd79f, 0xd79f, 0xd79f, 0xd79f, 0xd79f,
  0xdf9f, 0xdf9f, 0xd79f, 0xd79f, 0xd7bf, 0xcf9f, 0xc73e, 0xbf3f, 0xb75f, 0x9f3f, 0x6e5d, 0x561e,
  0x563f, 0x4e1f, 0x4e1f, 0x4e1f, 0x4e3f, 0x4e3e, 0x561f, 0x563f, 0x5e3f, 0x5e3f, 0x5e5f, 0x5e5f,
  0x5e3f, 0x5e3f, 0x5e3f, 0x5e3f, 0x5e3f, 0x5e3f, 0x5e3f, 0x5e3f, 0x5e3f, 0x5e3f, 0x5e3f, 0x5e3f,
  0x5e3f, 0x5e3f, 0x5e3f, 0x5e3f, 0x5e3f, 0x5e3f, 0x5e3f, 0x5e3f, 0x5e3f, 0x5e3f, 0x5e3f, 0x5e3f,
  0x5e3f, 0x5e3f, 0x5e3f, 0x5e3f, 0x5e3f, 0x5e3f, 0x5e3f, 0x5e3f, 0x5e3f, 0x5e3f, 0x5e3f, 0x5e3f,
  0x5e3f, 0x5e3f, 0x5e3f, 0x5e3f, 0x5e3f, 0x5e3f, 0x5e3f, 0x5e3f, 0x5e3f, 0x5e3f, 0x5e3f, 0x665f,
  0x667f, 0x665f, 0x5e5f, 0x665f, 0x667f, 0x665f, 0x665f, 0x667f, 0x6e7f, 0x6e7f, 0x6e7f, 0x6e7f,
  0x6e7f, 0x6e7f, 0x6e7f, 0x6e7f, 0x6e7f, 0x6e7f, 0x6e7f, 0x6e7f, 0x6e7f, 0x6e7f, 0x6e7f, 0x6e7f,
  0x6e7f, 0x6e7f, 0x6e7f, 0x6e7f, 0x6e7f, 0x6e7f, 0x6e7f, 0x6e7f, 0x6e7f, 0x6e7f, 0x6e7f, 0x6e7f,
  0x6e7f, 0x6e7f, 0x6e7f, 0x6e7f, 0x6e7f, 0x6e7f, 0x6e7f, 0x6e7f, 0x6e7f, 0x6e7f, 0x6e7f, 0x6e7f,
  0x6e7f, 0x6e7f, 0x6e7f, 0x6e7f, 0x6e7f, 0x6e7f, 0x6e7f, 0x6e7f, 0x6e5f, 0x7e5c, 0x8674, 0x8e4b,
  0x8e07, 0x8dc7, 0x8dc6, 0x8dc6, 0x8dc6, 0x8da6, 0x8dc7, 0x8da7, 0x8dc7, 0x85c6, 0x85c6, 0x85c6,
  0x85c6, 0x85c6, 0x7dc5, 0x85e5, 0x85c5, 0x7d64, 0x7523, 0x64a2, 0x6c63, 0x6c03, 0x5321, 0x5280,
  0x5a41, 0x59e2, 0x61c3, 0x7a26, 0x8267, 0x8267, 0x8267, 0x8267, 0x8247, 0x7a26, 0x71e5, 0x69a4,
  0x71c5, 0x71c5, 0x69a4, 0x69a4, 0x7184, 0x6983, 0x6983, 0x6983, 0x6983, 0x7184, 0x6983, 0x6963,
  0x6963, 0x6963, 0x6963, 0x6983, 0x7184, 0x7184, 0x6983, 0x7184, 0x7184, 0x7184, 0x7184, 0x7184,
  0x461f, 0x461f, 0x461f, 0x461f, 0x461f, 0x461f, 0x461f, 0x461f, 0x461f, 0x461f, 0x461f, 0x461f,
  0x461f, 0x461f, 0x461f, 0x461f, 0x461f, 0x461f, 0x461f, 0x461f, 0x461f, 0x461f, 0x461f, 0x4e1f,
  0x4dff, 0x4e1f, 0x461f, 0x45ff, 0x661e, 0xa6fe, 0xd7bf, 0xdf9f, 0xd77f, 0xdf9f, 0xd79f, 0xd79f,
  0xd79f, 0xcf9f, 0xc77f, 0xc75e, 0xc77f, 0xcfbf, 0xd7bf, 0xd79f, 0xd79f, 0xd79f, 0xd79f, 0xd79f,
  0xdf9f, 0xdf9f, 0xd79f, 0xd79f, 0xd7bf, 0xcf9f, 0xc73e, 0xbf3f, 0xaf5f, 0x9f5f, 0x6e7e, 0x563e,
  0x4e1f, 0x563f, 0x563f, 0x4e1f, 0x4e1e, 0x563f, 0x563f, 0x5e5f, 0x5e5f, 0x5e3f, 0x5e3f, 0x5e3f,
  0x5e3f, 0x5e3f, 0x5e3f, 0x5e3f, 0x5e3f, 0x5e3f, 0x5e3f, 0x5e3f, 0x5e3f, 0x5e3f, 0x5e3f, 0x5e3f,
  0x5e3f, 0x5e3f, 0x5e3f, 0x5e3f, 0x5e3f, 0x5e3f, 0x5e3f, 0x5e3f, 0x5e3f, 0x5e3f, 0x5e3f, 0x5e3f,
  0x5e3f, 0x5e3f, 0x5e3f, 0x5e3f, 0x5e3f, 0x5e3f, 0x5e3f, 0x5e3f, 0x5e3f, 0x5e3f, 0x5e3f, 0x5e3f,
  0x5e3f, 0x5e3f, 0x5e3f, 0x5e3f, 0x5e3f, 0x5e3f, 0x5e3f, 0x5e3f, 0x5e5f, 0x5e5f, 0x665f, 0x667f,
  0x665f, 0x665f, 0x665f, 0x665f, 0x665f, 0x665f, 0x665f, 0x667f, 0x6e7f, 0x6e7f, 0x6e7f, 0x6e7f,
  0x6e7f, 0x6e7f, 0x6e7f, 0x6e7f, 0x6e7f, 0x6e7f, 0x6e7f, 0x6e7f, 0x6e7f, 0x6e7f, 0x6e7f, 0x6e7f,
  0x6e7f, 0x6e7f, 0x6e7f, 0x6e7f, 0x6e7f, 0x6e7f, 0x6e7f, 0x6e7f, 0x6e7f, 0x6e7f, 0x6e7f, 0x6e7f,
  0x6e7f, 0x6e7f, 0x6e7f, 0x6e7f, 0x6e7f, 0x6e7f, 0x6e7f, 0x6e7f, 0x6e7f, 0x6e7f, 0x6e7f, 0x6e7f,
  0x6e7f, 0x6e7f, 0x6e7f, 0x6e7f, 0x6e7f, 0x6e7f, 0x6e7f, 0x6e7f, 0x6e7f, 0x7e5c, 0x8653, 0x966b,
  0x9648, 0x9607, 0x8dc6, 0x85c5, 0x8dc6, 0x8dc7, 0x8dc7, 0x8da7, 0x8dc6, 0x85c6, 0x85c6, 0x85c6,
  0x85c6, 0x7da5, 0x7d64, 0x7da5, 0x85e5, 0x7dc5, 0x7da4, 0x6d43, 0x6d43, 0x6d23, 0x5c42, 0x5ba2,
  0x6b64, 0x6aa3, 0x61a3, 0x7a06, 0x8247, 0x8267, 0x8267, 0x8267, 0x7a06, 0x71c5, 0x69a4, 0x71a4,
  0x7a06, 0x7a06, 0x71a4, 0x6984, 0x6983, 0x6983, 0x7184, 0x6983, 0x6983, 0x7184, 0x6983, 0x6983,
  0x6963, 0x6943, 0x6963, 0x6963, 0x6963, 0x6983, 0x7184, 0x6983, 0x7184, 0x7184, 0x7184, 0x7184,
  0x461f, 0x461f, 0x461f, 0x461f, 0x461f, 0x461f, 0x461f, 0x461f, 0x461f, 0x461f, 0x461f, 0x461f,
  0x461f, 0x461f, 0x461f, 0x461f, 0x461f, 0x461f, 0x461f, 0x461f, 0x461f, 0x461f, 0x461f, 0x461f,
  0x4dff, 0x4e1f, 0x461f, 0x4dff, 0x6e1e, 0xaf1e, 0xd7df, 0xdf9f, 0xdf7f, 0xdf9f, 0xdf9f, 0xd79f,
  0xd79f, 0xd79f, 0xcf9f, 0xc75e, 0xc75e, 0xcf9f, 0xcfbf, 0xcf9f, 0xd79f, 0xd79f, 0xd79f, 0xdf9f,
  0xdf9f, 0xdf9f, 0xd79f, 0xd79f, 0xd7bf, 0xcf9f, 0xc73e, 0xbf3f, 0xaf5f, 0x9f3f, 0x6e5d, 0x563e,
  0x563f, 0x563f, 0x563f, 0x563f, 0x4e3f, 0x563f, 0x563f, 0x5e5f, 0x5e5f, 0x5e3f, 0x5e3f, 0x5e3f,
  0x5e3f, 0x5e3f, 0x5e3f, 0x5e3f, 0x5e3f, 0x5e3f, 0x5e3f, 0x5e3f, 0x5e3f, 0x5e3f, 0x5e3f, 0x5e3f,
  0x5e3f, 0x5e3f, 0x5e3f, 0x5e3f, 0x5e3f, 0x5e3f, 0x5e3f, 0x5e3f, 0x5e3f, 0x5e3f, 0x5e3f, 0x5e3f,
  0x5e3f, 0x5e3f, 0x5e3f, 0x5e3f, 0x5e3f, 0x5e3f, 0x5e3f, 0x5e3f, 0x5e3f, 0x5e3f, 0x5e3f, 0x5e3f,
  0x5e3f, 0x5e3f, 0x5e3f, 0x5e3f, 0x5e3f, 0x5e3f, 0x5e3f, 0x5e3f, 0x5e3f, 0x5e5f, 0x665f, 0x665f,
  0x5e5f, 0x665f, 0x667f, 0x665f, 0x663f, 0x665f, 0x665f, 0x665f, 0x6e7f, 0x6e7f, 0x6e7f, 0x6e7f,
  0x6e7f, 0x6e7f, 0x6e7f, 0x6e7f, 0x6e7f, 0x6e7f, 0x6e7f, 0x6e7f, 0x6e7f, 0x6e7f, 0x6e7f, 0x6e7f,
  0x6e7f, 0x6e7f, 0x6e7f, 0x6e7f, 0x6e7f, 0x6e7f, 0x6e7f, 0x6e7f, 0x6e7f, 0x6e7f, 0x6e7f, 0x6e7f,
  0x6e7f, 0x6e7f, 0x6e7f, 0x6e7f, 0x6e7f, 0x6e7f, 0x6e7f, 0x6e7f, 0x6e7f, 0x6e7f, 0x6e7f, 0x6e7f,
  0x6e7f, 0x6e7f, 0x6e7f, 0x6e7f, 0x6e7f, 0x6e7f, 0x6e7f, 0x6e7f, 0x6e5f, 0x7e5c, 0x8674, 0x966b,
  0x9627, 0x8de7, 0x8dc6, 0x85c6, 0x8dc6, 0x8dc7, 0x8dc6, 0x8dc6, 0x8dc6, 0x85c6, 0x85c6, 0x85c6,
  0x85a5, 0x7d85, 0x7da5, 0x85a5, 0x85c5, 0x7de4, 0x7de4, 0x6da2, 0x6d83, 0x6d63, 0x64a2, 0x5c02,
  0x6343, 0x6283, 0x61c3, 0x7a06, 0x8a47, 0x7a06, 0x7a06, 0x7a06, 0x71c5, 0x69a4, 0x6984, 0x71c5,
  0x8247, 0x8227, 0x79e5, 0x71c4, 0x7184, 0x6983, 0x6983, 0x6983, 0x6983, 0x6983, 0x6983, 0x6983,
  0x6983, 0x6963, 0x6983, 0x6983, 0x6963, 0x7184, 0x7184, 0x6983, 0x7184, 0x7184, 0x7184, 0x7184,
  0x461f, 0x461f, 0x461f, 0x461f, 0x461f, 0x461f, 0x461f, 0x461f, 0x461f, 0x461f, 0x461f, 0x461f,
  0x461f, 0x461f, 0x461f, 0x461f, 0x461f, 0x461f, 0x461f, 0x461f, 0x461f, 0x461f, 0x461f, 0x461f,
  0x4dfe, 0x4e1f, 0x461f, 0x4dff, 0x6e1e, 0xaf1e, 0xd7df, 0xdf9f, 0xdf9f, 0xdf9f, 0xdf9f, 0xdf9f,
  0xd79f, 0xd7bf, 0xcf9f, 0xcf7f, 0xc75e, 0xc79e, 0xcfdf, 0xd7bf, 0xd7bf, 0xd79f, 0xd79f, 0xdf9f,
  0xdf9f, 0xdf9f, 0xd79f, 0xd79f, 0xd7bf, 0xcf7f, 0xc73e, 0xbf5f, 0xb75f, 0x973f, 0x6e5d, 0x561d,
  0x563f, 0x4e3f, 0x4e1f, 0x563f, 0x565f, 0x4e1e, 0x561e, 0x563f, 0x5e3f, 0x5e3f, 0x5e3f, 0x5e3f,
  0x5e3f, 0x5e3f, 0x5e3f, 0x5e3f, 0x5e3f, 0x5e3f, 0x5e3f, 0x5e3f, 0x5e3f, 0x5e3f, 0x5e3f, 0x5e3f,
  0x5e3f, 0x5e3f, 0x5e3f, 0x5e3f, 0x5e3f, 0x5e3f, 0x5e3f, 0x5e3f, 0x5e3f, 0x5e3f, 0x5e3f, 0x5e3f,
  0x5e3f, 0x5e3f, 0x5e3f, 0x5e3f, 0x5e3f, 0x5e3f, 0x5e3f, 0x5e3f, 0x5e3f, 0x5e3f, 0x5e3f, 0x5e3f,
  0x5e3f, 0x5e3f, 0x5e3f, 0x5e3f, 0x5e3f, 0x5e3f, 0x5e3f, 0x5e3f, 0x5e3f, 0x5e5f, 0x5e5f, 0x5e5f,
  0x667f, 0x665f, 0x5e3f, 0x665f, 0x667f, 0x665f, 0x663f, 0x665f, 0x6e7f, 0x6e7f, 0x6e7f, 0x6e7f,
  0x6e7f, 0x6e7f, 0x6e7f, 0x6e7f, 0x6e7f, 0x6e7f, 0x6e7f, 0x6e7f, 0x6e7f, 0x6e7f, 0x6e7f, 0x6e7f,
  0x6e7f, 0x6e7f, 0x6e7f, 0x6e7f, 0x6e7f, 0x6e7f, 0x6e7f, 0x6e7f, 0x6e7f, 0x6e7f, 0x6e7f, 0x6e7f,
  0x6e7f, 0x6e7f, 0x6e7f, 0x6e7f, 0x6e7f, 0x6e7f, 0x6e7f, 0x6e7f, 0x6e7f, 0x6e7f, 0x6e7f, 0x6e7f,
  0x6e7f, 0x6e7f, 0x6e7f, 0x6e7f, 0x6e7f, 0x6e7f, 0x6e7f, 0x6e7f, 0x6e5f, 0x7e5c, 0x8674, 0x8e6b,
  0x8e07, 0x8de7, 0x8dc6, 0x8dc6, 0x85c6, 0x8dc7, 0x8da6, 0x8dc6, 0x8dc6, 0x85c6, 0x85c6, 0x85c6,
  0x7d65, 0x7d65, 0x85c6, 0x85c6, 0x85e6, 0x85e5, 0x7de4, 0x6d82, 0x6d82, 0x7563, 0x64a2, 0x5bc1,
  0x52a0, 0x5a01, 0x61c3, 0x8206, 0x8247, 0x71e5, 0x71c5, 0x71c4, 0x69a4, 0x6984, 0x6984, 0x71c5,
  0x8247, 0x8a67, 0x8247, 0x7a05, 0x7184, 0x6983, 0x6963, 0x6963, 0x6963, 0x6983, 0x6983, 0x7184,
  0x7184, 0x6983, 0x6983, 0x6983, 0x6983, 0x7184, 0x7184, 0x6983, 0x7184, 0x7184, 0x7184, 0x7184,
  0x461f, 0x461f, 0x461f, 0x461f, 0x461f, 0x461f, 0x461f, 0x461f, 0x461f, 0x461f, 0x461f, 0x461f,
  0x461f, 0x461f, 0x461f, 0x461f, 0x461f, 0x461f, 0x461f, 0x461f, 0x461f, 0x461f, 0x461f, 0x461f,
  0x4dfe, 0x4e1f, 0x461f, 0x4dff, 0x6e1e, 0xaf1e, 0xd7bf, 0xdfbf, 0xdf9f, 0xdf9f, 0xdf9f, 0xdf9f,
  0xd79f, 0xd79f, 0xd7bf, 0xcf9f, 0xc75e, 0xc77e, 0xcf9f, 0xd7df, 0xd7bf, 0xd79f, 0xd79f, 0xd79f,
  0xdf9f, 0xdf9f, 0xd79f, 0xd79f, 0xd79f, 0xcf7f, 0xc73e, 0xbf3f, 0xaf5f, 0x9f3f, 0x6e5d, 0x563e,
  0x4e1f, 0x563f, 0x563f, 0x4e1f, 0x4e3f, 0x563f, 0x563f, 0x5e3f, 0x5e3f, 0x5e3f, 0x5e3f, 0x5e3f,
  0x5e3f, 0x5e3f, 0x5e3f, 0x5e3f, 0x5e3f, 0x5e3f, 0x5e3f, 0x5e3f, 0x5e3f, 0x5e3f, 0x5e3f, 0x5e3f,
  0x5e3f, 0x5e3f, 0x5e3f, 0x5e3f, 0x5e3f, 0x5e3f, 0x5e3f, 0x5e3f, 0x5e3f, 0x5e3f, 0x5e3f, 0x5e3f,
  0x5e3f, 0x5e3f, 0x5e3f, 0x5e3f, 0x5e3f, 0x5e3f, 0x5e3f, 0x5e3f, 0x5e3f, 0x5e3f, 0x5e3f, 0x5e3f,
  0x5e3f, 0x5e3f, 0x5e3f, 0x5e3f, 0x5e3f, 0x5e3f, 0x5e3f, 0x5e3f, 0x5e3f, 0x5e3f, 0x665f, 0x665f,
  0x665f, 0x665f, 0x665f, 0x665f, 0x665f, 0x665f, 0x665f, 0x665f, 0x6e7f, 0x6e7f, 0x6e7f, 0x6e7f,
  0x6e7f, 0x6e7f, 0x6e7f, 0x6e7f, 0x6e7f, 0x6e7f, 0x6e7f, 0x6e7f, 0x6e7f, 0x6e7f, 0x6e7f, 0x6e7f,
  0x6e7f, 0x6e7f, 0x6e7f, 0x6e7f, 0x6e7f, 0x6e7f, 0x6e7f, 0x6e7f, 0x6e7f, 0x6e7f, 0x6e7f, 0x6e7f,
  0x6e7f, 0x6e7f, 0x6e7f, 0x6e7f, 0x6e7f, 0x6e7f, 0x6e7f, 0x6e7f, 0x6e7f, 0x6e7f, 0x6e7f, 0x6e7f,
  0x6e7f, 0x6e7f, 0x6e7f, 0x6e7f, 0x6e7f, 0x6e7f, 0x6e7f, 0x6e7f, 0x6e5f, 0x7e5c, 0x8674, 0x8e4b,
  0x8e27, 0x8de7, 0x8dc6, 0x8dc6, 0x85c6, 0x8dc7, 0x8dc6, 0x85c6, 0x85c6, 0x85c6, 0x85c6, 0x85c6,
  0x8585, 0x8585, 0x85c6, 0x8dc6, 0x85c6, 0x7dc5, 0x75a3, 0x6501, 0x64e1, 0x6cc2, 0x6c42, 0x6382,
  0x5261, 0x59c1, 0x69a3, 0x71e5, 0x79e6, 0x71c4, 0x71c5, 0x7a05, 0x7a06, 0x7a06, 0x71c5, 0x71c5,
  0x8247, 0x8a88, 0x8267, 0x7a06, 0x6983, 0x6983, 0x6963, 0x6963, 0x6963, 0x6963, 0x6963, 0x6983,
  0x6983, 0x6983, 0x6983, 0x6983, 0x6983, 0x6983, 0x6983, 0x6983, 0x7184, 0x7184, 0x7184, 0x7184,
  0x461f, 0x461f, 0x461f, 0x461f, 0x461f, 0x461f, 0x461f, 0x461f, 0x461f, 0x461f, 0x461f, 0x461f,
  0x461f, 0x461f, 0x461f, 0x461f, 0x461f, 0x461f, 0x461f, 0x461f, 0x461f, 0x461f, 0x461f, 0x4e1f,
  0x4dfe, 0x4e1f, 0x461f, 0x45ff, 0x6e3e, 0xa71e, 0xd7df, 0xdfbf, 0xd79f, 0xd79f, 0xd79f, 0xd79f,
  0xd79f, 0xd79f, 0xd7bf, 0xd7bf, 0xcf7e, 0xc75e, 0xc77e, 0xd7bf, 0xd7bf, 0xd79f, 0xd79f, 0xd79f,
  0xdf9f, 0xdf9f, 0xd79f, 0xd79f, 0xd79f, 0xcf7f, 0xc73e, 0xbf3f, 0xaf5f, 0x9f3f, 0x6e5d, 0x563e,
  0x4e1f, 0x563f, 0x563f, 0x4e1f, 0x4e3e, 0x563f, 0x565f, 0x5e5f, 0x563f, 0x5e3f, 0x5e3f, 0x5e3f,
  0x5e3f, 0x5e3f, 0x5e3f, 0x5e3f, 0x5e3f, 0x5e3f, 0x5e3f, 0x5e3f, 0x5e3f, 0x5e3f, 0x5e3f, 0x5e3f,
  0x5e3f, 0x5e3f, 0x5e3f, 0x5e3f, 0x5e3f, 0x5e3f, 0x5e3f, 0x5e3f, 0x5e3f, 0x5e3f, 0x5e3f, 0x5e3f,
  0x5e3f, 0x5e3f, 0x5e3f, 0x5e3f, 0x5e3f, 0x5e3f, 0x5e3f, 0x5e3f, 0x5e3f, 0x5e3f, 0x5e3f, 0x5e3f,
  0x5e3f, 0x5e3f, 0x5e3f, 0x5e3f, 0x5e3f, 0x5e3f, 0x5e3f, 0x5e3f, 0x5e3f, 0x5e3f, 0x665f, 0x665f,
  0x5e5f, 0x665f, 0x665f, 0x665f, 0x663f, 0x665f, 0x665f, 0x665f, 0x6e7f, 0x6e7f, 0x6e7f, 0x6e7f,
  0x6e7f, 0x6e7f, 0x6e7f, 0x6e7f, 0x6e7f, 0x6e7f, 0x6e7f, 0x6e7f, 0x6e7f, 0x6e7f, 0x6e7f, 0x6e7f,
  0x6e7f, 0x6e7f, 0x6e7f, 0x6e7f, 0x6e7f, 0x6e7f, 0x6e7f, 0x6e7f, 0x6e7f, 0x6e7f, 0x6e7f, 0x6e7f,
  0x6e7f, 0x6e7f, 0x6e7f, 0x6e7f, 0x6e7f, 0x6e7f, 0x6e7f, 0x6e7f, 0x6e7f, 0x6e7f, 0x6e7f, 0x6e7f,
  0x6e7f, 0x6e7f, 0x6e7f, 0x6e7f, 0x6e7f, 0x6e7f, 0x6e7f, 0x6e7f, 0x6e5f, 0x7e5c, 0x8674, 0x966b,
  0x9648, 0x9608, 0x8dc6, 0x8dc6, 0x85c6, 0x8dc7, 0x8dc6, 0x85c6, 0x85c6, 0x85c6, 0x8dc6, 0x8dc6,
  0x8dc6, 0x8dc6, 0x8dc6, 0x8dc6, 0x85a6, 0x7d84, 0x6d23, 0x5c81, 0x6421, 0x6be1, 0x6b82, 0x7323,
  0x5a21, 0x61a2, 0x69c4, 0x69c4, 0x69a4, 0x69a4, 0x71e5, 0x8247, 0x8247, 0x7a26, 0x71e5, 0x71c5,
  0x8247, 0x8287, 0x8267, 0x7a05, 0x6983, 0x6983, 0x6983, 0x6963, 0x6963, 0x6963, 0x6963, 0x6963,
  0x6983, 0x6983, 0x6983, 0x6983, 0x6983, 0x6983, 0x6983, 0x6983, 0x7184, 0x7184, 0x7184, 0x7184,
  0x461f, 0x461f, 0x461f, 0x461f, 0x461f, 0x461f, 0x461f, 0x461f, 0x461f, 0x461f, 0x461f, 0x461f,
  0x461f, 0x461f, 0x461f, 0x461f, 0x461f, 0x461f, 0x461f, 0x461f, 0x461f, 0x461f, 0x461f, 0x4e1f,
  0x4dfe, 0x4e1f, 0x461f, 0x461f, 0x663e, 0xa71e, 0xcfdf, 0xd7bf, 0xd79f, 0xd79f, 0xd79f, 0xd79f,
  0xd79f, 0xd79f, 0xd7bf, 0xd7bf, 0xcf9f, 0xcf7e, 0xc75e, 0xcf9f, 0xd79f, 0xd79f, 0xd79f, 0xd79f,
  0xdf9f, 0xdf9f, 0xd79f, 0xd79f, 0xd79f, 0xcf7f, 0xc73e, 0xbf5f, 0xb77f, 0x973f, 0x6e5d, 0x561d,
  0x563f, 0x563f, 0x4e1f, 0x563f, 0x565f, 0x4e3e, 0x561f, 0x563f, 0x5e3f, 0x5e3f, 0x5e3f, 0x5e3f,
  0x5e3f, 0x5e3f, 0x5e3f, 0x5e3f, 0x5e3f, 0x5e3f, 0x5e3f, 0x5e3f, 0x5e3f, 0x5e3f, 0x5e3f, 0x5e3f,
  0x5e3f, 0x5e3f, 0x5e3f, 0x5e3f, 0x5e3f, 0x5e3f, 0x5e3f, 0x5e3f, 0x5e3f, 0x5e3f, 0x5e3f, 0x5e3f,
  0x5e3f, 0x5e3f, 0x5e3f, 0x5e3f, 0x5e3f, 0x5e3f, 0x5e3f, 0x5e3f, 0x5e3f, 0x5e3f, 0x5e3f, 0x5e3f,
  0x5e3f, 0x5e3f, 0x5e3f, 0x5e3f, 0x5e3f, 0x5e3f, 0x5e3f, 0x5e3f, 0x5e3f, 0x5e3f, 0x5e5f, 0x665f,
  0x665f, 0x665f, 0x665f, 0x665f, 0x665f, 0x663f, 0x665f, 0x665f, 0x6e7f, 0x6e7f, 0x6e7f, 0x6e7f,
  0x6e7f, 0x6e7f, 0x6e7f, 0x6e7f, 0x6e7f, 0x6e7f, 0x6e7f, 0x6e7f, 0x6e7f, 0x6e7f, 0x6e7f, 0x6e7f,
  0x6e7f, 0x6e7f, 0x6e7f, 0x6e7f, 0x6e7f, 0x6e7f, 0x6e7f, 0x6e7f, 0x6e7f, 0x6e7f, 0x6e7f, 0x6e7f,
  0x6e7f, 0x6e7f, 0x6e7f, 0x6e7f, 0x6e7f, 0x6e7f, 0x6e7f, 0x6e7f, 0x6e7f, 0x6e7f, 0x6e7f, 0x6e7f,
  0x6e7f, 0x6e7f, 0x6e7f, 0x6e7f, 0x6e7f, 0x6e7f, 0x6e7f, 0x6e7f, 0x6e5f, 0x7e5c, 0x8674, 0x966b,
  0x9e68, 0x9628, 0x8dc6, 0x8dc6, 0x8dc6, 0x8dc7, 0x8dc6, 0x85c6, 0x85c6, 0x85c6, 0x8dc6, 0x8dc6,
  0x8da6, 0x8dc6, 0x8dc6, 0x8dc6, 0x8da6, 0x7d65, 0x6d03, 0x6441, 0x5b80, 0x5ae1, 0x6281, 0x6a42,
  0x61a1, 0x69a3, 0x7a25, 0x7a26, 0x7a26, 0x7a26, 0x7a46, 0x8267, 0x7a26, 0x71e5, 0x69c4, 0x69c5,
  0x7a47, 0x8287, 0x8267, 0x7a05, 0x6983, 0x6983, 0x6983, 0x6963, 0x6963, 0x6963, 0x6963, 0x6963,
  0x6983, 0x7184, 0x7184, 0x7184, 0x7184, 0x6983, 0x7184, 0x7184, 0x7184, 0x7184, 0x7184, 0x7184,
  0x461f, 0x461f, 0x461f, 0x461f, 0x461f, 0x461f, 0x461f, 0x461f, 0x461f, 0x461f, 0x461f, 0x461f,
  0x461f, 0x461f, 0x461f, 0x461f, 0x461f, 0x461f, 0x461f, 0x461f, 0x461f, 0x461f, 0x461f, 0x461f,
  0x4e1f, 0x4e1f, 0x461f, 0x461f, 0x5e3e, 0x8ebd, 0xbf7e, 0xcfbf, 0xd79f, 0xd79f, 0xd79f, 0xd79f,
  0xd79f, 0xd79f, 0xd79f, 0xd7bf, 0xd79f, 0xcf9f, 0xcf7e, 0xcf7f, 0xd79f, 0xd79f, 0xd79f, 0xd79f,
  0xdf9f, 0xdf9f, 0xd79f, 0xd79f, 0xd7bf, 0xcf7f, 0xc73f, 0xbf3f, 0xb75f, 0x9f3f, 0x6e5d, 0x561e,
  0x563f, 0x4e3f, 0x4e1f, 0x563f, 0x563f, 0x4e3e, 0x561f, 0x5e3f, 0x5e3f, 0x5e3f, 0x5e3f, 0x5e3f,
  0x5e3f, 0x5e3f, 0x5e3f, 0x5e3f, 0x5e3f, 0x5e3f, 0x5e3f, 0x5e3f, 0x5e3f, 0x5e3f, 0x5e3f, 0x5e3f,
  0x5e3f, 0x5e3f, 0x5e3f, 0x5e3f, 0x5e3f, 0x5e3f, 0x5e3f, 0x5e3f, 0x5e3f, 0x5e3f, 0x5e3f, 0x5e3f,
  0x5e3f, 0x5e3f, 0x5e3f, 0x5e3f, 0x5e3f, 0x5e3f, 0x5e3f, 0x5e3f, 0x5e3f, 0x5e3f, 0x5e3f, 0x5e3f,
  0x5e3f, 0x5e3f, 0x5e3f, 0x5e3f, 0x5e3f, 0x5e3f, 0x5e3f, 0x5e3f, 0x5e3f, 0x5e5f, 0x5e5f, 0x5e5f,
  0x665f, 0x665f, 0x5e5f, 0x665f, 0x665f, 0x665f, 0x665f, 0x667f, 0x6e7f, 0x6e7f, 0x6e7f, 0x6e7f,
  0x6e7f, 0x6e7f, 0x6e7f, 0x6e7f, 0x6e7f, 0x6e7f, 0x6e7f, 0x6e7f, 0x6e7f, 0x6e7f, 0x6e7f, 0x6e7f,
  0x6e7f, 0x6e7f, 0x6e7f, 0x6e7f, 0x6e7f, 0x6e7f, 0x6e7f, 0x6e7f, 0x6e7f, 0x6e7f, 0x6e7f, 0x6e7f,
  0x6e7f, 0x6e7f, 0x6e7f, 0x6e7f, 0x6e7f, 0x6e7f, 0x6e7f, 0x6e7f, 0x6e7f, 0x6e7f, 0x6e7f, 0x6e7f,
  0x6e7f, 0x6e7f, 0x6e7f, 0x6e7f, 0x6e7f, 0x6e7f, 0x6e7f, 0x6e7f, 0x6e5f, 0x7e5c, 0x8653, 0x8e6b,
  0x9648, 0x9628, 0x8dc6, 0x8dc6, 0x8dc6, 0x8dc7, 0x8dc6, 0x8dc6, 0x85c6, 0x85c6, 0x8dc6, 0x8dc6,
  0x85a5, 0x85a6, 0x8dc6, 0x8dc6, 0x85c6, 0x7d65, 0x6d03, 0x6422, 0x5b00, 0x5200, 0x59a0, 0x61a2,
  0x69a3, 0x71e5, 0x8267, 0x8267, 0x8287, 0x8287, 0x8267, 0x8267, 0x7a26, 0x71e5, 0x71e5, 0x7205,
  0x7a26, 0x7a47, 0x8267, 0x7a06, 0x6983, 0x7184, 0x6984, 0x6983, 0x6963, 0x6963, 0x6963, 0x6963,
  0x6983, 0x7184, 0x71a4, 0x7184, 0x71a4, 0x7184, 0x7184, 0x71a4, 0x7184, 0x7184, 0x7184, 0x7184,
  0x461f, 0x461f, 0x461f, 0x461f, 0x461f, 0x461f, 0x461f, 0x461f, 0x461f, 0x461f, 0x461f, 0x461f,
  0x461f, 0x461f, 0x461f, 0x461f, 0x461f, 0x461f, 0x461f, 0x461f, 0x461f, 0x461f, 0x3e1f, 0x461f,
  0x4dff, 0x4dff, 0x4dff, 0x461f, 0x4e1e, 0x663d, 0x9edd, 0xcfbf, 0xd77f, 0xd79f, 0xd79f, 0xd79f,
  0xd79f, 0xd79f, 0xd79f, 0xd79f, 0xd79f, 0xd7bf, 0xcf7f, 0xcf5e, 0xd79f, 0xd79f, 0xd79f, 0xdf9f,
  0xdf9f, 0xdf9f, 0xd79f, 0xd79f, 0xd79f, 0xcf7f, 0xc73f, 0xbf3f, 0xaf5f, 0x9f3f, 0x6e5d, 0x563e,
  0x4e1f, 0x4e1f, 0x563f, 0x4e1f, 0x4e3e, 0x563f, 0x563f, 0x5e3f, 0x5e3f, 0x5e3f, 0x5e3f, 0x5e3f,
  0x5e3f, 0x5e3f, 0x5e3f, 0x5e3f, 0x5e3f, 0x5e3f, 0x5e3f, 0x5e3f, 0x5e3f, 0x5e3f, 0x5e3f, 0x5e3f,
  0x5e3f, 0x5e3f, 0x5e3f, 0x5e3f, 0x5e3f, 0x5e3f, 0x5e3f, 0x5e3f, 0x5e3f, 0x5e3f, 0x5e3f, 0x5e3f,
  0x5e3f, 0x5e3f, 0x5e3f, 0x5e3f, 0x5e3f, 0x5e3f, 0x5e3f, 0x5e3f, 0x5e3f, 0x5e3f, 0x5e3f, 0x5e3f,
  0x5e3f, 0x5e3f, 0x5e3f, 0x5e3f, 0x5e3f, 0x5e3f, 0x5e3f, 0x5e3f, 0x5e3f, 0x5e5f, 0x665f, 0x665f,
  0x5e5f, 0x665f, 0x667f, 0x665f, 0x665f, 0x665f, 0x665f, 0x6e7f, 0x6e7f, 0x6e7f, 0x6e7f, 0x6e7f,
  0x6e7f, 0x6e7f, 0x6e7f, 0x6e7f, 0x6e7f, 0x6e7f, 0x6e7f, 0x6e7f, 0x6e7f, 0x6e7f, 0x6e7f, 0x6e7f,
  0x6e7f, 0x6e7f, 0x6e7f, 0x6e7f, 0x6e7f, 0x6e7f, 0x6e7f, 0x6e7f, 0x6e7f, 0x6e7f, 0x6e7f, 0x6e7f,
  0x6e7f, 0x6e7f, 0x6e7f, 0x6e7f, 0x6e7f, 0x6e7f, 0x6e7f, 0x6e7f, 0x6e7f, 0x6e7f, 0x6e7f, 0x6e7f,
  0x6e7f, 0x6e7f, 0x6e7f, 0x6e7f, 0x6e7f, 0x6e7f, 0x6e7f, 0x6e7f, 0x6e5f, 0x7e5c, 0x8654, 0x8e4a,
  0x8e07, 0x8de7, 0x8dc6, 0x85c6, 0x8dc6, 0x8dc7, 0x8dc6, 0x8dc6, 0x8dc6, 0x85c6, 0x85c6, 0x85c6,
  0x7d85, 0x8585, 0x85c6, 0x85c6, 0x85c6, 0x7d84, 0x6d03, 0x6c42, 0x5b00, 0x5200, 0x61c2, 0x69c4,
  0x7a26, 0x7a47, 0x8267, 0x8287, 0x8267, 0x8267, 0x8267, 0x8247, 0x8247, 0x7a46, 0x7a46, 0x7a26,
  0x71e5, 0x7a06, 0x8247, 0x7a06, 0x6984, 0x7184, 0x7184, 0x7184, 0x6984, 0x6983, 0x6963, 0x6963,
  0x6983, 0x7184, 0x7184, 0x7184, 0x71a4, 0x71a4, 0x7184, 0x6983, 0x71a4, 0x7184, 0x7184, 0x71a4,
  0x461f, 0x461f, 0x461f, 0x461f, 0x461f, 0x461f, 0x461f, 0x461f, 0x461f, 0x461f, 0x461f, 0x461f,
  0x461f, 0x461f, 0x461f, 0x461f, 0x461f, 0x461f, 0x461f, 0x461f, 0x461f, 0x461f, 0x3e1f, 0x461f,
  0x4dff, 0x4dff, 0x4dff, 0x461f, 0x461e, 0x561d, 0x8ebd, 0xc79f, 0xcf9f, 0xd79f, 0xd79f, 0xd79f,
  0xcf7f, 0xcf7e, 0xd7bf, 0xd79f, 0xd79f, 0xd7bf, 0xd79f, 0xcf7f, 0xd79f, 0xd79f, 0xd79f, 0xdf9f,
  0xdf9f, 0xd79f, 0xd79f, 0xd79f, 0xcf9f, 0xc75f, 0xbf3f, 0xbf3f, 0xb75f, 0x9f3f, 0x6e5d, 0x563e,
  0x4e1f, 0x4e1f, 0x563f, 0x561f, 0x4e3f, 0x563f, 0x563f, 0x5e3f, 0x5e3f, 0x5e3f, 0x5e3f, 0x5e3f,
  0x5e3f, 0x5e3f, 0x5e3f, 0x5e3f, 0x5e3f, 0x5e3f, 0x5e3f, 0x5e3f, 0x5e3f, 0x5e3f, 0x5e3f, 0x5e3f,
  0x5e3f, 0x5e3f, 0x5e3f, 0x5e3f, 0x5e3f, 0x5e3f, 0x5e3f, 0x5e3f, 0x5e3f, 0x5e3f, 0x5e3f, 0x5e3f,
  0x5e3f, 0x5e3f, 0x5e3f, 0x5e3f, 0x5e3f, 0x5e3f, 0x5e3f, 0x5e3f, 0x5e3f, 0x5e3f, 0x5e3f, 0x5e3f,
  0x5e3f, 0x5e3f, 0x5e3f, 0x5e3f, 0x5e3f, 0x5e3f, 0x5e3f, 0x5e3f, 0x5e3f, 0x5e5f, 0x665f, 0x665f,
  0x665f, 0x665f, 0x667f, 0x665f, 0x665f, 0x665f, 0x665f, 0x6e7f, 0x6e7f, 0x6e7f, 0x6e7f, 0x6e7f,
  0x6e7f, 0x6e7f, 0x6e7f, 0x6e7f, 0x6e7f, 0x6e7f, 0x6e7f, 0x6e7f, 0x6e7f, 0x6e7f, 0x6e7f, 0x6e7f,
  0x6e7f, 0x6e7f, 0x6e7f, 0x6e7f, 0x6e7f, 0x6e7f, 0x6e7f, 0x6e7f, 0x6e7f, 0x6e7f, 0x6e7f, 0x6e7f,
  0x6e7f, 0x6e7f, 0x6e7f, 0x6e7f, 0x6e7f, 0x6e7f, 0x6e7f, 0x6e7f, 0x6e7f, 0x6e7f, 0x6e7f, 0x6e7f,
  0x6e7f, 0x6e7f, 0x6e7f, 0x6e7f, 0x6e7f, 0x6e7f, 0x6e7f, 0x6e7f, 0x6e5f, 0x7e5c, 0x8674, 0x8e4b,
  0x8de7, 0x8dc7, 0x8e07, 0x8de6, 0x85a6, 0x8dc6, 0x8da6, 0x8dc6, 0x8dc6, 0x85c6, 0x85c6, 0x85c6,
  0x7d85, 0x7d85, 0x85e6, 0x85c5, 0x85a5, 0x7543, 0x6cc2, 0x6c23, 0x6301, 0x59e1, 0x69e4, 0x7206,
  0x8268, 0x8268, 0x7a67, 0x8267, 0x8267, 0x8267, 0x8247, 0x7a26, 0x8246, 0x8267, 0x8246, 0x7a05,
  0x71c5, 0x71e6, 0x8247, 0x8226, 0x71c5, 0x71a4, 0x6984, 0x7184, 0x6983, 0x6983, 0x6983, 0x6983,
  0x6984, 0x6984, 0x6983, 0x6983, 0x7184, 0x71a4, 0x7184, 0x6983, 0x7184, 0x6983, 0x7184, 0x71a4,
  0x461f, 0x461f, 0x461f, 0x461f, 0x461f, 0x461f, 0x461f, 0x461f, 0x461f, 0x461f, 0x461f, 0x461f,
  0x461f, 0x461f, 0x461f, 0x461f, 0x461f, 0x461f, 0x461f, 0x461f, 0x461f, 0x461f, 0x461f, 0x461f,
  0x4dff, 0x4dff, 0x4dff, 0x461f, 0x463f, 0x561e, 0x765d, 0xa6fe, 0xc77f, 0xd7bf, 0xd79f, 0xd79f,
  0xcf5e, 0xcf5e, 0xd7bf, 0xd79f, 0xd79f, 0xd7bf, 0xd7bf, 0xd79f, 0xd79f, 0xd79f, 0xdf9f, 0xdf9f,
  0xd79f, 0xd79f, 0xd7bf, 0xd7bf, 0xc77f, 0xbf3e, 0xbf3f, 0xbf5f, 0xb77f, 0x9f3f, 0x6e5d, 0x561d,
  0x563f, 0x4e1f, 0x4e1f, 0x563f, 0x565f, 0x561e, 0x561f, 0x5e3f, 0x5e5f, 0x5e3f, 0x5e3f, 0x5e3f,
  0x5e3f, 0x5e3f, 0x5e3f, 0x5e3f, 0x5e3f, 0x5e3f, 0x5e3f, 0x5e3f, 0x5e3f, 0x5e3f, 0x5e3f, 0x5e3f,
  0x5e3f, 0x5e3f, 0x5e3f, 0x5e3f, 0x5e3f, 0x5e3f, 0x5e3f, 0x5e3f, 0x5e3f, 0x5e3f, 0x5e3f, 0x5e3f,
  0x5e3f, 0x5e3f, 0x5e3f, 0x5e3f, 0x5e3f, 0x5e3f, 0x5e3f, 0x5e3f, 0x5e3f, 0x5e3f, 0x5e3f, 0x5e3f,
  0x5e3f, 0x5e3f, 0x5e3f, 0x5e3f, 0x5e3f, 0x5e3f, 0x5e3f, 0x5e3f, 0x5e3f, 0x5e3f, 0x5e3f, 0x665f,
  0x667f, 0x665f, 0x5e5f, 0x665f, 0x667f, 0x665f, 0x665f, 0x6e7f, 0x6e7f, 0x6e7f, 0x6e7f, 0x6e7f,
  0x6e7f, 0x6e7f, 0x6e7f, 0x6e7f, 0x6e7f, 0x6e7f, 0x6e7f, 0x6e7f, 0x6e7f, 0x6e7f, 0x6e7f, 0x6e7f,
  0x6e7f, 0x6e7f, 0x6e7f, 0x6e7f, 0x6e7f, 0x6e7f, 0x6e7f, 0x6e7f, 0x6e7f, 0x6e7f, 0x6e7f, 0x6e7f,
  0x6e7f, 0x6e7f, 0x6e7f, 0x6e7f, 0x6e7f, 0x6e7f, 0x6e7f, 0x6e7f, 0x6e7f, 0x6e7f, 0x6e7f, 0x6e7f,
  0x6e7f, 0x6e7f, 0x6e7f, 0x6e7f, 0x6e7f, 0x6e7f, 0x6e7f, 0x6e7f, 0x6e5f, 0x7e5c, 0x8674, 0x8e4a,
  0x8e07, 0x8de7, 0x9648, 0x8e06, 0x85c6, 0x8dc7, 0x8dc6, 0x8dc6, 0x8dc6, 0x85c6, 0x85c6, 0x85c6,
  0x85c5, 0x85c5, 0x85c5, 0x7d84, 0x7543, 0x6482, 0x6422, 0x73c3, 0x6ae3, 0x61c2, 0x7a26, 0x8247,
  0x8268, 0x8268, 0x8267, 0x8267, 0x8267, 0x8267, 0x8247, 0x71e5, 0x7a05, 0x7a46, 0x7205, 0x69c4,
  0x69a4, 0x71e6, 0x8247, 0x8247, 0x8226, 0x71c4, 0x6984, 0x6984, 0x6983, 0x6963, 0x6984, 0x6984,
  0x6963, 0x6963, 0x6963, 0x6983, 0x6983, 0x7184, 0x7184, 0x6983, 0x6983, 0x6983, 0x6983, 0x71a4,
  0x461f, 0x461f, 0x461f, 0x461f, 0x461f, 0x461f, 0x461f, 0x461f, 0x461f, 0x461f, 0x461f, 0x461f,
  0x461f, 0x461f, 0x461f, 0x461f, 0x461f, 0x461f, 0x461f, 0x461f, 0x461f, 0x461f, 0x461f, 0x461f,
  0x4dff, 0x4dff, 0x461f, 0x461f, 0x461f, 0x4e1e, 0x5ddc, 0x7e3c, 0xb75f, 0xcfbf, 0xd7bf, 0xd7bf,
  0xcf7f, 0xc75e, 0xd7bf, 0xd7bf, 0xd79f, 0xd79f, 0xd79f, 0xd79f, 0xd79f, 0xdf9f, 0xdf9f, 0xdf9f,
  0xd79f, 0xd79f, 0xd7bf, 0xcfbf, 0xc77f, 0xbf3e, 0xbf3f, 0xbf3f, 0xaf5f, 0x9f3f, 0x6e5d, 0x563e,
  0x4e3f, 0x4e1f, 0x563f, 0x563f, 0x4e3f, 0x563e, 0x561f, 0x5e3f, 0x5e3f, 0x5e3f, 0x5e3f, 0x5e3f,
  0x5e3f, 0x5e3f, 0x5e3f, 0x5e3f, 0x5e3f, 0x5e3f, 0x5e3f, 0x5e3f, 0x5e3f, 0x5e3f, 0x5e3f, 0x5e3f,
  0x5e3f, 0x5e3f, 0x5e3f, 0x5e3f, 0x5e3f, 0x5e3f, 0x5e3f, 0x5e3f, 0x5e3f, 0x5e3f, 0x5e3f, 0x5e3f,
  0x5e3f, 0x5e3f, 0x5e3f, 0x5e3f, 0x5e3f, 0x5e3f, 0x5e3f, 0x5e3f, 0x5e3f, 0x5e3f, 0x5e3f, 0x5e3f,
  0x5e3f, 0x5e3f, 0x5e3f, 0x5e3f, 0x5e3f, 0x5e3f, 0x5e3f, 0x5e3f, 0x5e3f, 0x5e5f, 0x5e5f, 0x665f,
  0x665f, 0x665f, 0x665f, 0x665f, 0x665f, 0x665f, 0x665f, 0x6e7f, 0x6e7f, 0x6e7f, 0x6e7f, 0x6e7f,
  0x6e7f, 0x6e7f, 0x6e7f, 0x6e7f, 0x6e7f, 0x6e7f, 0x6e7f, 0x6e7f, 0x6e7f, 0x6e7f, 0x6e7f, 0x6e7f,
  0x6e7f, 0x6e7f, 0x6e7f, 0x6e7f, 0x6e7f, 0x6e7f, 0x6e7f, 0x6e7f, 0x6e7f, 0x6e7f, 0x6e7f, 0x6e7f,
  0x6e7f, 0x6e7f, 0x6e7f, 0x6e7f, 0x6e7f, 0x6e7f, 0x6e7f, 0x6e7f, 0x6e7f, 0x6e7f, 0x6e7f, 0x6e7f,
  0x6e7f, 0x6e7f, 0x6e7f, 0x6e7f, 0x6e7f, 0x6e7f, 0x6e7f, 0x6e7f, 0x6e5f, 0x7e5c, 0x8674, 0x8e6b,
  0x9627, 0x9608, 0x9628, 0x8e06, 0x85c6, 0x8dc6, 0x8dc6, 0x8dc6, 0x8dc6, 0x85c6, 0x85c6, 0x85c6,
  0x85c6, 0x85a5, 0x85a5, 0x7523, 0x64c2, 0x53c1, 0x5b41, 0x6303, 0x6a63, 0x69a3, 0x8227, 0x8a48,
  0x8248, 0x8268, 0x8267, 0x8287, 0x8267, 0x8267, 0x7a26, 0x69a4, 0x71c4, 0x7205, 0x71c4, 0x69a4,
  0x69a4, 0x71c5, 0x7a06, 0x7a06, 0x79e5, 0x71a4, 0x6984, 0x71a4, 0x6984, 0x6983, 0x7184, 0x71a4,
  0x6983, 0x6963, 0x6963, 0x6963, 0x6983, 0x6983, 0x7184, 0x6983, 0x6983, 0x6983, 0x6983, 0x71a4,
  0x461f, 0x461f, 0x461f, 0x461f, 0x461f, 0x461f, 0x461f, 0x461f, 0x461f, 0x461f, 0x461f, 0x461f,
  0x461f, 0x461f, 0x461f, 0x461f, 0x461f, 0x461f, 0x461f, 0x461f, 0x461f, 0x461f, 0x461f, 0x461f,
  0x461f, 0x461f, 0x461f, 0x461f, 0x463f, 0x4e1f, 0x55fe, 0x763d, 0xa73f, 0xc79f, 0xcfbf, 0xcfbf,
  0xcf7f, 0xcf7f, 0xd79f, 0xd79f, 0xd79f, 0xd79f, 0xd79f, 0xd79f, 0xdf9f, 0xdf9f, 0xdf9f, 0xdf9f,
  0xd79f, 0xd79f, 0xcfbf, 0xcfbf, 0xc77f, 0xb75f, 0xbf5f, 0xbf3f, 0xaf5f, 0x9f3f, 0x6e7d, 0x563e,
  0x4e1e, 0x4e1f, 0x563f, 0x4e1f, 0x4e1e, 0x563f, 0x5e3f, 0x5e3f, 0x5e3f, 0x5e3f, 0x5e5f, 0x5e5f,
  0x5e3f, 0x5e3f, 0x5e3f, 0x5e3f, 0x5e3f, 0x5e3f, 0x5e3f, 0x5e3f, 0x5e3f, 0x5e3f, 0x5e3f, 0x5e3f,
  0x5e3f, 0x5e3f, 0x5e3f, 0x5e3f, 0x5e3f, 0x5e3f, 0x5e3f, 0x5e3f, 0x5e3f, 0x5e3f, 0x5e3f, 0x5e3f,
  0x5e3f, 0x5e3f, 0x5e3f, 0x5e3f, 0x5e3f, 0x5e3f, 0x5e3f, 0x5e3f, 0x5e3f, 0x5e3f, 0x5e3f, 0x5e3f,
  0x5e3f, 0x5e3f, 0x5e3f, 0x5e3f, 0x5e3f, 0x5e3f, 0x5e3f, 0x5e3f, 0x5e3f, 0x5e5f, 0x665f, 0x667f,
  0x5e5f, 0x665f, 0x667f, 0x665f, 0x663f, 0x665f, 0x667f, 0x6e7f, 0x6e7f, 0x6e7f, 0x6e7f, 0x6e7f,
  0x6e7f, 0x6e7f, 0x6e7f, 0x6e7f, 0x6e7f, 0x6e7f, 0x6e7f, 0x6e7f, 0x6e7f, 0x6e7f, 0x6e7f, 0x6e7f,
  0x6e7f, 0x6e7f, 0x6e7f, 0x6e7f, 0x6e7f, 0x6e7f, 0x6e7f, 0x6e7f, 0x6e7f, 0x6e7f, 0x6e7f, 0x6e7f,
  0x6e7f, 0x6e7f, 0x6e7f, 0x6e7f, 0x6e7f, 0x6e7f, 0x6e7f, 0x6e7f, 0x6e7f, 0x6e7f, 0x6e7f, 0x6e7f,
  0x6e7f, 0x6e7f, 0x6e7f, 0x6e7f, 0x6e7f, 0x6e7f, 0x6e7f, 0x6e7f, 0x6e5f, 0x7e5c, 0x8653, 0x966b,
  0x9668, 0x9628, 0x8dc6, 0x8dc6, 0x8dc6, 0x85a6, 0x8dc6, 0x8dc6, 0x8dc6, 0x85c6, 0x85c6, 0x85c6,
  0x85c5, 0x7d84, 0x7d64, 0x64e2, 0x5440, 0x4300, 0x4a60, 0x51e0, 0x61c2, 0x69a4, 0x8228, 0x8a49,
  0x8248, 0x8248, 0x8267, 0x8266, 0x8267, 0x8247, 0x7a26, 0x71c5, 0x69c4, 0x71c4, 0x69a4, 0x69a4,
  0x69a4, 0x69a4, 0x6984, 0x6984, 0x6984, 0x6983, 0x6984, 0x71a4, 0x7184, 0x6984, 0x7184, 0x71a4,
  0x71a4, 0x6983, 0x6963, 0x6943, 0x6963, 0x6983, 0x6983, 0x7184, 0x7184, 0x6983, 0x7184, 0x71a4,
  0x461f, 0x461f, 0x461f, 0x461f, 0x461f, 0x461f, 0x461f, 0x461f, 0x461f, 0x461f, 0x461f, 0x461f,
  0x461f, 0x461f, 0x461f, 0x461f, 0x461f, 0x461f, 0x461f, 0x461f, 0x461f, 0x461f, 0x461f, 0x461f,
  0x461f, 0x461f, 0x461f, 0x461f, 0x3e1f, 0x45ff, 0x4dfe, 0x661e, 0x86bf, 0xb73f, 0xc79f, 0xcfbf,
  0xcf9f, 0xc77e, 0xcf7e, 0xd79f, 0xd79f, 0xdf9f, 0xdf9f, 0xdf9f, 0xdf9f, 0xdf9f, 0xdf9f, 0xdf9f,
  0xd79f, 0xd79f, 0xcf9f, 0xc79f, 0xbf7f, 0xb75f, 0xb75f, 0xbf5f, 0xb77f, 0x9f3f, 0x6e5d, 0x561e,
  0x563f, 0x4e1f, 0x4e1f, 0x563f, 0x563f, 0x561f, 0x563f, 0x5e3f, 0x5e3f, 0x5e3f, 0x5e5f, 0x5e5f,
  0x5e3f, 0x5e3f, 0x5e3f, 0x5e3f, 0x5e3f, 0x5e3f, 0x5e3f, 0x5e3f, 0x5e3f, 0x5e3f, 0x5e3f, 0x5e3f,
  0x5e3f, 0x5e3f, 0x5e3f, 0x5e3f, 0x5e3f, 0x5e3f, 0x5e3f, 0x5e3f, 0x5e3f, 0x5e3f, 0x5e3f, 0x5e3f,
  0x5e3f, 0x5e3f, 0x5e3f, 0x5e3f, 0x5e3f, 0x5e3f, 0x5e3f, 0x5e3f, 0x5e3f, 0x5e3f, 0x5e3f, 0x5e3f,
  0x5e3f, 0x5e3f, 0x5e3f, 0x5e3f, 0x5e3f, 0x5e3f, 0x5e3f, 0x5e3f, 0x5e3f, 0x5e5f, 0x667f, 0x667f,
  0x667f, 0x665f, 0x5e5f, 0x665f, 0x667f, 0x665f, 0x665f, 0x6e7f, 0x6e7f, 0x6e7f, 0x6e7f, 0x6e7f,
  0x6e7f, 0x6e7f, 0x6e7f, 0x6e7f, 0x6e7f, 0x6e7f, 0x6e7f, 0x6e7f, 0x6e7f, 0x6e7f, 0x6e7f, 0x6e7f,
  0x6e7f, 0x6e7f, 0x6e7f, 0x6e7f, 0x6e7f, 0x6e7f, 0x6e7f, 0x6e7f, 0x6e7f, 0x6e7f, 0x6e7f, 0x6e7f,
  0x6e7f, 0x6e7f, 0x6e7f, 0x6e7f, 0x6e7f, 0x6e7f, 0x6e7f, 0x6e7f, 0x6e7f, 0x6e7f, 0x6e7f, 0x6e7f,
  0x6e7f, 0x6e7f, 0x6e7f, 0x6e7f, 0x6e7f, 0x6e7f, 0x6e7f, 0x6e7f, 0x6e5f, 0x7e5c, 0x8653, 0x966b,
  0x9e69, 0x9628, 0x8dc6, 0x85c5, 0x8dc7, 0x8dc7, 0x8dc7, 0x8dc6, 0x8dc6, 0x85c6, 0x85c6, 0x85c6,
  0x7d85, 0x7d84, 0x7da5, 0x7564, 0x6ce2, 0x5be2, 0x6302, 0x5201, 0x61c2, 0x69a4, 0x8207, 0x8a48,
  0x8268, 0x8268, 0x8267, 0x7a26, 0x71e5, 0x71e5, 0x71e5, 0x7a26, 0x7a46, 0x7a26, 0x71e5, 0x71c4,
  0x7a06, 0x71e6, 0x69a5, 0x6984, 0x6984, 0x7184, 0x71a4, 0x7184, 0x6984, 0x6984, 0x6983, 0x6983,
  0x7184, 0x6983, 0x6963, 0x6963, 0x6983, 0x6983, 0x6983, 0x7184, 0x71a4, 0x7184, 0x7184, 0x71a4,
  0x461f, 0x461f, 0x461f, 0x461f, 0x461f, 0x461f, 0x461f, 0x461f, 0x461f, 0x461f, 0x461f, 0x461f,
  0x461f, 0x461f, 0x461f, 0x461f, 0x461f, 0x461f, 0x461f, 0x461f, 0x461f, 0x461f, 0x461f, 0x461f,
  0x461f, 0x461f, 0x461f, 0x461f, 0x461f, 0x461f, 0x4dff, 0x4dfe, 0x65fd, 0x8e7c, 0xb73e, 0xc7bf,
  0xc7df, 0xc77f, 0xc73e, 0xcf7e, 0xd79f, 0xdf9f, 0xdf7e, 0xdf9f, 0xdf9f, 0xd79f, 0xd79f, 0xd79f,
  0xd79f, 0xd7bf, 0xcfbf, 0xc77f, 0xbf5f, 0xb75f, 0xb75f, 0xbf5f, 0xb75f, 0x9f3f, 0x6e5d, 0x561e,
  0x565f, 0x563f, 0x4e1f, 0x563f, 0x565f, 0x563f, 0x561f, 0x5e3f, 0x5e3f, 0x5e3f, 0x5e5f, 0x5e5f,
  0x5e3f, 0x5e3f, 0x5e3f, 0x5e3f, 0x5e3f, 0x5e3f, 0x5e3f, 0x5e3f, 0x5e3f, 0x5e3f, 0x5e3f, 0x5e3f,
  0x5e3f, 0x5e3f, 0x5e3f, 0x5e3f, 0x5e3f, 0x5e3f, 0x5e3f, 0x5e3f, 0x5e3f, 0x5e3f, 0x5e3f, 0x5e3f,
  0x5e3f, 0x5e3f, 0x5e3f, 0x5e3f, 0x5e3f, 0x5e3f, 0x5e3f, 0x5e3f, 0x5e3f, 0x5e3f, 0x5e3f, 0x5e3f,
  0x5e3f, 0x5e3f, 0x5e3f, 0x5e3f, 0x5e3f, 0x5e3f, 0x5e3f, 0x5e3f, 0x5e3f, 0x5e3f, 0x5e5f, 0x665f,
  0x667f, 0x665f, 0x665f, 0x665f, 0x665f, 0x665f, 0x665f, 0x6e7f, 0x6e7f, 0x6e7f, 0x6e7f, 0x6e7f,
  0x6e7f, 0x6e7f, 0x6e7f, 0x6e7f, 0x6e7f, 0x6e7f, 0x6e7f, 0x6e7f, 0x6e7f, 0x6e7f, 0x6e7f, 0x6e7f,
  0x6e7f, 0x6e7f, 0x6e7f, 0x6e7f, 0x6e7f, 0x6e7f, 0x6e7f, 0x6e7f, 0x6e7f, 0x6e7f, 0x6e7f, 0x6e7f,
  0x6e7f, 0x6e7f, 0x6e7f, 0x6e7f, 0x6e7f, 0x6e7f, 0x6e7f, 0x6e7f, 0x6e7f, 0x6e7f, 0x6e7f, 0x6e7f,
  0x6e7f, 0x6e7f, 0x6e7f, 0x6e7f, 0x6e7f, 0x6e7f, 0x6e7f, 0x6e7f, 0x6e7f, 0x7e5c, 0x8653, 0x966b,
  0x9648, 0x9607, 0x8dc6, 0x85c5, 0x85c6, 0x8dc7, 0x8dc6, 0x8dc6, 0x8dc6, 0x85c6, 0x85c6, 0x85c6,
  0x7d64, 0x7d85, 0x85c5, 0x7d84, 0x7523, 0x7484, 0x6ba4, 0x5aa2, 0x5a02, 0x69c3, 0x7a06, 0x8227,
  0x8268, 0x8268, 0x8267, 0x7205, 0x69a4, 0x69c5, 0x71e5, 0x8247, 0x8267, 0x8246, 0x71e5, 0x71e5,
  0x8247, 0x7a47, 0x71c5, 0x71c5, 0x71c5, 0x71a4, 0x7184, 0x6983, 0x6984, 0x7184, 0x6963, 0x6963,
  0x6983, 0x6983, 0x6963, 0x6963, 0x7184, 0x7184, 0x6983, 0x6983, 0x7184, 0x7184, 0x7184, 0x7184,
  0x461f, 0x461f, 0x461f, 0x461f, 0x461f, 0x461f, 0x461f, 0x461f, 0x461f, 0x461f, 0x461f, 0x461f,
  0x461f, 0x461f, 0x461f, 0x461f, 0x461f, 0x461f, 0x461f, 0x461f, 0x461f, 0x461f, 0x461f, 0x461f,
  0x461f, 0x463f, 0x463f, 0x461f, 0x461f, 0x461f, 0x461f, 0x4dff, 0x55fd, 0x6dfb, 0x869c, 0xaf9f,
  0xbfdf, 0xbfbf, 0xb75e, 0xc75e, 0xcf9e, 0xd7bf, 0xdf9e, 0xdf9f, 0xd79f, 0xd79f, 0xd79f, 0xd79f,
  0xd79f, 0xd7bf, 0xcfbf, 0xbf5f, 0xb75e, 0xb75f, 0xb75f, 0xbf5f, 0xb77f, 0x9f5f, 0x6e7d, 0x563e,
  0x4e3f, 0x563f, 0x563f, 0x563f, 0x4e3f, 0x563f, 0x5e5f, 0x5e5f, 0x5e3f, 0x5e3f, 0x5e3f, 0x5e5f,
  0x5e3f, 0x5e3f, 0x5e3f, 0x5e3f, 0x5e3f, 0x5e3f, 0x5e3f, 0x5e3f, 0x5e3f, 0x5e3f, 0x5e3f, 0x5e3f,
  0x5e3f, 0x5e3f, 0x5e3f, 0x5e3f, 0x5e3f, 0x5e3f, 0x5e3f, 0x5e3f, 0x5e3f, 0x5e3f, 0x5e3f, 0x5e3f,
  0x5e3f, 0x5e3f, 0x5e3f, 0x5e3f, 0x5e3f, 0x5e3f, 0x5e3f, 0x5e3f, 0x5e3f, 0x5e3f, 0x5e3f, 0x5e3f,
  0x5e3f, 0x5e3f, 0x5e3f, 0x5e3f, 0x5e3f, 0x5e3f, 0x5e3f, 0x5e3f, 0x5e3f, 0x5e3f, 0x5e5f, 0x665f,
  0x665f, 0x665f, 0x667f, 0x665f, 0x663f, 0x665f, 0x665f, 0x6e7f, 0x6e7f, 0x6e7f, 0x6e7f, 0x6e5f,
  0x6e7f, 0x6e7f, 0x6e7f, 0x6e7f, 0x6e7f, 0x6e7f, 0x6e7f, 0x6e7f, 0x6e7f, 0x6e7f, 0x6e7f, 0x6e7f,
  0x6e7f, 0x6e7f, 0x6e7f, 0x6e7f, 0x6e7f, 0x6e7f, 0x6e7f, 0x6e7f, 0x6e7f, 0x6e7f, 0x6e7f, 0x6e7f,
  0x6e7f, 0x6e7f, 0x6e7f, 0x6e7f, 0x6e7f, 0x6e7f, 0x6e7f, 0x6e7f, 0x6e7f, 0x6e7f, 0x6e7f, 0x6e7f,
  0x6e7f, 0x6e7f, 0x6e7f, 0x6e7f, 0x6e7f, 0x6e7f, 0x6e7f, 0x6e7f, 0x6e5f, 0x7e5c, 0x8674, 0x8e6b,
  0x8e07, 0x8dc7, 0x8dc6, 0x8dc6, 0x85c6, 0x8da6, 0x8dc6, 0x8dc6, 0x8dc6, 0x85c6, 0x85c6, 0x85c6,
  0x85a5, 0x85c5, 0x85c5, 0x7d84, 0x7544, 0x7504, 0x7485, 0x6bc3, 0x62e2, 0x5a01, 0x61e3, 0x6a05,
  0x7a47, 0x7a67, 0x8287, 0x7a05, 0x71c5, 0x7a06, 0x8247, 0x8247, 0x7a26, 0x71c4, 0x69a4, 0x71c5,
  0x8246, 0x8267, 0x8247, 0x8247, 0x8226, 0x71c4, 0x6983, 0x6963, 0x6983, 0x6984, 0x6963, 0x6963,
  0x6983, 0x7184, 0x6983, 0x6983, 0x6983, 0x6983, 0x6983, 0x6983, 0x7184, 0x7184, 0x7184, 0x7184,
  0x461f, 0x461f, 0x461f, 0x461f, 0x461f, 0x461f, 0x461f, 0x461f, 0x461f, 0x461f, 0x461f, 0x461f,
  0x461f, 0x461f, 0x461f, 0x461f, 0x461f, 0x461f, 0x461f, 0x461f, 0x461f, 0x461f, 0x45ff, 0x461f,
  0x461f, 0x463e, 0x463f, 0x461f, 0x461f, 0x461f, 0x461f, 0x461f, 0x4dfe, 0x55fc, 0x661c, 0x7ebe,
  0x9f9f, 0xb7df, 0xb79f, 0xb77f, 0xc7bf, 0xd7bf, 0xd79f, 0xd79f, 0xd7bf, 0xd7bf, 0xd7bf, 0xd7df,
  0xd7bf, 0xd7df, 0xcf9f, 0xbf5f, 0xbf5f, 0xb75f, 0xbf5f, 0xbf5f, 0xb77f, 0x9f3f, 0x6e5d, 0x563e,
  0x4e1f, 0x4e1f, 0x563f, 0x563f, 0x4e3f, 0x563e, 0x563f, 0x5e3f, 0x5e5f, 0x5e3f, 0x5e3f, 0x5e3f,
  0x5e3f, 0x5e3f, 0x5e3f, 0x5e3f, 0x5e3f, 0x5e3f, 0x5e3f, 0x5e3f, 0x5e3f, 0x5e3f, 0x5e3f, 0x5e3f,
  0x5e3f, 0x5e3f, 0x5e3f, 0x5e3f, 0x5e3f, 0x5e3f, 0x5e3f, 0x5e3f, 0x5e3f, 0x5e3f, 0x5e3f, 0x5e3f,
  0x5e3f, 0x5e3f, 0x5e3f, 0x5e3f, 0x5e3f, 0x5e3f, 0x5e3f, 0x5e3f, 0x5e3f, 0x5e3f, 0x5e3f, 0x5e3f,
  0x5e3f, 0x5e3f, 0x5e3f, 0x5e3f, 0x5e3f, 0x5e3f, 0x5e3f, 0x5e3f, 0x5e3f, 0x5e3f, 0x5e5f, 0x665f,
  0x665f, 0x665f, 0x665f, 0x665f, 0x665f, 0x665f, 0x665f, 0x6e7f, 0x6e7f, 0x6e7f, 0x6e7f, 0x6e7f,
  0x6e7f, 0x6e7f, 0x6e7f, 0x6e7f, 0x6e7f, 0x6e7f, 0x6e7f, 0x6e7f, 0x6e7f, 0x6e7f, 0x6e7f, 0x6e7f,
  0x6e7f, 0x6e7f, 0x6e7f, 0x6e7f, 0x6e7f, 0x6e7f, 0x6e7f, 0x6e7f, 0x6e7f, 0x6e7f, 0x6e7f, 0x6e7f,
  0x6e7f, 0x6e7f, 0x6e7f, 0x6e7f, 0x6e7f, 0x6e7f, 0x6e7f, 0x6e7f, 0x6e7f, 0x6e7f, 0x6e7f, 0x6e7f,
  0x6e7f, 0x6e7f, 0x6e7f, 0x6e7f, 0x6e7f, 0x6e7f, 0x6e7f, 0x6e7f, 0x6e5f, 0x7e5c, 0x8674, 0x8e4b,
  0x8de6, 0x85c6, 0x85c6, 0x8dc6, 0x85c6, 0x8dc6, 0x8dc6, 0x8dc6, 0x8dc6, 0x85c6, 0x85c6, 0x85c6,
  0x85c6, 0x85c5, 0x85a5, 0x7da5, 0x7d64, 0x7544, 0x7524, 0x6c83, 0x6ba2, 0x62c1, 0x5a01, 0x59e3,
  0x6a25, 0x7246, 0x8267, 0x7a26, 0x71e5, 0x7a06, 0x7a27, 0x7a26, 0x71e5, 0x69a4, 0x69a4, 0x71c4,
  0x7a06, 0x8247, 0x8267, 0x8247, 0x7a05, 0x71c4, 0x6983, 0x6963, 0x6963, 0x6983, 0x6963, 0x6963,
  0x6983, 0x71a4, 0x71a4, 0x7184, 0x6983, 0x6963, 0x6963, 0x6983, 0x7184, 0x7184, 0x7184, 0x7184,
  0x461f, 0x461f, 0x461f, 0x461f, 0x461f, 0x461f, 0x461f, 0x461f, 0x461f, 0x461f, 0x461f, 0x461f,
  0x461f, 0x461f, 0x461f, 0x461f, 0x461f, 0x461f, 0x461f, 0x461f, 0x461f, 0x461f, 0x4dff, 0x461f,
  0x461f, 0x463e, 0x463e, 0x461f, 0x461f, 0x4dff, 0x461f, 0x461f, 0x461f, 0x461e, 0x4e1e, 0x55fd,
  0x6ebf, 0x86ff, 0x8ebe, 0x96bd, 0xaf5f, 0xc7bf, 0xcfbf, 0xcfbf, 0xcf9f, 0xcf9f, 0xcf9f, 0xcfbf,
  0xcfbf, 0xcf9f, 0xc77f, 0xbf5f, 0xbf5f, 0xb73f, 0xbf5f, 0xbf5f, 0xb77f, 0x9f3f, 0x6e5d, 0x561e,
  0x563f, 0x4e1f, 0x4e1f, 0x563f, 0x4e3f, 0x4e1e, 0x561f, 0x5e3f, 0x5e5f, 0x5e5f, 0x5e3f, 0x5e3f,
  0x5e3f, 0x5e3f, 0x5e3f, 0x5e3f, 0x5e3f, 0x5e3f, 0x5e3f, 0x5e3f, 0x5e3f, 0x5e3f, 0x5e3f, 0x5e3f,
  0x5e3f, 0x5e3f, 0x5e3f, 0x5e3f, 0x5e3f, 0x5e3f, 0x5e3f, 0x5e3f, 0x5e3f, 0x5e3f, 0x5e3f, 0x5e3f,
  0x5e3f, 0x5e3f, 0x5e3f, 0x5e3f, 0x5e3f, 0x5e3f, 0x5e3f, 0x5e3f, 0x5e3f, 0x5e3f, 0x5e3f, 0x5e3f,
  0x5e3f, 0x5e3f, 0x5e3f, 0x5e3f, 0x5e3f, 0x5e3f, 0x5e3f, 0x5e3f, 0x5e3f, 0x5e3f, 0x5e5f, 0x665f,
  0x667f, 0x665f, 0x665f, 0x665f, 0x665f, 0x665f, 0x665f, 0x665f, 0x6e7f, 0x6e7f, 0x6e7f, 0x6e7f,
  0x6e7f, 0x6e7f, 0x6e7f, 0x6e7f, 0x6e7f, 0x6e7f, 0x6e7f, 0x6e7f, 0x6e7f, 0x6e7f, 0x6e7f, 0x6e7f,
  0x6e7f, 0x6e7f, 0x6e7f, 0x6e7f, 0x6e7f, 0x6e7f, 0x6e7f, 0x6e7f, 0x6e7f, 0x6e7f, 0x6e7f, 0x6e7f,
  0x6e7f, 0x6e7f, 0x6e7f, 0x6e7f, 0x6e7f, 0x6e7f, 0x6e7f, 0x6e7f, 0x6e7f, 0x6e7f, 0x6e7f, 0x6e7f,
  0x6e7f, 0x6e7f, 0x6e7f, 0x6e7f, 0x6e7f, 0x6e7f, 0x6e7f, 0x6e7f, 0x6e5f, 0x7e5c, 0x8674, 0x8e4b,
  0x8e07, 0x8dc6, 0x85c6, 0x8dc6, 0x8dc6, 0x8dc7, 0x8dc6, 0x8dc6, 0x8dc6, 0x85c6, 0x85c6, 0x85c6,
  0x8de6, 0x7da5, 0x7d64, 0x7d84, 0x85c5, 0x75a3, 0x6da3, 0x7543, 0x7483, 0x6ba3, 0x5a81, 0x51e1,
  0x59c2, 0x6a04, 0x8246, 0x8267, 0x7a06, 0x71c5, 0x69a4, 0x69a4, 0x69a4, 0x69a4, 0x69a4, 0x69a4,
  0x69a4, 0x7a06, 0x8247, 0x7a06, 0x6984, 0x6984, 0x6983, 0x6963, 0x6963, 0x6963, 0x6963, 0x6963,
  0x6983, 0x6984, 0x7184, 0x6983, 0x6983, 0x6963, 0x6983, 0x6983, 0x7184, 0x7184, 0x7184, 0x7184,
  0x461f, 0x461f, 0x461f, 0x461f, 0x461f, 0x461f, 0x461f, 0x461f, 0x461f, 0x461f, 0x461f, 0x461f,
  0x461f, 0x461f, 0x461f, 0x461f, 0x461f, 0x461f, 0x461f, 0x461f, 0x461f, 0x461f, 0x461f, 0x461f,
  0x461f, 0x463e, 0x463e, 0x461f, 0x4e1f, 0x4dff, 0x461f, 0x461f, 0x463f, 0x3e3f, 0x463f, 0x461f,
  0x4e1e, 0x561e, 0x5ddc, 0x6dfc, 0x8ebe, 0xa73f, 0xaf3f, 0xaf3f, 0xb73f, 0xb73e, 0xbf5f, 0xc79f,
  0xcfbf, 0xc79f, 0xc75e, 0xbf5f, 0xbf5f, 0xb73f, 0xbf5f, 0xbf5f, 0xb77f, 0x9f3f, 0x6e5d, 0x563e,
  0x4e3f, 0x4e3f, 0x563f, 0x563f, 0x563f, 0x561f, 0x561f, 0x5e3f, 0x5e3f, 0x5e3f, 0x5e5f, 0x5e5f,
  0x5e3f, 0x5e3f, 0x5e3f, 0x5e3f, 0x5e3f, 0x5e3f, 0x5e3f, 0x5e3f, 0x5e3f, 0x5e3f, 0x5e3f, 0x5e3f,
  0x5e3f, 0x5e3f, 0x5e3f, 0x5e3f, 0x5e3f, 0x5e3f, 0x5e3f, 0x5e3f, 0x5e3f, 0x5e3f, 0x5e3f, 0x5e3f,
  0x5e3f, 0x5e3f, 0x5e3f, 0x5e3f, 0x5e3f, 0x5e3f, 0x5e3f, 0x5e3f, 0x5e3f, 0x5e3f, 0x5e3f, 0x5e3f,
  0x5e3f, 0x5e3f, 0x5e3f, 0x5e3f, 0x5e3f, 0x5e3f, 0x5e3f, 0x5e3f, 0x5e3f, 0x5e3f, 0x5e5f, 0x665f,
  0x667f, 0x665f, 0x665f, 0x665f, 0x665f, 0x665f, 0x665f, 0x6e7f, 0x6e7f, 0x6e7f, 0x6e7f, 0x6e7f,
  0x6e7f, 0x6e7f, 0x6e7f, 0x6e7f, 0x6e7f, 0x6e7f, 0x6e7f, 0x6e7f, 0x6e7f, 0x6e7f, 0x6e7f, 0x6e7f,
  0x6e7f, 0x6e7f, 0x6e7f, 0x6e7f, 0x6e7f, 0x6e7f, 0x6e7f, 0x6e7f, 0x6e7f, 0x6e7f, 0x6e7f, 0x6e7f,
  0x6e7f, 0x6e7f, 0x6e7f, 0x6e7f, 0x6e7f, 0x6e7f, 0x6e7f, 0x6e7f, 0x6e7f, 0x6e7f, 0x6e7f, 0x6e7f,
  0x6e7f, 0x6e7f, 0x6e7f, 0x6e7f, 0x6e7f, 0x6e7f, 0x6e7f, 0x6e7f, 0x6e5f, 0x7e5c, 0x8654, 0x8e6b,
  0x9627, 0x8de7, 0x8dc6, 0x8dc6, 0x8dc7, 0x8dc7, 0x8dc6, 0x8dc6, 0x8dc6, 0x8dc6, 0x8dc6, 0x8dc6,
  0x85c6, 0x85a5, 0x7d85, 0x85c5, 0x85c5, 0x75e4, 0x6dc2, 0x6d83, 0x6cc2, 0x6be2, 0x6322, 0x62a3,
  0x59e2, 0x61c3, 0x71e5, 0x79e5, 0x79e6, 0x69a4, 0x71c5, 0x7a06, 0x7a05, 0x7a05, 0x7a06, 0x7a05,
  0x71c4, 0x71e5, 0x8247, 0x7a06, 0x6984, 0x71a4, 0x7184, 0x6983, 0x6963, 0x6963, 0x6963, 0x6983,
  0x6983, 0x6963, 0x6983, 0x6983, 0x6983, 0x6983, 0x6983, 0x6983, 0x7184, 0x7184, 0x7184, 0x7184,
  0x461f, 0x461f, 0x461f, 0x461f, 0x461f, 0x461f, 0x461f, 0x461f, 0x461f, 0x461f, 0x461f, 0x461f,
  0x461f, 0x461f, 0x461f, 0x461f, 0x461f, 0x461f, 0x461f, 0x461f, 0x461f, 0x461f, 0x461f, 0x461f,
  0x461f, 0x461f, 0x461f, 0x461f, 0x461f, 0x461f, 0x461f, 0x461f, 0x461f, 0x461f, 0x461f, 0x461f,
  0x461f, 0x4e1f, 0x4dfe, 0x4dfe, 0x5dfe, 0x5e1e, 0x661e, 0x661e, 0x661d, 0x6e1c, 0x7e3c, 0xa73f,
  0xb77f, 0xbf5f, 0xbf5e, 0xbf3e, 0xb75f, 0xb75f, 0xb75f, 0xbf5f, 0xaf7f, 0x9f5f, 0x6e7e, 0x563f,
  0x4e1f, 0x563f, 0x563f, 0x561f, 0x55ff, 0x5e1f, 0x5e3f, 0x5e5f, 0x5e3f, 0x5e3f, 0x5e5f, 0x5e5f,
  0x5e3f, 0x5e3f, 0x5e3f, 0x5e3f, 0x5e3f, 0x5e3f, 0x5e3f, 0x5e3f, 0x5e3f, 0x5e3f, 0x5e3f, 0x5e3f,
  0x5e3f, 0x5e3f, 0x5e3f, 0x5e3f, 0x5e3f, 0x5e3f, 0x5e3f, 0x5e3f, 0x5e3f, 0x5e3f, 0x5e3f, 0x5e3f,
  0x5e3f, 0x5e3f, 0x5e3f, 0x5e3f, 0x5e3f, 0x5e3f, 0x5e3f, 0x5e3f, 0x5e3f, 0x5e3f, 0x5e3f, 0x5e3f,
  0x5e3f, 0x5e3f, 0x5e3f, 0x5e3f, 0x5e3f, 0x5e3f, 0x5e3f, 0x5e5f, 0x5e3f, 0x5e3f, 0x665f, 0x667f,
  0x665f, 0x665f, 0x667f, 0x665f, 0x663f, 0x665f, 0x667f, 0x6e7f, 0x6e7f, 0x665f, 0x6e7f, 0x6e7f,
  0x6e7f, 0x6e7f, 0x6e7f, 0x6e7f, 0x6e7f, 0x6e7f, 0x6e7f, 0x6e7f, 0x6e7f, 0x6e7f, 0x6e7f, 0x6e7f,
  0x6e7f, 0x6e7f, 0x6e7f, 0x6e7f, 0x6e7f, 0x6e7f, 0x6e7f, 0x6e7f, 0x6e7f, 0x6e7f, 0x6e7f, 0x6e7f,
  0x6e7f, 0x6e7f, 0x6e7f, 0x6e7f, 0x6e7f, 0x6e7f, 0x6e7f, 0x6e7f, 0x6e7f, 0x6e7f, 0x6e7f, 0x6e7f,
  0x6e7f, 0x6e7f, 0x6e7f, 0x6e7f, 0x6e7f, 0x6e7f, 0x6e7f, 0x6e7f, 0x6e5f, 0x7e5c, 0x8674, 0x968b,
  0x9668, 0x9608, 0x8dc6, 0x85c6, 0x8dc7, 0x8dc7, 0x8dc7, 0x8da6, 0x8da6, 0x8da6, 0x8da6, 0x8da6,
  0x8dc6, 0x8dc6, 0x8da6, 0x8da6, 0x8dc6, 0x7de5, 0x6de3, 0x6d82, 0x64c2, 0x6422, 0x6b84, 0x7305,
  0x6203, 0x6183, 0x69a4, 0x71c4, 0x69c4, 0x69c4, 0x7205, 0x8267, 0x8267, 0x8247, 0x8247, 0x7a06,
  0x71c4, 0x71e5, 0x8247, 0x79e5, 0x71a4, 0x71a4, 0x7184, 0x6983, 0x6963, 0x6963, 0x6984, 0x6984,
  0x6963, 0x6963, 0x6963, 0x6983, 0x71a4, 0x7184, 0x6983, 0x6983, 0x7184, 0x7184, 0x7184, 0x7184,
  0x461f, 0x461f, 0x461f, 0x461f, 0x461f, 0x461f, 0x461f, 0x461f, 0x461f, 0x461f, 0x461f, 0x461f,
  0x461f, 0x461f, 0x461f, 0x461f, 0x461f, 0x461f, 0x461f, 0x461f, 0x461f, 0x461f, 0x461f, 0x461f,
  0x461f, 0x461f, 0x461f, 0x461f, 0x461f, 0x461f, 0x461f, 0x461f, 0x461f, 0x461f, 0x461f, 0x461f,
  0x461f, 0x461f, 0x461f, 0x461f, 0x461f, 0x4e1f, 0x4e1f, 0x4e1f, 0x4e1f, 0x4dfe, 0x663d, 0x973f,
  0xaf7f, 0xb77f, 0xbf5e, 0xb73e, 0xb75f, 0xb75f, 0xb75f, 0xbf5f, 0xb77f, 0x9f5f, 0x665e, 0x4e1e,
  0x565f, 0x4e3f, 0x561f, 0x561f, 0x5e1f, 0x561f, 0x561f, 0x563f, 0x5e5f, 0x5e3f, 0x5e3f, 0x5e3f,
  0x5e3f, 0x5e3f, 0x5e3f, 0x5e3f, 0x5e3f, 0x5e3f, 0x5e3f, 0x5e3f, 0x5e3f, 0x5e3f, 0x5e3f, 0x5e3f,
  0x5e3f, 0x5e3f, 0x5e3f, 0x5e3f, 0x5e3f, 0x5e3f, 0x5e3f, 0x5e3f, 0x5e3f, 0x5e3f, 0x5e3f, 0x5e3f,
  0x5e3f, 0x5e3f, 0x5e3f, 0x5e3f, 0x5e3f, 0x5e3f, 0x5e3f, 0x5e3f, 0x5e3f, 0x5e3f, 0x5e3f, 0x5e3f,
  0x5e3f, 0x5e3f, 0x5e3f, 0x5e3f, 0x5e3f, 0x5e3f, 0x5e3f, 0x5e3f, 0x5e3f, 0x5e3f, 0x5e3f, 0x665f,
  0x665f, 0x665f, 0x665f, 0x665f, 0x665f, 0x665f, 0x665f, 0x6e7f, 0x6e7f, 0x6e7f, 0x6e7f, 0x6e5f,
  0x6e7f, 0x6e7f, 0x6e7f, 0x6e7f, 0x6e7f, 0x6e7f, 0x6e7f, 0x6e7f, 0x6e7f, 0x6e7f, 0x6e7f, 0x6e7f,
  0x6e7f, 0x6e7f, 0x6e7f, 0x6e7f, 0x6e7f, 0x6e7f, 0x6e7f, 0x6e7f, 0x6e7f, 0x6e7f, 0x6e7f, 0x6e7f,
  0x6e7f, 0x6e7f, 0x6e7f, 0x6e7f, 0x6e7f, 0x6e7f, 0x6e7f, 0x6e7f, 0x6e7f, 0x6e7f, 0x6e7f, 0x6e7f,
  0x6e7f, 0x6e7f, 0x6e7f, 0x6e7f, 0x6e7f, 0x6e7f, 0x6e7f, 0x6e7f, 0x6e7f, 0x7e5c, 0x8653, 0x8e4a,
  0x8e07, 0x8de7, 0x8dc6, 0x85c6, 0x8dc6, 0x8da6, 0x8da7, 0x8da7, 0x8da7, 0x8da7, 0x8da7, 0x8da6,
  0x8da6, 0x8dc6, 0x8da6, 0x8da6, 0x8dc6, 0x7da4, 0x6d62, 0x5ce1, 0x5c61, 0x63e2, 0x5ae2, 0x5a22,
  0x61a3, 0x6183, 0x6983, 0x7205, 0x7a46, 0x7a46, 0x7a47, 0x8287, 0x8287, 0x8247, 0x7a06, 0x71c5,
  0x69a4, 0x79e5, 0x8226, 0x79e5, 0x71a4, 0x71a4, 0x71a4, 0x71a4, 0x7184, 0x6983, 0x71a4, 0x71a4,
  0x6983, 0x6983, 0x6963, 0x6983, 0x71a4, 0x71a4, 0x6983, 0x6983, 0x7184, 0x7184, 0x7184, 0x7184,
  0x461f, 0x461f, 0x461f, 0x461f, 0x461f, 0x461f, 0x461f, 0x461f, 0x461f, 0x461f, 0x461f, 0x461f,
  0x461f, 0x461f, 0x461f, 0x461f, 0x461f, 0x461f, 0x461f, 0x461f, 0x461f, 0x461f, 0x461f, 0x461f,
  0x461f, 0x461f, 0x461f, 0x461f, 0x461f, 0x461f, 0x461f, 0x461f, 0x461f, 0x461f, 0x461f, 0x461f,
  0x461f, 0x461f, 0x461f, 0x461f, 0x461f, 0x461f, 0x461f, 0x461f, 0x461f, 0x4dfe, 0x5e1e, 0x7e9e,
  0x9f1f, 0xb75f, 0xb75f, 0xb75e, 0xb75f, 0xb75f, 0xb75f, 0xbf5e, 0xb77f, 0x9f3f, 0x6e5e, 0x561e,
  0x565f, 0x4e3f, 0x4e1f, 0x561f, 0x561f, 0x561f, 0x561f, 0x563f, 0x5e5f, 0x5e3f, 0x5e3f, 0x5e3f,
  0x5e3f, 0x5e3f, 0x5e3f, 0x5e3f, 0x5e3f, 0x5e3f, 0x5e3f, 0x5e3f, 0x5e3f, 0x5e3f, 0x5e3f, 0x5e3f,
  0x5e3f, 0x5e3f, 0x5e3f, 0x5e3f, 0x5e3f, 0x5e3f, 0x5e3f, 0x5e3f, 0x5e3f, 0x5e3f, 0x5e3f, 0x5e3f,
  0x5e3f, 0x5e3f, 0x5e3f, 0x5e3f, 0x5e3f, 0x5e3f, 0x5e3f, 0x5e3f, 0x5e3f, 0x5e3f, 0x5e3f, 0x5e3f,
  0x5e3f, 0x5e3f, 0x5e3f, 0x5e3f, 0x5e3f, 0x5e3f, 0x5e3f, 0x5e3f, 0x5e3f, 0x5e3f, 0x665f, 0x665f,
  0x665f, 0x665f, 0x665f, 0x665f, 0x667f, 0x665f, 0x665f, 0x6e7f, 0x6e7f, 0x6e7f, 0x6e7f, 0x6e5f,
  0x6e7f, 0x6e7f, 0x6e7f, 0x6e7f, 0x6e7f, 0x6e7f, 0x6e7f, 0x6e7f, 0x6e7f, 0x6e7f, 0x6e7f, 0x6e7f,
  0x6e7f, 0x6e7f, 0x6e7f, 0x6e7f, 0x6e7f, 0x6e7f, 0x6e7f, 0x6e7f, 0x6e7f, 0x6e7f, 0x6e7f, 0x6e7f,
  0x6e7f, 0x6e7f, 0x6e7f, 0x6e7f, 0x6e7f, 0x6e7f, 0x6e7f, 0x6e7f, 0x6e7f, 0x6e7f, 0x6e7f, 0x6e7f,
  0x6e7f, 0x6e7f, 0x6e7f, 0x6e7f, 0x6e7f, 0x6e7f, 0x6e7f, 0x6e7f, 0x6e5f, 0x7e5c, 0x8674, 0x8e4b,
  0x8de6, 0x8dc6, 0x8dc6, 0x8dc6, 0x85c6, 0x85a6, 0x8da7, 0x8da7, 0x8da7, 0x8da7, 0x8da6, 0x8dc6,
  0x8dc6, 0x8dc6, 0x85c6, 0x85a5, 0x7d85, 0x7543, 0x6d03, 0x5c61, 0x63e1, 0x6382, 0x5a82, 0x59c2,
  0x61a3, 0x69a4, 0x71c5, 0x7a46, 0x8267, 0x8267, 0x8267, 0x8267, 0x8267, 0x7a26, 0x71e5, 0x6984,
  0x6984, 0x71c5, 0x7a26, 0x79e5, 0x71a4, 0x71a4, 0x71a4, 0x71a4, 0x71a4, 0x71a4, 0x7184, 0x71a4,
  0x71a4, 0x6983, 0x6963, 0x6983, 0x7184, 0x7184, 0x7184, 0x71a4, 0x7184, 0x7184, 0x7184, 0x7184,
  0x461f, 0x461f, 0x461f, 0x461f, 0x461f, 0x461f, 0x461f, 0x461f, 0x461f, 0x461f, 0x461f, 0x461f,
  0x461f, 0x461f, 0x461f, 0x461f, 0x461f, 0x461f, 0x461f, 0x461f, 0x461f, 0x461f, 0x461f, 0x461f,
  0x461f, 0x461f, 0x461f, 0x461f, 0x461f, 0x461f, 0x461f, 0x461f, 0x461f, 0x461f, 0x461f, 0x461f,
  0x461f, 0x461f, 0x461f, 0x461f, 0x461f, 0x461f, 0x461f, 0x461f, 0x461f, 0x461f, 0x55fd, 0x65fc,
  0x8ede, 0xaf5f, 0xb75f, 0xb75f, 0xbf5f, 0xb75f, 0xbf5e, 0xbf5e, 0xb75f, 0x9f3f, 0x6e7e, 0x563e,
  0x4e1e, 0x563f, 0x563f, 0x561f, 0x4e1f, 0x561f, 0x5e3f, 0x5e5f, 0x5e3f, 0x5e3f, 0x5e5f, 0x5e5f,
  0x5e3f, 0x5e3f, 0x5e3f, 0x5e3f, 0x5e3f, 0x5e3f, 0x5e3f, 0x5e3f, 0x5e3f, 0x5e3f, 0x5e3f, 0x5e3f,
  0x5e3f, 0x5e3f, 0x5e3f, 0x5e3f, 0x5e3f, 0x5e3f, 0x5e3f, 0x5e3f, 0x5e3f, 0x5e3f, 0x5e3f, 0x5e3f,
  0x5e3f, 0x5e3f, 0x5e3f, 0x5e3f, 0x5e3f, 0x5e3f, 0x5e3f, 0x5e3f, 0x5e3f, 0x5e3f, 0x5e3f, 0x5e3f,
  0x5e3f, 0x5e3f, 0x5e3f, 0x5e3f, 0x5e3f, 0x5e3f, 0x5e3f, 0x5e3f, 0x5e3f, 0x5e3f, 0x665f, 0x665f,
  0x665f, 0x665f, 0x667f, 0x665f, 0x663f, 0x665f, 0x667f, 0x6e7f, 0x6e7f, 0x665f, 0x6e7f, 0x6e7f,
  0x6e7f, 0x6e7f, 0x6e7f, 0x6e7f, 0x6e7f, 0x6e7f, 0x6e7f, 0x6e7f, 0x6e7f, 0x6e7f, 0x6e7f, 0x6e7f,
  0x6e7f, 0x6e7f, 0x6e7f, 0x6e7f, 0x6e7f, 0x6e7f, 0x6e7f, 0x6e7f, 0x6e7f, 0x6e7f, 0x6e7f, 0x6e7f,
  0x6e7f, 0x6e7f, 0x6e7f, 0x6e7f, 0x6e7f, 0x6e7f, 0x6e7f, 0x6e7f, 0x6e7f, 0x6e7f, 0x6e7f, 0x6e7f,
  0x6e7f, 0x6e7f, 0x6e7f, 0x6e7f, 0x6e7f, 0x6e7f, 0x6e7f, 0x6e7f, 0x6e5f, 0x7e5c, 0x8674, 0x8e4a,
  0x8de6, 0x8dc6, 0x8dc6, 0x8dc6, 0x85c6, 0x85a6, 0x8da7, 0x8da7, 0x8da7, 0x8da6, 0x8dc6, 0x85c6,
  0x85c6, 0x85e6, 0x85e5, 0x7da4, 0x7563, 0x64a1, 0x6442, 0x63e2, 0x5b42, 0x5241, 0x59e2, 0x61c3,
  0x6984, 0x71c5, 0x8226, 0x8267, 0x8267, 0x8267, 0x8267, 0x8267, 0x7a06, 0x71c5, 0x71a4, 0x6984,
  0x6984, 0x71a4, 0x71c5, 0x71a4, 0x71a4, 0x7184, 0x6983, 0x6983, 0x6983, 0x7184, 0x6983, 0x6983,
  0x71a4, 0x6983, 0x6963, 0x6983, 0x6983, 0x7184, 0x7184, 0x71a4, 0x7184, 0x7184, 0x7184, 0x7184,
  0x461f, 0x461f, 0x461f, 0x461f, 0x461f, 0x461f, 0x461f, 0x461f, 0x461f, 0x461f, 0x461f, 0x461f,
  0x461f, 0x461f, 0x461f, 0x461f, 0x461f, 0x461f, 0x461f, 0x461f, 0x461f, 0x461f, 0x461f, 0x461f,
  0x461f, 0x461f, 0x461f, 0x461f, 0x461f, 0x461f, 0x461f, 0x461f, 0x461f, 0x461f, 0x461f, 0x461f,
  0x461f, 0x461f, 0x461f, 0x461f, 0x461f, 0x461f, 0x461f, 0x461f, 0x461f, 0x461f, 0x4dfe, 0x5ddc,
  0x86be, 0xa75f, 0xaf7f, 0xb77f, 0xb75f, 0xbf5e, 0xbf5e, 0xbf5e, 0xb75f, 0x9f3f, 0x6e5e, 0x561e,
  0x563f, 0x563f, 0x563f, 0x4e3f, 0x4e3f, 0x563f, 0x563f, 0x5e3f, 0x5e3f, 0x5e3f, 0x5e5f, 0x5e5f,
  0x5e3f, 0x5e3f, 0x5e3f, 0x5e3f, 0x5e3f, 0x5e3f, 0x5e3f, 0x5e3f, 0x5e3f, 0x5e3f, 0x5e3f, 0x5e3f,
  0x5e3f, 0x5e3f, 0x5e3f, 0x5e3f, 0x5e3f, 0x5e3f, 0x5e3f, 0x5e3f, 0x5e3f, 0x5e3f, 0x5e3f, 0x5e3f,
  0x5e3f, 0x5e3f, 0x5e3f, 0x5e3f, 0x5e3f, 0x5e3f, 0x5e3f, 0x5e3f, 0x5e3f, 0x5e3f, 0x5e3f, 0x5e3f,
  0x5e3f, 0x5e3f, 0x5e3f, 0x5e3f, 0x5e3f, 0x5e3f, 0x5e3f, 0x5e3f, 0x5e3f, 0x5e3f, 0x665f, 0x665f,
  0x665f, 0x665f, 0x665f, 0x665f, 0x665f, 0x665f, 0x665f, 0x6e7f, 0x6e7f, 0x6e7f, 0x6e7f, 0x6e7f,
  0x6e7f, 0x6e7f, 0x6e7f, 0x6e7f, 0x6e7f, 0x6e7f, 0x6e7f, 0x6e7f, 0x6e7f, 0x6e7f, 0x6e7f, 0x6e7f,
  0x6e7f, 0x6e7f, 0x6e7f, 0x6e7f, 0x6e7f, 0x6e7f, 0x6e7f, 0x6e7f, 0x6e7f, 0x6e7f, 0x6e7f, 0x6e7f,
  0x6e7f, 0x6e7f, 0x6e7f, 0x6e7f, 0x6e7f, 0x6e7f, 0x6e7f, 0x6e7f, 0x6e7f, 0x6e7f, 0x6e7f, 0x6e7f,
  0x6e7f, 0x6e7f, 0x6e7f, 0x6e7f, 0x6e7f, 0x6e7f, 0x6e7f, 0x6e7f, 0x6e5f, 0x7e5c, 0x8653, 0x8e4a,
  0x8e27, 0x8de7, 0x8dc6, 0x85c6, 0x8dc6, 0x8da6, 0x8da7, 0x8da7, 0x8da7, 0x8da6, 0x8dc6, 0x85c6,
  0x85e6, 0x85c5, 0x7dc4, 0x75a3, 0x6d42, 0x6461, 0x63e2, 0x6342, 0x5a82, 0x59e2, 0x69e4, 0x71e5,
  0x71e5, 0x71e5, 0x7a26, 0x8247, 0x8267, 0x8267, 0x8267, 0x8267, 0x7a06, 0x69a4, 0x6984, 0x69a4,
  0x71e5, 0x71c5, 0x6984, 0x6984, 0x7184, 0x7184, 0x6983, 0x6983, 0x6983, 0x7184, 0x6983, 0x6983,
  0x6983, 0x6983, 0x6983, 0x6983, 0x7184, 0x6983, 0x6983, 0x71a4, 0x7184, 0x7184, 0x7184, 0x7184,
  0x461f, 0x461f, 0x461f, 0x461f, 0x461f, 0x461f, 0x461f, 0x461f, 0x461f, 0x461f, 0x461f, 0x461f,
  0x461f, 0x461f, 0x461f, 0x461f, 0x461f, 0x461f, 0x461f, 0x461f, 0x461f, 0x461f, 0x461f, 0x461f,
  0x461f, 0x461f, 0x461f, 0x461f, 0x461f, 0x461f, 0x461f, 0x461f, 0x461f, 0x461f, 0x461f, 0x461f,
  0x461f, 0x461f, 0x461f, 0x461f, 0x461f, 0x461f, 0x461f, 0x461f, 0x461f, 0x461f, 0x4dff, 0x55fd,
  0x6e5e, 0x8eff, 0xa77f, 0xaf7f, 0xb75f, 0xb75f, 0xbf5e, 0xb75f, 0xaf7f, 0x973f, 0x663d, 0x561e,
  0x563f, 0x563f, 0x4e1f, 0x4e3f, 0x4e5f, 0x4e1f, 0x561f, 0x563f, 0x5e5f, 0x5e3f, 0x5e3f, 0x5e3f,
  0x5e3f, 0x5e3f, 0x5e3f, 0x5e3f, 0x5e3f, 0x5e3f, 0x5e3f, 0x5e3f, 0x5e3f, 0x5e3f, 0x5e3f, 0x5e3f,
  0x5e3f, 0x5e3f, 0x5e3f, 0x5e3f, 0x5e3f, 0x5e3f, 0x5e3f, 0x5e3f, 0x5e3f, 0x5e3f, 0x5e3f, 0x5e3f,
  0x5e3f, 0x5e3f, 0x5e3f, 0x5e3f, 0x5e3f, 0x5e3f, 0x5e3f, 0x5e3f, 0x5e3f, 0x5e3f, 0x5e3f, 0x5e3f,
  0x5e3f, 0x5e3f, 0x5e3f, 0x5e3f, 0x5e3f, 0x5e3f, 0x5e3f, 0x5e3f, 0x5e3f, 0x5e3f, 0x665f, 0x665f,
  0x665f, 0x665f, 0x665f, 0x665f, 0x665f, 0x665f, 0x665f, 0x665f, 0x6e7f, 0x6e7f, 0x6e7f, 0x6e5f,
  0x6e7f, 0x6e7f, 0x6e7f, 0x6e7f, 0x6e7f, 0x6e7f, 0x6e7f, 0x6e7f, 0x6e7f, 0x6e7f, 0x6e7f, 0x6e7f,
  0x6e7f, 0x6e7f, 0x6e7f, 0x6e7f, 0x6e7f, 0x6e7f, 0x6e7f, 0x6e7f, 0x6e7f, 0x6e7f, 0x6e7f, 0x6e7f,
  0x6e7f, 0x6e7f, 0x6e7f, 0x6e7f, 0x6e7f, 0x6e7f, 0x6e7f, 0x6e7f, 0x6e7f, 0x6e7f, 0x6e7f, 0x6e7f,
  0x6e7f, 0x6e7f, 0x6e7f, 0x6e7f, 0x6e7f, 0x6e7f, 0x6e7f, 0x6e7f, 0x6e5f, 0x7e5c, 0x8674, 0x966b,
  0x9668, 0x9608, 0x8dc6, 0x85c6, 0x8dc7, 0x8dc7, 0x8da7, 0x8da7, 0x8da6, 0x8dc6, 0x85c6, 0x85c6,
  0x85e5, 0x7dc4, 0x7583, 0x6d82, 0x6d62, 0x6462, 0x63a2, 0x5261, 0x59e2, 0x69e4, 0x7a26, 0x8247,
  0x8267, 0x7a26, 0x71c5, 0x7a06, 0x8247, 0x8247, 0x8247, 0x8247, 0x7a06, 0x69a4, 0x6984, 0x71e5,
  0x8246, 0x7a26, 0x69a4, 0x69a4, 0x7184, 0x7184, 0x7184, 0x6983, 0x7184, 0x7184, 0x71a4, 0x7184,
  0x7184, 0x7184, 0x6983, 0x7184, 0x7184, 0x6983, 0x6983, 0x7184, 0x7184, 0x7184, 0x7184, 0x7184,
  0x461f, 0x461f, 0x461f, 0x461f, 0x461f, 0x461f, 0x461f, 0x461f, 0x461f, 0x461f, 0x461f, 0x461f,
  0x461f, 0x461f, 0x461f, 0x461f, 0x461f, 0x461f, 0x461f, 0x461f, 0x461f, 0x461f, 0x461f, 0x461f,
  0x461f, 0x461f, 0x461f, 0x461f, 0x461f, 0x461f, 0x461f, 0x461f, 0x461f, 0x461f, 0x461f, 0x461f,
  0x461f, 0x461f, 0x461f, 0x461f, 0x461f, 0x461f, 0x461f, 0x461f, 0x461f, 0x461f, 0x461f, 0x4dfe,
  0x5dfe, 0x6e5d, 0x8ede, 0xa75f, 0xb79f, 0xb77f, 0xb75f, 0xb77f, 0xa77f, 0x86df, 0x665e, 0x563f,
  0x4e3f, 0x563f, 0x563f, 0x4e3f, 0x4e3f, 0x4e3f, 0x563f, 0x5e3f, 0x5e5f, 0x5e3f, 0x5e3f, 0x5e3f,
  0x5e3f, 0x5e3f, 0x5e3f, 0x5e3f, 0x5e3f, 0x5e3f, 0x5e3f, 0x5e3f, 0x5e3f, 0x5e3f, 0x5e3f, 0x5e3f,
  0x5e3f, 0x5e3f, 0x5e3f, 0x5e3f, 0x5e3f, 0x5e3f, 0x5e3f, 0x5e3f, 0x5e3f, 0x5e3f, 0x5e3f, 0x5e3f,
  0x5e3f, 0x5e3f, 0x5e3f, 0x5e3f, 0x5e3f, 0x5e3f, 0x5e3f, 0x5e3f, 0x5e3f, 0x5e3f, 0x5e3f, 0x5e3f,
  0x5e3f, 0x5e3f, 0x5e3f, 0x5e3f, 0x5e3f, 0x5e3f, 0x5e3f, 0x5e3f, 0x5e3f, 0x5e3f, 0x665f, 0x665f,
  0x665f, 0x665f, 0x665f, 0x665f, 0x665f, 0x665f, 0x665f, 0x6e7f, 0x6e7f, 0x6e7f, 0x6e7f, 0x6e7f,
  0x6e7f, 0x6e7f, 0x6e7f, 0x6e7f, 0x6e7f, 0x6e7f, 0x6e7f, 0x6e7f, 0x6e7f, 0x6e7f, 0x6e7f, 0x6e7f,
  0x6e7f, 0x6e7f, 0x6e7f, 0x6e7f, 0x6e7f, 0x6e7f, 0x6e7f, 0x6e7f, 0x6e7f, 0x6e7f, 0x6e7f, 0x6e7f,
  0x6e7f, 0x6e7f, 0x6e7f, 0x6e7f, 0x6e7f, 0x6e7f, 0x6e7f, 0x6e7f, 0x6e7f, 0x6e7f, 0x6e7f, 0x6e7f,
  0x6e7f, 0x6e7f, 0x6e7f, 0x6e7f, 0x6e7f, 0x6e7f, 0x6e7f, 0x6e7f, 0x6e5f, 0x7e5c, 0x8654, 0x8e6b,
  0x9627, 0x8e07, 0x8dc6, 0x85c5, 0x8dc6, 0x8dc7, 0x8dc7, 0x8da7, 0x8da6, 0x8dc6, 0x85c6, 0x85c6,
  0x85e5, 0x7dc4, 0x7583, 0x6d62, 0x6d62, 0x6462, 0x63a2, 0x5220, 0x69e4, 0x7a06, 0x8a48, 0x8248,
  0x8267, 0x7a26, 0x69a4, 0x71c5, 0x7a06, 0x8247, 0x8247, 0x7a06, 0x71c5, 0x69a4, 0x71e5, 0x7a26,
  0x8267, 0x7a26, 0x71c4, 0x69a4, 0x6984, 0x71a4, 0x71a4, 0x6983, 0x6983, 0x6983, 0x6983, 0x7184,
  0x7184, 0x6983, 0x6983, 0x7184, 0x71a4, 0x6983, 0x6983, 0x71a4, 0x71a4, 0x71a4, 0x71a4, 0x7184,
  0x461f, 0x461f, 0x461f, 0x461f, 0x461f, 0x461f, 0x461f, 0x461f, 0x461f, 0x461f, 0x461f, 0x461f,
  0x461f, 0x461f, 0x461f, 0x461f, 0x461f, 0x461f, 0x461f, 0x461f, 0x461f, 0x461f, 0x461f, 0x461f,
  0x461f, 0x461f, 0x461f, 0x461f, 0x461f, 0x461f, 0x461f, 0x461f, 0x461f, 0x461f, 0x461f, 0x461f,
  0x461f, 0x461f, 0x461f, 0x461f, 0x461f, 0x461f, 0x461f, 0x461f, 0x461f, 0x461f, 0x461f, 0x4dff,
  0x4dfe, 0x5e1e, 0x6e3d, 0x8f1f, 0xa77f, 0xaf9f, 0xa75f, 0xa75f, 0x8eff, 0x663e, 0x5e3f, 0x563f,
  0x4e1f, 0x563f, 0x563f, 0x4e3f, 0x4e3f, 0x4e3f, 0x565f, 0x5e5f, 0x5e3f, 0x5e3f, 0x5e5f, 0x5e5f,
  0x5e3f, 0x5e3f, 0x5e3f, 0x5e3f, 0x5e3f, 0x5e3f, 0x5e3f, 0x5e3f, 0x5e3f, 0x5e3f, 0x5e3f, 0x5e3f,
  0x5e3f, 0x5e3f, 0x5e3f, 0x5e3f, 0x5e3f, 0x5e3f, 0x5e3f, 0x5e3f, 0x5e3f, 0x5e3f, 0x5e3f, 0x5e3f,
  0x5e3f, 0x5e3f, 0x5e3f, 0x5e3f, 0x5e3f, 0x5e3f, 0x5e3f, 0x5e3f, 0x5e3f, 0x5e3f, 0x5e3f, 0x5e3f,
  0x5e3f, 0x5e3f, 0x5e3f, 0x5e3f, 0x5e3f, 0x5e3f, 0x5e3f, 0x5e3f, 0x5e3f, 0x5e3f, 0x665f, 0x665f,
  0x665f, 0x665f, 0x667f, 0x665f, 0x665f, 0x665f, 0x667f, 0x6e7f, 0x6e7f, 0x6e7f, 0x6e7f, 0x6e7f,
  0x6e7f, 0x6e7f, 0x6e7f, 0x6e7f, 0x6e7f, 0x6e7f, 0x6e7f, 0x6e7f, 0x6e7f, 0x6e7f, 0x6e7f, 0x6e7f,
  0x6e7f, 0x6e7f, 0x6e7f, 0x6e7f, 0x6e7f, 0x6e7f, 0x6e7f, 0x6e7f, 0x6e7f, 0x6e7f, 0x6e7f, 0x6e7f,
  0x6e7f, 0x6e7f, 0x6e7f, 0x6e7f, 0x6e7f, 0x6e7f, 0x6e7f, 0x6e7f, 0x6e7f, 0x6e7f, 0x6e7f, 0x6e7f,
  0x6e7f, 0x6e7f, 0x6e7f, 0x6e7f, 0x6e7f, 0x6e7f, 0x6e7f, 0x6e7f, 0x6e5f, 0x7e5c, 0x8674, 0x8e4b,
  0x8e07, 0x8dc7, 0x8dc6, 0x8dc6, 0x8dc6, 0x8dc7, 0x8dc7, 0x8da6, 0x8dc6, 0x8dc6, 0x85c6, 0x85c6,
  0x85c5, 0x7da4, 0x75a3, 0x6d82, 0x6d62, 0x6481, 0x63a2, 0x5220, 0x6a05, 0x8227, 0x8a48, 0x8268,
  0x8267, 0x7a46, 0x69e5, 0x69a4, 0x71a5, 0x8226, 0x7a26, 0x71a4, 0x69a4, 0x71c5, 0x7a26, 0x8267,
  0x8267, 0x7a26, 0x71c5, 0x69a4, 0x6984, 0x7184, 0x6983, 0x6963, 0x6963, 0x6983, 0x6983, 0x6983,
  0x6983, 0x6983, 0x6983, 0x6983, 0x6983, 0x6963, 0x6963, 0x6983, 0x71a4, 0x71a4, 0x7184, 0x7184,
  0x461f, 0x461f, 0x461f, 0x461f, 0x461f, 0x461f, 0x461f, 0x461f, 0x461f, 0x461f, 0x461f, 0x461f,
  0x461f, 0x461f, 0x461f, 0x461f, 0x461f, 0x461f, 0x461f, 0x461f, 0x461f, 0x461f, 0x461f, 0x461f,
  0x461f, 0x461f, 0x461f, 0x461f, 0x461f, 0x461f, 0x461f, 0x461f, 0x461f, 0x461f, 0x461f, 0x461f,
  0x461f, 0x461f, 0x461f, 0x461f, 0x461f, 0x461f, 0x461f, 0x461f, 0x461f, 0x461f, 0x461f, 0x461f,
  0x4e1f, 0x4dfe, 0x55fe, 0x6e5d, 0x8eff, 0xa79f, 0xa79f, 0x86df, 0x663d, 0x561e, 0x4e1e, 0x4e1f,
  0x563f, 0x563f, 0x561f, 0x563f, 0x4e3f, 0x563f, 0x563f, 0x5e3f, 0x5e5f, 0x5e3f, 0x5e3f, 0x5e3f,
  0x5e3f, 0x5e3f, 0x5e3f, 0x5e3f, 0x5e3f, 0x5e3f, 0x5e3f, 0x5e3f, 0x5e3f, 0x5e3f, 0x5e3f, 0x5e3f,
  0x5e3f, 0x5e3f, 0x5e3f, 0x5e3f, 0x5e3f, 0x5e3f, 0x5e3f, 0x5e3f, 0x5e3f, 0x5e3f, 0x5e3f, 0x5e3f,
  0x5e3f, 0x5e3f, 0x5e3f, 0x5e3f, 0x5e3f, 0x5e3f, 0x5e3f, 0x5e3f, 0x5e3f, 0x5e3f, 0x5e3f, 0x5e3f,
  0x5e3f, 0x5e3f, 0x5e3f, 0x5e3f, 0x5e3f, 0x5e3f, 0x5e3f, 0x5e3f, 0x5e3f, 0x5e3f, 0x665f, 0x665f,
  0x665f, 0x665f, 0x665f, 0x665f, 0x665f, 0x665f, 0x665f, 0x667f, 0x6e7f, 0x6e7f, 0x6e7f, 0x6e7f,
  0x6e7f, 0x6e7f, 0x6e7f, 0x6e7f, 0x6e7f, 0x6e7f, 0x6e7f, 0x6e7f, 0x6e7f, 0x6e7f, 0x6e7f, 0x6e7f,
  0x6e7f, 0x6e7f, 0x6e7f, 0x6e7f, 0x6e7f, 0x6e7f, 0x6e7f, 0x6e7f, 0x6e7f, 0x6e7f, 0x6e7f, 0x6e7f,
  0x6e7f, 0x6e7f, 0x6e7f, 0x6e7f, 0x6e7f, 0x6e7f, 0x6e7f, 0x6e7f, 0x6e7f, 0x6e7f, 0x6e7f, 0x6e7f,
  0x6e7f, 0x6e7f, 0x6e7f, 0x6e7f, 0x6e7f, 0x6e7f, 0x6e7f, 0x6e7f, 0x6e5f, 0x7e5c, 0x8674, 0x8e4b,
  0x8de6, 0x85c6, 0x8dc6, 0x8dc6, 0x85c6, 0x8da6, 0x8dc7, 0x8dc6, 0x8dc6, 0x85c6, 0x85c6, 0x85c6,
  0x7d84, 0x7584, 0x7dc5, 0x7583, 0x6d42, 0x5c81, 0x5ba1, 0x4a40, 0x61c3, 0x79e6, 0x8227, 0x8267,
  0x7a87, 0x7a86, 0x7a46, 0x71e6, 0x6984, 0x71e5, 0x71e5, 0x69a4, 0x71e5, 0x7a26, 0x8247, 0x8267,
  0x8287, 0x8267, 0x7a46, 0x7205, 0x6983, 0x6983, 0x6983, 0x6963, 0x6963, 0x6983, 0x7184, 0x71a4,
  0x7184, 0x6983, 0x6983, 0x7184, 0x7184, 0x6963, 0x6963, 0x6963, 0x6963, 0x6983, 0x6983, 0x7184,
  0x461f, 0x461f, 0x461f, 0x461f, 0x461f, 0x461f, 0x461f, 0x461f, 0x461f, 0x461f, 0x461f, 0x461f,
  0x461f, 0x461f, 0x461f, 0x461f, 0x461f, 0x461f, 0x461f, 0x461f, 0x461f, 0x461f, 0x461f, 0x461f,
  0x461f, 0x461f, 0x461f, 0x461f, 0x461f, 0x461f, 0x461f, 0x461f, 0x461f, 0x461f, 0x461f, 0x461f,
  0x461f, 0x461f, 0x461f, 0x461f, 0x461f, 0x461f, 0x461f, 0x461f, 0x461f, 0x461f, 0x461f, 0x461f,
  0x461f, 0x45ff, 0x4e1f, 0x55fd, 0x6e7e, 0x86de, 0x7ede, 0x665e, 0x4dfd, 0x4e1e, 0x463f, 0x461f,
  0x4e3f, 0x563f, 0x561e, 0x561f, 0x563f, 0x4e1f, 0x561f, 0x563f, 0x5e5f, 0x5e3f, 0x5e3f, 0x5e3f,
  0x5e3f, 0x5e3f, 0x5e3f, 0x5e3f, 0x5e3f, 0x5e3f, 0x5e3f, 0x5e3f, 0x5e3f, 0x5e3f, 0x5e3f, 0x5e3f,
  0x5e3f, 0x5e3f, 0x5e3f, 0x5e3f, 0x5e3f, 0x5e3f, 0x5e3f, 0x5e3f, 0x5e3f, 0x5e3f, 0x5e3f, 0x5e3f,
  0x5e3f, 0x5e3f, 0x5e3f, 0x5e3f, 0x5e3f, 0x5e3f, 0x5e3f, 0x5e3f, 0x5e3f, 0x5e3f, 0x5e3f, 0x5e3f,
  0x5e3f, 0x5e3f, 0x5e3f, 0x5e3f, 0x5e3f, 0x5e3f, 0x5e3f, 0x5e3f, 0x5e3f, 0x5e3f, 0x665f, 0x665f,
  0x665f, 0x665f, 0x665f, 0x665f, 0x667f, 0x665f, 0x663f, 0x665f, 0x6e7f, 0x6e7f, 0x6e7f, 0x6e7f,
  0x6e7f, 0x6e7f, 0x6e7f, 0x6e7f, 0x6e7f, 0x6e7f, 0x6e7f, 0x6e7f, 0x6e7f, 0x6e7f, 0x6e7f, 0x6e7f,
  0x6e7f, 0x6e7f, 0x6e7f, 0x6e7f, 0x6e7f, 0x6e7f, 0x6e7f, 0x6e7f, 0x6e7f, 0x6e7f, 0x6e7f, 0x6e7f,
  0x6e7f, 0x6e7f, 0x6e7f, 0x6e7f, 0x6e7f, 0x6e7f, 0x6e7f, 0x6e7f, 0x6e7f, 0x6e7f, 0x6e7f, 0x6e7f,
  0x6e7f, 0x6e7f, 0x6e7f, 0x6e7f, 0x6e7f, 0x6e7f, 0x6e7f, 0x6e7f, 0x6e5f, 0x7e5c, 0x8674, 0x8e6b,
  0x8e07, 0x8dc7, 0x8dc6, 0x8dc6, 0x8dc6, 0x8da6, 0x8dc6, 0x8dc6, 0x85c6, 0x85c6, 0x85c6, 0x85c6,
  0x7d84, 0x7d84, 0x85c6, 0x7da5, 0x7564, 0x64c1, 0x5c00, 0x52e1, 0x6202, 0x69a4, 0x7a06, 0x7a46,
  0x7265, 0x7286, 0x7a67, 0x7a07, 0x71c6, 0x71a4, 0x69a4, 0x69a4, 0x7a06, 0x8247, 0x8267, 0x8267,
  0x8267, 0x8267, 0x8267, 0x7a06, 0x6983, 0x6983, 0x6983, 0x6963, 0x6963, 0x6983, 0x7184, 0x71a4,
  0x71a4, 0x6983, 0x6983, 0x7184, 0x7184, 0x6983, 0x6963, 0x6963, 0x6963, 0x6963, 0x6983, 0x6983,
  0x461f, 0x461f, 0x461f, 0x461f, 0x461f, 0x461f, 0x461f, 0x461f, 0x461f, 0x461f, 0x461f, 0x461f,
  0x461f, 0x461f, 0x461f, 0x461f, 0x461f, 0x461f, 0x461f, 0x461f, 0x461f, 0x461f, 0x461f, 0x461f,
  0x461f, 0x461f, 0x461f, 0x461f, 0x461f, 0x461f, 0x461f, 0x461f, 0x461f, 0x461f, 0x461f, 0x461f,
  0x461f, 0x461f, 0x461f, 0x461f, 0x461f, 0x461f, 0x461f, 0x461f, 0x4e1f, 0x461f, 0x461f, 0x461f,
  0x461f, 0x461f, 0x461f, 0x4e1e, 0x55fd, 0x5e1d, 0x5e1d, 0x4e1d, 0x461e, 0x461f, 0x4e5f, 0x4e5f,
  0x4e1f, 0x563f, 0x563f, 0x561f, 0x4e1f, 0x563f, 0x563f, 0x5e3f, 0x5e3f, 0x5e3f, 0x5e3f, 0x5e3f,
  0x5e3f, 0x5e3f, 0x5e3f, 0x5e3f, 0x5e3f, 0x5e3f, 0x5e3f, 0x5e3f, 0x5e3f, 0x5e3f, 0x5e3f, 0x5e3f,
  0x5e3f, 0x5e3f, 0x5e3f, 0x5e3f, 0x5e3f, 0x5e3f, 0x5e3f, 0x5e3f, 0x5e3f, 0x5e3f, 0x5e3f, 0x5e3f,
  0x5e3f, 0x5e3f, 0x5e3f, 0x5e3f, 0x5e3f, 0x5e3f, 0x5e3f, 0x5e3f, 0x5e3f, 0x5e3f, 0x5e3f, 0x5e3f,
  0x5e3f, 0x5e3f, 0x5e3f, 0x5e3f, 0x5e3f, 0x5e3f, 0x5e3f, 0x5e3f, 0x5e3f, 0x5e3f, 0x665f, 0x665f,
  0x665f, 0x665f, 0x665f, 0x665f, 0x665f, 0x665f, 0x665f, 0x6e7f, 0x6e7f, 0x6e7f, 0x6e7f, 0x6e7f,
  0x6e7f, 0x6e7f, 0x6e7f, 0x6e7f, 0x6e7f, 0x6e7f, 0x6e7f, 0x6e7f, 0x6e7f, 0x6e7f, 0x6e7f, 0x6e7f,
  0x6e7f, 0x6e7f, 0x6e7f, 0x6e7f, 0x6e7f, 0x6e7f, 0x6e7f, 0x6e7f, 0x6e7f, 0x6e7f, 0x6e7f, 0x6e7f,
  0x6e7f, 0x6e7f, 0x6e7f, 0x6e7f, 0x6e7f, 0x6e7f, 0x6e7f, 0x6e7f, 0x6e7f, 0x6e7f, 0x6e7f, 0x6e7f,
  0x6e7f, 0x6e7f, 0x6e7f, 0x6e7f, 0x6e7f, 0x6e7f, 0x6e7f, 0x6e7f, 0x6e7f, 0x7e5c, 0x8653, 0x966b,
  0x9648, 0x9607, 0x8dc6, 0x85c5, 0x8dc6, 0x8dc6, 0x8dc6, 0x85c6, 0x85c6, 0x85c6, 0x85c6, 0x85c6,
  0x85a6, 0x85a5, 0x85c6, 0x85a6, 0x85a6, 0x7563, 0x6ce2, 0x6be2, 0x62a3, 0x59a3, 0x69a4, 0x69e4,
  0x6a04, 0x7245, 0x8287, 0x8268, 0x8247, 0x71c5, 0x6984, 0x69a4, 0x7a06, 0x8267, 0x8267, 0x8267,
  0x8267, 0x8267, 0x8267, 0x7a06, 0x6984, 0x7184, 0x6983, 0x6963, 0x6963, 0x6983, 0x6983, 0x6983,
  0x6983, 0x6983, 0x6983, 0x6963, 0x6963, 0x6983, 0x71a4, 0x6983, 0x6983, 0x6983, 0x6983, 0x6983,
  0x461f, 0x461f, 0x461f, 0x461f, 0x461f, 0x461f, 0x461f, 0x461f, 0x461f, 0x461f, 0x461f, 0x461f,
  0x461f, 0x461f, 0x461f, 0x461f, 0x461f, 0x461f, 0x461f, 0x461f, 0x461f, 0x461f, 0x461f, 0x461f,
  0x461f, 0x461f, 0x461f, 0x461f, 0x461f, 0x461f, 0x461f, 0x461f, 0x461f, 0x461f, 0x461f, 0x461f,
  0x461f, 0x461f, 0x461f, 0x461f, 0x461f, 0x461f, 0x461f, 0x461f, 0x461f, 0x461f, 0x461f, 0x461f,
  0x461f, 0x461f, 0x461f, 0x4e1f, 0x4dfe, 0x4dfe, 0x4e1e, 0x461f, 0x461f, 0x461f, 0x4e3f, 0x4e3f,
  0x4e3f, 0x563f, 0x563f, 0x561f, 0x563f, 0x563f, 0x563f, 0x5e3f, 0x5e5f, 0x5e5f, 0x5e3f, 0x5e3f,
  0x5e3f, 0x5e3f, 0x5e3f, 0x5e5f, 0x5e5f, 0x5e5f, 0x5e5f, 0x5e3e, 0x663e, 0x663e, 0x663f, 0x5e3f,
  0x5e3f, 0x5e3f, 0x5e3f, 0x5e3f, 0x5e3f, 0x5e3f, 0x5e3f, 0x5e3f, 0x5e3f, 0x5e3f, 0x5e3f, 0x5e3f,
  0x5e3f, 0x5e3f, 0x5e3f, 0x5e3f, 0x5e3f, 0x5e3f, 0x5e3f, 0x5e3f, 0x5e3f, 0x5e3f, 0x5e3f, 0x5e3f,
  0x5e3f, 0x5e3f, 0x5e3f, 0x5e3f, 0x5e3f, 0x5e3f, 0x5e3f, 0x5e3f, 0x5e3f, 0x5e3f, 0x5e3f, 0x665f,
  0x665f, 0x665f, 0x665f, 0x665f, 0x665f, 0x665f, 0x665f, 0x6e7f, 0x6e7f, 0x6e7f, 0x6e7f, 0x6e7f,
  0x6e7f, 0x6e7f, 0x6e7f, 0x6e7f, 0x6e7f, 0x6e7f, 0x6e7f, 0x6e7f, 0x6e7f, 0x6e7f, 0x6e7f, 0x6e7f,
  0x6e7f, 0x6e7f, 0x6e7f, 0x6e7f, 0x6e7f, 0x6e7f, 0x6e7f, 0x6e7f, 0x6e7f, 0x6e7f, 0x6e7f, 0x6e7f,
  0x6e7f, 0x6e7f, 0x6e7f, 0x6e7f, 0x6e7f, 0x6e7f, 0x6e7f, 0x6e7f, 0x6e7f, 0x6e7f, 0x6e7f, 0x6e7f,
  0x6e7f, 0x6e7f, 0x6e7f, 0x6e7f, 0x6e7f, 0x6e7f, 0x6e7f, 0x6e7f, 0x6e7f, 0x7e5c, 0x8654, 0x8e6b,
  0x9627, 0x8de7, 0x8dc6, 0x8dc6, 0x8dc6, 0x8da6, 0x8dc6, 0x8dc6, 0x8dc6, 0x8dc6, 0x8dc6, 0x8dc6,
  0x8dc6, 0x8da6, 0x8da6, 0x8da6, 0x8dc6, 0x7dc4, 0x75a2, 0x6ce3, 0x63e3, 0x62e3, 0x5a03, 0x59a3,
  0x61a3, 0x69e4, 0x7205, 0x7225, 0x7a26, 0x7a05, 0x71e5, 0x69a4, 0x71c5, 0x7a06, 0x7a26, 0x7a26,
  0x8247, 0x8247, 0x7a26, 0x71e5, 0x6984, 0x7184, 0x6983, 0x6983, 0x6963, 0x6963, 0x6963, 0x6983,
  0x6983, 0x6983, 0x6983, 0x6963, 0x6963, 0x7184, 0x71a4, 0x7184, 0x7183, 0x7183, 0x7183, 0x7184,
  0x461f, 0x461f, 0x461f, 0x461f, 0x461f, 0x461f, 0x461f, 0x461f, 0x461f, 0x461f, 0x461f, 0x461f,
  0x461f, 0x461f, 0x461f, 0x461f, 0x461f, 0x461f, 0x461f, 0x461f, 0x461f, 0x461f, 0x461f, 0x461f,
  0x461f, 0x461f, 0x461f, 0x461f, 0x461f, 0x461f, 0x461f, 0x461f, 0x461f, 0x461f, 0x461f, 0x461f,
  0x461f, 0x461f, 0x461f, 0x461f, 0x461f, 0x461f, 0x461f, 0x461f, 0x461f, 0x461f, 0x461f, 0x461f,
  0x461f, 0x461f, 0x461f, 0x461f, 0x461f, 0x461f, 0x461f, 0x461f, 0x461f, 0x461f, 0x4e1f, 0x4e1f,
  0x563f, 0x561f, 0x4e1e, 0x563f, 0x563f, 0x561f, 0x563e, 0x5e5f, 0x5e5f, 0x5e5f, 0x5e3f, 0x5e3f,
  0x5e3f, 0x5e3f, 0x5e5f, 0x5e5f, 0x5e5f, 0x5e5f, 0x5e5e, 0x665e, 0x769e, 0x767e, 0x661e, 0x5e3f,
  0x5e3f, 0x5e3f, 0x5e3f, 0x5e3f, 0x5e3f, 0x5e3f, 0x5e3f, 0x5e3f, 0x5e3f, 0x5e3f, 0x5e3f, 0x5e3f,
  0x5e3f, 0x5e3f, 0x5e3f, 0x5e3f, 0x5e3f, 0x5e3f, 0x5e3f, 0x5e3f, 0x5e3f, 0x5e3f, 0x5e3f, 0x5e3f,
  0x5e3f, 0x5e3f, 0x5e3f, 0x5e3f, 0x5e3f, 0x5e3f, 0x5e3f, 0x5e3f, 0x5e3f, 0x5e3f, 0x5e3f, 0x665f,
  0x667f, 0x665f, 0x5e3f, 0x665f, 0x667f, 0x665f, 0x665f, 0x6e7f, 0x6e7f, 0x6e7f, 0x6e7f, 0x6e7f,
  0x6e7f, 0x6e7f, 0x6e7f, 0x6e7f, 0x6e7f, 0x6e7f, 0x6e7f, 0x6e7f, 0x6e7f, 0x6e7f, 0x6e7f, 0x6e7f,
  0x6e7f, 0x6e7f, 0x6e7f, 0x6e7f, 0x6e7f, 0x6e7f, 0x6e7f, 0x6e7f, 0x6e7f, 0x6e7f, 0x6e7f, 0x6e7f,
  0x6e7f, 0x6e7f, 0x6e7f, 0x6e7f, 0x6e7f, 0x6e7f, 0x6e7f, 0x6e7f, 0x6e7f, 0x6e7f, 0x6e7f, 0x6e7f,
  0x6e7f, 0x6e7f, 0x6e7f, 0x6e7f, 0x6e7f, 0x6e7f, 0x6e7f, 0x6e7f, 0x6e5f, 0x7e5c, 0x8674, 0x8e4a,
  0x8e07, 0x8de7, 0x8dc6, 0x8dc6, 0x8dc6, 0x8da6, 0x8dc6, 0x85c6, 0x8dc6, 0x8de6, 0x8dc6, 0x8dc6,
  0x8dc6, 0x8dc7, 0x8da7, 0x8da7, 0x8da7, 0x7dc5, 0x75c3, 0x7563, 0x64a3, 0x63c3, 0x52a1, 0x51e1,
  0x59a2, 0x6182, 0x6182, 0x61a2, 0x69c4, 0x7a26, 0x7a26, 0x71c5, 0x71c4, 0x71c4, 0x69a4, 0x71c5,
  0x8247, 0x7a26, 0x71c4, 0x71a4, 0x7184, 0x7184, 0x7184, 0x6983, 0x6983, 0x6963, 0x6963, 0x6963,
  0x6963, 0x6983, 0x6983, 0x6983, 0x7183, 0x7184, 0x71a4, 0x7184, 0x7183, 0x7184, 0x7184, 0x7184,
  0x461f, 0x461f, 0x461f, 0x461f, 0x461f, 0x461f, 0x461f, 0x461f, 0x461f, 0x461f, 0x461f, 0x461f,
  0x461f, 0x461f, 0x461f, 0x461f, 0x461f, 0x461f, 0x461f, 0x461f, 0x461f, 0x461f, 0x461f, 0x461f,
  0x461f, 0x461f, 0x461f, 0x461f, 0x461f, 0x461f, 0x461f, 0x461f, 0x461f, 0x461f, 0x461f, 0x461f,
  0x461f, 0x461f, 0x461f, 0x461f, 0x461f, 0x461f, 0x461f, 0x461f, 0x461f, 0x461f, 0x461f, 0x461f,
  0x461f, 0x461f, 0x461f, 0x461f, 0x461f, 0x461f, 0x461f, 0x461f, 0x461f, 0x461f, 0x4e1f, 0x4e3f,
  0x563f, 0x563f, 0x563f, 0x561f, 0x561f, 0x563f, 0x563f, 0x5e5f, 0x5e5f, 0x5e5f, 0x5e3f, 0x5e3f,
  0x5e3f, 0x5e3f, 0x5e3f, 0x5e3f, 0x5e3e, 0x5e3d, 0x6e5e, 0x7ede, 0x8f3f, 0x7ebf, 0x661e, 0x5e3f,
  0x5e3f, 0x5e5f, 0x5e3f, 0x5e3f, 0x5e3f, 0x5e3f, 0x5e3f, 0x5e3f, 0x5e3f, 0x5e3f, 0x5e3f, 0x5e3f,
  0x5e3f, 0x5e3f, 0x5e3f, 0x5e3f, 0x5e3f, 0x5e3f, 0x5e3f, 0x5e3f, 0x5e3f, 0x5e3f, 0x5e3f, 0x5e3f,
  0x5e3f, 0x5e3f, 0x5e3f, 0x5e3f, 0x5e3f, 0x5e3f, 0x5e3f, 0x5e3f, 0x5e3f, 0x5e3f, 0x665f, 0x665f,
  0x665f, 0x665f, 0x665f, 0x665f, 0x665f, 0x665f, 0x665f, 0x6e7f, 0x6e7f, 0x6e7f, 0x6e7f, 0x6e7f,
  0x6e7f, 0x6e7f, 0x6e7f, 0x6e7f, 0x6e7f, 0x6e7f, 0x6e7f, 0x6e7f, 0x6e7f, 0x6e7f, 0x6e7f, 0x6e7f,
  0x6e7f, 0x6e7f, 0x6e7f, 0x6e7f, 0x6e7f, 0x6e7f, 0x6e7f, 0x6e7f, 0x6e7f, 0x6e7f, 0x6e7f, 0x6e7f,
  0x6e7f, 0x6e7f, 0x6e7f, 0x6e7f, 0x6e7f, 0x6e7f, 0x6e7f, 0x6e7f, 0x6e7f, 0x6e7f, 0x6e7f, 0x6e7f,
  0x6e7f, 0x6e7f, 0x6e7f, 0x6e7f, 0x6e7f, 0x6e7f, 0x6e7f, 0x6e7f, 0x6e7f, 0x7e5c, 0x8654, 0x8e6b,
  0x9648, 0x9607, 0x8dc6, 0x85c5, 0x8dc6, 0x8dc6, 0x85c6, 0x85c6, 0x8dc6, 0x85c6, 0x85a6, 0x8586,
  0x8da6, 0x8dc6, 0x8dc7, 0x8da7, 0x8da7, 0x8dc6, 0x8585, 0x7d64, 0x6cc3, 0x5c22, 0x5b81, 0x6322,
  0x6ae4, 0x6a43, 0x6182, 0x71e4, 0x7a26, 0x8247, 0x8247, 0x7a26, 0x7a06, 0x7a06, 0x71c5, 0x71c5,
  0x8247, 0x7a26, 0x69a4, 0x69a4, 0x71a4, 0x7184, 0x6983, 0x6983, 0x6983, 0x6983, 0x6983, 0x6983,
  0x6983, 0x6983, 0x6963, 0x6963, 0x6963, 0x7184, 0x7184, 0x7184, 0x7184, 0x7184, 0x7184, 0x7184,
  0x461f, 0x461f, 0x461f, 0x461f, 0x461f, 0x461f, 0x461f, 0x461f, 0x461f, 0x461f, 0x461f, 0x461f,
  0x461f, 0x461f, 0x461f, 0x461f, 0x461f, 0x461f, 0x461f, 0x461f, 0x461f, 0x461f, 0x461f, 0x461f,
  0x461f, 0x461f, 0x461f, 0x461f, 0x461f, 0x461f, 0x461f, 0x461f, 0x461f, 0x461f, 0x461f, 0x461f,
  0x461f, 0x461f, 0x461f, 0x461f, 0x461f, 0x461f, 0x461f, 0x461f, 0x461f, 0x461f, 0x461f, 0x461f,
  0x461f, 0x461f, 0x461f, 0x461f, 0x461f, 0x461f, 0x461f, 0x461f, 0x461f, 0x461f, 0x4e1f, 0x4e3f,
  0x561f, 0x563f, 0x563f, 0x561f, 0x4e1f, 0x563f, 0x565f, 0x565f, 0x5e5f, 0x5e5f, 0x5e3f, 0x5e3f,
  0x5e3f, 0x5e3f, 0x5e1e, 0x663e, 0x6e5e, 0x767d, 0x7ebe, 0x975f, 0x9f7f, 0x86bf, 0x661e, 0x5e3f,
  0x5e3f, 0x5e3f, 0x5e3f, 0x5e3f, 0x5e3f, 0x5e3f, 0x5e3f, 0x5e3f, 0x5e3f, 0x5e3f, 0x5e3f, 0x5e3f,
  0x5e3f, 0x5e3f, 0x5e3f, 0x5e3f, 0x5e3f, 0x5e3f, 0x5e3f, 0x5e3f, 0x5e3f, 0x5e3f, 0x5e3f, 0x5e3f,
  0x5e3f, 0x5e3f, 0x5e3f, 0x5e3f, 0x5e3f, 0x5e3f, 0x5e3f, 0x5e3f, 0x5e3f, 0x5e3f, 0x665f, 0x665f,
  0x665f, 0x665f, 0x665f, 0x665f, 0x665f, 0x665f, 0x665f, 0x6e7f, 0x6e7f, 0x6e7f, 0x6e7f, 0x6e7f,
  0x6e7f, 0x6e7f, 0x6e7f, 0x6e7f, 0x6e7f, 0x6e7f, 0x6e7f, 0x6e7f, 0x6e7f, 0x6e7f, 0x6e7f, 0x6e7f,
  0x6e7f, 0x6e7f, 0x6e7f, 0x6e7f, 0x6e7f, 0x6e7f, 0x6e7f, 0x6e7f, 0x6e7f, 0x6e7f, 0x6e7f, 0x6e7f,
  0x6e7f, 0x6e7f, 0x6e7f, 0x6e7f, 0x6e7f, 0x6e7f, 0x6e7f, 0x6e7f, 0x6e7f, 0x6e7f, 0x6e7f, 0x6e7f,
  0x6e7f, 0x6e7f, 0x6e7f, 0x6e7f, 0x6e7f, 0x6e7f, 0x6e7f, 0x6e7f, 0x6e5f, 0x7e5c, 0x8674, 0x966b,
  0x9668, 0x9608, 0x8dc6, 0x85c5, 0x8dc6, 0x8dc6, 0x85c6, 0x85c6, 0x85c6, 0x85a6, 0x7d85, 0x7d65,
  0x85a6, 0x8dc6, 0x85c6, 0x8dc7, 0x8da7, 0x95a7, 0x8d87, 0x8565, 0x6d03, 0x64c2, 0x5c41, 0x63e2,
  0x7384, 0x6aa3, 0x61a2, 0x79e6, 0x8227, 0x8226, 0x8247, 0x8247, 0x8267, 0x8247, 0x71e5, 0x71c5,
  0x8247, 0x7a46, 0x71c5, 0x71c4, 0x7184, 0x6983, 0x6983, 0x6983, 0x7184, 0x71a4, 0x7184, 0x6983,
  0x6983, 0x6983, 0x6963, 0x6963, 0x6963, 0x6963, 0x6983, 0x6963, 0x7183, 0x7183, 0x7183, 0x7183,
  0x461f, 0x461f, 0x461f, 0x461f, 0x461f, 0x461f, 0x461f, 0x461f, 0x461f, 0x461f, 0x461f, 0x461f,
  0x461f, 0x461f, 0x461f, 0x461f, 0x461f, 0x461f, 0x461f, 0x461f, 0x461f, 0x461f, 0x461f, 0x461f,
  0x461f, 0x461f, 0x461f, 0x461f, 0x461f, 0x461f, 0x461f, 0x461f, 0x461f, 0x461f, 0x461f, 0x461f,
  0x461f, 0x461f, 0x461f, 0x461f, 0x461f, 0x461f, 0x461f, 0x461f, 0x461f, 0x461f, 0x461f, 0x461f,
  0x461f, 0x461f, 0x461f, 0x461f, 0x461f, 0x461f, 0x461f, 0x461f, 0x461f, 0x461f, 0x4e1f, 0x4e1f,
  0x563f, 0x561f, 0x4e1f, 0x563f, 0x563f, 0x4e3f, 0x563f, 0x565f, 0x565f, 0x5e5f, 0x5e3f, 0x5e3f,
  0x5e3f, 0x663e, 0x661e, 0x765e, 0x8eff, 0x971f, 0x9f3f, 0xa77f, 0xa75f, 0x86be, 0x661d, 0x5e3f,
  0x5e3f, 0x5e3f, 0x5e3f, 0x5e3f, 0x5e3f, 0x5e3f, 0x5e3f, 0x5e3f, 0x5e3f, 0x5e3f, 0x5e3f, 0x5e3f,
  0x5e3f, 0x5e3f, 0x5e3f, 0x5e3f, 0x5e3f, 0x5e3f, 0x5e3f, 0x5e3f, 0x5e3f, 0x5e3f, 0x5e3f, 0x5e3f,
  0x5e3f, 0x5e3f, 0x5e3f, 0x5e3f, 0x5e3f, 0x5e3f, 0x5e3f, 0x5e3f, 0x5e3f, 0x5e3f, 0x5e3f, 0x665f,
  0x667f, 0x665f, 0x5e5f, 0x665f, 0x667f, 0x665f, 0x665f, 0x6e7f, 0x6e7f, 0x6e7f, 0x6e7f, 0x6e7f,
  0x6e7f, 0x6e7f, 0x6e7f, 0x6e7f, 0x6e7f, 0x6e7f, 0x6e7f, 0x6e7f, 0x6e7f, 0x6e7f, 0x6e7f, 0x6e7f,
  0x6e7f, 0x6e7f, 0x6e7f, 0x6e7f, 0x6e7f, 0x6e7f, 0x6e7f, 0x6e7f, 0x6e7f, 0x6e7f, 0x6e7f, 0x6e7f,
  0x6e7f, 0x6e7f, 0x6e7f, 0x6e7f, 0x6e7f, 0x6e7f, 0x6e7f, 0x6e7f, 0x6e7f, 0x6e7f, 0x6e7f, 0x6e7f,
  0x6e7f, 0x6e7f, 0x6e7f, 0x6e7f, 0x6e7f, 0x6e7f, 0x6e7f, 0x6e7f, 0x6e5f, 0x7e5c, 0x8674, 0x8e6b,
  0x8e07, 0x8de7, 0x8dc6, 0x8dc6, 0x8dc6, 0x8da6, 0x8dc6, 0x8dc6, 0x8dc6, 0x85c6, 0x85a6, 0x85a6,
  0x85c6, 0x85c6, 0x85c6, 0x85c6, 0x85c6, 0x8da7, 0x8da7, 0x85a6, 0x7564, 0x6d23, 0x5c81, 0x5be1,
  0x5ae1, 0x6222, 0x61a3, 0x71a5, 0x71c5, 0x71c5, 0x7a06, 0x8247, 0x8267, 0x8247, 0x71e5, 0x71c5,
  0x8247, 0x8267, 0x8246, 0x7a05, 0x6983, 0x6983, 0x6963, 0x6983, 0x6983, 0x7184, 0x7184, 0x6983,
  0x6983, 0x6983, 0x6963, 0x6963, 0x6943, 0x6963, 0x6963, 0x6963, 0x6963, 0x6963, 0x6983, 0x7183,
  0x461f, 0x461f, 0x461f, 0x461f, 0x461f, 0x461f, 0x461f, 0x461f, 0x461f, 0x461f, 0x461f, 0x461f,
  0x461f, 0x461f, 0x461f, 0x461f, 0x461f, 0x461f, 0x461f, 0x461f, 0x461f, 0x461f, 0x461f, 0x461f,
  0x461f, 0x461f, 0x461f, 0x461f, 0x461f, 0x461f, 0x461f, 0x461f, 0x461f, 0x461f, 0x461f, 0x461f,
  0x461f, 0x461f, 0x461f, 0x461f, 0x461f, 0x461f, 0x461f, 0x461f, 0x461f, 0x461f, 0x461f, 0x461f,
  0x461f, 0x461f, 0x461f, 0x461f, 0x461f, 0x461f, 0x461f, 0x461f, 0x461f, 0x461f, 0x4e1f, 0x4e3f,
  0x563f, 0x563f, 0x561f, 0x563f, 0x563f, 0x563f, 0x563f, 0x565f, 0x565f, 0x565f, 0x5e3f, 0x5e3f,
  0x661e, 0x6e1e, 0x763d, 0x8ebe, 0xa75f, 0xaf7f, 0xaf7f, 0xaf7f, 0xa75f, 0x8ebe, 0x661d, 0x5e3f,
  0x5e3f, 0x565f, 0x5e3f, 0x5e3f, 0x5e3f, 0x5e3f, 0x5e3f, 0x5e3f, 0x5e3f, 0x5e3f, 0x5e3f, 0x5e3f,
  0x5e3f, 0x5e3f, 0x5e3f, 0x5e3f, 0x5e3f, 0x5e3f, 0x5e3f, 0x5e3f, 0x5e3f, 0x5e3f, 0x5e3f, 0x5e3f,
  0x5e3f, 0x5e3f, 0x5e3f, 0x5e3f, 0x5e3f, 0x5e3f, 0x5e3f, 0x5e3f, 0x5e3f, 0x5e3f, 0x5e3f, 0x665f,
  0x665f, 0x665f, 0x665f, 0x665f, 0x665f, 0x665f, 0x665f, 0x6e7f, 0x6e7f, 0x6e7f, 0x6e7f, 0x6e7f,
  0x6e7f, 0x6e7f, 0x6e7f, 0x6e7f, 0x6e7f, 0x6e7f, 0x6e7f, 0x6e7f, 0x6e7f, 0x6e7f, 0x6e7f, 0x6e7f,
  0x6e7f, 0x6e7f, 0x6e7f, 0x6e7f, 0x6e7f, 0x6e7f, 0x6e7f, 0x6e7f, 0x6e7f, 0x6e7f, 0x6e7f, 0x6e7f,
  0x6e7f, 0x6e7f, 0x6e7f, 0x6e7f, 0x6e7f, 0x6e7f, 0x6e7f, 0x6e7f, 0x6e7f, 0x6e7f, 0x6e7f, 0x6e7f,
  0x6e7f, 0x6e7f, 0x6e7f, 0x6e7f, 0x6e7f, 0x6e7f, 0x6e7f, 0x6e7f, 0x6e5f, 0x7e5c, 0x8674, 0x8e4a,
  0x8de6, 0x8dc6, 0x8dc6, 0x8dc6, 0x85c6, 0x8dc6, 0x8dc6, 0x8dc6, 0x8dc6, 0x8dc6, 0x85c6, 0x85c6,
  0x85c6, 0x85c6, 0x85c6, 0x85c6, 0x85c6, 0x85a5, 0x85c5, 0x7dc5, 0x7564, 0x6d03, 0x5c01, 0x5340,
  0x5240, 0x61c3, 0x71e5, 0x79c6, 0x71c6, 0x69a4, 0x71e5, 0x8247, 0x8267, 0x8247, 0x71e5, 0x71c5,
  0x7a06, 0x8247, 0x8267, 0x7a06, 0x6983, 0x6983, 0x6983, 0x6983, 0x7184, 0x71a4, 0x6983, 0x6983,
  0x6983, 0x6984, 0x6983, 0x6963, 0x6963, 0x6963, 0x6963, 0x6963, 0x6963, 0x6963, 0x6963, 0x7183,
  0x461f, 0x461f, 0x461f, 0x461f, 0x461f, 0x461f, 0x461f, 0x461f, 0x461f, 0x461f, 0x461f, 0x461f,
  0x461f, 0x461f, 0x461f, 0x461f, 0x461f, 0x461f, 0x461f, 0x461f, 0x461f, 0x461f, 0x461f, 0x461f,
  0x461f, 0x461f, 0x461f, 0x461f, 0x461f, 0x461f, 0x461f, 0x461f, 0x461f, 0x461f, 0x461f, 0x461f,
  0x461f, 0x461f, 0x461f, 0x461f, 0x461f, 0x461f, 0x461f, 0x461f, 0x461f, 0x461f, 0x461f, 0x461f,
  0x461f, 0x461f, 0x461f, 0x461f, 0x461f, 0x461f, 0x461f, 0x461f, 0x461f, 0x461f, 0x4e3f, 0x563f,
  0x561f, 0x563f, 0x563f, 0x561f, 0x4e3f, 0x563f, 0x565f, 0x565f, 0x565f, 0x565f, 0x5e3f, 0x5e3f,
  0x661e, 0x765d, 0x96de, 0xaf5f, 0xb79f, 0xb77f, 0xb75f, 0xb77f, 0xaf5f, 0x8ebe, 0x661d, 0x5e3f,
  0x5e5f, 0x5e5f, 0x5e3f, 0x5e3f, 0x5e3f, 0x5e3f, 0x5e3f, 0x5e3f, 0x5e3f, 0x5e3f, 0x5e3f, 0x5e3f,
  0x5e3f, 0x5e3f, 0x5e3f, 0x5e3f, 0x5e3f, 0x5e3f, 0x5e3f, 0x5e3f, 0x5e3f, 0x5e3f, 0x5e3f, 0x5e3f,
  0x5e3f, 0x5e3f, 0x5e3f, 0x5e3f, 0x5e3f, 0x5e3f, 0x5e3f, 0x5e3f, 0x5e3f, 0x5e3f, 0x665f, 0x665f,
  0x5e5f, 0x665f, 0x665f, 0x665f, 0x663f, 0x665f, 0x667f, 0x6e7f, 0x6e7f, 0x6e7f, 0x6e7f, 0x6e7f,
  0x6e7f, 0x6e7f, 0x6e7f, 0x6e7f, 0x6e7f, 0x6e7f, 0x6e7f, 0x6e7f, 0x6e7f, 0x6e7f, 0x6e7f, 0x6e7f,
  0x6e7f, 0x6e7f, 0x6e7f, 0x6e7f, 0x6e7f, 0x6e7f, 0x6e7f, 0x6e7f, 0x6e7f, 0x6e7f, 0x6e7f, 0x6e7f,
  0x6e7f, 0x6e7f, 0x6e7f, 0x6e7f, 0x6e7f, 0x6e7f, 0x6e7f, 0x6e7f, 0x6e7f, 0x6e7f, 0x6e7f, 0x6e7f,
  0x6e7f, 0x6e7f, 0x6e7f, 0x6e7f, 0x6e7f, 0x6e7f, 0x6e7f, 0x6e7f, 0x6e5f, 0x7e5c, 0x8674, 0x8e4a,
  0x8e07, 0x8dc6, 0x8dc6, 0x85c5, 0x85c6, 0x8dc7, 0x8dc6, 0x8dc6, 0x8dc6, 0x85c6, 0x85c6, 0x85c6,
  0x8de6, 0x85c6, 0x85c6, 0x85c6, 0x85c6, 0x75a3, 0x6da2, 0x6d82, 0x6502, 0x6442, 0x5300, 0x5220,
  0x61e2, 0x71e5, 0x8247, 0x8248, 0x8247, 0x71c5, 0x71e5, 0x8246, 0x8267, 0x8247, 0x71e5, 0x69a4,
  0x69a4, 0x7a05, 0x8247, 0x7a06, 0x6983, 0x7184, 0x7184, 0x7184, 0x71a4, 0x71a4, 0x6983, 0x6983,
  0x6983, 0x7184, 0x7183, 0x6983, 0x6963, 0x6983, 0x7183, 0x6983, 0x6963, 0x6963, 0x6983, 0x7183,
  0x461f, 0x461f, 0x461f, 0x461f, 0x461f, 0x461f, 0x461f, 0x461f, 0x461f, 0x461f, 0x461f, 0x461f,
  0x461f, 0x461f, 0x461f, 0x461f, 0x461f, 0x461f, 0x461f, 0x461f, 0x461f, 0x461f, 0x461f, 0x461f,
  0x461f, 0x461f, 0x461f, 0x461f, 0x461f, 0x461f, 0x461f, 0x461f, 0x461f, 0x461f, 0x461f, 0x461f,
  0x461f, 0x461f, 0x461f, 0x461f, 0x461f, 0x461f, 0x461f, 0x461f, 0x461f, 0x461f, 0x461f, 0x461f,
  0x461f, 0x461f, 0x461f, 0x461f, 0x461f, 0x461f, 0x461f, 0x461f, 0x461f, 0x461f, 0x4e3f, 0x4e3f,
  0x563f, 0x563f, 0x563f, 0x563f, 0x563f, 0x563f, 0x563f, 0x565f, 0x565f, 0x565f, 0x5e3f, 0x5e3e,
  0x6e3d, 0x8ede, 0xb79f, 0xc7bf, 0xc79f, 0xc77f, 0xbf5f, 0xb77f, 0xaf5f, 0x8ebe, 0x661d, 0x5e3f,
  0x565f, 0x5e5f, 0x5e3f, 0x5e3f, 0x5e3f, 0x5e3f, 0x5e3f, 0x5e3f, 0x5e3f, 0x5e3f, 0x5e3f, 0x5e3f,
  0x5e3f, 0x5e3f, 0x5e3f, 0x5e3f, 0x5e3f, 0x5e3f, 0x5e3f, 0x5e3f, 0x5e3f, 0x5e3f, 0x5e3f, 0x5e3f,
  0x5e3f, 0x5e3f, 0x5e3f, 0x5e3f, 0x5e3f, 0x5e3f, 0x5e3f, 0x5e3f, 0x5e3f, 0x5e3f, 0x665f, 0x665f,
  0x665f, 0x665f, 0x665f, 0x665f, 0x665f, 0x665f, 0x665f, 0x667f, 0x6e7f, 0x6e7f, 0x6e7f, 0x6e7f,
  0x6e7f, 0x6e7f, 0x6e7f, 0x6e7f, 0x6e7f, 0x6e7f, 0x6e7f, 0x6e7f, 0x6e7f, 0x6e7f, 0x6e7f, 0x6e7f,
  0x6e7f, 0x6e7f, 0x6e7f, 0x6e7f, 0x6e7f, 0x6e7f, 0x6e7f, 0x6e7f, 0x6e7f, 0x6e7f, 0x6e7f, 0x6e7f,
  0x6e7f, 0x6e7f, 0x6e7f, 0x6e7f, 0x6e7f, 0x6e7f, 0x6e7f, 0x6e7f, 0x6e7f, 0x6e7f, 0x6e7f, 0x6e7f,
  0x6e7f, 0x6e7f, 0x6e7f, 0x6e7f, 0x6e7f, 0x6e7f, 0x6e7f, 0x6e7f, 0x6e5f, 0x7e5c, 0x8674, 0x8e4b,
  0x8e07, 0x8dc6, 0x8dc6, 0x85c5, 0x85c6, 0x8dc7, 0x8dc6, 0x8dc6, 0x8dc6, 0x85c6, 0x85c6, 0x85c6,
  0x85c6, 0x85c6, 0x7da5, 0x7da5, 0x7da5, 0x6da3, 0x65a1, 0x6541, 0x64a2, 0x6be4, 0x5a82, 0x61a3,
  0x71c5, 0x8207, 0x8247, 0x8267, 0x8247, 0x71c5, 0x71c5, 0x8247, 0x8267, 0x8267, 0x7a26, 0x71e5,
  0x69a4, 0x71e5, 0x8247, 0x7a06, 0x6983, 0x6983, 0x6983, 0x6983, 0x7184, 0x6983, 0x6983, 0x6983,
  0x6983, 0x6983, 0x7183, 0x6983, 0x6963, 0x7183, 0x7184, 0x7184, 0x6963, 0x6963, 0x7183, 0x7183,
  0x461f, 0x461f, 0x461f, 0x461f, 0x461f, 0x461f, 0x461f, 0x461f, 0x461f, 0x461f, 0x461f, 0x461f,
  0x461f, 0x461f, 0x461f, 0x461f, 0x461f, 0x461f, 0x461f, 0x461f, 0x461f, 0x461f, 0x461f, 0x461f,
  0x461f, 0x461f, 0x461f, 0x461f, 0x461f, 0x461f, 0x461f, 0x461f, 0x461f, 0x461f, 0x461f, 0x461f,
  0x461f, 0x461f, 0x461f, 0x461f, 0x461f, 0x461f, 0x461f, 0x461f, 0x461f, 0x461f, 0x461f, 0x461f,
  0x461f, 0x461f, 0x461f, 0x461f, 0x461f, 0x461f, 0x461f, 0x461f, 0x461f, 0x461f, 0x4e1f, 0x4e1f,
  0x563f, 0x561f, 0x4e1f, 0x563f, 0x563f, 0x561f, 0x561f, 0x563f, 0x5e5f, 0x5e5f, 0x5e3f, 0x663e,
  0x763d, 0x9efe, 0xc7bf, 0xd7bf, 0xcf9f, 0xc77f, 0xbf5e, 0xbf5f, 0xaf3f, 0x8ebe, 0x661d, 0x5e3f,
  0x565f, 0x5e5f, 0x5e3f, 0x5e3f, 0x5e3f, 0x5e3f, 0x5e3f, 0x5e3f, 0x5e3f, 0x5e3f, 0x5e3f, 0x5e3f,
  0x5e3f, 0x5e3f, 0x5e3f, 0x5e3f, 0x5e3f, 0x5e3f, 0x5e3f, 0x5e3f, 0x5e3f, 0x5e3f, 0x5e3f, 0x5e3f,
  0x5e3f, 0x5e3f, 0x5e3f, 0x5e3f, 0x5e3f, 0x5e3f, 0x5e3f, 0x5e3f, 0x5e3f, 0x5e3f, 0x5e3f, 0x665f,
  0x667f, 0x665f, 0x5e3f, 0x665f, 0x665f, 0x665f, 0x665f, 0x667f, 0x6e7f, 0x6e7f, 0x6e7f, 0x6e7f,
  0x6e7f, 0x6e7f, 0x6e7f, 0x6e7f, 0x6e7f, 0x6e7f, 0x6e7f, 0x6e7f, 0x6e7f, 0x6e7f, 0x6e7f, 0x6e7f,
  0x6e7f, 0x6e7f, 0x6e7f, 0x6e7f, 0x6e7f, 0x6e7f, 0x6e7f, 0x6e7f, 0x6e7f, 0x6e7f, 0x6e7f, 0x6e7f,
  0x6e7f, 0x6e7f, 0x6e7f, 0x6e7f, 0x6e7f, 0x6e7f, 0x6e7f, 0x6e7f, 0x6e7f, 0x6e7f, 0x6e7f, 0x6e7f,
  0x6e7f, 0x6e7f, 0x6e7f, 0x6e7f, 0x6e7f, 0x6e7f, 0x6e7f, 0x6e7f, 0x6e5f, 0x7e5c, 0x8674, 0x8e4b,
  0x8e07, 0x8dc6, 0x8dc6, 0x85c5, 0x85c6, 0x8dc7, 0x8dc6, 0x8dc6, 0x8dc6, 0x85c6, 0x85c6, 0x85c6,
  0x85c5, 0x7da5, 0x7564, 0x7564, 0x6d63, 0x6d62, 0x6d42, 0x5c61, 0x63e3, 0x7385, 0x6223, 0x71a4,
  0x8a07, 0x8a48, 0x8248, 0x8267, 0x7a67, 0x71c5, 0x71e5, 0x8247, 0x8267, 0x8247, 0x8267, 0x8246,
  0x71c5, 0x71e5, 0x8246, 0x7a05, 0x6983, 0x6983, 0x6963, 0x6983, 0x6983, 0x6963, 0x6983, 0x6983,
  0x6983, 0x6983, 0x7183, 0x6983, 0x6963, 0x7183, 0x7184, 0x7184, 0x7183, 0x6963, 0x7183, 0x7183,
  0x461f, 0x461f, 0x461f, 0x461f, 0x461f, 0x461f, 0x461f, 0x461f, 0x461f, 0x461f, 0x461f, 0x461f,
  0x461f, 0x461f, 0x461f, 0x461f, 0x461f, 0x461f, 0x461f, 0x461f, 0x461f, 0x461f, 0x461f, 0x461f,
  0x461f, 0x461f, 0x461f, 0x461f, 0x461f, 0x461f, 0x461f, 0x461f, 0x461f, 0x461f, 0x461f, 0x461f,
  0x461f, 0x461f, 0x461f, 0x461f, 0x461f, 0x461f, 0x461f, 0x461f, 0x461f, 0x461f, 0x461f, 0x461f,
  0x461f, 0x461f, 0x461f, 0x461f, 0x461f, 0x461f, 0x461f, 0x461f, 0x461f, 0x461f, 0x4e3f, 0x4e3f,
  0x561f, 0x563f, 0x563f, 0x561f, 0x563f, 0x563f, 0x561f, 0x5e3f, 0x5e3f, 0x5e3f, 0x5e3f, 0x6e5e,
  0x8ebe, 0xb75f, 0xcfbf, 0xd7be, 0xd77e, 0xcf5e, 0xbf3e, 0xb75f, 0xaf3f, 0x8ebe, 0x661e, 0x5e5f,
  0x565f, 0x5e5f, 0x5e3f, 0x5e3f, 0x5e3f, 0x5e3f, 0x5e3f, 0x5e3f, 0x5e3f, 0x5e3f, 0x5e3f, 0x5e3f,
  0x5e3f, 0x5e3f, 0x5e3f, 0x5e3f, 0x5e3f, 0x5e3f, 0x5e3f, 0x5e3f, 0x5e3f, 0x5e3f, 0x5e3f, 0x5e3f,
  0x5e3f, 0x5e3f, 0x5e3f, 0x5e3f, 0x5e3f, 0x5e3f, 0x5e3f, 0x5e3f, 0x5e3f, 0x5e3f, 0x665f, 0x665f,
  0x665f, 0x665f, 0x665f, 0x665f, 0x663f, 0x665f, 0x665f, 0x667f, 0x6e7f, 0x6e7f, 0x6e7f, 0x6e7f,
  0x6e7f, 0x6e7f, 0x6e7f, 0x6e7f, 0x6e7f, 0x6e7f, 0x6e7f, 0x6e7f, 0x6e7f, 0x6e7f, 0x6e7f, 0x6e7f,
  0x6e7f, 0x6e7f, 0x6e7f, 0x6e7f, 0x6e7f, 0x6e7f, 0x6e7f, 0x6e7f, 0x6e7f, 0x6e7f, 0x6e7f, 0x6e7f,
  0x6e7f, 0x6e7f, 0x6e7f, 0x6e7f, 0x6e7f, 0x6e7f, 0x6e7f, 0x6e7f, 0x6e7f, 0x6e7f, 0x6e7f, 0x6e7f,
  0x6e7f, 0x6e7f, 0x6e7f, 0x6e7f, 0x6e7f, 0x6e7f, 0x6e7f, 0x6e7f, 0x6e5f, 0x7e5c, 0x8654, 0x8e4b,
  0x8e07, 0x85c6, 0x8dc6, 0x85c5, 0x85c6, 0x8dc7, 0x8dc6, 0x8dc6, 0x8dc6, 0x85c6, 0x85c6, 0x85c6,
  0x7da5, 0x7543, 0x64e2, 0x64e1, 0x5ce1, 0x6cc2, 0x6c43, 0x5b61, 0x5ae2, 0x6aa4, 0x61c3, 0x7184,
  0x8a27, 0x8a48, 0x8267, 0x7a87, 0x7a67, 0x71e5, 0x69a4, 0x71e5, 0x7a26, 0x8247, 0x8267, 0x8247,
  0x71c5, 0x69a4, 0x71e5, 0x71c4, 0x6983, 0x6983, 0x6963, 0x6963, 0x6963, 0x6963, 0x6983, 0x6983,
  0x6983, 0x6983, 0x7183, 0x6963, 0x6963, 0x6983, 0x7183, 0x7183, 0x6983, 0x6963, 0x7183, 0x7183,
  0x461f, 0x461f, 0x461f, 0x461f, 0x461f, 0x461f, 0x461f, 0x461f, 0x461f, 0x461f, 0x461f, 0x461f,
  0x461f, 0x461f, 0x461f, 0x461f, 0x461f, 0x461f, 0x461f, 0x461f, 0x461f, 0x461f, 0x461f, 0x461f,
  0x461f, 0x461f, 0x461f, 0x461f, 0x461f, 0x461f, 0x461f, 0x461f, 0x461f, 0x461f, 0x461f, 0x461f,
  0x461f, 0x461f, 0x461f, 0x461f, 0x461f, 0x461f, 0x461f, 0x461f, 0x461f, 0x461f, 0x461f, 0x461f,
  0x461f, 0x461f, 0x461f, 0x461f, 0x461f, 0x461f, 0x461f, 0x461f, 0x461f, 0x461f, 0x4e3f, 0x4e3f,
  0x4e1f, 0x563f, 0x563f, 0x4e1f, 0x4e1f, 0x561f, 0x561f, 0x5e3f, 0x5e3f, 0x5e3f, 0x663e, 0x767e,
  0xa73f, 0xc7df, 0xcfbf, 0xdf9e, 0xdf9e, 0xcf7f, 0xc75e, 0xbf5f, 0xaf3f, 0x8ebf, 0x661e, 0x5e5f,
  0x565f, 0x5e5f, 0x5e3f, 0x5e3f, 0x5e3f, 0x5e3f, 0x5e3f, 0x5e3f, 0x5e3f, 0x5e3f, 0x5e3f, 0x5e3f,
  0x5e3f, 0x5e3f, 0x5e3f, 0x5e3f, 0x5e3f, 0x5e3f, 0x5e3f, 0x5e3f, 0x5e3f, 0x5e3f, 0x5e3f, 0x5e3f,
  0x5e3f, 0x5e3f, 0x5e3f, 0x5e3f, 0x5e3f, 0x5e3f, 0x5e3f, 0x5e3f, 0x5e3f, 0x5e3f, 0x665f, 0x665f,
  0x5e5f, 0x665f, 0x667f, 0x665f, 0x5e3f, 0x665f, 0x667f, 0x667f, 0x6e7f, 0x6e7f, 0x6e7f, 0x6e7f,
  0x6e7f, 0x6e7f, 0x6e7f, 0x6e7f, 0x6e7f, 0x6e7f, 0x6e7f, 0x6e7f, 0x6e7f, 0x6e7f, 0x6e7f, 0x6e7f,
  0x6e7f, 0x6e7f, 0x6e7f, 0x6e7f, 0x6e7f, 0x6e7f, 0x6e7f, 0x6e7f, 0x6e7f, 0x6e7f, 0x6e7f, 0x6e7f,
  0x6e7f, 0x6e7f, 0x6e7f, 0x6e7f, 0x6e7f, 0x6e7f, 0x6e7f, 0x6e7f, 0x6e7f, 0x6e7f, 0x6e7f, 0x6e7f,
  0x6e7f, 0x6e7f, 0x6e7f, 0x6e7f, 0x6e7f, 0x6e7f, 0x6e7f, 0x6e7f, 0x6e7f, 0x7e5c, 0x8674, 0x8e6b,
  0x8e07, 0x8dc7, 0x8dc6, 0x85c5, 0x85c6, 0x8dc7, 0x8dc6, 0x8da6, 0x8dc6, 0x85c6, 0x85c6, 0x85c6,
  0x7564, 0x6d03, 0x5ca1, 0x5480, 0x4c40, 0x63e2, 0x6323, 0x5221, 0x51c1, 0x59e2, 0x61c3, 0x71c4,
  0x8246, 0x8267, 0x8267, 0x7a67, 0x7a46, 0x71c5, 0x6984, 0x6984, 0x71e5, 0x8246, 0x8267, 0x7a46,
  0x71e5, 0x69a4, 0x69a4, 0x69a4, 0x6983, 0x6983, 0x6983, 0x6963, 0x6963, 0x6963, 0x6963, 0x6983,
  0x7184, 0x7184, 0x6983, 0x6963, 0x6963, 0x6963, 0x6983, 0x6983, 0x6963, 0x6963, 0x7183, 0x7183,
  0x461f, 0x461f, 0x461f, 0x461f, 0x461f, 0x461f, 0x461f, 0x461f, 0x461f, 0x461f, 0x461f, 0x461f,
  0x461f, 0x461f, 0x461f, 0x461f, 0x461f, 0x461f, 0x461f, 0x461f, 0x461f, 0x461f, 0x461f, 0x461f,
  0x461f, 0x461f, 0x461f, 0x461f, 0x461f, 0x461f, 0x461f, 0x461f, 0x461f, 0x461f, 0x461f, 0x461f,
  0x461f, 0x461f, 0x461f, 0x461f, 0x461f, 0x461f, 0x461f, 0x461f, 0x461f, 0x461f, 0x461f, 0x461f,
  0x461f, 0x461f, 0x461f, 0x461f, 0x461f, 0x461f, 0x461f, 0x461f, 0x461f, 0x461f, 0x4e1f, 0x4e3f,
  0x563f, 0x4e1f, 0x4e1f, 0x563f, 0x563f, 0x4e1f, 0x563f, 0x5e3f, 0x5e3f, 0x663e, 0x661e, 0x765d,
  0x9f1e, 0xbf9f, 0xc77e, 0xd79e, 0xdf9f, 0xd79f, 0xcf7f, 0xbf5f, 0xaf3f, 0x86be, 0x661e, 0x5e5f,
  0x565f, 0x5e3f, 0x5e3f, 0x663f, 0x5e3f, 0x5e3f, 0x5e3f, 0x5e3f, 0x5e3f, 0x5e3f, 0x5e3f, 0x5e3f,
  0x5e3f, 0x5e3f, 0x5e3f, 0x5e3f, 0x5e3f, 0x5e3f, 0x5e3f, 0x5e3f, 0x5e3f, 0x5e3f, 0x5e3f, 0x5e3f,
  0x5e3f, 0x5e3f, 0x5e3f, 0x5e3f, 0x5e3f, 0x5e3f, 0x5e3f, 0x5e3f, 0x5e3f, 0x5e5f, 0x665f, 0x665f,
  0x665f, 0x665f, 0x5e3f, 0x665f, 0x667f, 0x665f, 0x665f, 0x6e7f, 0x6e7f, 0x6e7f, 0x6e7f, 0x6e7f,
  0x6e7f, 0x6e7f, 0x6e7f, 0x6e7f, 0x6e7f, 0x6e7f, 0x6e7f, 0x6e7f, 0x6e7f, 0x6e7f, 0x6e7f, 0x6e7f,
  0x6e7f, 0x6e7f, 0x6e7f, 0x6e7f, 0x6e7f, 0x6e7f, 0x6e7f, 0x6e7f, 0x6e7f, 0x6e7f, 0x6e7f, 0x6e7f,
  0x6e7f, 0x6e7f, 0x6e7f, 0x6e7f, 0x6e7f, 0x6e7f, 0x6e7f, 0x6e7f, 0x6e7f, 0x6e7f, 0x6e7f, 0x6e7f,
  0x6e7f, 0x6e7f, 0x6e7f, 0x6e7f, 0x6e7f, 0x6e7f, 0x6e7f, 0x6e7f, 0x6e5f, 0x7e5c, 0x8e74, 0x966b,
  0x9628, 0x8de7, 0x8dc6, 0x85c5, 0x85c6, 0x8dc7, 0x8dc6, 0x8da6, 0x8dc6, 0x85c6, 0x85c6, 0x85c6,
  0x7da5, 0x7564, 0x6d23, 0x5cc1, 0x5440, 0x5321, 0x6243, 0x61e3, 0x6a23, 0x7244, 0x7244, 0x7265,
  0x7a87, 0x7a87, 0x8267, 0x7a26, 0x71e5, 0x69a4, 0x69a4, 0x69a4, 0x69a4, 0x71e5, 0x7a46, 0x8247,
  0x7a26, 0x71e5, 0x71a4, 0x6983, 0x6963, 0x6983, 0x6983, 0x6963, 0x6963, 0x6963, 0x6963, 0x6983,
  0x71a4, 0x7184, 0x6983, 0x6963, 0x6963, 0x6963, 0x6963, 0x6963, 0x6963, 0x6983, 0x7183, 0x7184,
  0x461f, 0x461f, 0x461f, 0x461f, 0x461f, 0x461f, 0x461f, 0x461f, 0x461f, 0x461f, 0x461f, 0x461f,
  0x461f, 0x461f, 0x461f, 0x461f, 0x461f, 0x461f, 0x461f, 0x461f, 0x461f, 0x461f, 0x461f, 0x461f,
  0x461f, 0x461f, 0x461f, 0x461f, 0x461f, 0x461f, 0x461f, 0x461f, 0x461f, 0x461f, 0x461f, 0x461f,
  0x461f, 0x461f, 0x461f, 0x461f, 0x461f, 0x461f, 0x461f, 0x461f, 0x461f, 0x461f, 0x461f, 0x461f,
  0x461f, 0x461f, 0x461f, 0x461f, 0x461f, 0x461f, 0x461f, 0x461f, 0x45ff, 0x4dff, 0x4e1f, 0x4e1f,
  0x4e3f, 0x4e3f, 0x4e3f, 0x4e3f, 0x4e3f, 0x4e3e, 0x4e3e, 0x5e5f, 0x663e, 0x6e3e, 0x763d, 0x7e1c,
  0x8e7c, 0xa6fd, 0xbf7f, 0xd79f, 0xd79f, 0xd79f, 0xcf7f, 0xbf5f, 0xaf5f, 0x86be, 0x663d, 0x5e5f,
  0x565f, 0x5e3f, 0x5e3f, 0x663f, 0x5e3f, 0x5e3f, 0x5e3f, 0x5e3f, 0x5e3f, 0x5e3f, 0x5e3f, 0x5e3f,
  0x5e3f, 0x5e3f, 0x5e3f, 0x5e3f, 0x5e3f, 0x5e3f, 0x5e3f, 0x5e3f, 0x5e3f, 0x5e3f, 0x5e3f, 0x5e3f,
  0x5e3f, 0x5e3f, 0x5e3f, 0x5e3f, 0x5e3f, 0x5e3f, 0x5e3f, 0x5e3f, 0x5e3f, 0x5e5f, 0x665f, 0x665f,
  0x665f, 0x665f, 0x665f, 0x665f, 0x665f, 0x665f, 0x665f, 0x667f, 0x6e7f, 0x6e7f, 0x6e7f, 0x6e7f,
  0x6e7f, 0x6e7f, 0x6e7f, 0x6e7f, 0x6e7f, 0x6e7f, 0x6e7f, 0x6e7f, 0x6e7f, 0x6e7f, 0x6e7f, 0x6e7f,
  0x6e7f, 0x6e7f, 0x6e7f, 0x6e7f, 0x6e7f, 0x6e7f, 0x6e7f, 0x6e7f, 0x6e7f, 0x6e7f, 0x6e7f, 0x6e7f,
  0x6e7f, 0x6e7f, 0x6e7f, 0x6e7f, 0x6e7f, 0x6e7f, 0x6e7f, 0x6e7f, 0x6e7f, 0x6e7f, 0x6e7f, 0x6e7f,
  0x6e7f, 0x6e7f, 0x6e7f, 0x6e7f, 0x6e7f, 0x6e7f, 0x6e7f, 0x6e7f, 0x6e7f, 0x7e5c, 0x8674, 0x8e6b,
  0x9648, 0x9608, 0x8dc6, 0x85c6, 0x85c6, 0x8dc6, 0x8dc6, 0x8dc6, 0x8dc6, 0x85c6, 0x85c6, 0x85c6,
  0x85c6, 0x85a5, 0x7d85, 0x6d03, 0x5c81, 0x5321, 0x6223, 0x61a2, 0x7204, 0x8266, 0x7a86, 0x7a86,
  0x7aa7, 0x7a87, 0x7a47, 0x79c6, 0x71a5, 0x71c5, 0x71c5, 0x71e5, 0x69c5, 0x71e5, 0x7a06, 0x7a26,
  0x7a26, 0x79e5, 0x71a4, 0x6984, 0x6983, 0x6983, 0x6983, 0x6983, 0x6963, 0x6963, 0x6943, 0x6963,
  0x6983, 0x7184, 0x6983, 0x6983, 0x6983, 0x6983, 0x6963, 0x6983, 0x6983, 0x71a4, 0x71a4, 0x7184,
  0x461f, 0x461f, 0x461f, 0x461f, 0x461f, 0x461f, 0x461f, 0x461f, 0x461f, 0x461f, 0x461f, 0x461f,
  0x461f, 0x461f, 0x461f, 0x461f, 0x461f, 0x461f, 0x461f, 0x461f, 0x461f, 0x461f, 0x461f, 0x461f,
  0x461f, 0x461f, 0x461f, 0x461f, 0x461f, 0x461f, 0x461f, 0x461f, 0x461f, 0x461f, 0x461f, 0x461f,
  0x461f, 0x461f, 0x461f, 0x461f, 0x461f, 0x461f, 0x461f, 0x461f, 0x461f, 0x461f, 0x461f, 0x461f,
  0x461f, 0x461f, 0x461f, 0x461f, 0x461f, 0x461f, 0x461f, 0x461f, 0x45ff, 0x4e1f, 0x4e3f, 0x563f,
  0x4e1f, 0x4e3f, 0x565f, 0x4e3f, 0x4e1e, 0x563e, 0x565e, 0x5e3e, 0x661d, 0x7e7e, 0x96de, 0x9ede,
  0x9edd, 0xaf1e, 0xc79f, 0xcf9f, 0xd79f, 0xd7bf, 0xcf7f, 0xbf5f, 0xaf3f, 0x8ebe, 0x663e, 0x5e5f,
  0x565f, 0x5e3f, 0x5e3f, 0x663f, 0x5e3f, 0x5e3f, 0x5e3f, 0x5e3f, 0x5e3f, 0x5e3f, 0x5e3f, 0x5e3f,
  0x5e3f, 0x5e3f, 0x5e3f, 0x5e3f, 0x5e3f, 0x5e3f, 0x5e3f, 0x5e3f, 0x5e3f, 0x5e3f, 0x5e3f, 0x5e3f,
  0x5e3f, 0x5e3f, 0x5e3f, 0x5e3f, 0x5e3f, 0x5e3f, 0x5e3f, 0x5e3f, 0x5e3f, 0x5e3f, 0x665f, 0x665f,
  0x5e5f, 0x665f, 0x667f, 0x665f, 0x663f, 0x665f, 0x665f, 0x667f, 0x6e7f, 0x6e7f, 0x6e7f, 0x6e7f,
  0x6e7f, 0x6e7f, 0x6e7f, 0x6e7f, 0x6e7f, 0x6e7f, 0x6e7f, 0x6e7f, 0x6e7f, 0x6e7f, 0x6e7f, 0x6e7f,
  0x6e7f, 0x6e7f, 0x6e7f, 0x6e7f, 0x6e7f, 0x6e7f, 0x6e7f, 0x6e7f, 0x6e7f, 0x6e7f, 0x6e7f, 0x6e7f,
  0x6e7f, 0x6e7f, 0x6e7f, 0x6e7f, 0x6e7f, 0x6e7f, 0x6e7f, 0x6e7f, 0x6e7f, 0x6e7f, 0x6e7f, 0x6e7f,
  0x6e7f, 0x6e7f, 0x6e7f, 0x6e7f, 0x6e7f, 0x6e7f, 0x6e7f, 0x6e7f, 0x6e5f, 0x7e5c, 0x8674, 0x8e4b,
  0x8e07, 0x85c7, 0x85a6, 0x8dc6, 0x85c6, 0x8dc6, 0x8dc6, 0x8dc6, 0x8dc6, 0x85c6, 0x85c6, 0x85c6,
  0x85c6, 0x85c6, 0x85c6, 0x7d64, 0x7523, 0x6c03, 0x7324, 0x59e2, 0x7204, 0x8a47, 0x8a48, 0x8268,
  0x8288, 0x7a27, 0x69c5, 0x69a4, 0x71a4, 0x8246, 0x8267, 0x8267, 0x8267, 0x7a67, 0x7205, 0x69c4,
  0x71c5, 0x71c5, 0x7184, 0x7184, 0x6983, 0x6983, 0x6983, 0x6983, 0x6983, 0x6963, 0x6963, 0x6963,
  0x6983, 0x6983, 0x6963, 0x6983, 0x6983, 0x6983, 0x6983, 0x6983, 0x6983, 0x71a4, 0x71a4, 0x7184,
  0x461f, 0x461f, 0x461f, 0x461f, 0x461f, 0x461f, 0x461f, 0x461f, 0x461f, 0x461f, 0x461f, 0x461f,
  0x461f, 0x461f, 0x461f, 0x461f, 0x461f, 0x461f, 0x461f, 0x461f, 0x461f, 0x461f, 0x461f, 0x461f,
  0x461f, 0x461f, 0x461f, 0x461f, 0x461f, 0x461f, 0x461f, 0x461f, 0x461f, 0x461f, 0x461f, 0x461f,
  0x461f, 0x461f, 0x461f, 0x461f, 0x461f, 0x461f, 0x461f, 0x461f, 0x461f, 0x461f, 0x461f, 0x461f,
  0x461f, 0x461f, 0x461f, 0x461f, 0x461f, 0x461f, 0x461f, 0x461f, 0x461f, 0x461f, 0x4e1f, 0x4e3f,
  0x4e3f, 0x563f, 0x563f, 0x4e3f, 0x563f, 0x563e, 0x563e, 0x663d, 0x7e5e, 0x9f1f, 0xbfbf, 0xc7df,
  0xc7df, 0xcfdf, 0xc79e, 0xc75e, 0xd77f, 0xd7bf, 0xcf7f, 0xbf5f, 0xaf5f, 0x8ebe, 0x663e, 0x5e5f,
  0x565f, 0x5e3f, 0x5e3f, 0x5e3f, 0x5e3f, 0x5e3f, 0x5e3f, 0x5e3f, 0x5e3f, 0x5e3f, 0x5e3f, 0x5e3f,
  0x5e3f, 0x5e3f, 0x5e3f, 0x5e3f, 0x5e3f, 0x5e3f, 0x5e3f, 0x5e3f, 0x5e3f, 0x5e3f, 0x5e3f, 0x5e3f,
  0x5e3f, 0x5e3f, 0x5e3f, 0x5e3f, 0x5e3f, 0x5e3f, 0x5e3f, 0x5e3f, 0x5e5f, 0x5e5f, 0x5e5f, 0x665f,
  0x665f, 0x665f, 0x665f, 0x665f, 0x665f, 0x665f, 0x665f, 0x667f, 0x6e7f, 0x6e7f, 0x6e7f, 0x6e7f,
  0x6e7f, 0x6e7f, 0x6e7f, 0x6e7f, 0x6e7f, 0x6e7f, 0x6e7f, 0x6e7f, 0x6e7f, 0x6e7f, 0x6e7f, 0x6e7f,
  0x6e7f, 0x6e7f, 0x6e7f, 0x6e7f, 0x6e7f, 0x6e7f, 0x6e7f, 0x6e7f, 0x6e7f, 0x6e7f, 0x6e7f, 0x6e7f,
  0x6e7f, 0x6e7f, 0x6e7f, 0x6e7f, 0x6e7f, 0x6e7f, 0x6e7f, 0x6e7f, 0x6e7f, 0x6e7f, 0x6e7f, 0x6e7f,
  0x6e7f, 0x6e7f, 0x6e7f, 0x6e7f, 0x6e7f, 0x6e7f, 0x6e7f, 0x6e7f, 0x6e5f, 0x7e5c, 0x8674, 0x8e6b,
  0x9628, 0x8de7, 0x85a6, 0x85c6, 0x8dc6, 0x8dc6, 0x85a6, 0x8dc6, 0x8dc6, 0x85c6, 0x85c6, 0x85c6,
  0x85c6, 0x85c6, 0x85e6, 0x7d85, 0x7544, 0x6463, 0x63a3, 0x5241, 0x6a03, 0x79e6, 0x81e7, 0x81e8,
  0x8229, 0x7a07, 0x69c5, 0x69c3, 0x69a4, 0x7a26, 0x8267, 0x8247, 0x8267, 0x7a46, 0x7a06, 0x71e5,
  0x69a4, 0x6984, 0x7184, 0x7184, 0x6983, 0x6983, 0x6983, 0x6983, 0x6983, 0x6963, 0x6963, 0x6963,
  0x6983, 0x6963, 0x6963, 0x6983, 0x71a4, 0x71a4, 0x7184, 0x6983, 0x6983, 0x71a4, 0x71a4, 0x7184,
  0x461f, 0x461f, 0x461f, 0x461f, 0x461f, 0x461f, 0x461f, 0x461f, 0x461f, 0x461f, 0x461f, 0x461f,
  0x461f, 0x461f, 0x461f, 0x461f, 0x461f, 0x461f, 0x461f, 0x461f, 0x461f, 0x461f, 0x461f, 0x461f,
  0x461f, 0x461f, 0x461f, 0x461f, 0x461f, 0x461f, 0x461f, 0x461f, 0x461f, 0x461f, 0x461f, 0x461f,
  0x461f, 0x461f, 0x461f, 0x461f, 0x461f, 0x461f, 0x461f, 0x461f, 0x461f, 0x461f, 0x461f, 0x461f,
  0x461f, 0x461f, 0x461f, 0x461f, 0x461f, 0x461f, 0x461f, 0x461f, 0x461f, 0x45ff, 0x4e1f, 0x4e1f,
  0x4e3f, 0x563f, 0x4e3f, 0x563f, 0x563f, 0x563e, 0x5e1d, 0x7e7d, 0x9f1f, 0xc7bf, 0xcfdf, 0xcfbf,
  0xcfbf, 0xcfbf, 0xcf9f, 0xc75e, 0xcf7f, 0xcf9f, 0xcf7f, 0xbf5f, 0xaf5f, 0x86be, 0x661d, 0x5e3f,
  0x565f, 0x5e3f, 0x5e3f, 0x5e3f, 0x5e3f, 0x5e3f, 0x5e3f, 0x5e3f, 0x5e3f, 0x5e3f, 0x5e3f, 0x5e3f,
  0x5e3f, 0x5e3f, 0x5e3f, 0x5e3f, 0x5e3f, 0x5e3f, 0x5e3f, 0x5e3f, 0x5e3f, 0x5e3f, 0x5e3f, 0x5e3f,
  0x5e3f, 0x5e3f, 0x5e3f, 0x5e3f, 0x5e3f, 0x5e3f, 0x5e3f, 0x5e3f, 0x5e5f, 0x5e5f, 0x5e5f, 0x665f,
  0x667f, 0x665f, 0x665f, 0x665f, 0x665f, 0x665f, 0x665f, 0x667f, 0x6e7f, 0x6e7f, 0x6e7f, 0x6e7f,
  0x6e7f, 0x6e7f, 0x6e7f, 0x6e7f, 0x6e7f, 0x6e7f, 0x6e7f, 0x6e7f, 0x6e7f, 0x6e7f, 0x6e7f, 0x6e7f,
  0x6e7f, 0x6e7f, 0x6e7f, 0x6e7f, 0x6e7f, 0x6e7f, 0x6e7f, 0x6e7f, 0x6e7f, 0x6e7f, 0x6e7f, 0x6e7f,
  0x6e7f, 0x6e7f, 0x6e7f, 0x6e7f, 0x6e7f, 0x6e7f, 0x6e7f, 0x6e7f, 0x6e7f, 0x6e7f, 0x6e7f, 0x6e7f,
  0x6e7f, 0x6e7f, 0x6e7f, 0x6e7f, 0x6e7f, 0x6e7f, 0x6e7f, 0x6e7f, 0x6e5f, 0x7e5c, 0x8653, 0x966b,
  0x9e69, 0x9628, 0x8dc6, 0x85c6, 0x8dc6, 0x8dc7, 0x8da6, 0x8dc6, 0x8dc6, 0x85c6, 0x85c6, 0x85c6,
  0x85c6, 0x85c6, 0x85c6, 0x7d85, 0x7544, 0x64a2, 0x5be2, 0x42a0, 0x5201, 0x61c3, 0x6985, 0x71a6,
  0x8228, 0x8207, 0x69a4, 0x69a3, 0x71e4, 0x8246, 0x8267, 0x8267, 0x8287, 0x8267, 0x8267, 0x7a26,
  0x71c5, 0x6984, 0x71a4, 0x7184, 0x6983, 0x6963, 0x6963, 0x6983, 0x6983, 0x6963, 0x6983, 0x6983,
  0x6983, 0x6963, 0x6963, 0x6983, 0x71a4, 0x71a4, 0x6983, 0x6983, 0x6983, 0x71a4, 0x71a4, 0x7184,
  0x461f, 0x461f, 0x461f, 0x461f, 0x461f, 0x461f, 0x461f, 0x461f, 0x461f, 0x461f, 0x461f, 0x461f,
  0x461f, 0x461f, 0x461f, 0x461f, 0x461f, 0x461f, 0x461f, 0x461f, 0x461f, 0x461f, 0x461f, 0x461f,
  0x461f, 0x461f, 0x461f, 0x461f, 0x461f, 0x461f, 0x461f, 0x461f, 0x461f, 0x461f, 0x461f, 0x461f,
  0x461f, 0x461f, 0x461f, 0x461f, 0x461f, 0x461f, 0x461f, 0x461f, 0x461f, 0x461f, 0x461f, 0x461f,
  0x461f, 0x461f, 0x461f, 0x461f, 0x461f, 0x461f, 0x461f, 0x461f, 0x461f, 0x461f, 0x4e1f, 0x4e3f,
  0x4e3f, 0x4e3f, 0x563f, 0x563f, 0x563e, 0x561d, 0x765d, 0x9f3f, 0xbfbf, 0xcfbf, 0xd7bf, 0xd79e,
  0xd79e, 0xd7be, 0xcf9f, 0xcf7f, 0xc75f, 0xcf7f, 0xc77f, 0xbf7f, 0xaf5f, 0x86be, 0x661d, 0x5e3f,
  0x565f, 0x5e3f, 0x5e3f, 0x5e3f, 0x5e3f, 0x5e3f, 0x5e3f, 0x5e3f, 0x5e3f, 0x5e3f, 0x5e3f, 0x5e3f,
  0x5e3f, 0x5e3f, 0x5e3f, 0x5e3f, 0x5e3f, 0x5e3f, 0x5e3f, 0x5e3f, 0x5e3f, 0x5e3f, 0x5e3f, 0x5e3f,
  0x5e3f, 0x5e3f, 0x5e3f, 0x5e3f, 0x5e3f, 0x5e3f, 0x5e3f, 0x5e3f, 0x5e3f, 0x5e5f, 0x665f, 0x665f,
  0x665f, 0x665f, 0x665f, 0x665f, 0x665f, 0x665f, 0x665f, 0x667f, 0x6e7f, 0x6e7f, 0x6e7f, 0x6e7f,
  0x6e7f, 0x6e7f, 0x6e7f, 0x6e7f, 0x6e7f, 0x6e7f, 0x6e7f, 0x6e7f, 0x6e7f, 0x6e7f, 0x6e7f, 0x6e7f,
  0x6e7f, 0x6e7f, 0x6e7f, 0x6e7f, 0x6e7f, 0x6e7f, 0x6e7f, 0x6e7f, 0x6e7f, 0x6e7f, 0x6e7f, 0x6e7f,
  0x6e7f, 0x6e7f, 0x6e7f, 0x6e7f, 0x6e7f, 0x6e7f, 0x6e7f, 0x6e7f, 0x6e7f, 0x6e7f, 0x6e7f, 0x6e7f,
  0x6e7f, 0x6e7f, 0x6e7f, 0x6e7f, 0x6e7f, 0x6e7f, 0x6e7f, 0x6e7f, 0x6e7f, 0x7e5c, 0x8653, 0x8e4b,
  0x9628, 0x8de7, 0x8dc6, 0x8dc6, 0x85c6, 0x8dc6, 0x8dc6, 0x8dc6, 0x8dc6, 0x85c6, 0x85c6, 0x85c6,
  0x7d85, 0x7d85, 0x85c6, 0x85c5, 0x85a5, 0x7524, 0x64a3, 0x5be2, 0x6363, 0x6b04, 0x6223, 0x61a3,
  0x71e5, 0x71c5, 0x69a4, 0x7a05, 0x7a06, 0x71e5, 0x7a06, 0x8247, 0x8267, 0x7a47, 0x7a26, 0x7205,
  0x7a06, 0x79e5, 0x7184, 0x6963, 0x6963, 0x6963, 0x6963, 0x6963, 0x6963, 0x6963, 0x6983, 0x6983,
  0x7184, 0x6983, 0x6983, 0x7184, 0x6983, 0x6983, 0x6983, 0x6983, 0x6983, 0x71a4, 0x71a4, 0x7184,
  0x461f, 0x461f, 0x461f, 0x461f, 0x461f, 0x461f, 0x461f, 0x461f, 0x461f, 0x461f, 0x461f, 0x461f,
  0x461f, 0x461f, 0x461f, 0x461f, 0x461f, 0x461f, 0x461f, 0x461f, 0x461f, 0x461f, 0x461f, 0x461f,
  0x461f, 0x461f, 0x461f, 0x461f, 0x461f, 0x461f, 0x461f, 0x461f, 0x461f, 0x461f, 0x461f, 0x461f,
  0x461f, 0x461f, 0x461f, 0x461f, 0x461f, 0x461f, 0x461f, 0x461f, 0x461f, 0x461f, 0x461f, 0x461f,
  0x461f, 0x461f, 0x461f, 0x461f, 0x461f, 0x461f, 0x461f, 0x461f, 0x461f, 0x461f, 0x4e3f, 0x4e3f,
  0x4e1f, 0x563f, 0x563f, 0x561f, 0x4dfe, 0x5dfd, 0x869d, 0xaf7f, 0xcfbf, 0xd79f, 0xdf9e, 0xdf9e,
  0xd79e, 0xd7be, 0xd7bf, 0xcf9f, 0xc75f, 0xc75f, 0xbf7f, 0xbf7f, 0xaf5f, 0x8ebe, 0x661d, 0x5e3f,
  0x5e5f, 0x5e3f, 0x5e3f, 0x5e3f, 0x5e3f, 0x5e3f, 0x5e3f, 0x5e3f, 0x5e3f, 0x5e3f, 0x5e3f, 0x5e3f,
  0x5e3f, 0x5e3f, 0x5e3f, 0x5e3f, 0x5e3f, 0x5e3f, 0x5e3f, 0x5e3f, 0x5e3f, 0x5e3f, 0x5e3f, 0x5e3f,
  0x5e3f, 0x5e3f, 0x5e3f, 0x5e3f, 0x5e3f, 0x5e3f, 0x5e3f, 0x5e3f, 0x5e3f, 0x5e5f, 0x665f, 0x665f,
  0x5e5f, 0x665f, 0x665f, 0x665f, 0x665f, 0x665f, 0x665f, 0x6e7f, 0x6e7f, 0x6e7f, 0x665f, 0x6e7f,
  0x6e7f, 0x6e7f, 0x6e7f, 0x6e7f, 0x6e7f, 0x6e7f, 0x6e7f, 0x6e7f, 0x6e7f, 0x6e7f, 0x6e7f, 0x6e7f,
  0x6e7f, 0x6e7f, 0x6e7f, 0x6e7f, 0x6e7f, 0x6e7f, 0x6e7f, 0x6e7f, 0x6e7f, 0x6e7f, 0x6e7f, 0x6e7f,
  0x6e7f, 0x6e7f, 0x6e7f, 0x6e7f, 0x6e7f, 0x6e7f, 0x6e7f, 0x6e7f, 0x6e7f, 0x6e7f, 0x6e7f, 0x6e7f,
  0x6e7f, 0x6e7f, 0x6e7f, 0x6e7f, 0x6e7f, 0x6e7f, 0x6e7f, 0x6e7f, 0x6e5f, 0x7e5c, 0x8674, 0x8e4b,
  0x8e07, 0x8dc7, 0x8dc6, 0x8dc6, 0x85c6, 0x8da6, 0x8dc6, 0x8dc6, 0x8dc6, 0x85c6, 0x85c6, 0x85c6,
  0x7d65, 0x7d85, 0x85c6, 0x85c6, 0x85c5, 0x7d64, 0x7504, 0x6482, 0x6422, 0x6be3, 0x52c1, 0x5221,
  0x61e2, 0x69c3, 0x69a4, 0x8207, 0x8227, 0x71c5, 0x71c5, 0x7a26, 0x8267, 0x7a46, 0x71e5, 0x71e5,
  0x8247, 0x7a26, 0x71a4, 0x6983, 0x6963, 0x6963, 0x6963, 0x6963, 0x6963, 0x6963, 0x6963, 0x6983,
  0x7184, 0x7184, 0x7184, 0x71a4, 0x71a4, 0x6963, 0x6963, 0x7184, 0x7184, 0x7184, 0x7184, 0x7184,
  0x461f, 0x461f, 0x461f, 0x461f, 0x461f, 0x461f, 0x461f, 0x461f, 0x461f, 0x461f, 0x461f, 0x461f,
  0x461f, 0x461f, 0x461f, 0x461f, 0x461f, 0x461f, 0x461f, 0x461f, 0x461f, 0x461f, 0x461f, 0x461f,
  0x461f, 0x461f, 0x461f, 0x461f, 0x461f, 0x461f, 0x461f, 0x461f, 0x461f, 0x461f, 0x461f, 0x461f,
  0x461f, 0x461f, 0x461f, 0x461f, 0x461f, 0x461f, 0x461f, 0x461f, 0x461f, 0x461f, 0x461f, 0x461f,
  0x461f, 0x461f, 0x461f, 0x461f, 0x461f, 0x461f, 0x461f, 0x463f, 0x463f, 0x461f, 0x461f, 0x4e1f,
  0x565f, 0x561f, 0x4e1f, 0x563f, 0x563f, 0x6e3d, 0x96dd, 0xbf7f, 0xd7bf, 0xdf9f, 0xdf7e, 0xdf9e,
  0xdf9e, 0xd7be, 0xd7bf, 0xd7bf, 0xc77f, 0xbf5e, 0xbf5e, 0xb75f, 0xaf5f, 0x86be, 0x661d, 0x5e3f,
  0x5e5f, 0x5e3f, 0x5e3f, 0x5e3f, 0x5e3f, 0x5e3f, 0x5e3f, 0x5e3f, 0x5e3f, 0x5e3f, 0x5e3f, 0x5e3f,
  0x5e3f, 0x5e3f, 0x5e3f, 0x5e3f, 0x5e3f, 0x5e3f, 0x5e3f, 0x5e3f, 0x5e3f, 0x5e3f, 0x5e3f, 0x5e3f,
  0x5e3f, 0x5e3f, 0x5e3f, 0x5e3f, 0x5e3f, 0x5e3f, 0x5e3f, 0x5e3f, 0x5e3f, 0x5e3f, 0x5e3f, 0x5e5f,
  0x667f, 0x665f, 0x665f, 0x665f, 0x665f, 0x665f, 0x665f, 0x665f, 0x6e7f, 0x6e7f, 0x6e7f, 0x6e7f,
  0x6e7f, 0x6e7f, 0x6e7f, 0x6e7f, 0x6e7f, 0x6e7f, 0x6e7f, 0x6e7f, 0x6e7f, 0x6e7f, 0x6e7f, 0x6e7f,
  0x6e7f, 0x6e7f, 0x6e7f, 0x6e7f, 0x6e7f, 0x6e7f, 0x6e7f, 0x6e7f, 0x6e7f, 0x6e7f, 0x6e7f, 0x6e7f,
  0x6e7f, 0x6e7f, 0x6e7f, 0x6e7f, 0x6e7f, 0x6e7f, 0x6e7f, 0x6e7f, 0x6e7f, 0x6e7f, 0x6e7f, 0x6e7f,
  0x6e7f, 0x6e7f, 0x6e7f, 0x6e7f, 0x6e7f, 0x6e7f, 0x6e7f, 0x6e7f, 0x6e5f, 0x7e5c, 0x8674, 0x8e6b,
  0x9648, 0x9608, 0x8dc7, 0x8dc6, 0x8dc6, 0x8dc6, 0x8dc6, 0x8dc6, 0x8dc6, 0x85c6, 0x85c6, 0x85c6,
  0x85a6, 0x85a5, 0x85c6, 0x85c6, 0x85c6, 0x85a5, 0x7d85, 0x7544, 0x7524, 0x74e4, 0x6c23, 0x6342,
  0x5a21, 0x69e4, 0x8227, 0x8a48, 0x8a48, 0x71e5, 0x69a4, 0x71c5, 0x71e5, 0x71e5, 0x69c4, 0x69a4,
  0x71c5, 0x71c5, 0x7184, 0x71a4, 0x6983, 0x6963, 0x6963, 0x6963, 0x6963, 0x6963, 0x6963, 0x6963,
  0x6983, 0x71a4, 0x71a4, 0x7184, 0x71a4, 0x6983, 0x6983, 0x6983, 0x71a4, 0x71a4, 0x71a4, 0x71a4,
  0x461f, 0x461f, 0x461f, 0x461f, 0x461f, 0x461f, 0x461f, 0x461f, 0x461f, 0x461f, 0x461f, 0x461f,
  0x461f, 0x461f, 0x461f, 0x461f, 0x461f, 0x461f, 0x461f, 0x461f, 0x461f, 0x461f, 0x461f, 0x461f,
  0x461f, 0x461f, 0x461f, 0x461f, 0x461f, 0x461f, 0x461f, 0x461f, 0x461f, 0x461f, 0x461f, 0x461f,
  0x461f, 0x461f, 0x461f, 0x461f, 0x461f, 0x461f, 0x461f, 0x461f, 0x461f, 0x461f, 0x461f, 0x461f,
  0x461f, 0x461f, 0x461f, 0x461f, 0x461f, 0x461f, 0x461f, 0x463f, 0x461f, 0x461f, 0x461f, 0x4e3f,
  0x563f, 0x4e1f, 0x4e1f, 0x563f, 0x563f, 0x86bf, 0xb77f, 0xcfbf, 0xd79f, 0xdf9f, 0xdf9f, 0xdf9f,
  0xd7bf, 0xcf9f, 0xcf9f, 0xd7bf, 0xcf9f, 0xbf7f, 0xbf5e, 0xb77f, 0xaf5f, 0x86be, 0x661d, 0x5e3f,
  0x5e5f, 0x5e3f, 0x5e3f, 0x5e3f, 0x5e3f, 0x5e3f, 0x5e3f, 0x5e3f, 0x5e3f, 0x5e3f, 0x5e3f, 0x5e3f,
  0x5e3f, 0x5e3f, 0x5e3f, 0x5e3f, 0x5e3f, 0x5e3f, 0x5e3f, 0x5e3f, 0x5e3f, 0x5e3f, 0x5e3f, 0x5e3f,
  0x5e3f, 0x5e3f, 0x5e3f, 0x5e3f, 0x5e3f, 0x5e3f, 0x5e3f, 0x5e3f, 0x5e3f, 0x5e3f, 0x5e3f, 0x5e5f,
  0x667f, 0x665f, 0x665f, 0x665f, 0x665f, 0x665f, 0x665f, 0x665f, 0x6e7f, 0x6e7f, 0x6e7f, 0x6e7f,
  0x6e7f, 0x6e7f, 0x6e7f, 0x6e7f, 0x6e7f, 0x6e7f, 0x6e7f, 0x6e7f, 0x6e7f, 0x6e7f, 0x6e7f, 0x6e7f,
  0x6e7f, 0x6e7f, 0x6e7f, 0x6e7f, 0x6e7f, 0x6e7f, 0x6e7f, 0x6e7f, 0x6e7f, 0x6e7f, 0x6e7f, 0x6e7f,
  0x6e7f, 0x6e7f, 0x6e7f, 0x6e7f, 0x6e7f, 0x6e7f, 0x6e7f, 0x6e7f, 0x6e7f, 0x6e7f, 0x6e7f, 0x6e7f,
  0x6e7f, 0x6e7f, 0x6e7f, 0x6e7f, 0x6e7f, 0x6e7f, 0x6e7f, 0x6e7f, 0x6e5f, 0x7e5c, 0x8674, 0x8e6b,
  0x9648, 0x8de8, 0x8dc7, 0x85c6, 0x8dc6, 0x8dc7, 0x8dc6, 0x8dc6, 0x8dc6, 0x85c6, 0x85c6, 0x85c6,
  0x85c6, 0x85c6, 0x85c6, 0x85c6, 0x85c6, 0x85a5, 0x7d85, 0x7524, 0x6d04, 0x74e4, 0x63e3, 0x6302,
  0x5a21, 0x71e4, 0x8a47, 0x8a48, 0x8227, 0x71c5, 0x69a4, 0x69a4, 0x69c5, 0x71e5, 0x69c4, 0x69a4,
  0x69a4, 0x7184, 0x7184, 0x7184, 0x71a4, 0x6983, 0x6963, 0x6963, 0x6963, 0x6963, 0x6963, 0x6983,
  0x71a4, 0x71a4, 0x6983, 0x6983, 0x7184, 0x71a4, 0x71a4, 0x6983, 0x71a4, 0x71a4, 0x71a4, 0x71a4,
  0x461f, 0x461f, 0x461f, 0x461f, 0x461f, 0x461f, 0x461f, 0x461f, 0x461f, 0x461f, 0x461f, 0x461f,
  0x461f, 0x461f, 0x461f, 0x461f, 0x461f, 0x461f, 0x461f, 0x461f, 0x461f, 0x461f, 0x461f, 0x461f,
  0x461f, 0x461f, 0x461f, 0x461f, 0x461f, 0x461f, 0x461f, 0x461f, 0x461f, 0x461f, 0x461f, 0x461f,
  0x461f, 0x461f, 0x461f, 0x461f, 0x461f, 0x461f, 0x461f, 0x461f, 0x461f, 0x461f, 0x461f, 0x461f,
  0x461f, 0x461f, 0x461f, 0x461f, 0x461f, 0x461f, 0x461f, 0x463f, 0x461f, 0x463f, 0x4e3f, 0x4e3f,
  0x4e1f, 0x561f, 0x563f, 0x561f, 0x561e, 0x8edf, 0xc79f, 0xd7bf, 0xdf9f, 0xdf9f, 0xdf9f, 0xd79f,
  0xcf9f, 0xc77e, 0xcf7f, 0xd79f, 0xcfbf, 0xc79f, 0xb77e, 0xb77f, 0xaf5f, 0x86be, 0x661d, 0x5e3f,
  0x5e5f, 0x5e3f, 0x5e3f, 0x5e3f, 0x5e3f, 0x5e3f, 0x5e3f, 0x5e3f, 0x5e3f, 0x5e3f, 0x5e3f, 0x5e3f,
  0x5e3f, 0x5e3f, 0x5e3f, 0x5e3f, 0x5e3f, 0x5e3f, 0x5e3f, 0x5e3f, 0x5e3f, 0x5e3f, 0x5e3f, 0x5e3f,
  0x5e3f, 0x5e3f, 0x5e3f, 0x5e3f, 0x5e3f, 0x5e3f, 0x5e3f, 0x5e3f, 0x5e3f, 0x5e5f, 0x665f, 0x665f,
  0x5e5f, 0x665f, 0x667f, 0x665f, 0x665f, 0x665f, 0x665f, 0x6e7f, 0x6e7f, 0x6e7f, 0x665f, 0x6e7f,
  0x6e7f, 0x6e7f, 0x6e7f, 0x6e7f, 0x6e7f, 0x6e7f, 0x6e7f, 0x6e7f, 0x6e7f, 0x6e7f, 0x6e7f, 0x6e7f,
  0x6e7f, 0x6e7f, 0x6e7f, 0x6e7f, 0x6e7f, 0x6e7f, 0x6e7f, 0x6e7f, 0x6e7f, 0x6e7f, 0x6e7f, 0x6e7f,
  0x6e7f, 0x6e7f, 0x6e7f, 0x6e7f, 0x6e7f, 0x6e7f, 0x6e7f, 0x6e7f, 0x6e7f, 0x6e7f, 0x6e7f, 0x6e7f,
  0x6e7f, 0x6e7f, 0x6e7f, 0x6e7f, 0x6e7f, 0x6e7f, 0x6e7f, 0x6e7f, 0x6e5f, 0x7e5c, 0x8654, 0x8e4b,
  0x8de7, 0x8dc7, 0x8dc6, 0x85c5, 0x85c6, 0x8dc6, 0x8dc6, 0x8dc6, 0x8dc6, 0x85c6, 0x85c6, 0x85c6,
  0x85c6, 0x85c6, 0x85e6, 0x85c6, 0x85c5, 0x7d64, 0x7523, 0x5c81, 0x5c42, 0x6403, 0x52e1, 0x5a01,
  0x61a2, 0x79e5, 0x8247, 0x8268, 0x8247, 0x71e5, 0x69a4, 0x6984, 0x7205, 0x7a26, 0x71e5, 0x69a4,
  0x6984, 0x6984, 0x7184, 0x7184, 0x6983, 0x6983, 0x6983, 0x6983, 0x6983, 0x6963, 0x6963, 0x7184,
  0x71a4, 0x6983, 0x6983, 0x6983, 0x6983, 0x7184, 0x71a4, 0x7184, 0x7184, 0x7184, 0x7184, 0x7184,
  0x461f, 0x461f, 0x461f, 0x461f, 0x461f, 0x461f, 0x461f, 0x461f, 0x461f, 0x461f, 0x461f, 0x461f,
  0x461f, 0x461f, 0x461f, 0x461f, 0x461f, 0x461f, 0x461f, 0x461f, 0x461f, 0x461f, 0x461f, 0x461f,
  0x461f, 0x461f, 0x461f, 0x461f, 0x461f, 0x461f, 0x461f, 0x461f, 0x461f, 0x461f, 0x461f, 0x461f,
  0x461f, 0x461f, 0x461f, 0x461f, 0x461f, 0x461f, 0x461f, 0x461f, 0x461f, 0x461f, 0x461f, 0x461f,
  0x461f, 0x461f, 0x461f, 0x461f, 0x461f, 0x461f, 0x461f, 0x461f, 0x461f, 0x461f, 0x4e3f, 0x4e3f,
  0x4e3f, 0x4e1f, 0x561f, 0x561e, 0x561e, 0x8edf, 0xc77e, 0xd79e, 0xdf9f, 0xdf9f, 0xd77f, 0xcf9f,
  0xc77f, 0xbf5e, 0xc75e, 0xcf9f, 0xcfbf, 0xc79f, 0xb75e, 0xb77f, 0xaf5f, 0x86be, 0x661d, 0x5e3f,
  0x5e3f, 0x5e3f, 0x5e3f, 0x5e3f, 0x5e3f, 0x5e3f, 0x5e3f, 0x5e3f, 0x5e3f, 0x5e3f, 0x5e3f, 0x5e3f,
  0x5e3f, 0x5e3f, 0x5e3f, 0x5e3f, 0x5e3f, 0x5e3f, 0x5e3f, 0x5e3f, 0x5e3f, 0x5e3f, 0x5e3f, 0x5e3f,
  0x5e3f, 0x5e3f, 0x5e3f, 0x5e3f, 0x5e3f, 0x5e3f, 0x5e3f, 0x5e3f, 0x5e3f, 0x5e5f, 0x5e5f, 0x665f,
  0x665f, 0x665f, 0x665f, 0x665f, 0x665f, 0x665f, 0x665f, 0x667f, 0x6e7f, 0x6e7f, 0x6e7f, 0x6e7f,
  0x6e7f, 0x6e7f, 0x6e7f, 0x6e7f, 0x6e7f, 0x6e7f, 0x6e7f, 0x6e7f, 0x6e7f, 0x6e7f, 0x6e7f, 0x6e7f,
  0x6e7f, 0x6e7f, 0x6e7f, 0x6e7f, 0x6e7f, 0x6e7f, 0x6e7f, 0x6e7f, 0x6e7f, 0x6e7f, 0x6e7f, 0x6e7f,
  0x6e7f, 0x6e7f, 0x6e7f, 0x6e7f, 0x6e7f, 0x6e7f, 0x6e7f, 0x6e7f, 0x6e7f, 0x6e7f, 0x6e7f, 0x6e7f,
  0x6e7f, 0x6e7f, 0x6e7f, 0x6e7f, 0x6e7f, 0x6e7f, 0x6e7f, 0x6e7f, 0x6e5f, 0x7e5c, 0x8653, 0x8e4b,
  0x85e7, 0x8dc7, 0x8e07, 0x8de6, 0x8dc6, 0x8dc6, 0x8da6, 0x8dc6, 0x8dc6, 0x85c6, 0x85c6, 0x85c6,
  0x85c6, 0x85c6, 0x85e6, 0x85c6, 0x85a5, 0x7583, 0x6d22, 0x5c81, 0x53c1, 0x5b02, 0x6263, 0x71e5,
  0x79c6, 0x81e6, 0x7a06, 0x7206, 0x7226, 0x7a06, 0x71e5, 0x71e5, 0x7a26, 0x7a67, 0x7205, 0x69a4,
  0x71e5, 0x71c5, 0x71a4, 0x7184, 0x6983, 0x6983, 0x6983, 0x6983, 0x6983, 0x6983, 0x6983, 0x6983,
  0x6983, 0x6983, 0x6983, 0x6983, 0x6983, 0x6983, 0x6983, 0x7184, 0x6983, 0x6983, 0x6983, 0x6983,
  0x461f, 0x461f, 0x461f, 0x461f, 0x461f, 0x461f, 0x461f, 0x461f, 0x461f, 0x461f, 0x461f, 0x461f,
  0x461f, 0x461f, 0x461f, 0x461f, 0x461f, 0x461f, 0x461f, 0x461f, 0x461f, 0x461f, 0x461f, 0x461f,
  0x461f, 0x461f, 0x461f, 0x461f, 0x461f, 0x461f, 0x461f, 0x461f, 0x461f, 0x461f, 0x461f, 0x461f,
  0x461f, 0x461f, 0x461f, 0x461f, 0x461f, 0x461f, 0x461f, 0x461f, 0x461f, 0x461f, 0x461f, 0x461f,
  0x461f, 0x461f, 0x461f, 0x461f, 0x461f, 0x461f, 0x461f, 0x461f, 0x461f, 0x461f, 0x463f, 0x4e3f,
  0x563f, 0x561f, 0x55fe, 0x55fe, 0x5e1e, 0x96df, 0xc77e, 0xdf9f, 0xdf9f, 0xd77f, 0xd77f, 0xcf7f,
  0xcf7f, 0xc75e, 0xcf5e, 0xd79f, 0xd79f, 0xc77e, 0xbf5e, 0xb75e, 0xa75f, 0x86be, 0x661e, 0x5e3f,
  0x5e3f, 0x5e3f, 0x5e3f, 0x5e3f, 0x5e3f, 0x5e3f, 0x5e3f, 0x5e3f, 0x5e3f, 0x5e3f, 0x5e3f, 0x5e3f,
  0x5e3f, 0x5e3f, 0x5e3f, 0x5e3f, 0x5e3f, 0x5e3f, 0x5e3f, 0x5e3f, 0x5e3f, 0x5e3f, 0x5e3f, 0x5e3f,
  0x5e3f, 0x5e3f, 0x5e3f, 0x5e3f, 0x5e3f, 0x5e3f, 0x5e3f, 0x5e3f, 0x5e3f, 0x5e5f, 0x5e3f, 0x665f,
  0x667f, 0x665f, 0x665f, 0x665f, 0x665f, 0x665f, 0x665f, 0x665f, 0x6e7f, 0x6e7f, 0x6e7f, 0x6e7f,
  0x6e7f, 0x6e7f, 0x6e7f, 0x6e7f, 0x6e7f, 0x6e7f, 0x6e7f, 0x6e7f, 0x6e7f, 0x6e7f, 0x6e7f, 0x6e7f,
  0x6e7f, 0x6e7f, 0x6e7f, 0x6e7f, 0x6e7f, 0x6e7f, 0x6e7f, 0x6e7f, 0x6e7f, 0x6e7f, 0x6e7f, 0x6e7f,
  0x6e7f, 0x6e7f, 0x6e7f, 0x6e7f, 0x6e7f, 0x6e7f, 0x6e7f, 0x6e7f, 0x6e7f, 0x6e7f, 0x6e7f, 0x6e7f,
  0x6e7f, 0x6e7f, 0x6e7f, 0x6e7f, 0x6e7f, 0x6e7f, 0x6e7f, 0x6e7f, 0x6e7f, 0x7e5c, 0x8653, 0x8e4b,
  0x8de7, 0x8de7, 0x9627, 0x8e06, 0x8dc6, 0x8dc6, 0x8dc6, 0x8dc6, 0x8dc6, 0x8dc6, 0x8dc6, 0x85c6,
  0x85a6, 0x85c6, 0x85e6, 0x85c5, 0x7dc5, 0x75a3, 0x6521, 0x6462, 0x5320, 0x5a21, 0x7225, 0x8247,
  0x8a28, 0x81e6, 0x71a5, 0x69a5, 0x71c5, 0x7a26, 0x8247, 0x8247, 0x8267, 0x8267, 0x71e5, 0x71c5,
  0x8247, 0x7a26, 0x71a4, 0x71a4, 0x69a4, 0x6984, 0x6984, 0x69a4, 0x6984, 0x6983, 0x6983, 0x6963,
  0x6983, 0x6983, 0x6983, 0x6983, 0x6983, 0x6963, 0x6983, 0x7184, 0x6983, 0x6983, 0x6983, 0x7184,
  0x461f, 0x461f, 0x461f, 0x461f, 0x461f, 0x461f, 0x461f, 0x461f, 0x461f, 0x461f, 0x461f, 0x461f,
  0x461f, 0x461f, 0x461f, 0x461f, 0x461f, 0x461f, 0x461f, 0x461f, 0x461f, 0x461f, 0x461f, 0x461f,
  0x461f, 0x461f, 0x461f, 0x461f, 0x461f, 0x461f, 0x461f, 0x461f, 0x461f, 0x461f, 0x461f, 0x461f,
  0x461f, 0x461f, 0x461f, 0x461f, 0x461f, 0x461f, 0x461f, 0x461f, 0x461f, 0x461f, 0x461f, 0x461f,
  0x461f, 0x461f, 0x461f, 0x461f, 0x461f, 0x461f, 0x461f, 0x461f, 0x461f, 0x461f, 0x4e3f, 0x4e3f,
  0x561f, 0x55fe, 0x5dfe, 0x5dfe, 0x55fe, 0x96df, 0xc77f, 0xd7bf, 0xd7bf, 0xd7bf, 0xd77f, 0xcf5e,
  0xcf5f, 0xd77f, 0xd77f, 0xd79f, 0xd77f, 0xcf5e, 0xc73e, 0xb75e, 0xa75f, 0x86be, 0x661e, 0x5e3f,
  0x5e3f, 0x5e3f, 0x5e3f, 0x5e3f, 0x5e3f, 0x5e3f, 0x5e3f, 0x5e3f, 0x5e3f, 0x5e3f, 0x5e3f, 0x5e3f,
  0x5e3f, 0x5e3f, 0x5e3f, 0x5e3f, 0x5e3f, 0x5e3f, 0x5e3f, 0x5e3f, 0x5e3f, 0x5e3f, 0x5e3f, 0x5e3f,
  0x5e3f, 0x5e3f, 0x5e3f, 0x5e3f, 0x5e3f, 0x5e3f, 0x5e3f, 0x5e3f, 0x5e3f, 0x5e3f, 0x5e5f, 0x665f,
  0x665f, 0x665f, 0x665f, 0x665f, 0x665f, 0x665f, 0x665f, 0x667f, 0x6e7f, 0x6e7f, 0x6e7f, 0x6e7f,
  0x6e7f, 0x6e7f, 0x6e7f, 0x6e7f, 0x6e7f, 0x6e7f, 0x6e7f, 0x6e7f, 0x6e7f, 0x6e7f, 0x6e7f, 0x6e7f,
  0x6e7f, 0x6e7f, 0x6e7f, 0x6e7f, 0x6e7f, 0x6e7f, 0x6e7f, 0x6e7f, 0x6e7f, 0x6e7f, 0x6e7f, 0x6e7f,
  0x6e7f, 0x6e7f, 0x6e7f, 0x6e7f, 0x6e7f, 0x6e7f, 0x6e7f, 0x6e7f, 0x6e7f, 0x6e7f, 0x6e7f, 0x6e7f,
  0x6e7f, 0x6e7f, 0x6e7f, 0x6e7f, 0x6e7f, 0x6e7f, 0x6e7f, 0x6e7f, 0x6e5f, 0x7e5c, 0x8674, 0x8e6b,
  0x8e08, 0x8de6, 0x9606, 0x8de6, 0x8dc6, 0x8dc6, 0x8da6, 0x8dc6, 0x8dc6, 0x8dc6, 0x8dc6, 0x8dc6,
  0x85c6, 0x85a5, 0x7d84, 0x7584, 0x75a4, 0x6da3, 0x6522, 0x6c43, 0x62c1, 0x61c1, 0x8226, 0x8a68,
  0x8a68, 0x7a27, 0x71a5, 0x7185, 0x71a5, 0x7a26, 0x8267, 0x8267, 0x8267, 0x8267, 0x8267, 0x7a46,
  0x8267, 0x7a26, 0x69a4, 0x6984, 0x71c4, 0x7a06, 0x7a06, 0x71a4, 0x6984, 0x7184, 0x6983, 0x6983,
  0x7183, 0x6983, 0x6983, 0x6963, 0x6963, 0x6963, 0x6983, 0x7184, 0x7184, 0x6983, 0x7184, 0x71a4,
  0x461f, 0x461f, 0x461f, 0x461f, 0x461f, 0x461f, 0x461f, 0x461f, 0x461f, 0x461f, 0x461f, 0x461f,
  0x461f, 0x461f, 0x461f, 0x461f, 0x461f, 0x461f, 0x461f, 0x461f, 0x461f, 0x461f, 0x461f, 0x461f,
  0x461f, 0x461f, 0x461f, 0x461f, 0x461f, 0x461f, 0x461f, 0x461f, 0x461f, 0x461f, 0x461f, 0x461f,
  0x461f, 0x461f, 0x461f, 0x461f, 0x461f, 0x461f, 0x461f, 0x461f, 0x461f, 0x461f, 0x461f, 0x461f,
  0x461f, 0x461f, 0x461f, 0x461f, 0x461f, 0x461f, 0x461f, 0x4e1f, 0x461f, 0x461f, 0x4e5f, 0x4e5f,
  0x4e1f, 0x561f, 0x561f, 0x561f, 0x561f, 0x8eff, 0xbf9f, 0xcfbf, 0xcfbf, 0xcfbf, 0xcf9f, 0xcf5e,
  0xcf7f, 0xd79f, 0xd79f, 0xd79f, 0xd79f, 0xd77f, 0xc75e, 0xb75e, 0xa75f, 0x86be, 0x661e, 0x5e3f,
  0x5e3f, 0x5e3f, 0x5e3f, 0x5e3f, 0x5e3f, 0x5e3f, 0x5e3f, 0x5e3f, 0x5e3f, 0x5e3f, 0x5e3f, 0x5e3f,
  0x5e3f, 0x5e3f, 0x5e3f, 0x5e3f, 0x5e3f, 0x5e3f, 0x5e3f, 0x5e3f, 0x5e3f, 0x5e3f, 0x5e3f, 0x5e3f,
  0x5e3f, 0x5e3f, 0x5e3f, 0x5e3f, 0x5e3f, 0x5e3f, 0x5e3f, 0x5e3f, 0x5e3f, 0x5e3f, 0x665f, 0x667f,
  0x5e5f, 0x665f, 0x665f, 0x665f, 0x665f, 0x665f, 0x665f, 0x667f, 0x6e7f, 0x6e7f, 0x6e7f, 0x6e7f,
  0x6e7f, 0x6e7f, 0x6e7f, 0x6e7f, 0x6e7f, 0x6e7f, 0x6e7f, 0x6e7f, 0x6e7f, 0x6e7f, 0x6e7f, 0x6e7f,
  0x6e7f, 0x6e7f, 0x6e7f, 0x6e7f, 0x6e7f, 0x6e7f, 0x6e7f, 0x6e7f, 0x6e7f, 0x6e5f, 0x6e7f, 0x6e7f,
  0x6e7f, 0x6e7f, 0x6e7f, 0x6e7f, 0x6e7f, 0x6e7f, 0x6e7f, 0x6e7f, 0x6e7f, 0x6e7f, 0x6e7f, 0x6e7f,
  0x6e7f, 0x6e7f, 0x6e7f, 0x6e7f, 0x6e7f, 0x6e7f, 0x6e7f, 0x6e7f, 0x6e5f, 0x7e5c, 0x8674, 0x8e4b,
  0x8de7, 0x8dc6, 0x8dc5, 0x8dc5, 0x8dc6, 0x8dc6, 0x85a6, 0x85c6, 0x8dc6, 0x8dc6, 0x8dc6, 0x8dc6,
  0x85a6, 0x7da5, 0x7584, 0x7583, 0x6d83, 0x6542, 0x6ce4, 0x6bc3, 0x6282, 0x6182, 0x8226, 0x8a67,
  0x8267, 0x7a26, 0x71c5, 0x7184, 0x71a5, 0x7a46, 0x8267, 0x8287, 0x8267, 0x8267, 0x8267, 0x8267,
  0x7a46, 0x7205, 0x69c4, 0x69a4, 0x71c5, 0x7a26, 0x7a26, 0x71a4, 0x71a4, 0x71a4, 0x7184, 0x6983,
  0x6983, 0x6963, 0x6963, 0x6963, 0x6963, 0x6963, 0x6983, 0x6983, 0x71a4, 0x7184, 0x71a4, 0x71a4,
  0x461f, 0x461f, 0x461f, 0x461f, 0x461f, 0x461f, 0x461f, 0x461f, 0x461f, 0x461f, 0x461f, 0x461f,
  0x461f, 0x461f, 0x461f, 0x461f, 0x461f, 0x461f, 0x461f, 0x461f, 0x461f, 0x461f, 0x461f, 0x461f,
  0x461f, 0x461f, 0x461f, 0x461f, 0x461f, 0x461f, 0x461f, 0x461f, 0x461f, 0x461f, 0x461f, 0x461f,
  0x461f, 0x461f, 0x461f, 0x461f, 0x461f, 0x461f, 0x461f, 0x461f, 0x461f, 0x461f, 0x461f, 0x461f,
  0x461f, 0x461f, 0x461f, 0x461f, 0x461f, 0x461f, 0x461f, 0x4dff, 0x461f, 0x461f, 0x463f, 0x463f,
  0x4e3f, 0x4e3f, 0x4e1f, 0x4e1f, 0x4e3f, 0x6e5d, 0xa6fd, 0xc79f, 0xcfdf, 0xc7bf, 0xc77f, 0xc77f,
  0xcf9f, 0xd7bf, 0xd7bf, 0xd7bf, 0xd79f, 0xd79f, 0xcf7f, 0xb75e, 0xa75f, 0x86be, 0x661e, 0x5e3f,
  0x5e3f, 0x5e3f, 0x5e3f, 0x5e3f, 0x5e3f, 0x5e3f, 0x5e3f, 0x5e3f, 0x5e3f, 0x5e3f, 0x5e3f, 0x5e3f,
  0x5e3f, 0x5e3f, 0x5e3f, 0x5e3f, 0x5e3f, 0x5e3f, 0x5e3f, 0x5e3f, 0x5e3f, 0x5e3f, 0x5e3f, 0x5e3f,
  0x5e3f, 0x5e3f, 0x5e3f, 0x5e3f, 0x5e3f, 0x5e3f, 0x5e3f, 0x5e3f, 0x5e3f, 0x5e5f, 0x665f, 0x665f,
  0x665f, 0x665f, 0x665f, 0x665f, 0x665f, 0x665f, 0x665f, 0x667f, 0x6e7f, 0x6e7f, 0x6e7f, 0x6e7f,
  0x6e7f, 0x6e7f, 0x6e7f, 0x6e7f, 0x6e7f, 0x6e7f, 0x6e7f, 0x6e7f, 0x6e7f, 0x6e7f, 0x6e7f, 0x6e7f,
  0x6e7f, 0x6e7f, 0x6e7f, 0x6e7f, 0x6e7f, 0x6e7f, 0x6e7f, 0x6e7f, 0x6e7f, 0x6e5f, 0x6e7f, 0x6e7f,
  0x6e7f, 0x6e7f, 0x6e7f, 0x6e7f, 0x6e7f, 0x6e7f, 0x6e7f, 0x6e7f, 0x6e7f, 0x6e7f, 0x6e7f, 0x6e7f,
  0x6e7f, 0x6e7f, 0x6e7f, 0x6e7f, 0x6e7f, 0x6e7f, 0x6e7f, 0x6e7f, 0x6e5f, 0x7e5c, 0x8674, 0x8e4b,
  0x8de7, 0x85a5, 0x8dc5, 0x8dc5, 0x8da6, 0x8da6, 0x8dc6, 0x85c6, 0x8dc6, 0x8dc6, 0x8dc6, 0x85a6,
  0x7d65, 0x7d85, 0x7dc5, 0x7dc4, 0x6d42, 0x5ca1, 0x5c02, 0x52c1, 0x59e1, 0x6182, 0x8247, 0x8288,
  0x8287, 0x7a66, 0x7a46, 0x79e5, 0x71c5, 0x7a46, 0x8267, 0x8287, 0x8287, 0x8267, 0x8267, 0x8247,
  0x71e5, 0x69a4, 0x69a4, 0x71e5, 0x7a26, 0x71e5, 0x71c5, 0x69a4, 0x71a4, 0x71a4, 0x6983, 0x6983,
  0x6963, 0x6963, 0x6943, 0x6963, 0x6963, 0x6983, 0x6983, 0x7184, 0x7184, 0x71a4, 0x7184, 0x71a4,
  0x461f, 0x461f, 0x461f, 0x461f, 0x461f, 0x461f, 0x461f, 0x461f, 0x461f, 0x461f, 0x461f, 0x461f,
  0x461f, 0x461f, 0x461f, 0x461f, 0x461f, 0x461f, 0x461f, 0x461f, 0x461f, 0x461f, 0x461f, 0x461f,
  0x461f, 0x461f, 0x461f, 0x461f, 0x461f, 0x461f, 0x461f, 0x461f, 0x461f, 0x461f, 0x461f, 0x461f,
  0x461f, 0x461f, 0x461f, 0x461f, 0x461f, 0x461f, 0x461f, 0x461f, 0x461f, 0x461f, 0x461f, 0x461f,
  0x461f, 0x461f, 0x461f, 0x461f, 0x461f, 0x461f, 0x461f, 0x4e1f, 0x461f, 0x461f, 0x463f, 0x463f,
  0x4e3f, 0x4e1f, 0x4dff, 0x561e, 0x561e, 0x5dfb, 0x863b, 0xa6fd, 0xbf9f, 0xbf9f, 0xbf7f, 0xcfbf,
  0xcfbf, 0xcfbf, 0xcf9f, 0xd79f, 0xd79f, 0xd79f, 0xcf7f, 0xb75e, 0xa75f, 0x86df, 0x661e, 0x5e3f,
  0x5e3f, 0x5e3f, 0x5e3f, 0x5e3f, 0x5e3f, 0x5e3f, 0x5e3f, 0x5e3f, 0x5e3f, 0x5e3f, 0x5e3f, 0x5e3f,
  0x5e3f, 0x5e3f, 0x5e3f, 0x5e3f, 0x5e3f, 0x5e3f, 0x5e3f, 0x5e3f, 0x5e3f, 0x5e3f, 0x5e3f, 0x5e3f,
  0x5e3f, 0x5e3f, 0x5e3f, 0x5e3f, 0x5e3f, 0x5e3f, 0x5e3f, 0x5e3f, 0x5e3f, 0x5e5f, 0x665f, 0x665f,
  0x665f, 0x665f, 0x5e3f, 0x665f, 0x665f, 0x665f, 0x665f, 0x667f, 0x6e7f, 0x6e7f, 0x6e7f, 0x6e7f,
  0x6e7f, 0x6e7f, 0x6e7f, 0x6e7f, 0x6e7f, 0x6e7f, 0x6e7f, 0x6e7f, 0x6e7f, 0x6e7f, 0x6e7f, 0x6e7f,
  0x6e7f, 0x6e7f, 0x6e7f, 0x6e7f, 0x6e7f, 0x6e7f, 0x6e7f, 0x6e7f, 0x6e7f, 0x6e5f, 0x6e7f, 0x6e7f,
  0x6e7f, 0x6e7f, 0x6e7f, 0x6e7f, 0x6e7f, 0x6e7f, 0x6e7f, 0x6e7f, 0x6e7f, 0x6e7f, 0x6e7f, 0x6e7f,
  0x6e7f, 0x6e7f, 0x6e7f, 0x6e7f, 0x6e7f, 0x6e7f, 0x6e7f, 0x6e7f, 0x6e5f, 0x7e5c, 0x8654, 0x8e4b,
  0x9607, 0x8de6, 0x8dc5, 0x8dc6, 0x85a6, 0x85a6, 0x8dc7, 0x85c6, 0x85c6, 0x8dc6, 0x8dc6, 0x8da6,
  0x7d65, 0x7d85, 0x85c5, 0x7da4, 0x6d42, 0x6cc2, 0x6c23, 0x5ae1, 0x5201, 0x5982, 0x7205, 0x7246,
  0x7246, 0x7266, 0x8266, 0x79e5, 0x71c4, 0x7a46, 0x8267, 0x8267, 0x8247, 0x7a26, 0x7a26, 0x7206,
  0x69c4, 0x69c4, 0x71e5, 0x7a26, 0x8267, 0x7a06, 0x71c5, 0x71a4, 0x6983, 0x6963, 0x6963, 0x6963,
  0x6963, 0x6963, 0x6963, 0x6963, 0x6983, 0x7184, 0x7184, 0x6983, 0x6983, 0x7184, 0x6983, 0x6983,
  0x461f, 0x461f, 0x461f, 0x461f, 0x461f, 0x461f, 0x461f, 0x461f, 0x461f, 0x461f, 0x461f, 0x461f,
  0x461f, 0x461f, 0x461f, 0x461f, 0x461f, 0x461f, 0x461f, 0x461f, 0x461f, 0x461f, 0x461f, 0x461f,
  0x461f, 0x461f, 0x461f, 0x461f, 0x461f, 0x461f, 0x461f, 0x461f, 0x461f, 0x461f, 0x461f, 0x461f,
  0x461f, 0x461f, 0x461f, 0x461f, 0x461f, 0x461f, 0x461f, 0x461f, 0x461f, 0x461f, 0x461f, 0x461f,
  0x461f, 0x461f, 0x461f, 0x461f, 0x461f, 0x461f, 0x461f, 0x4e1f, 0x461f, 0x463f, 0x465f, 0x4e5f,
  0x4dfe, 0x5e1e, 0x6e5e, 0x6e3d, 0x6e3c, 0x7e3b, 0x8e3b, 0x9e7b, 0xb73e, 0xbf7f, 0xc77f, 0xcf9f,
  0xcfbf, 0xd79f, 0xd79f, 0xd79f, 0xd79f, 0xd79f, 0xcf7f, 0xb75e, 0xa75f, 0x86df, 0x661e, 0x5e3f,
  0x5e3f, 0x5e3f, 0x5e3f, 0x5e3f, 0x5e3f, 0x5e3f, 0x5e3f, 0x5e3f, 0x5e3f, 0x5e3f, 0x5e3f, 0x5e3f,
  0x5e3f, 0x5e3f, 0x5e3f, 0x5e3f, 0x5e3f, 0x5e3f, 0x5e3f, 0x5e3f, 0x5e3f, 0x5e3f, 0x5e3f, 0x5e3f,
  0x5e3f, 0x5e3f, 0x5e3f, 0x5e3f, 0x5e3f, 0x5e3f, 0x5e3f, 0x5e3f, 0x5e3f, 0x5e5f, 0x665f, 0x665f,
  0x5e5f, 0x5e5f, 0x665f, 0x665f, 0x5e3f, 0x665f, 0x665f, 0x667f, 0x6e7f, 0x6e7f, 0x6e7f, 0x6e7f,
  0x6e7f, 0x6e7f, 0x6e7f, 0x6e7f, 0x6e7f, 0x6e7f, 0x6e7f, 0x6e7f, 0x6e7f, 0x6e7f, 0x6e7f, 0x6e7f,
  0x6e7f, 0x6e7f, 0x6e7f, 0x6e7f, 0x6e7f, 0x6e7f, 0x6e7f, 0x6e7f, 0x6e7f, 0x6e5f, 0x6e7f, 0x6e7f,
  0x6e7f, 0x6e7f, 0x6e7f, 0x6e7f, 0x6e7f, 0x6e7f, 0x6e7f, 0x6e7f, 0x6e7f, 0x6e7f, 0x6e7f, 0x6e7f,
  0x6e7f, 0x6e7f, 0x6e7f, 0x6e7f, 0x6e7f, 0x6e7f, 0x6e7f, 0x6e7f, 0x6e5f, 0x7e5c, 0x8674, 0x966b,
  0x9e27, 0x9607, 0x8dc5, 0x8dc6, 0x8dc6, 0x85a6, 0x85c6, 0x85c6, 0x85c6, 0x85c6, 0x8dc6, 0x8dc6,
  0x85a6, 0x85c6, 0x85e5, 0x7da4, 0x7563, 0x7543, 0x74c3, 0x6c03, 0x5ac1, 0x51e0, 0x51c2, 0x59e3,
  0x59c3, 0x6a04, 0x8266, 0x79e5, 0x71c4, 0x7a26, 0x8267, 0x8267, 0x7a06, 0x69c5, 0x69c4, 0x69a4,
  0x69a4, 0x71e5, 0x7a46, 0x8267, 0x8267, 0x8247, 0x7a06, 0x71a4, 0x6963, 0x6963, 0x6963, 0x6963,
  0x6983, 0x6983, 0x6963, 0x6983, 0x7184, 0x7184, 0x6983, 0x6983, 0x6983, 0x6983, 0x6983, 0x6963,
  0x461f, 0x461f, 0x461f, 0x461f, 0x461f, 0x461f, 0x461f, 0x461f, 0x461f, 0x461f, 0x461f, 0x461f,
  0x461f, 0x461f, 0x461f, 0x461f, 0x461f, 0x461f, 0x461f, 0x461f, 0x461f, 0x461f, 0x461f, 0x461f,
  0x461f, 0x461f, 0x461f, 0x461f, 0x461f, 0x461f, 0x461f, 0x461f, 0x461f, 0x461f, 0x461f, 0x461f,
  0x461f, 0x461f, 0x461f, 0x461f, 0x461f, 0x461f, 0x461f, 0x461f, 0x461f, 0x461f, 0x461f, 0x461f,
  0x461f, 0x461f, 0x461f, 0x461f, 0x461f, 0x461f, 0x461f, 0x461f, 0x463f, 0x463f, 0x463f, 0x4e3e,
  0x5e1d, 0x869e, 0x9f3f, 0xaf5e, 0xaf5e, 0xb75e, 0xb73e, 0xb73e, 0xbf7f, 0xc77f, 0xc75f, 0xc75f,
  0xcf9f, 0xd79f, 0xdf9f, 0xdf9f, 0xdf9f, 0xd79f, 0xcf7f, 0xb75f, 0xa75f, 0x86bf, 0x661e, 0x5e3f,
  0x5e3f, 0x5e3f, 0x5e3f, 0x5e3f, 0x5e3f, 0x5e3f, 0x5e3f, 0x5e3f, 0x5e3f, 0x5e3f, 0x5e3f, 0x5e3f,
  0x5e3f, 0x5e3f, 0x5e3f, 0x5e3f, 0x5e3f, 0x5e3f, 0x5e3f, 0x5e3f, 0x5e3f, 0x5e3f, 0x5e3f, 0x5e3f,
  0x5e3f, 0x5e3f, 0x5e3f, 0x5e3f, 0x5e3f, 0x5e3f, 0x5e3f, 0x5e3f, 0x5e3f, 0x5e3f, 0x5e5f, 0x665f,
  0x665f, 0x665f, 0x665f, 0x665f, 0x663f, 0x665f, 0x665f, 0x667f, 0x6e7f, 0x6e7f, 0x6e7f, 0x6e7f,
  0x6e7f, 0x6e7f, 0x6e7f, 0x6e7f, 0x6e7f, 0x6e7f, 0x6e7f, 0x6e7f, 0x6e7f, 0x6e7f, 0x6e7f, 0x6e7f,
  0x6e7f, 0x6e7f, 0x6e7f, 0x6e7f, 0x6e7f, 0x6e7f, 0x6e7f, 0x6e7f, 0x6e7f, 0x6e5f, 0x6e5f, 0x6e7f,
  0x6e7f, 0x6e7f, 0x6e7f, 0x6e7f, 0x6e7f, 0x6e7f, 0x6e7f, 0x6e7f, 0x6e7f, 0x6e7f, 0x6e7f, 0x6e7f,
  0x6e7f, 0x6e7f, 0x6e7f, 0x6e7f, 0x6e7f, 0x6e7f, 0x6e7f, 0x6e7f, 0x6e7f, 0x7e5c, 0x8653, 0x964b,
  0x9e07, 0x9606, 0x8dc5, 0x8dc6, 0x8dc6, 0x85a6, 0x85c6, 0x85c6, 0x85a6, 0x8586, 0x85a6, 0x85a6,
  0x85a5, 0x85a5, 0x85e5, 0x85c5, 0x7da4, 0x7562, 0x7522, 0x6c62, 0x5b82, 0x5b03, 0x62c4, 0x6284,
  0x59e2, 0x61c3, 0x7a05, 0x79c5, 0x71a4, 0x71e5, 0x7a26, 0x8267, 0x7a26, 0x7205, 0x69c4, 0x69c4,
  0x71e5, 0x7a46, 0x8267, 0x8247, 0x8247, 0x8226, 0x79e5, 0x71a4, 0x6983, 0x6963, 0x6963, 0x6963,
  0x7183, 0x7183, 0x6983, 0x6983, 0x71a4, 0x6983, 0x6963, 0x7184, 0x6983, 0x6983, 0x6983, 0x6983,
  0x461f, 0x461f, 0x461f, 0x461f, 0x461f, 0x461f, 0x461f, 0x461f, 0x461f, 0x461f, 0x461f, 0x461f,
  0x461f, 0x461f, 0x461f, 0x461f, 0x461f, 0x461f, 0x461f, 0x461f, 0x461f, 0x461f, 0x461f, 0x461f,
  0x461f, 0x461f, 0x461f, 0x461f, 0x461f, 0x461f, 0x461f, 0x461f, 0x461f, 0x461f, 0x461f, 0x461f,
  0x461f, 0x461f, 0x461f, 0x461f, 0x461f, 0x461f, 0x461f, 0x461f, 0x461f, 0x461f, 0x461f, 0x461f,
  0x461f, 0x461f, 0x461f, 0x461f, 0x461f, 0x461f, 0x461f, 0x461f, 0x461f, 0x461f, 0x4e1e, 0x55fc,
  0x86be, 0xaf5f, 0xc7bf, 0xcfdf, 0xd7de, 0xd7df, 0xcfbf, 0xcfbf, 0xc79f, 0xc75f, 0xc73f, 0xc73e,
  0xd77f, 0xdf9f, 0xdf9f, 0xdf9f, 0xdf9f, 0xd79f, 0xcf7f, 0xbf7f, 0xa75f, 0x86be, 0x661e, 0x5e3f,
  0x5e3f, 0x5e3f, 0x5e3f, 0x5e3f, 0x5e3f, 0x5e3f, 0x5e3f, 0x5e3f, 0x5e3f, 0x5e3f, 0x5e3f, 0x5e3f,
  0x5e3f, 0x5e3f, 0x5e3f, 0x5e3f, 0x5e3f, 0x5e3f, 0x5e3f, 0x5e3f, 0x5e3f, 0x5e3f, 0x5e3f, 0x5e3f,
  0x5e3f, 0x5e3f, 0x5e3f, 0x5e3f, 0x5e3f, 0x5e3f, 0x5e3f, 0x5e3f, 0x5e3f, 0x5e3f, 0x5e3f, 0x5e5f,
  0x667f, 0x665f, 0x5e3f, 0x665f, 0x667f, 0x665f, 0x665f, 0x667f, 0x6e7f, 0x6e7f, 0x6e7f, 0x6e7f,
  0x6e7f, 0x6e7f, 0x6e7f, 0x6e7f, 0x6e7f, 0x6e7f, 0x6e7f, 0x6e7f, 0x6e7f, 0x6e7f, 0x6e7f, 0x6e7f,
  0x6e7f, 0x6e7f, 0x6e7f, 0x6e7f, 0x6e7f, 0x6e7f, 0x6e7f, 0x6e7f, 0x6e7f, 0x6e5f, 0x6e5f, 0x6e7f,
  0x6e7f, 0x6e7f, 0x6e7f, 0x6e7f, 0x6e7f, 0x6e7f, 0x6e7f, 0x6e7f, 0x6e7f, 0x6e7f, 0x6e7f, 0x6e7f,
  0x6e7f, 0x6e7f, 0x6e7f, 0x6e7f, 0x6e7f, 0x6e7f, 0x6e7f, 0x6e7f, 0x6e5f, 0x7e5c, 0x8674, 0x8e4a,
  0x95e6, 0x8dc5, 0x8dc5, 0x8dc6, 0x8dc6, 0x85a6, 0x85c6, 0x85c6, 0x7d85, 0x7d65, 0x85a6, 0x85a6,
  0x7d64, 0x7d85, 0x85c5, 0x85e5, 0x7de4, 0x75a2, 0x6560, 0x5c80, 0x5c02, 0x6bc4, 0x7365, 0x72e5,
  0x6203, 0x6183, 0x71a4, 0x7185, 0x71a5, 0x71c5, 0x7206, 0x8267, 0x8267, 0x7a46, 0x71e5, 0x71e5,
  0x7a46, 0x8267, 0x8267, 0x8247, 0x8247, 0x71e5, 0x6984, 0x6984, 0x6963, 0x6963, 0x6963, 0x6983,
  0x7184, 0x7183, 0x7183, 0x7184, 0x6983, 0x6963, 0x6963, 0x71a4, 0x71a4, 0x7184, 0x7184, 0x6983,
  0x461f, 0x461f, 0x461f, 0x461f, 0x461f, 0x461f, 0x461f, 0x461f, 0x461f, 0x461f, 0x461f, 0x461f,
  0x461f, 0x461f, 0x461f, 0x461f, 0x461f, 0x461f, 0x461f, 0x461f, 0x461f, 0x461f, 0x461f, 0x461f,
  0x461f, 0x461f, 0x461f, 0x461f, 0x461f, 0x461f, 0x461f, 0x461f, 0x461f, 0x461f, 0x461f, 0x461f,
  0x461f, 0x461f, 0x461f, 0x461f, 0x461f, 0x461f, 0x461f, 0x461f, 0x461f, 0x461f, 0x461f, 0x461f,
  0x461f, 0x461f, 0x461f, 0x461f, 0x461f, 0x461f, 0x461f, 0x3e1f, 0x463f, 0x4e3e, 0x5e3d, 0x7e9d,
  0xaf5f, 0xc7bf, 0xd7bf, 0xd79e, 0xd7bd, 0xd7be, 0xcfbf, 0xcf9f, 0xc75f, 0xc75f, 0xcf5f, 0xcf3e,
  0xd77f, 0xdf9f, 0xdf9f, 0xdf9f, 0xdf9f, 0xd79f, 0xcf7f, 0xbf7f, 0xa75f, 0x86be, 0x661e, 0x5e3f,
  0x5e3f, 0x5e3f, 0x5e3f, 0x5e3f, 0x5e3f, 0x5e3f, 0x5e3f, 0x5e3f, 0x5e3f, 0x5e3f, 0x5e3f, 0x5e3f,
  0x5e3f, 0x5e3f, 0x5e3f, 0x5e3f, 0x5e3f, 0x5e3f, 0x5e3f, 0x5e3f, 0x5e3f, 0x5e3f, 0x5e3f, 0x5e3f,
  0x5e3f, 0x5e3f, 0x5e3f, 0x5e3f, 0x5e3f, 0x5e3f, 0x5e3f, 0x5e3f, 0x5e3f, 0x5e3f, 0x665f, 0x665f,
  0x665f, 0x665f, 0x665f, 0x665f, 0x665f, 0x665f, 0x665f, 0x667f, 0x6e7f, 0x6e7f, 0x6e7f, 0x6e7f,
  0x6e7f, 0x6e7f, 0x6e7f, 0x6e7f, 0x6e7f, 0x6e7f, 0x6e7f, 0x6e7f, 0x6e7f, 0x6e7f, 0x6e7f, 0x6e7f,
  0x6e7f, 0x6e7f, 0x6e7f, 0x6e7f, 0x6e7f, 0x6e7f, 0x6e7f, 0x6e7f, 0x6e7f, 0x6e5f, 0x6e7f, 0x6e7f,
  0x6e7f, 0x6e7f, 0x6e7f, 0x6e7f, 0x6e7f, 0x6e7f, 0x6e7f, 0x6e7f, 0x6e7f, 0x6e7f, 0x6e7f, 0x6e7f,
  0x6e7f, 0x6e7f, 0x6e7f, 0x6e7f, 0x6e7f, 0x6e7f, 0x6e7f, 0x6e7f, 0x6e5f, 0x7e5c, 0x8674, 0x8e4b,
  0x8de6, 0x8dc5, 0x8dc6, 0x8dc6, 0x8dc6, 0x85a6, 0x85c6, 0x85e6, 0x7da6, 0x7d85, 0x85a6, 0x85c6,
  0x8585, 0x85a5, 0x85c5, 0x85e5, 0x85e4, 0x75c2, 0x6560, 0x5480, 0x5c22, 0x6be4, 0x6303, 0x6263,
  0x61c2, 0x69a3, 0x6984, 0x79e6, 0x7a26, 0x7a26, 0x7a26, 0x8267, 0x7a46, 0x71e5, 0x69a4, 0x71c5,
  0x7a47, 0x8267, 0x8267, 0x8267, 0x8247, 0x71e5, 0x6984, 0x6963, 0x6963, 0x6963, 0x6983, 0x7184,
  0x7184, 0x7183, 0x7183, 0x6983, 0x6963, 0x6963, 0x6963, 0x7184, 0x7184, 0x7184, 0x7184, 0x7184,
  0x461f, 0x461f, 0x461f, 0x461f, 0x461f, 0x461f, 0x461f, 0x461f, 0x461f, 0x461f, 0x461f, 0x461f,
  0x461f, 0x461f, 0x461f, 0x461f, 0x461f, 0x461f, 0x461f, 0x461f, 0x461f, 0x461f, 0x461f, 0x461f,
  0x461f, 0x461f, 0x461f, 0x461f, 0x461f, 0x461f, 0x461f, 0x461f, 0x461f, 0x461f, 0x461f, 0x461f,
  0x461f, 0x461f, 0x461f, 0x461f, 0x461f, 0x461f, 0x461f, 0x461f, 0x461f, 0x461f, 0x461f, 0x461f,
  0x461f, 0x461f, 0x461f, 0x461f, 0x461f, 0x461f, 0x461f, 0x3e1f, 0x461f, 0x4e1d, 0x665d, 0x9f3e,
  0xc79f, 0xd79f, 0xdf9e, 0xdf9e, 0xd79e, 0xcf9f, 0xcf9f, 0xcf9f, 0xc75e, 0xcf7f, 0xcf7f, 0xcf5e,
  0xcf7f, 0xd79f, 0xd79f, 0xd79f, 0xdf9f, 0xd79f, 0xcf7f, 0xbf7f, 0xa75f, 0x86be, 0x661e, 0x5e3f,
  0x5e3f, 0x5e3f, 0x5e3f, 0x5e3f, 0x5e3f, 0x5e3f, 0x5e3f, 0x5e3f, 0x5e3f, 0x5e3f, 0x5e3f, 0x5e3f,
  0x5e3f, 0x5e3f, 0x5e3f, 0x5e3f, 0x5e3f, 0x5e3f, 0x5e3f, 0x5e3f, 0x5e3f, 0x5e3f, 0x5e3f, 0x5e3f,
  0x5e3f, 0x5e3f, 0x5e3f, 0x5e3f, 0x5e3f, 0x5e3f, 0x5e3f, 0x5e3f, 0x5e3f, 0x5e3f, 0x665f, 0x665f,
  0x5e5f, 0x665f, 0x665f, 0x665f, 0x663f, 0x665f, 0x665f, 0x667f, 0x6e7f, 0x6e7f, 0x6e7f, 0x6e7f,
  0x6e7f, 0x6e7f, 0x6e7f, 0x6e7f, 0x6e7f, 0x6e7f, 0x6e7f, 0x6e7f, 0x6e7f, 0x6e7f, 0x6e7f, 0x6e7f,
  0x6e7f, 0x6e7f, 0x6e7f, 0x6e7f, 0x6e7f, 0x6e7f, 0x6e7f, 0x6e7f, 0x6e7f, 0x6e5f, 0x6e7f, 0x6e7f,
  0x6e7f, 0x6e7f, 0x6e7f, 0x6e7f, 0x6e7f, 0x6e7f, 0x6e7f, 0x6e7f, 0x6e7f, 0x6e7f, 0x6e7f, 0x6e7f,
  0x6e7f, 0x6e7f, 0x6e7f, 0x6e7f, 0x6e7f, 0x6e7f, 0x6e7f, 0x6e7f, 0x6e5f, 0x7e5c, 0x8654, 0x8e4a,
  0x9607, 0x8dc6, 0x8dc6, 0x8dc6, 0x8dc6, 0x85c6, 0x85c6, 0x85e6, 0x85c6, 0x85c6, 0x85c6, 0x85c6,
  0x8dc6, 0x85c6, 0x8de6, 0x85c5, 0x7da4, 0x6d82, 0x6501, 0x5c81, 0x5be2, 0x6363, 0x5a61, 0x59a0,
  0x69c3, 0x71e4, 0x71c5, 0x7206, 0x7a47, 0x8267, 0x8267, 0x8267, 0x7206, 0x69a4, 0x69a4, 0x71e5,
  0x7a47, 0x8267, 0x8267, 0x8267, 0x7a26, 0x71c5, 0x6983, 0x6963, 0x6963, 0x6983, 0x6983, 0x6983,
  0x7184, 0x7183, 0x7183, 0x6983, 0x6963, 0x6963, 0x6963, 0x7184, 0x6983, 0x6983, 0x7184, 0x7184,
  0x461f, 0x461f, 0x461f, 0x461f, 0x461f, 0x461f, 0x461f, 0x461f, 0x461f, 0x461f, 0x461f, 0x461f,
  0x461f, 0x461f, 0x461f, 0x461f, 0x461f, 0x461f, 0x461f, 0x461f, 0x461f, 0x461f, 0x461f, 0x461f,
  0x461f, 0x461f, 0x461f, 0x461f, 0x461f, 0x461f, 0x461f, 0x461f, 0x461f, 0x461f, 0x461f, 0x461f,
  0x461f, 0x461f, 0x461f, 0x461f, 0x461f, 0x461f, 0x461f, 0x461f, 0x461f, 0x461f, 0x461f, 0x461f,
  0x461f, 0x461f, 0x461f, 0x461f, 0x461f, 0x461f, 0x461f, 0x3e1f, 0x461e, 0x4dfd, 0x765c, 0xaf5e,
  0xcf9f, 0xd79e, 0xdf9f, 0xdf9f, 0xd7bf, 0xcf9f, 0xc77e, 0xc77e, 0xcf9f, 0xcf9f, 0xcfbf, 0xcf9f,
  0xcf7e, 0xcf7e, 0xcf7f, 0xd79f, 0xd79f, 0xd79f, 0xcf7f, 0xbf7f, 0xa75f, 0x86be, 0x661e, 0x5e3f,
  0x5e3f, 0x5e3f, 0x5e3f, 0x5e3f, 0x5e3f, 0x5e3f, 0x5e3f, 0x5e3f, 0x5e3f, 0x5e3f, 0x5e3f, 0x5e3f,
  0x5e3f, 0x5e3f, 0x5e3f, 0x5e3f, 0x5e3f, 0x5e3f, 0x5e3f, 0x5e3f, 0x5e3f, 0x5e3f, 0x5e3f, 0x5e3f,
  0x5e3f, 0x5e3f, 0x5e3f, 0x5e3f, 0x5e3f, 0x5e3f, 0x5e3f, 0x5e3f, 0x5e3f, 0x5e3f, 0x5e3f, 0x665f,
  0x667f, 0x665f, 0x5e5f, 0x665f, 0x665f, 0x665f, 0x665f, 0x667f, 0x6e7f, 0x6e7f, 0x6e7f, 0x6e7f,
  0x6e7f, 0x6e7f, 0x6e7f, 0x6e7f, 0x6e7f, 0x6e7f, 0x6e7f, 0x6e7f, 0x6e7f, 0x6e7f, 0x6e7f, 0x6e7f,
  0x6e7f, 0x6e7f, 0x6e7f, 0x6e7f, 0x6e7f, 0x6e7f, 0x6e7f, 0x6e7f, 0x6e7f, 0x6e7f, 0x6e7f, 0x6e7f,
  0x6e7f, 0x6e7f, 0x6e7f, 0x6e7f, 0x6e7f, 0x6e7f, 0x6e7f, 0x6e7f, 0x6e7f, 0x6e7f, 0x6e7f, 0x6e7f,
  0x6e7f, 0x6e7f, 0x6e7f, 0x6e7f, 0x6e7f, 0x6e7f, 0x6e7f, 0x6e7f, 0x6e5f, 0x7e5c, 0x8653, 0x8e6b,
  0x9628, 0x9607, 0x8dc6, 0x8dc6, 0x8dc6, 0x85c6, 0x85c6, 0x85c6, 0x85c6, 0x85c6, 0x85c6, 0x85c6,
  0x85c6, 0x85c6, 0x85c5, 0x7da4, 0x7563, 0x64e1, 0x5c61, 0x6422, 0x5b62, 0x5281, 0x51c0, 0x61a2,
  0x7a04, 0x8245, 0x7a46, 0x7206, 0x71e5, 0x7a46, 0x8267, 0x8267, 0x7206, 0x69c4, 0x7205, 0x7a46,
  0x8267, 0x8267, 0x8267, 0x7a26, 0x71a4, 0x69a4, 0x6984, 0x6963, 0x6963, 0x6983, 0x6983, 0x6963,
  0x6983, 0x7183, 0x7183, 0x6984, 0x6983, 0x6963, 0x6963, 0x71a4, 0x6983, 0x6983, 0x6983, 0x6983,
  0x461f, 0x461f, 0x461f, 0x461f, 0x461f, 0x461f, 0x461f, 0x461f, 0x461f, 0x461f, 0x461f, 0x461f,
  0x461f, 0x461f, 0x461f, 0x461f, 0x461f, 0x461f, 0x461f, 0x461f, 0x461f, 0x461f, 0x461f, 0x461f,
  0x461f, 0x461f, 0x461f, 0x461f, 0x461f, 0x461f, 0x461f, 0x461f, 0x461f, 0x461f, 0x461f, 0x461f,
  0x461f, 0x461f, 0x461f, 0x461f, 0x461f, 0x461f, 0x461f, 0x461f, 0x461f, 0x461f, 0x461f, 0x461f,
  0x461f, 0x461f, 0x461f, 0x461f, 0x461f, 0x461f, 0x461f, 0x463f, 0x4e1e, 0x663d, 0x96fd, 0xbf7f,
  0xcf9f, 0xd79f, 0xdf9f, 0xd79f, 0xcf9f, 0xc77f, 0xbf5e, 0xc77e, 0xcfbf, 0xd7bf, 0xd7bf, 0xd7bf,
  0xcf9f, 0xc75e, 0xc75e, 0xcf9f, 0xd7bf, 0xd79f, 0xcf7f, 0xbf7f, 0xa75f, 0x86be, 0x661e, 0x5e3f,
  0x5e3f, 0x5e3f, 0x5e3f, 0x5e3f, 0x5e3f, 0x5e3f, 0x5e3f, 0x5e3f, 0x5e3f, 0x5e3f, 0x5e3f, 0x5e3f,
  0x5e3f, 0x5e3f, 0x5e3f, 0x5e3f, 0x5e3f, 0x5e3f, 0x5e3f, 0x5e3f, 0x5e3f, 0x5e3f, 0x5e3f, 0x5e3f,
  0x5e3f, 0x5e3f, 0x5e3f, 0x5e3f, 0x5e3f, 0x5e3f, 0x5e3f, 0x5e3f, 0x5e3f, 0x5e3f, 0x5e3f, 0x665f,
  0x665f, 0x665f, 0x665f, 0x665f, 0x665f, 0x665f, 0x665f, 0x6e7f, 0x6e7f, 0x6e7f, 0x6e7f, 0x6e7f,
  0x6e7f, 0x6e7f, 0x6e7f, 0x6e7f, 0x6e7f, 0x6e7f, 0x6e7f, 0x6e7f, 0x6e7f, 0x6e7f, 0x6e7f, 0x6e7f,
  0x6e7f, 0x6e7f, 0x6e7f, 0x6e7f, 0x6e7f, 0x6e7f, 0x6e7f, 0x6e7f, 0x6e7f, 0x6e7f, 0x6e7f, 0x6e7f,
  0x6e7f, 0x6e7f, 0x6e7f, 0x6e7f, 0x6e7f, 0x6e7f, 0x6e7f, 0x6e7f, 0x6e7f, 0x6e7f, 0x6e7f, 0x6e7f,
  0x6e7f, 0x6e7f, 0x6e7f, 0x6e7f, 0x6e7f, 0x6e7f, 0x6e7f, 0x6e7f, 0x6e5f, 0x7e5c, 0x8674, 0x966b,
  0x9e49, 0x9e28, 0x8dc6, 0x8da6, 0x8dc6, 0x8dc6, 0x85c6, 0x85c6, 0x85c6, 0x85c6, 0x85c6, 0x85c6,
  0x85c6, 0x85c5, 0x85c5, 0x7da4, 0x7542, 0x6481, 0x5be1, 0x6382, 0x5a82, 0x61c2, 0x69a4, 0x71e5,
  0x8246, 0x8266, 0x7a46, 0x6a05, 0x69c4, 0x7205, 0x7a46, 0x8267, 0x7206, 0x69c4, 0x7205, 0x7a46,
  0x8247, 0x8267, 0x8267, 0x7a06, 0x6984, 0x6984, 0x6984, 0x6983, 0x6983, 0x7184, 0x6983, 0x6983,
  0x6983, 0x7183, 0x7183, 0x7184, 0x71a4, 0x6983, 0x6963, 0x6983, 0x6983, 0x6983, 0x6983, 0x6983,
  0x461f, 0x461f, 0x461f, 0x461f, 0x461f, 0x461f, 0x461f, 0x461f, 0x461f, 0x461f, 0x461f, 0x461f,
  0x461f, 0x461f, 0x461f, 0x461f, 0x461f, 0x461f, 0x461f, 0x461f, 0x461f, 0x461f, 0x461f, 0x461f,
  0x461f, 0x461f, 0x461f, 0x461f, 0x461f, 0x461f, 0x461f, 0x461f, 0x461f, 0x461f, 0x461f, 0x461f,
  0x461f, 0x461f, 0x461f, 0x461f, 0x461f, 0x461f, 0x461f, 0x461f, 0x461f, 0x461f, 0x461f, 0x461f,
  0x461f, 0x461f, 0x461f, 0x461f, 0x461f, 0x461f, 0x461f, 0x461f, 0x4dfe, 0x7e7d, 0xb79f, 0xcfbf,
  0xd79f, 0xdf9f, 0xdf9f, 0xd79f, 0xcf7f, 0xc75e, 0xc77e, 0xcfbf, 0xd7bf, 0xd79f, 0xdf9f, 0xdf9f,
  0xd79f, 0xd77f, 0xcf7e, 0xcf9e, 0xd7bf, 0xd79f, 0xcf7f, 0xbf7f, 0xa75f, 0x86be, 0x661e, 0x5e3f,
  0x5e3f, 0x5e3f, 0x5e3f, 0x5e3f, 0x5e3f, 0x5e3f, 0x5e3f, 0x5e3f, 0x5e3f, 0x5e3f, 0x5e3f, 0x5e3f,
  0x5e3f, 0x5e3f, 0x5e3f, 0x5e3f, 0x5e3f, 0x5e3f, 0x5e3f, 0x5e3f, 0x5e3f, 0x5e3f, 0x5e3f, 0x5e3f,
  0x5e3f, 0x5e3f, 0x5e3f, 0x5e3f, 0x5e3f, 0x5e3f, 0x5e3f, 0x5e3f, 0x5e3f, 0x5e3f, 0x665f, 0x665f,
  0x5e5f, 0x665f, 0x665f, 0x665f, 0x663f, 0x665f, 0x665f, 0x6e7f, 0x6e7f, 0x6e7f, 0x6e7f, 0x6e7f,
  0x6e7f, 0x6e7f, 0x6e7f, 0x6e7f, 0x6e7f, 0x6e7f, 0x6e7f, 0x6e7f, 0x6e7f, 0x6e7f, 0x6e7f, 0x6e7f,
  0x6e7f, 0x6e7f, 0x6e7f, 0x6e7f, 0x6e7f, 0x6e7f, 0x6e7f, 0x6e7f, 0x6e7f, 0x6e7e, 0x6e7f, 0x6e7f,
  0x6e7f, 0x6e7f, 0x6e7f, 0x6e7f, 0x6e7f, 0x6e7f, 0x6e7f, 0x6e7f, 0x6e7f, 0x6e7f, 0x6e7f, 0x6e7f,
  0x6e7f, 0x6e7f, 0x6e7f, 0x6e7f, 0x6e7f, 0x6e7f, 0x6e7f, 0x6e7f, 0x6e5f, 0x7e5c, 0x8654, 0x966b,
  0x9e49, 0x9628, 0x8dc6, 0x8dc6, 0x8dc6, 0x8dc6, 0x8dc6, 0x85c6, 0x85c6, 0x85c6, 0x85c6, 0x85c6,
  0x85c5, 0x85c5, 0x85c5, 0x7d84, 0x6d43, 0x6482, 0x63a2, 0x5260, 0x61c2, 0x7184, 0x81e7, 0x8227,
  0x8267, 0x7a45, 0x69e4, 0x69c3, 0x69a4, 0x69a4, 0x71e5, 0x8246, 0x7a26, 0x69a4, 0x69a4, 0x71e5,
  0x7a46, 0x8267, 0x8267, 0x7a05, 0x6983, 0x6984, 0x7184, 0x7184, 0x7184, 0x7184, 0x7184, 0x7184,
  0x7184, 0x7184, 0x7184, 0x7184, 0x7184, 0x71a4, 0x6983, 0x6983, 0x6983, 0x6983, 0x6983, 0x7184,
  0x461f, 0x461f, 0x461f, 0x461f, 0x461f, 0x461f, 0x461f, 0x461f, 0x461f, 0x461f, 0x461f, 0x461f,
  0x461f, 0x461f, 0x461f, 0x461f, 0x461f, 0x461f, 0x461f, 0x461f, 0x461f, 0x461f, 0x461f, 0x461f,
  0x461f, 0x461f, 0x461f, 0x461f, 0x461f, 0x461f, 0x461f, 0x461f, 0x461f, 0x461f, 0x461f, 0x461f,
  0x461f, 0x461f, 0x461f, 0x461f, 0x461f, 0x461f, 0x461f, 0x461f, 0x461f, 0x461f, 0x461f, 0x461f,
  0x461f, 0x461f, 0x461f, 0x461f, 0x461f, 0x461f, 0x461f, 0x461f, 0x4dfd, 0x7e7d, 0xbf9f, 0xd7bf,
  0xd77f, 0xdf9f, 0xd79f, 0xd79f, 0xd79f, 0xcf9f, 0xcf9f, 0xd7bf, 0xd7bf, 0xdf9f, 0xdf9f, 0xdf9f,
  0xdf9f, 0xd79f, 0xd79f, 0xcf7e, 0xd79f, 0xd79f, 0xcf7f, 0xbf7f, 0xa75f, 0x86be, 0x661e, 0x5e3f,
  0x5e3f, 0x5e3f, 0x5e3f, 0x5e3f, 0x5e3f, 0x5e3f, 0x5e3f, 0x5e3f, 0x5e3f, 0x5e3f, 0x5e3f, 0x5e3f,
  0x5e3f, 0x5e3f, 0x5e3f, 0x5e3f, 0x5e3f, 0x5e3f, 0x5e3f, 0x5e3f, 0x5e3f, 0x5e3f, 0x5e3f, 0x5e3f,
  0x5e3f, 0x5e3f, 0x5e3f, 0x5e3f, 0x5e3f, 0x5e3f, 0x5e3f, 0x5e3f, 0x5e3f, 0x5e3f, 0x5e3f, 0x665f,
  0x665f, 0x665f, 0x665f, 0x665f, 0x665f, 0x665f, 0x665f, 0x6e7f, 0x6e7f, 0x6e7f, 0x6e7f, 0x6e7f,
  0x6e7f, 0x6e7f, 0x6e7f, 0x6e7f, 0x6e7f, 0x6e7f, 0x6e7f, 0x6e7f, 0x6e7f, 0x6e7f, 0x6e7f, 0x6e7f,
  0x6e7f, 0x6e7f, 0x6e7f, 0x6e7f, 0x6e7f, 0x6e7f, 0x6e7f, 0x6e7f, 0x6e7f, 0x6e7e, 0x6e7f, 0x6e7f,
  0x6e7f, 0x6e7f, 0x6e7f, 0x6e7f, 0x6e7f, 0x6e7f, 0x6e7f, 0x6e7f, 0x6e7f, 0x6e7f, 0x6e7f, 0x6e7f,
  0x6e7f, 0x6e7f, 0x6e7f, 0x6e7f, 0x6e7f, 0x6e7f, 0x6e7f, 0x6e7f, 0x6e5f, 0x7e5c, 0x8674, 0x8e4b,
  0x9608, 0x8de7, 0x8da6, 0x8dc6, 0x8dc6, 0x8da6, 0x8dc6, 0x85c6, 0x85a5, 0x7d85, 0x85c5, 0x85c5,
  0x85a5, 0x7d84, 0x7da4, 0x6d23, 0x64e2, 0x6462, 0x5b82, 0x4a40, 0x61a1, 0x6983, 0x79c5, 0x71e6,
  0x7246, 0x6a24, 0x69c3, 0x69a3, 0x71a4, 0x71a4, 0x71c4, 0x7205, 0x71e5, 0x69a4, 0x69a4, 0x69c4,
  0x7205, 0x7a06, 0x7a06, 0x71c5, 0x7183, 0x7184, 0x7184, 0x7184, 0x7184, 0x7184, 0x7184, 0x7184,
  0x7184, 0x7184, 0x7184, 0x7184, 0x7184, 0x71a4, 0x7184, 0x6983, 0x6983, 0x6983, 0x7184, 0x71a4,
  0x461f, 0x461f, 0x461f, 0x461f, 0x461f, 0x461f, 0x461f, 0x461f, 0x461f, 0x461f, 0x461f, 0x461f,
  0x461f, 0x461f, 0x461f, 0x461f, 0x461f, 0x461f, 0x461f, 0x461f, 0x461f, 0x461f, 0x461f, 0x461f,
  0x461f, 0x461f, 0x461f, 0x461f, 0x461f, 0x461f, 0x461f, 0x461f, 0x461f, 0x461f, 0x461f, 0x461f,
  0x461f, 0x461f, 0x461f, 0x461f, 0x461f, 0x461f, 0x461f, 0x461f, 0x461f, 0x461f, 0x461f, 0x461f,
  0x461f, 0x461f, 0x461f, 0x461f, 0x461f, 0x461f, 0x461f, 0x461f, 0x4dfd, 0x7e7d, 0xbf9f, 0xd7bf,
  0xd79f, 0xdf9f, 0xd79f, 0xd79f, 0xd7bf, 0xd7bf, 0xd7bf, 0xd7bf, 0xd79f, 0xdf9f, 0xdf9f, 0xdf9f,
  0xdf9f, 0xdf9f, 0xd79f, 0xd79f, 0xd79f, 0xd79f, 0xcf7f, 0xbf7f, 0xa75f, 0x86be, 0x661e, 0x5e3f,
  0x5e3f, 0x5e3f, 0x5e3f, 0x5e3f, 0x5e3f, 0x5e3f, 0x5e3f, 0x5e3f, 0x5e3f, 0x5e3f, 0x5e3f, 0x5e3f,
  0x5e3f, 0x5e3f, 0x5e3f, 0x5e3f, 0x5e3f, 0x5e3f, 0x5e3f, 0x5e3f, 0x5e3f, 0x5e3f, 0x5e3f, 0x5e3f,
  0x5e3f, 0x5e3f, 0x5e3f, 0x5e3f, 0x5e3f, 0x5e3f, 0x5e3f, 0x5e3f, 0x5e3f, 0x5e3f, 0x5e3f, 0x5e3f,
  0x665f, 0x665f, 0x5e3f, 0x665f, 0x665f, 0x665f, 0x665f, 0x667f, 0x6e7f, 0x6e7f, 0x6e7f, 0x6e7f,
  0x6e7f, 0x6e7f, 0x6e7f, 0x6e7f, 0x6e7f, 0x6e7f, 0x6e7f, 0x6e7f, 0x6e7f, 0x6e7f, 0x6e7f, 0x6e7f,
  0x6e7f, 0x6e7f, 0x6e7f, 0x6e7f, 0x6e7f, 0x6e7f, 0x6e7f, 0x6e7f, 0x6e7f, 0x6e7f, 0x6e7f, 0x6e7f,
  0x6e7f, 0x6e7f, 0x6e7f, 0x6e7f, 0x6e7f, 0x6e7f, 0x6e7f, 0x6e7f, 0x6e7f, 0x6e7f, 0x6e7f, 0x6e7f,
  0x6e7f, 0x6e7f, 0x6e7f, 0x6e7f, 0x6e7f, 0x6e7f, 0x6e7f, 0x6e7f, 0x6e5f, 0x7e5c, 0x8674, 0x8e4b,
  0x8de7, 0x8dc6, 0x8dc6, 0x8dc6, 0x8da6, 0x8da6, 0x8dc6, 0x85c6, 0x8585, 0x7d64, 0x85c5, 0x85c5,
  0x7564, 0x7543, 0x7564, 0x64e2, 0x5c80, 0x5c41, 0x5ba1, 0x4aa0, 0x5240, 0x5a01, 0x5a01, 0x5a22,
  0x5a42, 0x5a22, 0x61c3, 0x69a3, 0x7184, 0x69a4, 0x69a4, 0x69a4, 0x69c4, 0x69c4, 0x69c4, 0x69a4,
  0x69a4, 0x6984, 0x6984, 0x6984, 0x7184, 0x7184, 0x7184, 0x7184, 0x7184, 0x7184, 0x7184, 0x7184,
  0x7184, 0x7184, 0x71a4, 0x71a4, 0x7184, 0x71a4, 0x71a4, 0x7184, 0x7184, 0x7184, 0x71a4, 0x71a4,
  0x461f, 0x461f, 0x461f, 0x461f, 0x461f, 0x461f, 0x461f, 0x461f, 0x461f, 0x461f, 0x461f, 0x461f,
  0x461f, 0x461f, 0x461f, 0x461f, 0x461f, 0x461f, 0x461f, 0x461f, 0x461f, 0x461f, 0x461f, 0x461f,
  0x461f, 0x461f, 0x461f, 0x461f, 0x461f, 0x461f, 0x461f, 0x461f, 0x461f, 0x461f, 0x461f, 0x461f,
  0x461f, 0x461f, 0x461f, 0x461f, 0x461f, 0x461f, 0x461f, 0x461f, 0x461f, 0x461f, 0x461f, 0x461f,
  0x461f, 0x461f, 0x461f, 0x461f, 0x461f, 0x461f, 0x461f, 0x461f, 0x4dfd, 0x7e7d, 0xbf9f, 0xd7bf,
  0xd79f, 0xdf7f, 0xd79f, 0xd79f, 0xd79f, 0xd7bf, 0xd79f, 0xd79f, 0xd79f, 0xdf9f, 0xdf9f, 0xdf9f,
  0xdf7f, 0xdf9f, 0xd79f, 0xd7bf, 0xdfbf, 0xd79f, 0xcf7f, 0xbf7f, 0xa75f, 0x86be, 0x661e, 0x5e3f,
  0x5e3f, 0x5e3f, 0x5e3f, 0x5e3f, 0x5e3f, 0x5e3f, 0x5e3f, 0x5e3f, 0x5e3f, 0x5e3f, 0x5e3f, 0x5e3f,
  0x5e3f, 0x5e3f, 0x5e3f, 0x5e3f, 0x5e3f, 0x5e3f, 0x5e3f, 0x5e3f, 0x5e3f, 0x5e3f, 0x5e3f, 0x5e3f,
  0x5e3f, 0x5e3f, 0x5e3f, 0x5e3f, 0x5e3f, 0x5e3f, 0x5e3f, 0x5e3f, 0x5e3f, 0x5e3f, 0x5e3f, 0x665f,
  0x665f, 0x665f, 0x665f, 0x665f, 0x663f, 0x665f, 0x665f, 0x6e7f, 0x6e7f, 0x6e7f, 0x6e7f, 0x6e7f,
  0x6e7f, 0x6e7f, 0x6e7f, 0x6e7f, 0x6e7f, 0x6e7f, 0x6e7f, 0x6e7f, 0x6e7f, 0x6e7f, 0x6e7f, 0x6e7f,
  0x6e7f, 0x6e7f, 0x6e7f, 0x6e7f, 0x6e7f, 0x6e7f, 0x6e7f, 0x6e7f, 0x6e7f, 0x6e7f, 0x6e7f, 0x6e7f,
  0x6e7f, 0x6e7f, 0x6e7f, 0x6e7f, 0x6e7f, 0x6e7f, 0x6e7f, 0x6e7f, 0x6e7f, 0x6e7f, 0x6e7f, 0x6e7f,
  0x6e7f, 0x6e7f, 0x6e7f, 0x6e7f, 0x6e7f, 0x6e7f, 0x6e7f, 0x6e7f, 0x6e7f, 0x7e5c, 0x8653, 0x8e4b,
  0x8de6, 0x85c6, 0x8dc6, 0x8dc6, 0x8da6, 0x8da6, 0x8dc6, 0x8dc6, 0x85a5, 0x85a5, 0x85c6, 0x85c6,
  0x85a5, 0x7da5, 0x85c5, 0x7543, 0x6d02, 0x5c61, 0x5c01, 0x5b81, 0x5b61, 0x6362, 0x6341, 0x6362,
  0x6b63, 0x62c3, 0x59e2, 0x6163, 0x6983, 0x71e5, 0x7a26, 0x7a46, 0x7a26, 0x7a46, 0x7a46, 0x7a26,
  0x69c4, 0x6983, 0x6984, 0x6984, 0x7184, 0x7184, 0x7184, 0x7184, 0x7184, 0x7184, 0x7184, 0x7184,
  0x7184, 0x7184, 0x71a4, 0x7184, 0x6983, 0x7184, 0x71a4, 0x71a4, 0x6983, 0x7184, 0x7184, 0x71a4,
  0x461f, 0x461f, 0x461f, 0x461f, 0x461f, 0x461f, 0x461f, 0x461f, 0x461f, 0x461f, 0x461f, 0x461f,
  0x461f, 0x461f, 0x461f, 0x461f, 0x461f, 0x461f, 0x461f, 0x461f, 0x461f, 0x461f, 0x461f, 0x461f,
  0x461f, 0x461f, 0x461f, 0x461f, 0x461f, 0x461f, 0x461f, 0x461f, 0x461f, 0x461f, 0x461f, 0x461f,
  0x461f, 0x461f, 0x461f, 0x461f, 0x461f, 0x461f, 0x461f, 0x461f, 0x461f, 0x461f, 0x461f, 0x461f,
  0x461f, 0x461f, 0x461f, 0x461f, 0x461f, 0x461f, 0x461f, 0x461f, 0x4dfd, 0x7e7d, 0xbf9f, 0xd7bf,
  0xd77f, 0xdf7f, 0xd79f, 0xd79f, 0xd7bf, 0xd79f, 0xd79f, 0xd79f, 0xdf9f, 0xdf9f, 0xdf9f, 0xdf9f,
  0xdf9f, 0xdf9f, 0xdf9f, 0xd79f, 0xdf9f, 0xd79f, 0xcf7f, 0xbf7f, 0xa75f, 0x86be, 0x661e, 0x5e3f,
  0x5e3f, 0x5e3f, 0x5e3f, 0x5e3f, 0x5e3f, 0x5e3f, 0x5e3f, 0x5e3f, 0x5e3f, 0x5e3f, 0x5e3f, 0x5e3f,
  0x5e3f, 0x5e3f, 0x5e3f, 0x5e3f, 0x5e3f, 0x5e3f, 0x5e3f, 0x5e3f, 0x5e3f, 0x5e3f, 0x5e3f, 0x5e3f,
  0x5e3f, 0x5e3f, 0x5e3f, 0x5e3f, 0x5e3f, 0x5e3f, 0x5e3f, 0x5e3f, 0x5e3f, 0x5e3f, 0x665f, 0x665f,
  0x5e5f, 0x665f, 0x665f, 0x665f, 0x663f, 0x665f, 0x665f, 0x6e7f, 0x6e7f, 0x6e7f, 0x6e7f, 0x6e7f,
  0x6e7f, 0x6e7f, 0x6e7f, 0x6e7f, 0x6e7f, 0x6e7f, 0x6e7f, 0x6e7f, 0x6e7f, 0x6e7f, 0x6e7f, 0x6e7f,
  0x6e7f, 0x6e7f, 0x6e7f, 0x6e7f, 0x6e7f, 0x6e7f, 0x6e7f, 0x6e7f, 0x6e7f, 0x6e5f, 0x6e5f, 0x6e7f,
  0x6e7f, 0x6e7f, 0x6e7f, 0x6e7f, 0x6e7f, 0x6e7f, 0x6e7f, 0x6e7f, 0x6e7f, 0x6e7f, 0x6e7f, 0x6e7f,
  0x6e7f, 0x6e7f, 0x6e7f, 0x6e7f, 0x6e7f, 0x6e7f, 0x6e7f, 0x6e7f, 0x6e7f, 0x7e5c, 0x8653, 0x8e4b,
  0x8e07, 0x8de6, 0x8dc6, 0x8dc6, 0x8dc6, 0x8dc7, 0x8dc6, 0x8dc6, 0x85c6, 0x85c6, 0x85c6, 0x85c6,
  0x85c6, 0x85a5, 0x85a5, 0x7d84, 0x7564, 0x64c2, 0x5c81, 0x5c61, 0x6461, 0x6462, 0x6461, 0x6442,
  0x6c03, 0x6343, 0x6243, 0x5982, 0x6163, 0x79e5, 0x8246, 0x8287, 0x8287, 0x8267, 0x8267, 0x7a46,
  0x7205, 0x69a4, 0x6984, 0x6984, 0x7184, 0x7184, 0x7184, 0x7184, 0x7184, 0x7184, 0x7184, 0x7184,
  0x7184, 0x6983, 0x7184, 0x6983, 0x6983, 0x6983, 0x71a4, 0x7184, 0x6983, 0x6983, 0x6983, 0x7184,
  0x461f, 0x461f, 0x461f, 0x461f, 0x461f, 0x461f, 0x461f, 0x461f, 0x461f, 0x461f, 0x461f, 0x461f,
  0x461f, 0x461f, 0x461f, 0x461f, 0x461f, 0x461f, 0x461f, 0x461f, 0x461f, 0x461f, 0x461f, 0x461f,
  0x461f, 0x461f, 0x461f, 0x461f, 0x461f, 0x461f, 0x461f, 0x461f, 0x461f, 0x461f, 0x461f, 0x461f,
  0x461f, 0x461f, 0x461f, 0x461f, 0x461f, 0x461f, 0x461f, 0x461f, 0x461f, 0x461f, 0x461f, 0x461f,
  0x461f, 0x461f, 0x461f, 0x461f, 0x461f, 0x461f, 0x461f, 0x461f, 0x4dfd, 0x7e7d, 0xbf9f, 0xd7bf,
  0xd79f, 0xdf9f, 0xdf9f, 0xd7bf, 0xd7bf, 0xd79f, 0xd79f, 0xdf9f, 0xdf9f, 0xdf9f, 0xdf9f, 0xdf9f,
  0xdf9f, 0xdf9f, 0xdf9f, 0xd79f, 0xdf9f, 0xd79f, 0xcf9f, 0xbf5f, 0xa75f, 0x86be, 0x661e, 0x5e3f,
  0x5e3f, 0x5e3f, 0x5e3f, 0x5e3f, 0x5e3f, 0x5e3f, 0x5e3f, 0x5e3f, 0x5e3f, 0x5e3f, 0x5e3f, 0x5e3f,
  0x5e3f, 0x5e3f, 0x5e3f, 0x5e3f, 0x5e3f, 0x5e3f, 0x5e3f, 0x5e3f, 0x5e3f, 0x5e3f, 0x5e3f, 0x5e3f,
  0x5e3f, 0x5e3f, 0x5e3f, 0x5e3f, 0x5e3f, 0x5e3f, 0x5e3f, 0x5e3f, 0x5e3f, 0x5e3f, 0x665f, 0x665f,
  0x665f, 0x665f, 0x5e3f, 0x665f, 0x667f, 0x665f, 0x665f, 0x6e7f, 0x6e7f, 0x6e7f, 0x6e7f, 0x6e7f,
  0x6e7f, 0x6e7f, 0x6e7f, 0x6e7f, 0x6e7f, 0x6e7f, 0x6e7f, 0x6e7f, 0x6e7f, 0x6e7f, 0x6e7f, 0x6e7f,
  0x6e7f, 0x6e7f, 0x6e7f, 0x6e7f, 0x6e7f, 0x6e7f, 0x6e7f, 0x6e7f, 0x6e7f, 0x6e5f, 0x6e5f, 0x6e7f,
  0x6e7f, 0x6e7f, 0x6e7f, 0x6e7f, 0x6e7f, 0x6e7f, 0x6e7f, 0x6e7f, 0x6e7f, 0x6e7f, 0x6e7f, 0x6e7f,
  0x6e7f, 0x6e7f, 0x6e7f, 0x6e7f, 0x6e7f, 0x6e7f, 0x6e7f, 0x6e7f, 0x6e5f, 0x7e5c, 0x8674, 0x8e6b,
  0x9648, 0x9607, 0x8dc6, 0x8dc6, 0x8dc6, 0x8dc7, 0x8da6, 0x85a6, 0x85a6, 0x85c6, 0x85a6, 0x85c6,
  0x85c6, 0x85a5, 0x7d84, 0x7d85, 0x7da5, 0x7563, 0x6d62, 0x6d42, 0x6d42, 0x6d42, 0x6d22, 0x6ce2,
  0x6442, 0x6ba3, 0x7b25, 0x6a44, 0x6183, 0x69a4, 0x7a05, 0x8246, 0x8267, 0x8267, 0x8287, 0x8267,
  0x8246, 0x71e5, 0x71a4, 0x71a4, 0x71a4, 0x7184, 0x6983, 0x6983, 0x6983, 0x71a4, 0x71a4, 0x7184,
  0x6983, 0x6983, 0x6983, 0x6983, 0x6963, 0x6983, 0x71a4, 0x6983, 0x6983, 0x6983, 0x6983, 0x7184,
  0x461f, 0x461f, 0x461f, 0x461f, 0x461f, 0x461f, 0x461f, 0x461f, 0x461f, 0x461f, 0x461f, 0x461f,
  0x461f, 0x461f, 0x461f, 0x461f, 0x461f, 0x461f, 0x461f, 0x461f, 0x461f, 0x461f, 0x461f, 0x461f,
  0x461f, 0x461f, 0x461f, 0x461f, 0x461f, 0x461f, 0x461f, 0x461f, 0x461f, 0x461f, 0x461f, 0x461f,
  0x461f, 0x461f, 0x461f, 0x461f, 0x461f, 0x461f, 0x461f, 0x461f, 0x461f, 0x461f, 0x461f, 0x461f,
  0x461f, 0x461f, 0x461f, 0x461f, 0x461f, 0x461f, 0x461f, 0x461f, 0x4dfd, 0x7e7d, 0xbf9f, 0xd7bf,
  0xd79f, 0xdf9f, 0xdfbf, 0xd7bf, 0xd79f, 0xd79f, 0xd79f, 0xdf9f, 0xdf9f, 0xdf9f, 0xdf9f, 0xdf9f,
  0xdf9f, 0xdf9f, 0xdf9f, 0xdf9f, 0xdf9f, 0xd79f, 0xcf7f, 0xbf5f, 0xa75f, 0x86be, 0x661e, 0x5e3f,
  0x5e3f, 0x5e3f, 0x5e3f, 0x5e3f, 0x5e3f, 0x5e3f, 0x5e3f, 0x5e3f, 0x5e3f, 0x5e3f, 0x5e3f, 0x5e3f,
  0x5e3f, 0x5e3f, 0x5e3f, 0x5e3f, 0x5e3f, 0x5e3f, 0x5e3f, 0x5e3f, 0x5e3f, 0x5e3f, 0x5e3f, 0x5e3f,
  0x5e3f, 0x5e3f, 0x5e3f, 0x5e3f, 0x5e3f, 0x5e3f, 0x5e3f, 0x5e3f, 0x5e3f, 0x5e3f, 0x665f, 0x665f,
  0x665f, 0x665f, 0x665f, 0x665f, 0x665f, 0x665f, 0x665f, 0x6e7f, 0x6e7f, 0x6e7f, 0x6e7f, 0x6e7f,
  0x6e7f, 0x6e7f, 0x6e7f, 0x6e7f, 0x6e7f, 0x6e7f, 0x6e7f, 0x6e7f, 0x6e7f, 0x6e7f, 0x6e7f, 0x6e7f,
  0x6e7f, 0x6e7f, 0x6e7f, 0x6e7f, 0x6e7f, 0x6e7f, 0x6e7f, 0x6e7f, 0x6e7f, 0x6e5f, 0x6e5f, 0x6e7f,
  0x6e7f, 0x6e7f, 0x6e7f, 0x6e7f, 0x6e7f, 0x6e7f, 0x6e7f, 0x6e7f, 0x6e7f, 0x6e7f, 0x6e7f, 0x6e7f,
  0x6e7f, 0x6e7f, 0x6e7f, 0x6e7f, 0x6e7f, 0x6e7f, 0x6e7f, 0x6e7f, 0x6e5f, 0x7e5c, 0x8654, 0x8e4b,
  0x9648, 0x9627, 0x8e07, 0x8e07, 0x8dc6, 0x8dc7, 0x8dc7, 0x8dc6, 0x8da6, 0x85a6, 0x85a6, 0x85c6,
  0x85c6, 0x85a5, 0x7d85, 0x85a5, 0x85c5, 0x75a3, 0x75a3, 0x6d83, 0x6d62, 0x6d42, 0x6d22, 0x6cc2,
  0x63e1, 0x6342, 0x7304, 0x6a44, 0x61a3, 0x69a4, 0x7a05, 0x8246, 0x8267, 0x8267, 0x8287, 0x8267,
  0x8246, 0x71e5, 0x71a4, 0x71a4, 0x6983, 0x6983, 0x6983, 0x6983, 0x6983, 0x7184, 0x7184, 0x6983,
  0x6963, 0x6983, 0x6983, 0x6983, 0x6983, 0x6983, 0x71a4, 0x6983, 0x6983, 0x6983, 0x6983, 0x7184,
  0x461f, 0x461f, 0x461f, 0x461f, 0x461f, 0x461f, 0x461f, 0x461f, 0x461f, 0x461f, 0x461f, 0x461f,
  0x461f, 0x461f, 0x461f, 0x461f, 0x461f, 0x461f, 0x461f, 0x461f, 0x461f, 0x461f, 0x461f, 0x461f,
  0x461f, 0x461f, 0x461f, 0x461f, 0x461f, 0x461f, 0x461f, 0x461f, 0x461f, 0x461f, 0x461f, 0x461f,
  0x461f, 0x461f, 0x461f, 0x461f, 0x461f, 0x461f, 0x461f, 0x461f, 0x461f, 0x461f, 0x461f, 0x461f,
  0x461f, 0x461f, 0x461f, 0x461f, 0x461f, 0x461f, 0x461f, 0x461f, 0x4dfd, 0x7e7d, 0xbf9f, 0xd7bf,
  0xd79f, 0xdf9f, 0xdfbf, 0xd79f, 0xcf7f, 0xd77f, 0xd79f, 0xd79f, 0xd79f, 0xdf9f, 0xdf9f, 0xdf9f,
  0xdf9f, 0xdf9f, 0xdfbf, 0xdfbf, 0xdf9f, 0xd79f, 0xcf7f, 0xbf5f, 0xa75f, 0x86be, 0x661e, 0x5e3f,
  0x5e3f, 0x5e3f, 0x5e3f, 0x5e3f, 0x5e3f, 0x5e3f, 0x5e3f, 0x5e3f, 0x5e3f, 0x5e3f, 0x5e3f, 0x5e3f,
  0x5e3f, 0x5e3f, 0x5e3f, 0x5e3f, 0x5e3f, 0x5e3f, 0x5e3f, 0x5e3f, 0x5e3f, 0x5e3f, 0x5e3f, 0x5e3f,
  0x5e3f, 0x5e3f, 0x5e3f, 0x5e3f, 0x5e3f, 0x5e3f, 0x5e3f, 0x5e3f, 0x5e3f, 0x665f, 0x665f, 0x665f,
  0x665f, 0x665f, 0x667f, 0x665f, 0x665f, 0x665f, 0x665f, 0x6e7f, 0x6e7f, 0x6e7f, 0x6e7f, 0x6e7f,
  0x6e7f, 0x6e7f, 0x6e7f, 0x6e7f, 0x6e7f, 0x6e7f, 0x6e7f, 0x6e7f, 0x6e7f, 0x6e7f, 0x6e7f, 0x6e7f,
  0x6e7f, 0x6e7f, 0x6e7f, 0x6e7f, 0x6e7f, 0x6e7f, 0x6e7f, 0x6e7f, 0x6e7f, 0x6e5f, 0x6e7f, 0x6e7f,
  0x6e7f, 0x6e7f, 0x6e7f, 0x6e7f, 0x6e7f, 0x6e7f, 0x6e7f, 0x6e7f, 0x6e7f, 0x6e7f, 0x6e7f, 0x6e7f,
  0x6e7f, 0x6e7f, 0x6e7f, 0x6e7f, 0x6e7f, 0x6e7f, 0x6e7f, 0x6e7f, 0x6e7f, 0x7e5c, 0x8653, 0x8e4b,
  0x8e07, 0x8e07, 0x9648, 0x9627, 0x85c6, 0x8dc7, 0x8dc7, 0x8dc6, 0x8da6, 0x85a6, 0x85a6, 0x8dc6,
  0x8dc6, 0x8dc6, 0x85a5, 0x85a5, 0x85c5, 0x85e4, 0x7de4, 0x7583, 0x64e2, 0x5c41, 0x6422, 0x63a1,
  0x52a0, 0x4a20, 0x51e1, 0x59c2, 0x69c4, 0x7a26, 0x8267, 0x8267, 0x8287, 0x8287, 0x8267, 0x7a46,
  0x71e5, 0x69a4, 0x6984, 0x6963, 0x6963, 0x6983, 0x6983, 0x6983, 0x7184, 0x7184, 0x6983, 0x6963,
  0x6963, 0x6983, 0x6983, 0x6983, 0x6983, 0x6983, 0x71a4, 0x71a4, 0x6983, 0x6983, 0x7184, 0x71a4,
  0x461f, 0x461f, 0x461f, 0x461f, 0x461f, 0x461f, 0x461f, 0x461f, 0x461f, 0x461f, 0x461f, 0x461f,
  0x461f, 0x461f, 0x461f, 0x461f, 0x461f, 0x461f, 0x461f, 0x461f, 0x461f, 0x461f, 0x461f, 0x461f,
  0x461f, 0x461f, 0x461f, 0x461f, 0x461f, 0x461f, 0x461f, 0x461f, 0x461f, 0x461f, 0x461f, 0x461f,
  0x461f, 0x461f, 0x461f, 0x461f, 0x461f, 0x461f, 0x461f, 0x461f, 0x461f, 0x461f, 0x461f, 0x461f,
  0x461f, 0x461f, 0x461f, 0x461f, 0x461f, 0x461f, 0x461f, 0x461f, 0x4dfd, 0x7e7d, 0xbf9f, 0xd7bf,
  0xd77e, 0xdf7f, 0xd79f, 0xcf7f, 0xcf5e, 0xcf7f, 0xd79f, 0xd79f, 0xd79f, 0xd79f, 0xd79f, 0xd79f,
  0xd79f, 0xd79f, 0xd79f, 0xd79f, 0xd79f, 0xd79f, 0xcf7f, 0xbf5f, 0xa75f, 0x86be, 0x661e, 0x5e3f,
  0x5e3f, 0x5e3f, 0x5e3f, 0x5e3f, 0x5e3f, 0x5e3f, 0x5e3f, 0x5e3f, 0x5e3f, 0x5e3f, 0x5e3f, 0x5e3f,
  0x5e3f, 0x5e3f, 0x5e3f, 0x5e3f, 0x5e3f, 0x5e3f, 0x5e3f, 0x5e3f, 0x5e3f, 0x5e3f, 0x5e3f, 0x5e3f,
  0x5e3f, 0x5e3f, 0x5e3f, 0x5e3f, 0x5e3f, 0x5e3f, 0x5e3f, 0x5e3f, 0x5e3f, 0x665f, 0x5e3f, 0x665f,
  0x665f, 0x665f, 0x665f, 0x665f, 0x665f, 0x665f, 0x665f, 0x6e7f, 0x6e7f, 0x6e7f, 0x6e7f, 0x6e7f,
  0x6e7f, 0x6e7f, 0x6e7f, 0x6e7f, 0x6e7f, 0x6e7f, 0x6e7f, 0x6e7f, 0x6e7f, 0x6e7f, 0x6e7f, 0x6e7f,
  0x6e7f, 0x6e7f, 0x6e7f, 0x6e7f, 0x6e7f, 0x6e7f, 0x6e7f, 0x6e7f, 0x6e7f, 0x6e7f, 0x6e7f, 0x6e7f,
  0x6e7f, 0x6e7f, 0x6e7f, 0x6e7f, 0x6e7f, 0x6e7f, 0x6e7f, 0x6e7f, 0x6e7f, 0x6e7f, 0x6e7f, 0x6e7f,
  0x6e7f, 0x6e7f, 0x6e7f, 0x6e7f, 0x6e7f, 0x6e7f, 0x6e7f, 0x6e5f, 0x6e5f, 0x7e5c, 0x8674, 0x8e6b,
  0x9628, 0x9627, 0x9627, 0x8de6, 0x85c6, 0x8dc7, 0x8da6, 0x8da6, 0x8da6, 0x8da6, 0x8dc6, 0x8dc6,
  0x85c6, 0x8dc6, 0x85c6, 0x85c6, 0x85c6, 0x7da4, 0x7d63, 0x74e3, 0x6422, 0x5b41, 0x5ae2, 0x5a61,
  0x59e1, 0x59a1, 0x59a1, 0x69e4, 0x7205, 0x8246, 0x8267, 0x8267, 0x8267, 0x7a66, 0x7a46, 0x7205,
  0x69c4, 0x69a4, 0x71a4, 0x6984, 0x6983, 0x6983, 0x6983, 0x6983, 0x6983, 0x7184, 0x6983, 0x6963,
  0x6963, 0x6963, 0x6983, 0x6983, 0x7184, 0x7184, 0x7184, 0x71a4, 0x7184, 0x71a4, 0x71a4, 0x71a4,
  0x461f, 0x461f, 0x461f, 0x461f, 0x461f, 0x461f, 0x461f, 0x461f, 0x461f, 0x461f, 0x461f, 0x461f,
  0x461f, 0x461f, 0x461f, 0x461f, 0x461f, 0x461f, 0x461f, 0x461f, 0x461f, 0x461f, 0x461f, 0x461f,
  0x461f, 0x461f, 0x461f, 0x461f, 0x461f, 0x461f, 0x461f, 0x461f, 0x461f, 0x461f, 0x461f, 0x461f,
  0x461f, 0x461f, 0x461f, 0x461f, 0x461f, 0x461f, 0x461f, 0x461f, 0x461f, 0x461f, 0x461f, 0x461f,
  0x461f, 0x461f, 0x461f, 0x461f, 0x461f, 0x461f, 0x461f, 0x461f, 0x4dfd, 0x7e7d, 0xbf9f, 0xd7bf,
  0xd77e, 0xd77e, 0xd77f, 0xcf5e, 0xcf5e, 0xcf7f, 0xd79f, 0xd79f, 0xd79f, 0xd79f, 0xd79f, 0xd79f,
  0xd79f, 0xd79f, 0xd79f, 0xd79f, 0xd79f, 0xd79f, 0xcf7f, 0xbf5f, 0xa75f, 0x86be, 0x661e, 0x5e3f,
  0x5e3f, 0x5e3f, 0x5e3f, 0x5e3f, 0x5e3f, 0x5e3f, 0x5e3f, 0x5e3f, 0x5e3f, 0x5e3f, 0x5e3f, 0x5e3f,
  0x5e3f, 0x5e3f, 0x5e3f, 0x5e3f, 0x5e3f, 0x5e3f, 0x5e3f, 0x5e3f, 0x5e3f, 0x5e3f, 0x5e3f, 0x5e3f,
  0x5e3f, 0x5e3f, 0x5e3f, 0x5e3f, 0x5e3f, 0x5e3f, 0x5e3f, 0x5e3f, 0x5e3f, 0x665f, 0x5e3f, 0x665f,
  0x667f, 0x665f, 0x665f, 0x665f, 0x667f, 0x665f, 0x665f, 0x6e7f, 0x6e7f, 0x6e7f, 0x6e7f, 0x6e7f,
  0x6e7f, 0x6e7f, 0x6e7f, 0x6e7f, 0x6e7f, 0x6e7f, 0x6e7f, 0x6e7f, 0x6e7f, 0x6e7f, 0x6e7f, 0x6e7f,
  0x6e7f, 0x6e7f, 0x6e7f, 0x6e7f, 0x6e7f, 0x6e7f, 0x6e7f, 0x6e7f, 0x6e7f, 0x6e7f, 0x6e7f, 0x6e7f,
  0x6e7f, 0x6e7f, 0x6e7f, 0x6e7f, 0x6e7f, 0x6e7f, 0x6e7f, 0x6e7f, 0x6e7f, 0x6e7f, 0x6e7f, 0x6e7f,
  0x6e7f, 0x6e7f, 0x6e7f, 0x6e7f, 0x6e7f, 0x6e7f, 0x6e7f, 0x6e7f, 0x6e5f, 0x7e5c, 0x8674, 0x966b,
  0x9e69, 0x9628, 0x8de6, 0x85c6, 0x85c6, 0x8dc6, 0x85a6, 0x8da6, 0x8da6, 0x8dc6, 0x8da6, 0x85a6,
  0x85a6, 0x85a6, 0x85c6, 0x85c6, 0x8585, 0x7d64, 0x74e3, 0x6402, 0x5301, 0x5201, 0x59a2, 0x6983,
  0x7183, 0x71a3, 0x69a4, 0x7a46, 0x8267, 0x8246, 0x8247, 0x8246, 0x8267, 0x8267, 0x7205, 0x69c4,
  0x69a4, 0x69a4, 0x6984, 0x6984, 0x6983, 0x6983, 0x6983, 0x6983, 0x6983, 0x7184, 0x6963, 0x6963,
  0x6963, 0x6963, 0x6963, 0x6983, 0x7184, 0x7184, 0x6983, 0x7184, 0x71a4, 0x71a4, 0x71a4, 0x71a4,
  0x461f, 0x461f, 0x461f, 0x461f, 0x461f, 0x461f, 0x461f, 0x461f, 0x461f, 0x461f, 0x461f, 0x461f,
  0x461f, 0x461f, 0x461f, 0x461f, 0x461f, 0x461f, 0x461f, 0x461f, 0x461f, 0x461f, 0x461f, 0x461f,
  0x461f, 0x461f, 0x461f, 0x461f, 0x461f, 0x461f, 0x461f, 0x461f, 0x461f, 0x461f, 0x461f, 0x461f,
  0x461f, 0x461f, 0x461f, 0x461f, 0x461f, 0x461f, 0x461f, 0x461f, 0x461f, 0x461f, 0x461f, 0x461f,
  0x461f, 0x461f, 0x461f, 0x461f, 0x461f, 0x461f, 0x461f, 0x461f, 0x4dfd, 0x7e7d, 0xbf9f, 0xd7bf,
  0xd77e, 0xdf7e, 0xd77e, 0xcf5e, 0xcf7f, 0xd79f, 0xd79f, 0xd79f, 0xd79f, 0xd79f, 0xd79f, 0xd79f,
  0xd79f, 0xd79f, 0xd79f, 0xd79f, 0xd79f, 0xd79f, 0xcf7f, 0xb77f, 0xa75f, 0x86be, 0x661e, 0x5e3f,
  0x5e3f, 0x5e3f, 0x5e3f, 0x5e3f, 0x5e3f, 0x5e3f, 0x5e3f, 0x5e3f, 0x5e3f, 0x5e3f, 0x5e3f, 0x5e3f,
  0x5e3f, 0x5e3f, 0x5e3f, 0x5e3f, 0x5e3f, 0x5e3f, 0x5e3f, 0x5e3f, 0x5e3f, 0x5e3f, 0x5e3f, 0x5e3f,
  0x5e3f, 0x5e3f, 0x5e3f, 0x5e3f, 0x5e3f, 0x5e3f, 0x5e3f, 0x5e3f, 0x5e3f, 0x5e5f, 0x665f, 0x665f,
  0x665f, 0x665f, 0x665f, 0x665f, 0x665f, 0x665f, 0x665f, 0x6e7f, 0x6e7f, 0x6e7f, 0x6e7f, 0x6e7f,
  0x6e7f, 0x6e7f, 0x6e7f, 0x6e7f, 0x6e7f, 0x6e7f, 0x6e7f, 0x6e7f, 0x6e7f, 0x6e7f, 0x6e7f, 0x6e7f,
  0x6e7f, 0x6e7f, 0x6e7f, 0x6e7f, 0x6e7f, 0x6e7f, 0x6e7f, 0x6e7f, 0x6e7f, 0x6e7f, 0x6e7f, 0x6e7f,
  0x6e7f, 0x6e7f, 0x6e7f, 0x6e7f, 0x6e7f, 0x6e7f, 0x6e7f, 0x6e7f, 0x6e7f, 0x6e7f, 0x6e7f, 0x6e7f,
  0x6e7f, 0x6e7f, 0x6e7f, 0x6e7f, 0x6e7f, 0x6e7f, 0x6e7f, 0x6e7f, 0x6e7f, 0x7e5c, 0x8674, 0x966b,
  0x9e69, 0x9628, 0x85c6, 0x85c6, 0x8dc6, 0x8dc6, 0x8dc6, 0x8da6, 0x8dc6, 0x8da6, 0x8585, 0x7d65,
  0x85a6, 0x85a6, 0x85c6, 0x85a5, 0x7d44, 0x6cc2, 0x6401, 0x5300, 0x5241, 0x59c3, 0x71e6, 0x81e7,
  0x79a5, 0x79c5, 0x7a26, 0x8247, 0x8247, 0x7a05, 0x71c5, 0x71e5, 0x7a26, 0x8287, 0x7a67, 0x7a46,
  0x7a46, 0x7205, 0x69a4, 0x69a4, 0x6983, 0x6983, 0x6983, 0x6983, 0x6983, 0x6983, 0x6963, 0x6983,
  0x6983, 0x6983, 0x6963, 0x6983, 0x7184, 0x6983, 0x6983, 0x6983, 0x71a4, 0x7184, 0x7184, 0x7184,
  0x461f, 0x461f, 0x461f, 0x461f, 0x461f, 0x461f, 0x461f, 0x461f, 0x461f, 0x461f, 0x461f, 0x461f,
  0x461f, 0x461f, 0x461f, 0x461f, 0x461f, 0x461f, 0x461f, 0x461f, 0x461f, 0x461f, 0x461f, 0x461f,
  0x461f, 0x461f, 0x461f, 0x461f, 0x461f, 0x461f, 0x461f, 0x461f, 0x461f, 0x461f, 0x461f, 0x461f,
  0x461f, 0x461f, 0x461f, 0x461f, 0x461f, 0x461f, 0x461f, 0x461f, 0x461f, 0x461f, 0x461f, 0x461f,
  0x461f, 0x461f, 0x461f, 0x461f, 0x461f, 0x461f, 0x461f, 0x461f, 0x4e1d, 0x765d, 0xbf9f, 0xcfbf,
  0xd79e, 0xdf9e, 0xd77e, 0xcf5f, 0xc77f, 0xcfbf, 0xd79f, 0xd79f, 0xd79f, 0xdf9f, 0xdf9f, 0xdf9f,
  0xd79f, 0xd79f, 0xd79f, 0xd79f, 0xd79f, 0xc77f, 0xbf5f, 0xb75f, 0xa75f, 0x86bf, 0x661e, 0x5e3f,
  0x5e3f, 0x5e3f, 0x5e3f, 0x5e3f, 0x5e3f, 0x5e3f, 0x5e3f, 0x5e3f, 0x5e3f, 0x5e3f, 0x5e3f, 0x5e3f,
  0x5e3f, 0x5e3f, 0x5e3f, 0x5e3f, 0x5e3f, 0x5e3f, 0x5e3f, 0x5e3f, 0x5e3f, 0x5e3f, 0x5e3f, 0x5e3f,
  0x5e3f, 0x5e3f, 0x5e3f, 0x5e3f, 0x5e3f, 0x5e3f, 0x5e3f, 0x5e3f, 0x5e3f, 0x5e5f, 0x665f, 0x665f,
  0x5e5f, 0x665f, 0x665f, 0x665f, 0x665f, 0x665f, 0x665f, 0x6e7f, 0x6e7f, 0x6e7f, 0x6e7f, 0x6e7f,
  0x6e7f, 0x6e7f, 0x6e7f, 0x6e7f, 0x6e7f, 0x6e7f, 0x6e7f, 0x6e7f, 0x6e7f, 0x6e7f, 0x6e7f, 0x6e7f,
  0x6e7f, 0x6e7f, 0x6e7f, 0x6e7f, 0x6e7f, 0x6e7f, 0x6e7f, 0x6e7f, 0x6e7f, 0x6e7f, 0x6e7f, 0x6e7f,
  0x6e7f, 0x6e7f, 0x6e7f, 0x6e7f, 0x6e7f, 0x6e7f, 0x6e7f, 0x6e7f, 0x6e7f, 0x6e7f, 0x6e7f, 0x6e7f,
  0x6e7f, 0x6e7f, 0x6e7f, 0x6e7f, 0x6e7f, 0x6e7f, 0x6e7f, 0x6e7f, 0x6e5f, 0x7e5c, 0x8674, 0x966b,
  0x9649, 0x9607, 0x8dc6, 0x8dc6, 0x8dc6, 0x8da6, 0x8dc6, 0x8da6, 0x8dc6, 0x85a6, 0x7d85, 0x7d64,
  0x85a5, 0x85c6, 0x85c5, 0x7d84, 0x7523, 0x6ca1, 0x63e0, 0x52c0, 0x5a01, 0x59a4, 0x7a28, 0x7a48,
  0x69e5, 0x7226, 0x7a67, 0x8267, 0x8247, 0x71e5, 0x69a4, 0x71c5, 0x7a26, 0x7a47, 0x8267, 0x8287,
  0x8287, 0x7a46, 0x69e5, 0x69a4, 0x6983, 0x6983, 0x6983, 0x71a4, 0x6983, 0x6963, 0x6983, 0x7184,
  0x71a4, 0x7184, 0x6983, 0x7184, 0x7184, 0x6983, 0x6963, 0x6983, 0x6983, 0x6983, 0x7184, 0x71a4,
  0x461f, 0x461f, 0x461f, 0x461f, 0x461f, 0x461f, 0x461f, 0x461f, 0x461f, 0x461f, 0x461f, 0x461f,
  0x461f, 0x461f, 0x461f, 0x461f, 0x461f, 0x461f, 0x461f, 0x461f, 0x461f, 0x461f, 0x461f, 0x461f,
  0x461f, 0x461f, 0x461f, 0x461f, 0x461f, 0x461f, 0x461f, 0x461f, 0x461f, 0x461f, 0x461f, 0x461f,
  0x461f, 0x461f, 0x461f, 0x461f, 0x461f, 0x461f, 0x461f, 0x461f, 0x461f, 0x461f, 0x461f, 0x461f,
  0x461f, 0x461f, 0x461f, 0x461f, 0x461f, 0x461f, 0x461f, 0x461f, 0x4dfd, 0x7e7e, 0xb79f, 0xcfbf,
  0xd79e, 0xdf9e, 0xdf9f, 0xcf7f, 0xc77f, 0xc75f, 0xcf5f, 0xd79f, 0xd79f, 0xd79f, 0xd79f, 0xd77e,
  0xd77e, 0xd79f, 0xd79f, 0xd79f, 0xcf9f, 0xc77f, 0xbf5f, 0xb75f, 0xa75f, 0x86bf, 0x661e, 0x5e3f,
  0x5e5f, 0x5e3f, 0x5e3f, 0x663f, 0x5e3f, 0x5e3f, 0x5e3f, 0x5e3f, 0x5e3f, 0x5e3f, 0x5e3f, 0x5e3f,
  0x5e3f, 0x5e3f, 0x5e3f, 0x5e3f, 0x5e3f, 0x5e3f, 0x5e3f, 0x5e3f, 0x5e3f, 0x5e3f, 0x5e3f, 0x5e3f,
  0x5e3f, 0x5e3f, 0x5e3f, 0x5e3f, 0x5e3f, 0x5e3f, 0x5e3f, 0x5e3f, 0x5e3f, 0x5e5f, 0x5e3f, 0x5e5f,
  0x667f, 0x665f, 0x5e3f, 0x665f, 0x667f, 0x665f, 0x663f, 0x667f, 0x6e7f, 0x6e7f, 0x6e7f, 0x6e7f,
  0x6e7f, 0x6e7f, 0x6e7f, 0x6e7f, 0x6e7f, 0x6e7f, 0x6e7f, 0x6e7f, 0x6e7f, 0x6e7f, 0x6e7f, 0x6e7f,
  0x6e7f, 0x6e7f, 0x6e7f, 0x6e7f, 0x6e7f, 0x6e7f, 0x6e7f, 0x6e7f, 0x6e7f, 0x6e7f, 0x6e7f, 0x6e7f,
  0x6e7f, 0x6e7f, 0x6e7f, 0x6e7f, 0x6e7f, 0x6e7f, 0x6e7f, 0x6e7f, 0x6e7f, 0x6e7f, 0x6e7f, 0x6e7f,
  0x6e7f, 0x6e7f, 0x6e7f, 0x6e7f, 0x6e7f, 0x6e7f, 0x6e7f, 0x6e7f, 0x6e5f, 0x7e5c, 0x8674, 0x8e4b,
  0x8e07, 0x8dc6, 0x8dc6, 0x8dc7, 0x8dc6, 0x8da6, 0x8da6, 0x8da6, 0x8dc6, 0x8dc6, 0x85c6, 0x85a6,
  0x85c5, 0x8de6, 0x85c6, 0x7d84, 0x7543, 0x7523, 0x74c3, 0x6ba2, 0x62a3, 0x61a3, 0x7a07, 0x8268,
  0x7a47, 0x8267, 0x8287, 0x8267, 0x8247, 0x71e5, 0x71e5, 0x8247, 0x7a06, 0x71e5, 0x7a46, 0x8287,
  0x8267, 0x7a67, 0x7a46, 0x71e5, 0x6983, 0x7184, 0x71a4, 0x71a4, 0x6984, 0x6963, 0x6983, 0x6983,
  0x7184, 0x71a4, 0x7184, 0x7184, 0x6983, 0x6963, 0x6963, 0x6963, 0x6983, 0x6983, 0x7184, 0x71a4,
  0x461f, 0x461f, 0x461f, 0x461f, 0x461f, 0x461f, 0x461f, 0x461f, 0x461f, 0x461f, 0x461f, 0x461f,
  0x461f, 0x461f, 0x461f, 0x461f, 0x461f, 0x461f, 0x461f, 0x461f, 0x461f, 0x461f, 0x461f, 0x461f,
  0x461f, 0x461f, 0x461f, 0x461f, 0x461f, 0x461f, 0x461f, 0x461f, 0x461f, 0x461f, 0x461f, 0x461f,
  0x461f, 0x461f, 0x461f, 0x461f, 0x461f, 0x461f, 0x461f, 0x461f, 0x461f, 0x461f, 0x461f, 0x461f,
  0x461f, 0x461f, 0x461f, 0x461f, 0x461f, 0x461f, 0x461f, 0x461f, 0x4dfe, 0x765e, 0xa73f, 0xc79f,
  0xd79f, 0xdf7e, 0xdf7e, 0xd77e, 0xcf7f, 0xcf5f, 0xcf3e, 0xcf5f, 0xd79f, 0xd7bf, 0xd79f, 0xcf3e,
  0xcf3e, 0xcf7f, 0xd79f, 0xdf9f, 0xd79f, 0xc77f, 0xbf5f, 0xb75f, 0xa73f, 0x86be, 0x661e, 0x5e3f,
  0x5e3f, 0x5e3f, 0x5e3f, 0x663f, 0x5e3f, 0x5e3f, 0x5e3f, 0x5e3f, 0x5e3f, 0x5e3f, 0x5e3f, 0x5e3f,
  0x5e3f, 0x5e3f, 0x5e3f, 0x5e3f, 0x5e3f, 0x5e3f, 0x5e3f, 0x5e3f, 0x5e3f, 0x5e3f, 0x5e3f, 0x5e3f,
  0x5e3f, 0x5e3f, 0x5e3f, 0x5e3f, 0x5e3f, 0x5e3f, 0x5e3f, 0x5e3f, 0x5e3f, 0x5e5f, 0x5e5f, 0x5e5f,
  0x665f, 0x5e5f, 0x5e3f, 0x665f, 0x665f, 0x665f, 0x665f, 0x6e7f, 0x6e7f, 0x6e7f, 0x6e7f, 0x6e7f,
  0x6e7f, 0x6e7f, 0x6e7f, 0x6e7f, 0x6e7f, 0x6e7f, 0x6e7f, 0x6e7f, 0x6e7f, 0x6e7f, 0x6e7f, 0x6e7f,
  0x6e7f, 0x6e7f, 0x6e7f, 0x6e7f, 0x6e7f, 0x6e7f, 0x6e7f, 0x6e7f, 0x6e7f, 0x6e7f, 0x6e7f, 0x6e7f,
  0x6e7f, 0x6e7f, 0x6e7f, 0x6e7f, 0x6e7f, 0x6e7f, 0x6e7f, 0x6e7f, 0x6e7f, 0x6e7f, 0x6e7f, 0x6e7f,
  0x6e7f, 0x6e7f, 0x6e7f, 0x6e7f, 0x6e7f, 0x6e7f, 0x6e7f, 0x6e7f, 0x6e5f, 0x7e5c, 0x8674, 0x8e4b,
  0x8e08, 0x8de7, 0x8dc6, 0x8da6, 0x8dc6, 0x8dc6, 0x8da6, 0x8dc6, 0x8dc6, 0x8dc6, 0x85c6, 0x85c6,
  0x85c6, 0x85e6, 0x85e6, 0x85a5, 0x7d84, 0x7583, 0x6d23, 0x6c23, 0x62e3, 0x61a2, 0x79c5, 0x8206,
  0x8a47, 0x8246, 0x8226, 0x8226, 0x7a26, 0x71e5, 0x7a06, 0x8247, 0x7a06, 0x69c4, 0x7a26, 0x8267,
  0x8267, 0x8267, 0x8267, 0x7a26, 0x71a4, 0x71a4, 0x7184, 0x71a4, 0x6983, 0x6963, 0x6963, 0x6963,
  0x6963, 0x6983, 0x7184, 0x7184, 0x6983, 0x6963, 0x6963, 0x6963, 0x6983, 0x6983, 0x7184, 0x71a4,
  0x461f, 0x461f, 0x461f, 0x461f, 0x461f, 0x461f, 0x461f, 0x461f, 0x461f, 0x461f, 0x461f, 0x461f,
  0x461f, 0x461f, 0x461f, 0x461f, 0x461f, 0x461f, 0x461f, 0x461f, 0x461f, 0x461f, 0x461f, 0x461f,
  0x461f, 0x461f, 0x461f, 0x461f, 0x461f, 0x461f, 0x461f, 0x461f, 0x461f, 0x461f, 0x461f, 0x461f,
  0x461f, 0x461f, 0x461f, 0x461f, 0x461f, 0x461f, 0x461f, 0x461f, 0x461f, 0x461f, 0x461f, 0x461f,
  0x461f, 0x461f, 0x461f, 0x461f, 0x461f, 0x461f, 0x461f, 0x461f, 0x45fe, 0x5dfd, 0x865d, 0xb73f,
  0xcf9f, 0xd77e, 0xdf7e, 0xdf7e, 0xdf7e, 0xd79f, 0xd77e, 0xcf5e, 0xcf7f, 0xcf9f, 0xcf9f, 0xc75f,
  0xcf7f, 0xd79f, 0xd79f, 0xdf9f, 0xd79f, 0xc77f, 0xbf5f, 0xb75f, 0xa73f, 0x86be, 0x661e, 0x5e3f,
  0x5e3f, 0x5e3f, 0x5e3f, 0x663f, 0x5e3f, 0x5e3f, 0x5e3f, 0x5e3f, 0x5e3f, 0x5e3f, 0x5e3f, 0x5e3f,
  0x5e3f, 0x5e3f, 0x5e3f, 0x5e3f, 0x5e3f, 0x5e3f, 0x5e3f, 0x5e3f, 0x5e3f, 0x5e3f, 0x5e3f, 0x5e3f,
  0x5e3f, 0x5e3f, 0x5e3f, 0x5e3f, 0x5e3f, 0x5e3f, 0x5e3f, 0x5e3f, 0x5e3f, 0x5e3f, 0x665f, 0x665f,
  0x5e5f, 0x5e5f, 0x665f, 0x665f, 0x663f, 0x665f, 0x6e7f, 0x6e7f, 0x6e7f, 0x6e7f, 0x6e7f, 0x6e7f,
  0x6e7f, 0x6e7f, 0x6e7f, 0x6e7f, 0x6e7f, 0x6e7f, 0x6e7f, 0x6e7f, 0x6e7f, 0x6e7f, 0x6e7f, 0x6e7f,
  0x6e7f, 0x6e7f, 0x6e7f, 0x6e7f, 0x6e7f, 0x6e7f, 0x6e7f, 0x6e7f, 0x6e7f, 0x6e7f, 0x6e7f, 0x6e7f,
  0x6e7f, 0x6e7f, 0x6e7f, 0x6e7f, 0x6e7f, 0x6e7f, 0x6e7f, 0x6e7f, 0x6e7f, 0x6e7f, 0x6e7f, 0x6e7f,
  0x6e7f, 0x6e7f, 0x6e7f, 0x6e7f, 0x6e7f, 0x6e7f, 0x6e7f, 0x6e7f, 0x6e5f, 0x7e5c, 0x8674, 0x966b,
  0x9e49, 0x9607, 0x8dc7, 0x85a6, 0x8dc6, 0x8dc6, 0x8da6, 0x8da6, 0x8dc6, 0x8dc6, 0x8dc6, 0x85c6,
  0x85c6, 0x85c5, 0x85c5, 0x85c5, 0x7da5, 0x6da3, 0x6543, 0x5c62, 0x5b21, 0x59e1, 0x6962, 0x7183,
  0x8a25, 0x8205, 0x71a4, 0x71a4, 0x71a4, 0x7a26, 0x8247, 0x8247, 0x7a06, 0x69c4, 0x7a26, 0x8267,
  0x8287, 0x8267, 0x8267, 0x7a26, 0x71a4, 0x7184, 0x6983, 0x71a4, 0x6983, 0x6963, 0x6963, 0x6963,
  0x6963, 0x6983, 0x7184, 0x7184, 0x6983, 0x6963, 0x6963, 0x6983, 0x6983, 0x6983, 0x7184, 0x71a4,
  0x461f, 0x461f, 0x461f, 0x461f, 0x461f, 0x461f, 0x461f, 0x461f, 0x461f, 0x461f, 0x461f, 0x461f,
  0x461f, 0x461f, 0x461f, 0x461f, 0x461f, 0x461f, 0x461f, 0x461f, 0x461f, 0x461f, 0x461f, 0x461f,
  0x461f, 0x461f, 0x461f, 0x461f, 0x461f, 0x461f, 0x461f, 0x461f, 0x461f, 0x461f, 0x461f, 0x461f,
  0x461f, 0x461f, 0x461f, 0x461f, 0x461f, 0x461f, 0x461f, 0x461f, 0x461f, 0x461f, 0x461f, 0x461f,
  0x461f, 0x461f, 0x461f, 0x461f, 0x461f, 0x461f, 0x461f, 0x461f, 0x45ff, 0x55dd, 0x6dfc, 0xaf3e,
  0xcf9f, 0xd79f, 0xdf9e, 0xdf9e, 0xdf7e, 0xdf9e, 0xd79e, 0xcf7f, 0xcf7f, 0xc75f, 0xbf5f, 0xbf5f,
  0xcf9f, 0xd7bf, 0xd79f, 0xdf9e, 0xd79f, 0xc77f, 0xbf5f, 0xb75f, 0xa75f, 0x86bf, 0x661e, 0x5e3f,
  0x5e3f, 0x5e3f, 0x5e3f, 0x663f, 0x5e3f, 0x5e3f, 0x5e3f, 0x5e3f, 0x5e3f, 0x5e3f, 0x5e3f, 0x5e3f,
  0x5e3f, 0x5e3f, 0x5e3f, 0x5e3f, 0x5e3f, 0x5e3f, 0x5e3f, 0x5e3f, 0x5e3f, 0x5e3f, 0x5e3f, 0x5e3f,
  0x5e3f, 0x5e3f, 0x5e3f, 0x5e3f, 0x5e3f, 0x5e3f, 0x5e3f, 0x5e3f, 0x5e3f, 0x5e5f, 0x5e5f, 0x665f,
  0x665f, 0x5e5f, 0x5e5f, 0x665f, 0x665f, 0x665f, 0x665f, 0x6e7f, 0x6e7f, 0x6e7f, 0x6e7f, 0x6e7f,
  0x6e7f, 0x6e7f, 0x6e7f, 0x6e7f, 0x6e7f, 0x6e7f, 0x6e7f, 0x6e7f, 0x6e7f, 0x6e7f, 0x6e7f, 0x6e7f,
  0x6e7f, 0x6e7f, 0x6e7f, 0x6e7f, 0x6e7f, 0x6e7f, 0x6e7f, 0x6e7f, 0x6e7f, 0x6e7f, 0x6e7f, 0x6e7f,
  0x6e7f, 0x6e7f, 0x6e7f, 0x6e7f, 0x6e7f, 0x6e7f, 0x6e7f, 0x6e7f, 0x6e7f, 0x6e7f, 0x6e7f, 0x6e7f,
  0x6e7f, 0x6e7f, 0x6e7f, 0x6e7f, 0x6e7f, 0x6e7f, 0x6e7f, 0x6e7f, 0x6e5f, 0x7e5c, 0x8674, 0x8e4b,
  0x9608, 0x9607, 0x9607, 0x8de7, 0x8dc6, 0x8dc6, 0x8dc6, 0x8da6, 0x8dc6, 0x85c6, 0x85a5, 0x7d85,
  0x85c6, 0x85c6, 0x85c5, 0x85c5, 0x85c5, 0x75c4, 0x6da4, 0x6d03, 0x6c03, 0x6302, 0x5a00, 0x6181,
  0x71c3, 0x71c3, 0x6962, 0x6963, 0x6983, 0x71e5, 0x7a26, 0x8267, 0x7a06, 0x69a4, 0x71c5, 0x7a26,
  0x8267, 0x7a46, 0x7205, 0x7a05, 0x79e5, 0x71a4, 0x6983, 0x6983, 0x6983, 0x6963, 0x6963, 0x6963,
  0x6983, 0x6983, 0x6983, 0x6983, 0x6963, 0x6963, 0x6963, 0x6983, 0x6983, 0x6983, 0x7184, 0x71a4,
  0x461f, 0x461f, 0x461f, 0x461f, 0x461f, 0x461f, 0x461f, 0x461f, 0x461f, 0x461f, 0x461f, 0x461f,
  0x461f, 0x461f, 0x461f, 0x461f, 0x461f, 0x461f, 0x461f, 0x461f, 0x461f, 0x461f, 0x461f, 0x461f,
  0x461f, 0x461f, 0x461f, 0x461f, 0x461f, 0x461f, 0x461f, 0x461f, 0x461f, 0x461f, 0x461f, 0x461f,
  0x461f, 0x461f, 0x461f, 0x461f, 0x461f, 0x461f, 0x461f, 0x461f, 0x461f, 0x461f, 0x461f, 0x461f,
  0x461f, 0x461f, 0x461f, 0x461f, 0x461f, 0x461f, 0x461f, 0x3e1f, 0x45ff, 0x55fe, 0x65fd, 0x867d,
  0xb75f, 0xcfbf, 0xd79f, 0xd79f, 0xdf9e, 0xdf9f, 0xd79f, 0xcf9f, 0xcf9f, 0xc77f, 0xbf5f, 0xbf5f,
  0xc79f, 0xd7bf, 0xd79f, 0xdf9e, 0xd79f, 0xc77f, 0xbf5f, 0xb75f, 0xaf5f, 0x86be, 0x661e, 0x5e3f,
  0x5e5f, 0x5e3f, 0x5e3f, 0x663f, 0x5e3f, 0x5e3f, 0x5e3f, 0x5e3f, 0x5e3f, 0x5e3f, 0x5e3f, 0x5e3f,
  0x5e3f, 0x5e3f, 0x5e3f, 0x5e3f, 0x5e3f, 0x5e3f, 0x5e3f, 0x5e3f, 0x5e3f, 0x5e3f, 0x5e3f, 0x5e3f,
  0x5e3f, 0x5e3f, 0x5e3f, 0x5e3f, 0x5e3f, 0x5e3f, 0x5e3f, 0x5e3f, 0x5e3f, 0x5e5f, 0x5e5f, 0x5e5f,
  0x665f, 0x665f, 0x665f, 0x665f, 0x665f, 0x665f, 0x665f, 0x6e7f, 0x6e7f, 0x6e7f, 0x6e7f, 0x6e7f,
  0x6e7f, 0x6e7f, 0x6e7f, 0x6e7f, 0x6e7f, 0x6e7f, 0x6e7f, 0x6e7f, 0x6e7f, 0x6e7f, 0x6e7f, 0x6e7f,
  0x6e7f, 0x6e7f, 0x6e7f, 0x6e7f, 0x6e7f, 0x6e7f, 0x6e7f, 0x6e7f, 0x6e7f, 0x6e7f, 0x6e7f, 0x6e7f,
  0x6e7f, 0x6e7f, 0x6e7f, 0x6e7f, 0x6e7f, 0x6e7f, 0x6e7f, 0x6e7f, 0x6e7f, 0x669e, 0x669e, 0x669e,
  0x6e9e, 0x6e7f, 0x6e7f, 0x6e7f, 0x6e7f, 0x6e7f, 0x6e7f, 0x6e7f, 0x6e5e, 0x7e5b, 0x8674, 0x8e4b,
  0x8e08, 0x9607, 0x9628, 0x95e7, 0x8dc6, 0x8dc6, 0x8dc6, 0x8dc6, 0x8da6, 0x85a5, 0x7d85, 0x7d65,
  0x85a5, 0x85c5, 0x85c5, 0x85a5, 0x85c5, 0x85e5, 0x7dc4, 0x7544, 0x6ca3, 0x63e2, 0x52c0, 0x5200,
  0x59e1, 0x59a2, 0x6162, 0x6983, 0x69a4, 0x69a4, 0x71e5, 0x7a46, 0x7a06, 0x69c4, 0x69a4, 0x71e5,
  0x7a26, 0x7a26, 0x71c4, 0x7a05, 0x8226, 0x71c4, 0x6983, 0x6963, 0x6983, 0x6983, 0x6984, 0x6983,
  0x6983, 0x6983, 0x7184, 0x6983, 0x6963, 0x6943, 0x6963, 0x6983, 0x7184, 0x7184, 0x7184, 0x7184,
  0x461f, 0x461f, 0x461f, 0x461f, 0x461f, 0x461f, 0x461f, 0x461f, 0x461f, 0x461f, 0x461f, 0x461f,
  0x461f, 0x461f, 0x461f, 0x461f, 0x461f, 0x461f, 0x461f, 0x461f, 0x461f, 0x461f, 0x461f, 0x461f,
  0x461f, 0x461f, 0x461f, 0x461f, 0x461f, 0x461f, 0x461f, 0x461f, 0x461f, 0x461f, 0x461f, 0x461f,
  0x461f, 0x461f, 0x461f, 0x461f, 0x461f, 0x461f, 0x461f, 0x461f, 0x461f, 0x461f, 0x461f, 0x461f,
  0x461f, 0x461f, 0x461f, 0x461f, 0x461f, 0x461f, 0x461f, 0x461f, 0x461f, 0x4e1e, 0x5e1e, 0x6e1c,
  0x96de, 0xb77f, 0xc7bf, 0xcfbf, 0xcfbf, 0xd7bf, 0xcf9f, 0xcf9f, 0xc79f, 0xbf7f, 0xbf5f, 0xbf5f,
  0xc77f, 0xcf9f, 0xd79f, 0xdf9f, 0xd79f, 0xc77f, 0xbf3f, 0xb75f, 0xaf5f, 0x86be, 0x661e, 0x5e3f,
  0x5e3f, 0x5e3f, 0x5e3f, 0x663f, 0x5e3f, 0x5e3f, 0x5e3f, 0x5e3f, 0x5e3f, 0x5e3f, 0x5e3f, 0x5e3f,
  0x5e3f, 0x5e3f, 0x5e3f, 0x5e3f, 0x5e3f, 0x5e3f, 0x5e3f, 0x5e3f, 0x5e3f, 0x5e3f, 0x5e3f, 0x5e3f,
  0x5e3f, 0x5e3f, 0x5e3f, 0x5e3f, 0x5e3f, 0x5e3f, 0x5e3f, 0x5e3f, 0x5e3f, 0x5e5f, 0x665f, 0x667f,
  0x5e5f, 0x665f, 0x665f, 0x665f, 0x663f, 0x665f, 0x665f, 0x667f, 0x6e7f, 0x6e7f, 0x6e7f, 0x6e7f,
  0x6e7f, 0x6e7f, 0x6e7f, 0x6e7f, 0x6e7f, 0x6e7f, 0x6e7f, 0x6e7f, 0x6e7f, 0x6e7f, 0x6e7f, 0x6e7f,
  0x6e7f, 0x6e7f, 0x6e7f, 0x6e7f, 0x6e7f, 0x6e7f, 0x6e7f, 0x6e7f, 0x6e7f, 0x6e7f, 0x6e7f, 0x6e7f,
  0x6e7f, 0x6e7f, 0x6e7f, 0x6e7f, 0x6e7f, 0x6e7f, 0x6e7f, 0x6e7f, 0x6e7f, 0x6e7f, 0x6e7f, 0x6e7f,
  0x6e7f, 0x6e7f, 0x6e5f, 0x6e5f, 0x6e5f, 0x6e5f, 0x6e7f, 0x6e7f, 0x6e7e, 0x7e5b, 0x8e74, 0x966b,
  0x9629, 0x9607, 0x9607, 0x8de7, 0x8dc6, 0x8dc6, 0x8dc6, 0x8dc6, 0x8da6, 0x85a6, 0x85a5, 0x85a5,
  0x85c6, 0x85a5, 0x7d84, 0x7da5, 0x85e6, 0x8de5, 0x8dc5, 0x85a5, 0x7d64, 0x6d04, 0x5c02, 0x5b83,
  0x6b45, 0x6aa5, 0x61c3, 0x71e5, 0x7a26, 0x7a26, 0x7a05, 0x71e5, 0x69c4, 0x6983, 0x6983, 0x69a4,
  0x71e5, 0x71c4, 0x6984, 0x71c4, 0x71c5, 0x71a4, 0x7184, 0x7184, 0x71a4, 0x7184, 0x7184, 0x7184,
  0x6963, 0x6983, 0x6983, 0x6963, 0x6963, 0x6963, 0x6963, 0x7184, 0x7184, 0x7184, 0x7184, 0x7184,
  0x461f, 0x461f, 0x461f, 0x461f, 0x461f, 0x461f, 0x461f, 0x461f, 0x461f, 0x461f, 0x461f, 0x461f,
  0x461f, 0x461f, 0x461f, 0x461f, 0x461f, 0x461f, 0x461f, 0x461f, 0x461f, 0x461f, 0x461f, 0x461f,
  0x461f, 0x461f, 0x461f, 0x461f, 0x461f, 0x461f, 0x461f, 0x461f, 0x461f, 0x461f, 0x461f, 0x461f,
  0x461f, 0x461f, 0x461f, 0x461f, 0x461f, 0x461f, 0x461f, 0x461f, 0x461f, 0x461f, 0x461f, 0x461f,
  0x461f, 0x461f, 0x461f, 0x461f, 0x461f, 0x461f, 0x461f, 0x461f, 0x461f, 0x4e1f, 0x561e, 0x5e1d,
  0x6e3c, 0x8efe, 0xaf9f, 0xbfdf, 0xbfbf, 0xc79f, 0xc7bf, 0xc7bf, 0xbf7f, 0xbf5e, 0xbf5f, 0xc75f,
  0xc75f, 0xcf7f, 0xcf9f, 0xd79f, 0xcf9f, 0xc77f, 0xbf3f, 0xb75f, 0xaf5f, 0x86be, 0x661e, 0x5e3f,
  0x5e3f, 0x5e3f, 0x5e3f, 0x663f, 0x5e3f, 0x5e3f, 0x5e3f, 0x5e3f, 0x5e3f, 0x5e3f, 0x5e3f, 0x5e3f,
  0x5e3f, 0x5e3f, 0x5e3f, 0x5e3f, 0x5e3f, 0x5e3f, 0x5e3f, 0x5e3f, 0x5e3f, 0x5e3f, 0x5e3f, 0x5e3f,
  0x5e3f, 0x5e3f, 0x5e3f, 0x5e3f, 0x5e3f, 0x5e3f, 0x5e3f, 0x5e3f, 0x5e3f, 0x5e3f, 0x667f, 0x667f,
  0x5e5f, 0x665f, 0x665f, 0x665f, 0x663f, 0x665f, 0x665f, 0x667f, 0x6e7f, 0x6e7f, 0x6e7f, 0x6e7f,
  0x6e7f, 0x6e7f, 0x6e7f, 0x6e7f, 0x6e7f, 0x6e7f, 0x6e7f, 0x6e7f, 0x6e7f, 0x6e7f, 0x6e7f, 0x6e7f,
  0x6e7f, 0x6e7f, 0x6e7f, 0x6e7f, 0x6e7f, 0x6e7f, 0x6e7f, 0x6e7f, 0x6e7f, 0x6e7f, 0x6e7f, 0x6e7f,
  0x6e7f, 0x6e7f, 0x6e7f, 0x6e7f, 0x6e7f, 0x6e7f, 0x6e7f, 0x6e7f, 0x6e5f, 0x6e5f, 0x6e5f, 0x6e5f,
  0x6e5f, 0x6e5f, 0x6e5f, 0x6e5f, 0x6e5f, 0x6e5f, 0x6e5f, 0x6e7f, 0x6e5e, 0x7e5b, 0x8674, 0x8e6b,
  0x9e69, 0x9627, 0x8dc6, 0x8dc6, 0x8dc6, 0x8da6, 0x8da6, 0x8da6, 0x8da6, 0x85c6, 0x85c6, 0x8dc6,
  0x85c6, 0x85a5, 0x7d64, 0x85a5, 0x85c5, 0x8da5, 0x8da5, 0x85c5, 0x75a4, 0x6d63, 0x5c82, 0x5be3,
  0x6b65, 0x6284, 0x61c3, 0x7205, 0x8266, 0x8267, 0x7a26, 0x71c4, 0x69a4, 0x69a4, 0x69a4, 0x69a4,
  0x71a4, 0x69a4, 0x6983, 0x6983, 0x6983, 0x7184, 0x71a4, 0x7184, 0x7184, 0x6983, 0x6983, 0x6983,
  0x6963, 0x6963, 0x6983, 0x6963, 0x6963, 0x6963, 0x6963, 0x71a4, 0x7184, 0x7184, 0x7184, 0x7184,
  0x461f, 0x461f, 0x461f, 0x461f, 0x461f, 0x461f, 0x461f, 0x461f, 0x461f, 0x461f, 0x461f, 0x461f,
  0x461f, 0x461f, 0x461f, 0x461f, 0x461f, 0x461f, 0x461f, 0x461f, 0x461f, 0x461f, 0x461f, 0x461f,
  0x461f, 0x461f, 0x461f, 0x461f, 0x461f, 0x461f, 0x461f, 0x461f, 0x461f, 0x461f, 0x461f, 0x461f,
  0x461f, 0x461f, 0x461f, 0x461f, 0x461f, 0x461f, 0x461f, 0x461f, 0x461f, 0x461f, 0x461f, 0x461f,
  0x461f, 0x461f, 0x461f, 0x461f, 0x461f, 0x461f, 0x461f, 0x461f, 0x461f, 0x461f, 0x4e1e, 0x4e3e,
  0x563d, 0x665e, 0x7e9d, 0x8ebd, 0x8ebd, 0xa71e, 0xbfbf, 0xc7bf, 0xbf7f, 0xbf7e, 0xc77f, 0xcf7e,
  0xc75e, 0xc75e, 0xcf7f, 0xcf9f, 0xc77f, 0xbf5f, 0xbf5f, 0xb75f, 0xa75f, 0x86be, 0x661e, 0x5e3f,
  0x5e3f, 0x5e3f, 0x5e3f, 0x663f, 0x5e3f, 0x5e3f, 0x5e3f, 0x5e3f, 0x5e3f, 0x5e3f, 0x5e3f, 0x5e3f,
  0x5e3f, 0x5e3f, 0x5e3f, 0x5e3f, 0x5e3f, 0x5e3f, 0x5e3f, 0x5e3f, 0x5e3f, 0x5e3f, 0x5e3f, 0x5e3f,
  0x5e3f, 0x5e3f, 0x5e3f, 0x5e3f, 0x5e3f, 0x5e3f, 0x5e3f, 0x5e3f, 0x5e3f, 0x5e3f, 0x5e5f, 0x665f,
  0x665f, 0x665f, 0x5e5f, 0x665f, 0x665f, 0x665f, 0x665f, 0x667f, 0x6e7f, 0x6e7f, 0x6e7f, 0x6e7f,
  0x6e7f, 0x6e7f, 0x6e7f, 0x6e7f, 0x6e7f, 0x6e7f, 0x6e7f, 0x6e7f, 0x6e7f, 0x6e7f, 0x6e7f, 0x6e7f,
  0x6e7f, 0x6e7f, 0x6e7f, 0x6e7f, 0x6e7f, 0x6e7f, 0x6e7f, 0x6e7f, 0x6e7f, 0x6e7f, 0x6e7f, 0x6e7f,
  0x6e7f, 0x6e7f, 0x6e7f, 0x6e7f, 0x6e7f, 0x6e7f, 0x6e7f, 0x6e7f, 0x6e5f, 0x6e5f, 0x6e5f, 0x6e5f,
  0x6e5f, 0x6e5f, 0x6e5f, 0x6e5f, 0x6e5f, 0x6e5f, 0x6e7f, 0x6e7f, 0x6e5f, 0x7e5c, 0x8653, 0x966a,
  0x9e69, 0x9627, 0x8dc6, 0x8dc6, 0x8dc6, 0x8da6, 0x8da6, 0x8dc6, 0x8dc6, 0x85c6, 0x85c6, 0x85c6,
  0x85c5, 0x85a5, 0x85c5, 0x7da5, 0x7d84, 0x8da5, 0x8dc5, 0x85e4, 0x75c3, 0x6d82, 0x5ca1, 0x5bc2,
  0x52c2, 0x5a03, 0x61c3, 0x7a26, 0x8266, 0x8267, 0x7a26, 0x71c4, 0x6983, 0x6983, 0x69a4, 0x69a4,
  0x6983, 0x6963, 0x6963, 0x6963, 0x6983, 0x7184, 0x71a4, 0x6983, 0x6963, 0x6963, 0x6983, 0x6983,
  0x6963, 0x6963, 0x6983, 0x6983, 0x6963, 0x6963, 0x6963, 0x6983, 0x7184, 0x7184, 0x7184, 0x7184,
  0x461f, 0x461f, 0x461f, 0x461f, 0x461f, 0x461f, 0x461f, 0x461f, 0x461f, 0x461f, 0x461f, 0x461f,
  0x461f, 0x461f, 0x461f, 0x461f, 0x461f, 0x461f, 0x461f, 0x461f, 0x461f, 0x461f, 0x461f, 0x461f,
  0x461f, 0x461f, 0x461f, 0x461f, 0x461f, 0x461f, 0x461f, 0x461f, 0x461f, 0x461f, 0x461f, 0x461f,
  0x461f, 0x461f, 0x461f, 0x461f, 0x461f, 0x461f, 0x461f, 0x461f, 0x461f, 0x461f, 0x461f, 0x461f,
  0x461f, 0x461f, 0x461f, 0x461f, 0x461f, 0x461f, 0x461f, 0x461f, 0x461f, 0x461f, 0x463f, 0x465f,
  0x4e3e, 0x4e1e, 0x561d, 0x5e1d, 0x65fd, 0x7e7d, 0x96dd, 0xa6fd, 0xb73e, 0xc79f, 0xd7bf, 0xd7be,
  0xcf7e, 0xc75e, 0xc75f, 0xc77f, 0xbf5f, 0xbf5f, 0xbf5f, 0xb75f, 0xa73f, 0x86be, 0x661d, 0x5e3f,
  0x5e3f, 0x5e3f, 0x5e3f, 0x663f, 0x5e3f, 0x5e3f, 0x5e3f, 0x5e3f, 0x5e3f, 0x5e3f, 0x5e3f, 0x5e3f,
  0x5e3f, 0x5e3f, 0x5e3f, 0x5e3f, 0x5e3f, 0x5e3f, 0x5e3f, 0x5e3f, 0x5e3f, 0x5e3f, 0x5e3f, 0x5e3f,
  0x5e3f, 0x5e3f, 0x5e3f, 0x5e3f, 0x5e3f, 0x5e3f, 0x5e3f, 0x5e3f, 0x5e3f, 0x5e5f, 0x5e5f, 0x665f,
  0x665f, 0x665f, 0x665f, 0x665f, 0x665f, 0x665f, 0x665f, 0x667f, 0x6e7f, 0x6e7f, 0x6e7f, 0x6e7f,
  0x6e7f, 0x6e7f, 0x6e7f, 0x6e7f, 0x6e7f, 0x6e7f, 0x6e7f, 0x6e7f, 0x6e7f, 0x6e7f, 0x6e7f, 0x6e7f,
  0x6e7f, 0x6e7f, 0x6e7f, 0x6e7f, 0x6e7f, 0x6e7f, 0x6e7f, 0x6e7f, 0x6e7f, 0x6e7f, 0x6e7f, 0x6e7f,
  0x6e7f, 0x6e7f, 0x6e7f, 0x6e7f, 0x6e7f, 0x6e7f, 0x6e7f, 0x6e7f, 0x6e7f, 0x6e7f, 0x6e7f, 0x6e7f,
  0x6e7f, 0x6e7f, 0x6e7f, 0x6e7f, 0x6e7f, 0x6e5f, 0x6e5f, 0x6e7f, 0x6e5f, 0x7e5c, 0x8e73, 0x966a,
  0x9628, 0x9627, 0x9607, 0x8de7, 0x8dc6, 0x8da7, 0x8da6, 0x8dc6, 0x8dc6, 0x85a6, 0x85a6, 0x85a6,
  0x85c6, 0x85c5, 0x85e6, 0x7d84, 0x7d64, 0x7d85, 0x7da5, 0x7dc4, 0x75c2, 0x7582, 0x6481, 0x63a1,
  0x5a40, 0x61c3, 0x71e4, 0x7a05, 0x7a05, 0x7a25, 0x7205, 0x69c4, 0x69a3, 0x69a3, 0x71e5, 0x79e5,
  0x71a4, 0x6983, 0x6983, 0x6983, 0x6983, 0x6983, 0x6983, 0x6983, 0x6963, 0x6943, 0x6963, 0x6983,
  0x6963, 0x6963, 0x6983, 0x6983, 0x6983, 0x6983, 0x6963, 0x7184, 0x7184, 0x7184, 0x7184, 0x7184,
  0x461f, 0x461f, 0x461f, 0x461f, 0x461f, 0x461f, 0x461f, 0x461f, 0x461f, 0x461f, 0x461f, 0x461f,
  0x461f, 0x461f, 0x461f, 0x461f, 0x461f, 0x461f, 0x461f, 0x461f, 0x461f, 0x461f, 0x461f, 0x461f,
  0x461f, 0x461f, 0x461f, 0x461f, 0x461f, 0x461f, 0x461f, 0x461f, 0x461f, 0x461f, 0x461f, 0x461f,
  0x461f, 0x461f, 0x461f, 0x461f, 0x461f, 0x461f, 0x461f, 0x461f, 0x461f, 0x461f, 0x461f, 0x461f,
  0x461f, 0x461f, 0x461f, 0x461f, 0x461f, 0x461f, 0x461f, 0x461f, 0x461f, 0x463f, 0x465f, 0x4e5f,
  0x463f, 0x4e3f, 0x563f, 0x561e, 0x561e, 0x6e3d, 0x7e3c, 0x969c, 0xbf5e, 0xcfbf, 0xd7bf, 0xd7bf,
  0xd79f, 0xcf7e, 0xc75f, 0xbf5f, 0xbf5f, 0xbf3f, 0xbf5f, 0xb75f, 0xa75f, 0x86be, 0x661d, 0x5e3f,
  0x5e3f, 0x5e3f, 0x5e3f, 0x5e3f, 0x5e3f, 0x5e3f, 0x5e3f, 0x5e3f, 0x5e3f, 0x5e3f, 0x5e3f, 0x5e3f,
  0x5e3f, 0x5e3f, 0x5e3f, 0x5e3f, 0x5e3f, 0x5e3f, 0x5e3f, 0x5e3f, 0x5e3f, 0x5e3f, 0x5e3f, 0x5e3f,
  0x5e3f, 0x5e3f, 0x5e3f, 0x5e3f, 0x5e3f, 0x5e3f, 0x5e3f, 0x5e3f, 0x5e3f, 0x5e5f, 0x665f, 0x667f,
  0x5e5f, 0x665f, 0x667f, 0x665f, 0x5e3f, 0x665f, 0x665f, 0x6e7f, 0x6e7f, 0x6e7f, 0x6e7f, 0x6e7f,
  0x6e7f, 0x6e7f, 0x6e7f, 0x6e7f, 0x6e7f, 0x6e7f, 0x6e7f, 0x6e7f, 0x6e7f, 0x6e7f, 0x6e7f, 0x6e7f,
  0x6e7f, 0x6e7f, 0x6e7f, 0x6e7f, 0x6e7f, 0x6e7f, 0x6e7f, 0x6e7f, 0x6e7f, 0x6e7f, 0x6e7f, 0x6e7f,
  0x6e7f, 0x6e7f, 0x6e7f, 0x6e7f, 0x6e7f, 0x6e7f, 0x6e7f, 0x6e7f, 0x6e7f, 0x6e7f, 0x6e7f, 0x6e7f,
  0x6e7f, 0x6e7f, 0x6e7f, 0x6e7f, 0x6e7f, 0x6e5f, 0x6e5f, 0x6e5f, 0x6e5e, 0x7e5b, 0x8e73, 0x8e6a,
  0x8e07, 0x9607, 0x9e48, 0x9607, 0x8dc6, 0x8dc7, 0x8da6, 0x8dc6, 0x8dc6, 0x85c6, 0x85c6, 0x8dc6,
  0x85c6, 0x85c6, 0x85c6, 0x85c5, 0x7da5, 0x7564, 0x6d83, 0x6d83, 0x6d82, 0x7543, 0x6c42, 0x7342,
  0x6201, 0x71c4, 0x8246, 0x7a06, 0x69c4, 0x69c4, 0x69c4, 0x69a4, 0x69a4, 0x69c4, 0x7a26, 0x7a26,
  0x71c4, 0x7183, 0x7184, 0x7184, 0x6983, 0x6963, 0x6963, 0x6963, 0x6963, 0x6963, 0x6983, 0x6983,
  0x6963, 0x6963, 0x6983, 0x6983, 0x6983, 0x6983, 0x6983, 0x71a4, 0x7184, 0x7184, 0x7184, 0x7184,
  0x461f, 0x461f, 0x461f, 0x461f, 0x461f, 0x461f, 0x461f, 0x461f, 0x461f, 0x461f, 0x461f, 0x461f,
  0x461f, 0x461f, 0x461f, 0x461f, 0x461f, 0x461f, 0x461f, 0x461f, 0x461f, 0x461f, 0x461f, 0x461f,
  0x461f, 0x461f, 0x461f, 0x461f, 0x461f, 0x461f, 0x461f, 0x461f, 0x461f, 0x461f, 0x461f, 0x461f,
  0x461f, 0x461f, 0x461f, 0x461f, 0x461f, 0x461f, 0x461f, 0x461f, 0x461f, 0x461f, 0x461f, 0x461f,
  0x461f, 0x461f, 0x461f, 0x461f, 0x461f, 0x461f, 0x461f, 0x461f, 0x461f, 0x461f, 0x4e1f, 0x4e3f,
  0x4e3f, 0x4e3f, 0x563f, 0x563f, 0x563f, 0x5e1d, 0x7e3c, 0xaf3e, 0xc7bf, 0xd7bf, 0xd79f, 0xdf9f,
  0xd7bf, 0xcf9f, 0xc77f, 0xbf7f, 0xbf5e, 0xbf5e, 0xbf5f, 0xb77f, 0xa75f, 0x86be, 0x661d, 0x5e3f,
  0x5e3f, 0x5e3f, 0x5e3f, 0x5e3f, 0x5e3f, 0x5e3f, 0x5e3f, 0x5e3f, 0x5e3f, 0x5e3f, 0x5e3f, 0x5e3f,
  0x5e3f, 0x5e3f, 0x5e3f, 0x5e3f, 0x5e3f, 0x5e3f, 0x5e3f, 0x5e3f, 0x5e3f, 0x5e3f, 0x5e3f, 0x5e3f,
  0x5e3f, 0x5e3f, 0x5e3f, 0x5e3f, 0x5e3f, 0x5e3f, 0x5e3f, 0x5e3f, 0x5e3f, 0x5e5f, 0x665f, 0x665f,
  0x665f, 0x665f, 0x665f, 0x665f, 0x665f, 0x665f, 0x665f, 0x6e7f, 0x6e7f, 0x6e7f, 0x6e7f, 0x6e7f,
  0x6e7f, 0x6e7f, 0x6e7f, 0x6e7f, 0x6e7f, 0x6e7f, 0x6e7f, 0x6e7f, 0x6e7f, 0x6e7f, 0x6e7f, 0x6e7f,
  0x6e7f, 0x6e7f, 0x6e7f, 0x6e7f, 0x6e7f, 0x6e7f, 0x6e7f, 0x6e7f, 0x6e7f, 0x6e7f, 0x6e7f, 0x6e7f,
  0x6e7f, 0x6e7f, 0x6e7f, 0x6e7f, 0x6e7f, 0x6e7f, 0x6e7f, 0x6e7f, 0x6e7f, 0x6e7f, 0x6e7f, 0x6e7f,
  0x6e7f, 0x6e7f, 0x6e7f, 0x6e7f, 0x6e7f, 0x6e7f, 0x6e7f, 0x6e7f, 0x6e5f, 0x7e5b, 0x8673, 0x8e4a,
  0x8de7, 0x8de7, 0x9607, 0x8de6, 0x8dc6, 0x8dc7, 0x85c6, 0x85c6, 0x85c6, 0x8dc6, 0x8dc6, 0x8da6,
  0x8da6, 0x8da6, 0x8dc6, 0x8dc6, 0x85a5, 0x7583, 0x6d42, 0x6501, 0x64c3, 0x6c84, 0x6362, 0x6282,
  0x61c2, 0x71e4, 0x8247, 0x7a06, 0x69c5, 0x71e5, 0x7a06, 0x7a06, 0x7a26, 0x7a26, 0x7a46, 0x8267,
  0x7a26, 0x71e5, 0x71a4, 0x71a4, 0x6983, 0x6983, 0x6983, 0x6963, 0x6963, 0x6983, 0x6983, 0x6983,
  0x6963, 0x6963, 0x6983, 0x6983, 0x6983, 0x6983, 0x6983, 0x6983, 0x6983, 0x7184, 0x7184, 0x71a4,
  0x461f, 0x461f, 0x461f, 0x461f, 0x461f, 0x461f, 0x461f, 0x461f, 0x461f, 0x461f, 0x461f, 0x461f,
  0x461f, 0x461f, 0x461f, 0x461f, 0x461f, 0x461f, 0x461f, 0x461f, 0x461f, 0x461f, 0x461f, 0x461f,
  0x461f, 0x461f, 0x461f, 0x461f, 0x461f, 0x461f, 0x461f, 0x461f, 0x461f, 0x461f, 0x461f, 0x461f,
  0x461f, 0x461f, 0x461f, 0x461f, 0x461f, 0x461f, 0x461f, 0x461f, 0x461f, 0x461f, 0x461f, 0x461f,
  0x461f, 0x461f, 0x461f, 0x461f, 0x461f, 0x461f, 0x461f, 0x461f, 0x45ff, 0x45ff, 0x4e1f, 0x4e1f,
  0x563f, 0x561f, 0x4e1f, 0x565f, 0x565f, 0x55fd, 0x7e3d, 0xb75f, 0xcfdf, 0xd79f, 0xdf9f, 0xdf9f,
  0xdfbf, 0xd79f, 0xcf9f, 0xcf9f, 0xc77e, 0xbf5e, 0xbf5e, 0xb77f, 0xa77f, 0x86de, 0x661d, 0x5e3f,
  0x5e3f, 0x5e3f, 0x5e3f, 0x5e3f, 0x5e3f, 0x5e3f, 0x5e3f, 0x5e3f, 0x5e3f, 0x5e3f, 0x5e3f, 0x5e3f,
  0x5e3f, 0x5e3f, 0x5e3f, 0x5e3f, 0x5e3f, 0x5e3f, 0x5e3f, 0x5e3f, 0x5e3f, 0x5e3f, 0x5e3f, 0x5e3f,
  0x5e3f, 0x5e3f, 0x5e3f, 0x5e3f, 0x5e3f, 0x5e3f, 0x5e3f, 0x5e3f, 0x5e3f, 0x5e5f, 0x5e5f, 0x5e5f,
  0x667f, 0x665f, 0x5e3f, 0x665f, 0x667f, 0x665f, 0x665f, 0x6e7f, 0x6e7f, 0x6e7f, 0x6e7f, 0x6e7f,
  0x6e7f, 0x6e7f, 0x6e7f, 0x6e7f, 0x6e7f, 0x6e7f, 0x6e7f, 0x6e7f, 0x6e7f, 0x6e7f, 0x6e7f, 0x6e7f,
  0x6e7f, 0x6e7f, 0x6e7f, 0x6e7f, 0x6e7f, 0x6e7f, 0x6e7f, 0x6e7f, 0x6e7f, 0x6e7f, 0x6e7f, 0x6e7f,
  0x6e7f, 0x6e7f, 0x6e7f, 0x6e7f, 0x6e7f, 0x6e7f, 0x6e7f, 0x6e7f, 0x6e7f, 0x6e7f, 0x6e7f, 0x6e7f,
  0x6e7f, 0x6e7f, 0x6e7f, 0x6e7f, 0x6e7f, 0x6e7f, 0x6e7f, 0x6e7f, 0x6e7f, 0x7e5c, 0x8654, 0x8e4b,
  0x8e07, 0x8de7, 0x8dc6, 0x85c5, 0x85c6, 0x8dc6, 0x85c6, 0x85c6, 0x85c6, 0x8dc6, 0x8dc6, 0x8da7,
  0x8dc7, 0x8dc6, 0x8dc6, 0x85c5, 0x85a5, 0x7d83, 0x6d21, 0x5c61, 0x6403, 0x6383, 0x5262, 0x59c2,
  0x61a2, 0x79e5, 0x8267, 0x7a06, 0x71e5, 0x7a26, 0x8267, 0x8267, 0x8287, 0x8287, 0x8287, 0x8287,
  0x8267, 0x7a06, 0x71c4, 0x69a4, 0x6983, 0x6983, 0x6983, 0x6983, 0x6983, 0x6983, 0x6983, 0x6963,
  0x6963, 0x6963, 0x6983, 0x7184, 0x6983, 0x6983, 0x6983, 0x6983, 0x6983, 0x6983, 0x7184, 0x71a4,
  0x461f, 0x461f, 0x461f, 0x461f, 0x461f, 0x461f, 0x461f, 0x461f, 0x461f, 0x461f, 0x461f, 0x461f,
  0x461f, 0x461f, 0x461f, 0x461f, 0x461f, 0x461f, 0x461f, 0x461f, 0x461f, 0x461f, 0x461f, 0x461f,
  0x461f, 0x461f, 0x461f, 0x461f, 0x461f, 0x461f, 0x461f, 0x461f, 0x461f, 0x461f, 0x461f, 0x461f,
  0x461f, 0x461f, 0x461f, 0x461f, 0x461f, 0x461f, 0x461f, 0x461f, 0x461f, 0x461f, 0x461f, 0x461f,
  0x461f, 0x461f, 0x461f, 0x461f, 0x461f, 0x461f, 0x461f, 0x461f, 0x461f, 0x4e1f, 0x4e1f, 0x563f,
  0x563f, 0x561f, 0x563f, 0x4e3f, 0x4e3f, 0x561e, 0x763e, 0x9ede, 0xc77f, 0xd79f, 0xe79f, 0xe79f,
  0xe79f, 0xdf9f, 0xd79f, 0xd79f, 0xcf7f, 0xc75f, 0xbf5f, 0xb77f, 0xa75f, 0x86de, 0x661d, 0x663f,
  0x5e3f, 0x5e3f, 0x5e3f, 0x5e3f, 0x5e3f, 0x5e3f, 0x5e3f, 0x5e3f, 0x5e3f, 0x5e3f, 0x5e3f, 0x5e3f,
  0x5e3f, 0x5e3f, 0x5e3f, 0x5e3f, 0x5e3f, 0x5e3f, 0x5e3f, 0x5e3f, 0x5e3f, 0x5e3f, 0x5e3f, 0x5e3f,
  0x5e3f, 0x5e3f, 0x5e3f, 0x5e3f, 0x5e3f, 0x5e3f, 0x5e3f, 0x5e3f, 0x5e3f, 0x5e3f, 0x665f, 0x665f,
  0x5e5f, 0x665f, 0x665f, 0x665f, 0x665f, 0x665f, 0x665f, 0x6e7f, 0x6e7f, 0x6e7f, 0x6e7f, 0x6e7f,
  0x6e7f, 0x6e7f, 0x6e7f, 0x6e7f, 0x6e7f, 0x6e7f, 0x6e7f, 0x6e7f, 0x6e7f, 0x6e7f, 0x6e7f, 0x6e7f,
  0x6e7f, 0x6e7f, 0x6e7f, 0x6e7f, 0x6e7f, 0x6e7f, 0x6e7f, 0x6e7f, 0x6e7f, 0x6e7f, 0x6e7f, 0x6e7f,
  0x6e7f, 0x6e7f, 0x6e7f, 0x6e7f, 0x6e7f, 0x6e7f, 0x6e7f, 0x6e7f, 0x6e7f, 0x6e7f, 0x6e7f, 0x6e7f,
  0x6e7f, 0x6e7f, 0x6e7f, 0x6e7f, 0x6e7f, 0x6e7f, 0x6e7f, 0x6e5f, 0x6e5f, 0x7e5c, 0x8674, 0x8e6b,
  0x9648, 0x9608, 0x8dc6, 0x85c5, 0x85c6, 0x8da6, 0x85a6, 0x85c6, 0x85c6, 0x8dc6, 0x8dc6, 0x8dc6,
  0x8dc6, 0x8dc6, 0x85c5, 0x85c5, 0x7da4, 0x7583, 0x7523, 0x6442, 0x6362, 0x5a82, 0x59e2, 0x61a3,
  0x69a3, 0x71e5, 0x8267, 0x8247, 0x7a27, 0x8247, 0x8267, 0x8267, 0x8267, 0x7a67, 0x8287, 0x7a67,
  0x7205, 0x71c5, 0x69a4, 0x6984, 0x6963, 0x6963, 0x6963, 0x6963, 0x6983, 0x6983, 0x6983, 0x6963,
  0x6963, 0x6963, 0x6983, 0x7184, 0x6983, 0x6983, 0x6983, 0x6983, 0x6983, 0x6983, 0x7184, 0x71a4,
  0x461f, 0x461f, 0x461f, 0x461f, 0x461f, 0x461f, 0x461f, 0x461f, 0x461f, 0x461f, 0x461f, 0x461f,
  0x461f, 0x461f, 0x461f, 0x461f, 0x461f, 0x461f, 0x461f, 0x461f, 0x461f, 0x461f, 0x461f, 0x461f,
  0x461f, 0x461f, 0x461f, 0x461f, 0x461f, 0x461f, 0x461f, 0x461f, 0x461f, 0x461f, 0x461f, 0x461f,
  0x461f, 0x461f, 0x461f, 0x461f, 0x461f, 0x461f, 0x461f, 0x461f, 0x461f, 0x461f, 0x461f, 0x461f,
  0x461f, 0x461f, 0x461f, 0x461f, 0x461f, 0x461f, 0x461f, 0x461f, 0x461f, 0x4e1f, 0x4e1f, 0x563f,
  0x4e1f, 0x563f, 0x563f, 0x4e3f, 0x4e3f, 0x563f, 0x661e, 0x7e5e, 0xb73f, 0xd7bf, 0xe79f, 0xe77f,
  0xe77f, 0xdf9f, 0xdf9f, 0xdf9f, 0xd77f, 0xcf7f, 0xc75f, 0xb75f, 0xa75f, 0x86be, 0x661d, 0x663f,
  0x5e3f, 0x5e3f, 0x5e3f, 0x5e5f, 0x5e3f, 0x5e3f, 0x5e3f, 0x5e3f, 0x5e3f, 0x5e3f, 0x5e3f, 0x5e3f,
  0x5e3f, 0x5e3f, 0x5e3f, 0x5e3f, 0x5e3f, 0x5e3f, 0x5e3f, 0x5e3f, 0x5e3f, 0x5e3f, 0x5e3f, 0x5e3f,
  0x5e3f, 0x5e3f, 0x5e3f, 0x5e3f, 0x5e3f, 0x5e3f, 0x5e3f, 0x5e3f, 0x5e3f, 0x5e3f, 0x665f, 0x665f,
  0x5e5f, 0x665f, 0x665f, 0x665f, 0x663f, 0x665f, 0x665f, 0x665f, 0x6e7f, 0x6e7f, 0x6e7f, 0x6e7f,
  0x6e7f, 0x6e7f, 0x6e7f, 0x6e7f, 0x6e7f, 0x6e7f, 0x6e7f, 0x6e7f, 0x6e7f, 0x6e7f, 0x6e7f, 0x6e7f,
  0x6e7f, 0x6e7f, 0x6e7f, 0x6e7f, 0x6e7f, 0x6e7f, 0x6e7f, 0x6e7f, 0x6e7f, 0x6e7f, 0x6e7f, 0x6e7f,
  0x6e7f, 0x6e7f, 0x6e7f, 0x6e7f, 0x6e7f, 0x6e7f, 0x6e7f, 0x6e7f, 0x6e7f, 0x6e7f, 0x6e7f, 0x6e7f,
  0x6e7f, 0x6e7f, 0x6e7f, 0x6e7f, 0x6e7f, 0x6e7f, 0x6e7f, 0x6e7f, 0x6e5f, 0x7e5c, 0x8654, 0x8e6b,
  0x9648, 0x9607, 0x8dc6, 0x85c5, 0x8dc6, 0x8dc7, 0x85c6, 0x85c6, 0x85c6, 0x8dc6, 0x8dc6, 0x8dc6,
  0x8dc6, 0x85c6, 0x85e5, 0x7dc4, 0x7583, 0x6d43, 0x6cc3, 0x63a2, 0x6282, 0x61a2, 0x71c4, 0x71e5,
  0x69e5, 0x7226, 0x8267, 0x8268, 0x8247, 0x8247, 0x8247, 0x8267, 0x8267, 0x7a67, 0x8287, 0x7a46,
  0x71e5, 0x69a4, 0x69a4, 0x6983, 0x6963, 0x6963, 0x6963, 0x6963, 0x6983, 0x6983, 0x6963, 0x6963,
  0x6963, 0x6983, 0x7184, 0x7184, 0x7184, 0x6983, 0x6983, 0x6983, 0x6983, 0x6983, 0x7184, 0x71a4,
  0x461f, 0x461f, 0x461f, 0x461f, 0x461f, 0x461f, 0x461f, 0x461f, 0x461f, 0x461f, 0x461f, 0x461f,
  0x461f, 0x461f, 0x461f, 0x461f, 0x461f, 0x461f, 0x461f, 0x461f, 0x461f, 0x461f, 0x461f, 0x461f,
  0x461f, 0x461f, 0x461f, 0x461f, 0x461f, 0x461f, 0x461f, 0x461f, 0x461f, 0x461f, 0x461f, 0x461f,
  0x461f, 0x461f, 0x461f, 0x461f, 0x461f, 0x461f, 0x461f, 0x461f, 0x461f, 0x461f, 0x461f, 0x461f,
  0x461f, 0x461f, 0x461f, 0x461f, 0x461f, 0x461f, 0x461f, 0x461f, 0x45ff, 0x45ff, 0x4e1f, 0x4e1f,
  0x563f, 0x4e1f, 0x4e1e, 0x4e3f, 0x4e3f, 0x4e1f, 0x5e3f, 0x6e3e, 0xa71f, 0xcfbf, 0xdf9f, 0xdf9f,
  0xdf9f, 0xdf9f, 0xdf9f, 0xdf9f, 0xdf9f, 0xd79f, 0xcf7f, 0xbf5f, 0xaf5f, 0x8ebe, 0x661e, 0x663f,
  0x5e3f, 0x5e3f, 0x5e3f, 0x5e5f, 0x5e3f, 0x5e3f, 0x5e3f, 0x5e3f, 0x5e3f, 0x5e3f, 0x5e3f, 0x5e3f,
  0x5e3f, 0x5e3f, 0x5e3f, 0x5e3f, 0x5e3f, 0x5e3f, 0x5e3f, 0x5e3f, 0x5e3f, 0x5e3f, 0x5e3f, 0x5e3f,
  0x5e3f, 0x5e3f, 0x5e3f, 0x5e3f, 0x5e3f, 0x5e3f, 0x5e3f, 0x5e3f, 0x5e3f, 0x5e5f, 0x5e5f, 0x5e5f,
  0x665f, 0x665f, 0x5e5f, 0x665f, 0x665f, 0x665f, 0x663f, 0x665f, 0x6e7f, 0x6e7f, 0x6e7f, 0x6e7f,
  0x6e7f, 0x6e7f, 0x6e7f, 0x6e7f, 0x6e7f, 0x6e7f, 0x6e7f, 0x6e7f, 0x6e7f, 0x6e7f, 0x6e7f, 0x6e7f,
  0x6e7f, 0x6e7f, 0x6e7f, 0x6e7f, 0x6e7f, 0x6e7f, 0x6e7f, 0x6e7f, 0x6e7f, 0x6e7f, 0x6e7f, 0x6e7f,
  0x6e7f, 0x6e7f, 0x6e7f, 0x6e7f, 0x6e7f, 0x6e7f, 0x6e7f, 0x6e7f, 0x6e7f, 0x6e7f, 0x6e7f, 0x6e7f,
  0x6e7f, 0x6e7f, 0x6e7f, 0x6e7f, 0x6e7f, 0x6e7f, 0x6e7f, 0x6e7f, 0x6e7f, 0x7e5c, 0x8674, 0x8e4b,
  0x8e07, 0x8dc6, 0x85c6, 0x85c5, 0x85c6, 0x8dc7, 0x8dc6, 0x85c6, 0x85c6, 0x8dc6, 0x8dc6, 0x85c6,
  0x85c6, 0x85e5, 0x85e5, 0x75c3, 0x6d62, 0x5ce1, 0x5c02, 0x52c1, 0x6a02, 0x7183, 0x81e6, 0x8227,
  0x7a47, 0x7a67, 0x8288, 0x8268, 0x8247, 0x71e5, 0x7205, 0x8267, 0x8287, 0x8287, 0x8287, 0x8267,
  0x8247, 0x7a06, 0x71a4, 0x69a4, 0x6983, 0x6963, 0x6963, 0x6983, 0x7184, 0x7184, 0x6963, 0x6963,
  0x6963, 0x6983, 0x7184, 0x7184, 0x7184, 0x7184, 0x7183, 0x6983, 0x6983, 0x6983, 0x7184, 0x71a4,
  0x461f, 0x461f, 0x461f, 0x461f, 0x461f, 0x461f, 0x461f, 0x461f, 0x461f, 0x461f, 0x461f, 0x461f,
  0x461f, 0x461f, 0x461f, 0x461f, 0x461f, 0x461f, 0x461f, 0x461f, 0x461f, 0x461f, 0x461f, 0x461f,
  0x461f, 0x461f, 0x461f, 0x461f, 0x461f, 0x461f, 0x461f, 0x461f, 0x461f, 0x461f, 0x461f, 0x461f,
  0x461f, 0x461f, 0x461f, 0x461f, 0x461f, 0x461f, 0x461f, 0x461f, 0x461f, 0x461f, 0x461f, 0x461f,
  0x461f, 0x461f, 0x461f, 0x461f, 0x461f, 0x461f, 0x461f, 0x461f, 0x461f, 0x4e1f, 0x4e1f, 0x4e3f,
  0x563f, 0x561f, 0x561f, 0x4e3f, 0x4e3f, 0x4e1f, 0x565f, 0x665f, 0x869e, 0xaf3e, 0xc77f, 0xd79f,
  0xd7bf, 0xd7bf, 0xd79f, 0xd79f, 0xd79f, 0xdf9f, 0xcf7f, 0xbf5f, 0xaf3f, 0x8ebe, 0x661d, 0x663f,
  0x5e3f, 0x5e3f, 0x5e3f, 0x5e5f, 0x5e3f, 0x5e3f, 0x5e3f, 0x5e3f, 0x5e3f, 0x5e3f, 0x5e3f, 0x5e3f,
  0x5e3f, 0x5e3f, 0x5e3f, 0x5e3f, 0x5e3f, 0x5e3f, 0x5e3f, 0x5e3f, 0x5e3f, 0x5e3f, 0x5e3f, 0x5e3f,
  0x5e3f, 0x5e3f, 0x5e3f, 0x5e3f, 0x5e3f, 0x5e3f, 0x5e3f, 0x5e3f, 0x5e3f, 0x5e5f, 0x5e5f, 0x665f,
  0x665f, 0x665f, 0x665f, 0x665f, 0x665f, 0x665f, 0x665f, 0x665f, 0x6e7f, 0x6e7f, 0x6e7f, 0x6e7f,
  0x6e7f, 0x6e7f, 0x6e7f, 0x6e7f, 0x6e7f, 0x6e7f, 0x6e7f, 0x6e7f, 0x6e7f, 0x6e7f, 0x6e7f, 0x6e7f,
  0x6e7f, 0x6e7f, 0x6e7f, 0x6e7f, 0x6e7f, 0x6e7f, 0x6e7f, 0x6e7f, 0x6e7f, 0x6e7f, 0x6e7f, 0x6e7f,
  0x6e7f, 0x6e7f, 0x6e7f, 0x6e7f, 0x6e7f, 0x6e7f, 0x6e7f, 0x6e7f, 0x6e7f, 0x6e7f, 0x6e7f, 0x6e7f,
  0x6e7f, 0x6e7f, 0x6e7f, 0x6e7f, 0x6e7f, 0x6e7f, 0x6e7f, 0x6e7f, 0x6e5f, 0x7e5c, 0x8673, 0x8e6b,
  0x8e27, 0x8de7, 0x8dc6, 0x85c6, 0x85c6, 0x8da6, 0x8dc6, 0x85c6, 0x85c6, 0x8dc6, 0x8dc6, 0x85c6,
  0x85c6, 0x85c5, 0x7dc4, 0x75a3, 0x6d61, 0x54a1, 0x53c1, 0x4a40, 0x6981, 0x7963, 0x89c6, 0x8227,
  0x7a67, 0x7a87, 0x7a68, 0x8247, 0x7a06, 0x71a4, 0x69c4, 0x7a26, 0x7a67, 0x7a67, 0x8267, 0x8287,
  0x8267, 0x7a26, 0x71a4, 0x69a4, 0x6983, 0x6983, 0x6983, 0x6963, 0x6983, 0x7184, 0x6983, 0x6963,
  0x6983, 0x7184, 0x7184, 0x7184, 0x7184, 0x6983, 0x6983, 0x7184, 0x7184, 0x6983, 0x6983, 0x7184,
  0x461f, 0x461f, 0x461f, 0x461f, 0x461f, 0x461f, 0x461f, 0x461f, 0x461f, 0x461f, 0x461f, 0x461f,
  0x461f, 0x461f, 0x461f, 0x461f, 0x461f, 0x461f, 0x461f, 0x461f, 0x461f, 0x461f, 0x461f, 0x461f,
  0x461f, 0x461f, 0x461f, 0x461f, 0x461f, 0x461f, 0x461f, 0x461f, 0x461f, 0x461f, 0x461f, 0x461f,
  0x461f, 0x461f, 0x461f, 0x461f, 0x461f, 0x461f, 0x461f, 0x461f, 0x461f, 0x461f, 0x461f, 0x461f,
  0x461f, 0x461f, 0x461f, 0x461f, 0x461f, 0x461f, 0x461f, 0x461f, 0x461f, 0x4e1f, 0x4e3f, 0x563f,
  0x4e1e, 0x561f, 0x563f, 0x4e3f, 0x4e3f, 0x4e5f, 0x4e5f, 0x565f, 0x663d, 0x869d, 0xa6fd, 0xaf1e,
  0xbf9f, 0xc7df, 0xbf7f, 0xbf3e, 0xc77e, 0xd79f, 0xcf7f, 0xbf5f, 0xa73f, 0x8ebe, 0x661d, 0x663f,
  0x5e3f, 0x5e3f, 0x5e3f, 0x5e5f, 0x5e3f, 0x5e3f, 0x5e3f, 0x5e3f, 0x5e3f, 0x5e3f, 0x5e3f, 0x5e3f,
  0x5e3f, 0x5e3f, 0x5e3f, 0x5e3f, 0x5e3f, 0x5e3f, 0x5e3f, 0x5e3f, 0x5e3f, 0x5e3f, 0x5e3f, 0x5e3f,
  0x5e3f, 0x5e3f, 0x5e3f, 0x5e3f, 0x5e3f, 0x5e3f, 0x5e3f, 0x5e3f, 0x5e3f, 0x5e5f, 0x667f, 0x667f,
  0x665f, 0x665f, 0x667f, 0x665f, 0x665f, 0x665f, 0x667f, 0x667f, 0x6e7f, 0x6e7f, 0x6e7f, 0x6e7f,
  0x6e7f, 0x6e7f, 0x6e7f, 0x6e7f, 0x6e7f, 0x6e7f, 0x6e7f, 0x6e7f, 0x6e7f, 0x6e7f, 0x6e7f, 0x6e7f,
  0x6e7f, 0x6e7f, 0x6e7f, 0x6e7f, 0x6e7f, 0x6e7f, 0x6e7f, 0x6e7f, 0x6e7f, 0x6e7f, 0x6e7f, 0x6e7f,
  0x6e7f, 0x6e7f, 0x6e7f, 0x6e7f, 0x6e7f, 0x6e7f, 0x6e7f, 0x6e7f, 0x6e7f, 0x6e7f, 0x6e7f, 0x6e7f,
  0x6e7f, 0x6e7f, 0x6e7f, 0x6e7f, 0x6e7f, 0x6e7f, 0x6e7f, 0x6e7f, 0x6e5f, 0x7e5c, 0x8653, 0x8e6b,
  0x9668, 0x9628, 0x8dc6, 0x85c6, 0x85c6, 0x8dc7, 0x8dc6, 0x85c6, 0x85c6, 0x8dc6, 0x8dc6, 0x85c6,
  0x85c6, 0x7dc5, 0x7583, 0x75a2, 0x6d82, 0x5cc1, 0x5c02, 0x4a80, 0x69c1, 0x7983, 0x7984, 0x79c5,
  0x7a46, 0x7a67, 0x7a67, 0x71e6, 0x71a5, 0x69a4, 0x69a4, 0x69a4, 0x7226, 0x7a67, 0x8287, 0x8287,
  0x8287, 0x7a26, 0x71c5, 0x69a4, 0x71a4, 0x71a4, 0x6984, 0x6963, 0x6963, 0x7184, 0x6983, 0x7184,
  0x71a4, 0x7184, 0x6983, 0x71a4, 0x7184, 0x6963, 0x6963, 0x7184, 0x71a4, 0x7184, 0x6983, 0x6983,
  0x461f, 0x461f, 0x461f, 0x461f, 0x461f, 0x461f, 0x461f, 0x461f, 0x461f, 0x461f, 0x461f, 0x461f,
  0x461f, 0x461f, 0x461f, 0x461f, 0x461f, 0x461f, 0x461f, 0x461f, 0x461f, 0x461f, 0x461f, 0x461f,
  0x461f, 0x461f, 0x461f, 0x461f, 0x461f, 0x461f, 0x461f, 0x461f, 0x461f, 0x461f, 0x461f, 0x461f,
  0x461f, 0x461f, 0x461f, 0x461f, 0x461f, 0x461f, 0x461f, 0x461f, 0x461f, 0x461f, 0x461f, 0x461f,
  0x461f, 0x461f, 0x461f, 0x461f, 0x461f, 0x461f, 0x461f, 0x461f, 0x461f, 0x4e1f, 0x4e1f, 0x4e3f,
  0x563f, 0x563f, 0x4e1f, 0x4e3f, 0x4e5f, 0x4e5f, 0x4e5f, 0x565f, 0x5e3d, 0x663c, 0x763c, 0x7e5c,
  0x971e, 0xa79f, 0x9efd, 0x969c, 0xb73e, 0xd7bf, 0xcf7f, 0xbf5f, 0xa75f, 0x86be, 0x661d, 0x663f,
  0x5e3f, 0x5e3f, 0x5e3f, 0x5e5f, 0x5e3f, 0x5e3f, 0x5e3f, 0x5e3f, 0x5e3f, 0x5e3f, 0x5e3f, 0x5e3f,
  0x5e3f, 0x5e3f, 0x5e3f, 0x5e3f, 0x5e3f, 0x5e3f, 0x5e3f, 0x5e3f, 0x5e3f, 0x5e3f, 0x5e3f, 0x5e3f,
  0x5e3f, 0x5e3f, 0x5e3f, 0x5e3f, 0x5e3f, 0x5e3f, 0x5e3f, 0x5e3f, 0x5e3f, 0x5e5f, 0x665f, 0x665f,
  0x667f, 0x667f, 0x665f, 0x665f, 0x665f, 0x665f, 0x665f, 0x667f, 0x6e7f, 0x6e7f, 0x6e7f, 0x6e7f,
  0x6e7f, 0x6e7f, 0x6e7f, 0x6e7f, 0x6e7f, 0x6e7f, 0x6e7f, 0x6e7f, 0x6e7f, 0x6e7f, 0x6e7f, 0x6e7f,
  0x6e7f, 0x6e7f, 0x6e7f, 0x6e7f, 0x6e7f, 0x6e7f, 0x6e7f, 0x6e7f, 0x6e7f, 0x6e7f, 0x6e7f, 0x6e7f,
  0x6e7f, 0x6e7f, 0x6e7f, 0x6e7f, 0x6e7f, 0x6e7f, 0x6e7f, 0x6e7f, 0x6e7f, 0x6e7f, 0x6e7f, 0x6e7f,
  0x6e7f, 0x6e7f, 0x6e7f, 0x6e7f, 0x6e7f, 0x6e7f, 0x6e7f, 0x6e7f, 0x6e5f, 0x7e5c, 0x8654, 0x966b,
  0x9e68, 0x9628, 0x8dc6, 0x85c6, 0x85c6, 0x8dc7, 0x85c6, 0x85c6, 0x85c6, 0x8dc6, 0x8dc6, 0x8dc6,
  0x85c6, 0x85c5, 0x7da4, 0x7dc4, 0x75a3, 0x6d22, 0x6483, 0x5b61, 0x6261, 0x69a2, 0x7183, 0x71c4,
  0x71e5, 0x7246, 0x8267, 0x7a27, 0x7a06, 0x71c5, 0x6984, 0x69a4, 0x7226, 0x8287, 0x8287, 0x8287,
  0x8287, 0x8247, 0x7a06, 0x71c5, 0x71a4, 0x71a4, 0x7184, 0x6963, 0x6983, 0x6983, 0x6983, 0x7184,
  0x7184, 0x6983, 0x6983, 0x6983, 0x6983, 0x6963, 0x6963, 0x6983, 0x7184, 0x7184, 0x6983, 0x7184,
  0x461f, 0x461f, 0x461f, 0x461f, 0x461f, 0x461f, 0x461f, 0x461f, 0x461f, 0x461f, 0x461f, 0x461f,
  0x461f, 0x461f, 0x461f, 0x461f, 0x461f, 0x461f, 0x461f, 0x461f, 0x461f, 0x461f, 0x461f, 0x461f,
  0x461f, 0x461f, 0x461f, 0x461f, 0x461f, 0x461f, 0x461f, 0x461f, 0x461f, 0x461f, 0x461f, 0x461f,
  0x461f, 0x461f, 0x461f, 0x461f, 0x461f, 0x461f, 0x461f, 0x461f, 0x461f, 0x461f, 0x461f, 0x461f,
  0x461f, 0x461f, 0x461f, 0x461f, 0x461f, 0x461f, 0x461f, 0x461f, 0x461f, 0x4dff, 0x4e1f, 0x4e1f,
  0x563f, 0x561f, 0x4e1e, 0x565f, 0x565f, 0x4e3f, 0x4e3f, 0x565f, 0x5e5e, 0x5e5e, 0x663d, 0x663d,
  0x6e5e, 0x767e, 0x763c, 0x867c, 0xb75e, 0xcfbf, 0xc77f, 0xb77f, 0xa75f, 0x86be, 0x661d, 0x663f,
  0x5e3f, 0x5e3f, 0x5e3f, 0x5e5f, 0x5e3f, 0x5e3f, 0x5e3f, 0x5e3f, 0x5e3f, 0x5e3f, 0x5e3f, 0x5e3f,
  0x5e3f, 0x5e3f, 0x5e3f, 0x5e3f, 0x5e3f, 0x5e3f, 0x5e3f, 0x5e3f, 0x5e3f, 0x5e3f, 0x5e3f, 0x5e3f,
  0x5e3f, 0x5e3f, 0x5e3f, 0x5e3f, 0x5e3f, 0x5e3f, 0x5e3f, 0x5e3f, 0x5e3f, 0x5e5f, 0x5e5f, 0x665f,
  0x667f, 0x667f, 0x665f, 0x665f, 0x665f, 0x665f, 0x665f, 0x667f, 0x6e7f, 0x6e7f, 0x6e7f, 0x6e7f,
  0x6e7f, 0x6e7f, 0x6e7f, 0x6e7f, 0x6e7f, 0x6e7f, 0x6e7f, 0x6e7f, 0x6e7f, 0x6e7f, 0x6e7f, 0x6e7f,
  0x6e7f, 0x6e7f, 0x6e7f, 0x6e7f, 0x6e7f, 0x6e7f, 0x6e7f, 0x6e7f, 0x6e7f, 0x6e7f, 0x6e7f, 0x6e7f,
  0x6e7f, 0x6e7f, 0x6e7f, 0x6e7f, 0x6e7f, 0x6e7f, 0x6e7f, 0x6e7f, 0x6e7f, 0x6e7f, 0x6e7f, 0x6e7f,
  0x6e7f, 0x6e7f, 0x6e7f, 0x6e7f, 0x6e7f, 0x6e7f, 0x6e7f, 0x6e7f, 0x6e7f, 0x7e5c, 0x8674, 0x966b,
  0x9e68, 0x9628, 0x8dc6, 0x85c6, 0x85c6, 0x8dc6, 0x85c6, 0x85c6, 0x85c6, 0x8dc6, 0x8dc6, 0x8dc6,
  0x8dc6, 0x8dc6, 0x85e5, 0x85e5, 0x85e5, 0x7d84, 0x7543, 0x7483, 0x6342, 0x5a41, 0x61e2, 0x61a3,
  0x61a3, 0x71e5, 0x8247, 0x8267, 0x8247, 0x71e5, 0x69a4, 0x69a4, 0x7205, 0x8287, 0x8287, 0x8287,
  0x8267, 0x8267, 0x8247, 0x7a06, 0x71a4, 0x7184, 0x6983, 0x6983, 0x6983, 0x6983, 0x6983, 0x6983,
  0x6983, 0x6983, 0x6963, 0x6983, 0x6983, 0x6983, 0x6983, 0x6983, 0x6983, 0x6983, 0x7184, 0x7184,
  0x461f, 0x461f, 0x461f, 0x461f, 0x461f, 0x461f, 0x461f, 0x461f, 0x461f, 0x461f, 0x461f, 0x461f,
  0x461f, 0x461f, 0x461f, 0x461f, 0x461f, 0x461f, 0x461f, 0x461f, 0x461f, 0x461f, 0x461f, 0x461f,
  0x461f, 0x461f, 0x461f, 0x461f, 0x461f, 0x461f, 0x461f, 0x461f, 0x461f, 0x461f, 0x461f, 0x461f,
  0x461f, 0x461f, 0x461f, 0x461f, 0x461f, 0x461f, 0x461f, 0x461f, 0x461f, 0x461f, 0x461f, 0x461f,
  0x461f, 0x461f, 0x461f, 0x461f, 0x461f, 0x461f, 0x461f, 0x461f, 0x461f, 0x4e1f, 0x4e1f, 0x563f,
  0x4e1e, 0x563f, 0x565f, 0x4e3f, 0x4e3f, 0x563f, 0x565f, 0x5e5f, 0x5e5f, 0x5e3f, 0x5e5f, 0x5e5f,
  0x5e5f, 0x5e3e, 0x663d, 0x867d, 0xaf5e, 0xc79f, 0xbf7f, 0xb77f, 0xa75f, 0x86be, 0x661d, 0x663f,
  0x5e3f, 0x5e3f, 0x5e3f, 0x5e3f, 0x5e3f, 0x5e3f, 0x5e3f, 0x5e3f, 0x5e3f, 0x5e3f, 0x5e3f, 0x5e3f,
  0x5e3f, 0x5e3f, 0x5e3f, 0x5e3f, 0x5e3f, 0x5e3f, 0x5e3f, 0x5e3f, 0x5e3f, 0x5e3f, 0x5e3f, 0x5e3f,
  0x5e3f, 0x5e3f, 0x5e3f, 0x5e3f, 0x5e3f, 0x5e3f, 0x5e3f, 0x5e3f, 0x5e3f, 0x5e3f, 0x665f, 0x667f,
  0x665f, 0x665f, 0x667f, 0x665f, 0x5e3f, 0x665f, 0x665f, 0x667f, 0x6e7f, 0x6e7f, 0x6e7f, 0x6e7f,
  0x6e7f, 0x6e7f, 0x6e7f, 0x6e7f, 0x6e7f, 0x6e7f, 0x6e7f, 0x6e7f, 0x6e7f, 0x6e7f, 0x6e7f, 0x6e7f,
  0x6e7f, 0x6e7f, 0x6e7f, 0x6e7f, 0x6e7f, 0x6e7f, 0x6e7f, 0x6e7f, 0x6e7f, 0x6e7f, 0x6e7f, 0x6e7f,
  0x6e7f, 0x6e7f, 0x6e7f, 0x6e7f, 0x6e7f, 0x6e7f, 0x6e7f, 0x6e7f, 0x6e7f, 0x6e7f, 0x6e7f, 0x6e7f,
  0x6e7f, 0x6e7f, 0x6e7f, 0x6e7f, 0x6e7f, 0x6e7f, 0x6e7f, 0x6e7f, 0x6e5f, 0x7e5c, 0x8674, 0x966b,
  0x9668, 0x9628, 0x8dc6, 0x85c6, 0x85c6, 0x8dc6, 0x85c6, 0x85c6, 0x85c6, 0x8dc6, 0x8dc6, 0x8da6,
  0x8da6, 0x8dc6, 0x8dc6, 0x85c5, 0x85c5, 0x85e4, 0x7da3, 0x7523, 0x6c43, 0x6343, 0x5a42, 0x59c1,
  0x6182, 0x69a3, 0x71c4, 0x7a26, 0x8267, 0x8247, 0x7a06, 0x69c4, 0x7226, 0x7a67, 0x7a67, 0x8267,
  0x8267, 0x7a46, 0x71e5, 0x71c4, 0x71a4, 0x6983, 0x6983, 0x7184, 0x6983, 0x6963, 0x6963, 0x6983,
  0x6983, 0x6983, 0x6983, 0x6983, 0x6983, 0x6983, 0x6983, 0x6983, 0x6983, 0x6983, 0x71a4, 0x71a4,
  0x461f, 0x461f, 0x461f, 0x461f, 0x461f, 0x461f, 0x461f, 0x461f, 0x461f, 0x461f, 0x461f, 0x461f,
  0x461f, 0x461f, 0x461f, 0x461f, 0x461f, 0x461f, 0x461f, 0x461f, 0x461f, 0x461f, 0x461f, 0x461f,
  0x461f, 0x461f, 0x461f, 0x461f, 0x461f, 0x461f, 0x461f, 0x461f, 0x461f, 0x461f, 0x461f, 0x4e1f,
  0x4dff, 0x4e1f, 0x4e1f, 0x4e1f, 0x4e1f, 0x461f, 0x461f, 0x461f, 0x461f, 0x461f, 0x461f, 0x461f,
  0x461f, 0x461f, 0x461f, 0x461f, 0x461f, 0x461f, 0x461f, 0x461f, 0x461f, 0x4e1f, 0x4e3f, 0x563f,
  0x4e1e, 0x563f, 0x563f, 0x4e3f, 0x4e3f, 0x563f, 0x5e3f, 0x5e3f, 0x5e3f, 0x5e3f, 0x565f, 0x565f,
  0x565f, 0x5e5f, 0x663d, 0x7e7d, 0xaf5f, 0xbf9f, 0xb75e, 0xaf7f, 0xa75f, 0x86be, 0x661d, 0x5e3f,
  0x5e3f, 0x5e3f, 0x5e3f, 0x5e3f, 0x5e3f, 0x5e3f, 0x5e3f, 0x5e3f, 0x5e3f, 0x5e3f, 0x5e3f, 0x5e3f,
  0x5e3f, 0x5e3f, 0x5e3f, 0x5e3f, 0x5e3f, 0x5e3f, 0x5e3f, 0x5e3f, 0x5e3f, 0x5e3f, 0x5e3f, 0x5e3f,
  0x5e3f, 0x5e3f, 0x5e3f, 0x5e3f, 0x5e3f, 0x5e3f, 0x5e3f, 0x5e3f, 0x5e3f, 0x5e3f, 0x665f, 0x667f,
  0x665f, 0x665f, 0x665f, 0x665f, 0x663f, 0x665f, 0x665f, 0x667f, 0x6e7f, 0x6e7f, 0x6e7f, 0x6e7f,
  0x6e7f, 0x6e7f, 0x6e7f, 0x6e7f, 0x6e7f, 0x6e7f, 0x6e7f, 0x6e7f, 0x6e7f, 0x6e7f, 0x6e7f, 0x6e7f,
  0x6e7f, 0x6e7f, 0x6e7f, 0x6e7f, 0x6e7f, 0x6e7f, 0x6e7f, 0x6e7f, 0x6e7f, 0x6e7f, 0x6e7f, 0x6e7f,
  0x6e7f, 0x6e7f, 0x6e7f, 0x6e7f, 0x6e7f, 0x6e7f, 0x6e7f, 0x6e7f, 0x6e7f, 0x6e7f, 0x6e7f, 0x6e7f,
  0x6e7f, 0x6e7f, 0x6e7f, 0x6e7f, 0x6e7f, 0x6e7f, 0x6e7f, 0x6e7f, 0x6e5f, 0x7e5c, 0x8653, 0x8e6b,
  0x9648, 0x9608, 0x8dc6, 0x85c6, 0x85c6, 0x8dc6, 0x85c6, 0x85c6, 0x85c6, 0x8dc6, 0x8dc6, 0x8da6,
  0x8da7, 0x8da6, 0x8dc6, 0x85a6, 0x8dc6, 0x8e05, 0x85c3, 0x7d83, 0x6ce3, 0x6c44, 0x5301, 0x5a41,
  0x6a23, 0x69c3, 0x6983, 0x7a26, 0x8267, 0x8267, 0x7a26, 0x69c4, 0x7205, 0x7a46, 0x7a67, 0x8267,
  0x7a46, 0x71e5, 0x6984, 0x6984, 0x6984, 0x6983, 0x6983, 0x6983, 0x6983, 0x6963, 0x6963, 0x6963,
  0x6983, 0x7184, 0x7184, 0x6983, 0x6983, 0x7184, 0x6983, 0x6963, 0x6983, 0x6983, 0x71a4, 0x71a4,
  0x461f, 0x461f, 0x461f, 0x461f, 0x461f, 0x461f, 0x461f, 0x461f, 0x461f, 0x461f, 0x461f, 0x461f,
  0x461f, 0x461f, 0x461f, 0x461f, 0x461f, 0x461f, 0x461f, 0x461f, 0x461f, 0x461f, 0x461f, 0x461f,
  0x461f, 0x461f, 0x461f, 0x461f, 0x461f, 0x461f, 0x461f, 0x461f, 0x461f, 0x4e3f, 0x4e1e, 0x55fe,
  0x5e1e, 0x665e, 0x665e, 0x561d, 0x4e1e, 0x45fe, 0x461f, 0x461f, 0x461f, 0x461f, 0x461f, 0x461f,
  0x461f, 0x461f, 0x461f, 0x461f, 0x461f, 0x461f, 0x461f, 0x461f, 0x461f, 0x461f, 0x4e1f, 0x4e1f,
  0x565f, 0x561f, 0x4e1f, 0x563f, 0x4e3f, 0x4e1f, 0x561e, 0x5e3f, 0x5e5f, 0x5e5f, 0x5e5f, 0x5e5f,
  0x5e3f, 0x5e3f, 0x661e, 0x7e7d, 0xa75f, 0xbf9f, 0xb75f, 0xb77f, 0xa75f, 0x869e, 0x661d, 0x5e3f,
  0x5e3f, 0x5e3f, 0x5e3f, 0x5e3f, 0x5e3f, 0x5e3f, 0x5e3f, 0x5e3f, 0x5e3f, 0x5e3f, 0x5e3f, 0x5e3f,
  0x5e3f, 0x5e3f, 0x5e3f, 0x5e3f, 0x5e3f, 0x5e3f, 0x5e3f, 0x5e3f, 0x5e3f, 0x5e3f, 0x5e3f, 0x5e3f,
  0x5e3f, 0x5e3f, 0x5e3f, 0x5e3f, 0x5e3f, 0x5e3f, 0x5e3f, 0x5e3f, 0x5e3f, 0x5e3f, 0x5e5f, 0x665f,
  0x665f, 0x665f, 0x5e5f, 0x665f, 0x667f, 0x665f, 0x665f, 0x667f, 0x6e7f, 0x6e7f, 0x6e7f, 0x6e7f,
  0x6e7f, 0x6e7f, 0x6e7f, 0x6e7f, 0x6e7f, 0x6e7f, 0x6e7f, 0x6e7f, 0x6e7f, 0x6e7f, 0x6e7f, 0x6e7f,
  0x6e7f, 0x6e7f, 0x6e7f, 0x6e7f, 0x6e7f, 0x6e7f, 0x6e7f, 0x6e7f, 0x6e7f, 0x6e7f, 0x6e7f, 0x6e7f,
  0x6e7f, 0x6e7f, 0x6e7f, 0x6e7f, 0x6e7f, 0x6e7f, 0x6e7f, 0x6e7f, 0x6e7f, 0x6e7f, 0x6e7f, 0x6e7f,
  0x6e7f, 0x6e7f, 0x6e7f, 0x6e7f, 0x6e7f, 0x6e7f, 0x6e7f, 0x6e7f, 0x6e5f, 0x7e5c, 0x8654, 0x8e4a,
  0x8e07, 0x8dc7, 0x8dc6, 0x85c6, 0x85c6, 0x8dc7, 0x8dc6, 0x85c6, 0x85c6, 0x8dc6, 0x8dc6, 0x8da6,
  0x8dc6, 0x8dc6, 0x8dc6, 0x8dc6, 0x8dc6, 0x8da6, 0x8dc6, 0x85c5, 0x7584, 0x7544, 0x6442, 0x6ba3,
  0x7b65, 0x72a5, 0x61a3, 0x7a05, 0x8267, 0x8267, 0x7a26, 0x71a4, 0x69a4, 0x71e5, 0x8246, 0x8247,
  0x71e5, 0x69a4, 0x69a4, 0x69a4, 0x69a4, 0x69a4, 0x6984, 0x6983, 0x6963, 0x7183, 0x6963, 0x6943,
  0x6963, 0x6983, 0x71a4, 0x71a4, 0x7184, 0x71a4, 0x71a4, 0x6983, 0x7184, 0x7184, 0x7184, 0x7184,
  0x461f, 0x461f, 0x461f, 0x461f, 0x461f, 0x461f, 0x461f, 0x461f, 0x461f, 0x461f, 0x461f, 0x461f,
  0x461f, 0x461f, 0x461f, 0x461f, 0x461f, 0x461f, 0x461f, 0x461f, 0x461f, 0x461f, 0x3e1f, 0x461f,
  0x461f, 0x4e1f, 0x4dff, 0x461f, 0x461f, 0x461f, 0x461f, 0x45fe, 0x4e1e, 0x563d, 0x561d, 0x661d,
  0x7e9e, 0x9f5f, 0x973f, 0x769d, 0x563c, 0x4e1e, 0x463f, 0x461f, 0x461f, 0x461f, 0x461f, 0x461f,
  0x461f, 0x461f, 0x461f, 0x461f, 0x461f, 0x461f, 0x461f, 0x461f, 0x461f, 0x4e1f, 0x4e1f, 0x563f,
  0x561f, 0x561f, 0x561f, 0x4e3f, 0x4e1f, 0x4e1f, 0x563f, 0x5e3f, 0x5e3f, 0x5e3f, 0x5e3f, 0x5e3f,
  0x5e3f, 0x663f, 0x661e, 0x767e, 0x9f3f, 0xb77f, 0xb75f, 0xb75f, 0xaf3f, 0x8e9e, 0x661d, 0x5e3f,
  0x5e3f, 0x5e5f, 0x5e5f, 0x5e3f, 0x5e3f, 0x5e3f, 0x5e3f, 0x5e3f, 0x5e3f, 0x5e3f, 0x5e3f, 0x5e3f,
  0x5e3f, 0x5e3f, 0x5e3f, 0x5e3f, 0x5e3f, 0x5e3f, 0x5e3f, 0x5e3f, 0x5e3f, 0x5e3f, 0x5e3f, 0x5e3f,
  0x5e3f, 0x5e3f, 0x5e3f, 0x5e3f, 0x5e3f, 0x5e3f, 0x5e3f, 0x5e3f, 0x5e3f, 0x5e3f, 0x665f, 0x665f,
  0x665f, 0x665f, 0x665f, 0x665f, 0x665f, 0x665f, 0x665f, 0x667f, 0x6e7f, 0x6e7f, 0x6e7f, 0x6e7f,
  0x6e7f, 0x6e7f, 0x6e7f, 0x6e7f, 0x6e7f, 0x6e7f, 0x6e7f, 0x6e7f, 0x6e7f, 0x6e7f, 0x6e7f, 0x6e7f,
  0x6e7f, 0x6e7f, 0x6e7f, 0x6e7f, 0x6e7f, 0x6e7f, 0x6e7f, 0x6e7f, 0x6e7f, 0x6e7f, 0x6e7f, 0x6e7f,
  0x6e7f, 0x6e7f, 0x6e7f, 0x6e7f, 0x6e7f, 0x6e7f, 0x6e7f, 0x6e7f, 0x6e7f, 0x6e7f, 0x6e7f, 0x6e7f,
  0x6e7f, 0x6e7f, 0x6e7f, 0x6e7f, 0x6e7f, 0x6e7f, 0x6e7f, 0x6e7f, 0x6e7f, 0x7e5c, 0x8654, 0x8e4b,
  0x8de6, 0x8dc6, 0x8dc6, 0x85c6, 0x85c6, 0x8dc7, 0x85a6, 0x8585, 0x85a5, 0x85c6, 0x85c6, 0x8da6,
  0x8da6, 0x8da6, 0x8da6, 0x8da6, 0x8da6, 0x8da7, 0x8dc7, 0x8dc6, 0x7da3, 0x7563, 0x64a2, 0x63e2,
  0x6344, 0x6264, 0x61c3, 0x71e5, 0x7a26, 0x8247, 0x7a26, 0x71a4, 0x6984, 0x71a4, 0x8226, 0x8267,
  0x7a06, 0x71c5, 0x69a4, 0x69a4, 0x69a4, 0x6984, 0x6984, 0x6984, 0x7184, 0x7184, 0x7183, 0x6983,
  0x6983, 0x6983, 0x69a3, 0x6983, 0x6983, 0x7184, 0x71a4, 0x7184, 0x71a4, 0x71a4, 0x7184, 0x6983,
  0x461f, 0x461f, 0x461f, 0x461f, 0x461f, 0x461f, 0x461f, 0x461f, 0x461f, 0x461f, 0x461f, 0x461f,
  0x461f, 0x461f, 0x461f, 0x461f, 0x461f, 0x461f, 0x461f, 0x461f, 0x461f, 0x461f, 0x3e1f, 0x461f,
  0x461f, 0x4e1f, 0x4dff, 0x461f, 0x461f, 0x45ff, 0x4dff, 0x561e, 0x561d, 0x6e5d, 0x8efe, 0x96fe,
  0x9f1f, 0xaf9f, 0xa77f, 0x8f3e, 0x76bd, 0x561d, 0x4dfe, 0x461f, 0x461f, 0x461f, 0x461f, 0x461f,
  0x461f, 0x461f, 0x461f, 0x461f, 0x461f, 0x461f, 0x461f, 0x461f, 0x461f, 0x4e1f, 0x4e3f, 0x563f,
  0x4e1f, 0x561f, 0x563f, 0x4e3f, 0x4e1f, 0x563f, 0x5e5f, 0x5e5f, 0x5e3f, 0x5e3f, 0x5e5f, 0x5e3f,
  0x5e3f, 0x663f, 0x663e, 0x767e, 0x96ff, 0xaf5f, 0xb75f, 0xaf5f, 0xa75f, 0x8ebe, 0x661d, 0x5e3f,
  0x5e3f, 0x5e5f, 0x5e5f, 0x5e3f, 0x5e3f, 0x5e3f, 0x5e3f, 0x5e3f, 0x5e3f, 0x5e3f, 0x5e3f, 0x5e3f,
  0x5e3f, 0x5e3f, 0x5e3f, 0x5e3f, 0x5e3f, 0x5e3f, 0x5e3f, 0x5e3f, 0x5e3f, 0x5e3f, 0x5e3f, 0x5e3f,
  0x5e3f, 0x5e3f, 0x5e3f, 0x5e3f, 0x5e3f, 0x5e3f, 0x5e3f, 0x5e3f, 0x5e3f, 0x5e3f, 0x665f, 0x665f,
  0x665f, 0x665f, 0x667f, 0x665f, 0x663f, 0x665f, 0x665f, 0x667f, 0x6e7f, 0x6e7f, 0x6e7f, 0x6e7f,
  0x6e7f, 0x6e7f, 0x6e7f, 0x6e7f, 0x6e7f, 0x6e7f, 0x6e7f, 0x6e7f, 0x6e7f, 0x6e7f, 0x6e7f, 0x6e7f,
  0x6e7f, 0x6e7f, 0x6e7f, 0x6e7f, 0x6e7f, 0x6e7f, 0x6e7f, 0x6e7f, 0x6e7f, 0x6e7f, 0x6e7f, 0x6e7f,
  0x6e7f, 0x6e7f, 0x6e7f, 0x6e7f, 0x6e7f, 0x6e7f, 0x6e7f, 0x6e7f, 0x6e7f, 0x6e7f, 0x6e7f, 0x6e7f,
  0x6e7f, 0x6e7f, 0x6e7f, 0x6e7f, 0x6e7f, 0x6e7f, 0x6e7f, 0x6e7f, 0x6e5f, 0x7e5c, 0x8654, 0x8e4b,
  0x8e07, 0x8dc7, 0x8dc6, 0x8dc6, 0x85c6, 0x8da6, 0x85a6, 0x7d65, 0x7d85, 0x85a6, 0x85c6, 0x8dc6,
  0x8dc6, 0x8dc6, 0x8dc6, 0x8dc6, 0x8dc6, 0x85a6, 0x8dc6, 0x85c6, 0x7d84, 0x7543, 0x6442, 0x5b62,
  0x5261, 0x59c2, 0x69c3, 0x69a3, 0x71a4, 0x8226, 0x7a26, 0x71a4, 0x69a4, 0x71a4, 0x7a06, 0x8267,
  0x8267, 0x7a05, 0x69a4, 0x69a4, 0x69a4, 0x69a4, 0x69a4, 0x7184, 0x7184, 0x7184, 0x7184, 0x7183,
  0x6983, 0x6983, 0x6983, 0x6983, 0x6963, 0x6983, 0x7184, 0x71a4, 0x7184, 0x7184, 0x7184, 0x7184,
  0x461f, 0x461f, 0x461f, 0x461f, 0x461f, 0x461f, 0x461f, 0x461f, 0x461f, 0x461f, 0x461f, 0x461f,
  0x461f, 0x461f, 0x461f, 0x461f, 0x461f, 0x461f, 0x461f, 0x461f, 0x461f, 0x461f, 0x461f, 0x461f,
  0x461f, 0x4e1f, 0x461f, 0x461f, 0x461f, 0x45ff, 0x4dfe, 0x5dfd, 0x765d, 0x96dd, 0xaf7f, 0xb75f,
  0xb75f, 0xb75f, 0xaf5e, 0xaf9f, 0x975e, 0x5e1c, 0x4dfd, 0x4e1f, 0x461f, 0x461f, 0x461f, 0x461f,
  0x461f, 0x461f, 0x461f, 0x461f, 0x461f, 0x461f, 0x461f, 0x461f, 0x461f, 0x4e1f, 0x4e1f, 0x4e1f,
  0x563f, 0x563f, 0x563f, 0x4e3f, 0x4e3f, 0x4e1f, 0x563f, 0x5e3f, 0x5e5f, 0x5e3f, 0x5e3f, 0x5e3f,
  0x5e3f, 0x663f, 0x661e, 0x6e3e, 0x869e, 0x9f1f, 0xaf7f, 0xaf7f, 0xa73f, 0x86be, 0x661d, 0x5e3f,
  0x5e5f, 0x5e5f, 0x5e5f, 0x5e3f, 0x5e3f, 0x5e3f, 0x5e3f, 0x5e3f, 0x5e3f, 0x5e3f, 0x5e3f, 0x5e3f,
  0x5e3f, 0x5e3f, 0x5e3f, 0x5e3f, 0x5e3f, 0x5e3f, 0x5e3f, 0x5e3f, 0x5e3f, 0x5e3f, 0x5e3f, 0x5e3f,
  0x5e3f, 0x5e3f, 0x5e3f, 0x5e3f, 0x5e3f, 0x5e3f, 0x5e3f, 0x5e3f, 0x5e3f, 0x5e3f, 0x5e3f, 0x5e3f,
  0x665f, 0x665f, 0x665f, 0x665f, 0x665f, 0x665f, 0x665f, 0x667f, 0x6e7f, 0x6e7f, 0x6e7f, 0x6e7f,
  0x6e7f, 0x6e7f, 0x6e7f, 0x6e7f, 0x6e7f, 0x6e7f, 0x6e7f, 0x6e7f, 0x6e7f, 0x6e7f, 0x6e7f, 0x6e7f,
  0x6e7f, 0x6e7f, 0x6e7f, 0x6e7f, 0x6e7f, 0x6e7f, 0x6e7f, 0x6e7f, 0x6e7f, 0x6e7f, 0x6e7f, 0x6e7f,
  0x6e7f, 0x6e7f, 0x6e7f, 0x6e7f, 0x6e7f, 0x6e7f, 0x6e7f, 0x6e7f, 0x6e7f, 0x6e7f, 0x6e7f, 0x6e7f,
  0x6e7f, 0x6e7f, 0x6e7f, 0x6e7f, 0x6e7f, 0x6e7f, 0x6e7f, 0x6e7f, 0x6e5f, 0x7e5c, 0x8674, 0x8e6b,
  0x9627, 0x8de7, 0x8dc6, 0x8dc6, 0x8dc6, 0x85a6, 0x85a6, 0x8585, 0x85a5, 0x85c6, 0x85c6, 0x85a6,
  0x8585, 0x85a5, 0x85c6, 0x8dc6, 0x8de6, 0x85e6, 0x7dc5, 0x7d85, 0x7d24, 0x7483, 0x5b61, 0x5aa2,
  0x5a02, 0x69e4, 0x7a05, 0x71c4, 0x69a3, 0x71e5, 0x71e5, 0x6984, 0x69a4, 0x69a4, 0x71c4, 0x7a05,
  0x7a05, 0x71c5, 0x69a4, 0x71e5, 0x7205, 0x71c5, 0x69a4, 0x6984, 0x7184, 0x7184, 0x6963, 0x6963,
  0x6963, 0x6983, 0x6983, 0x6963, 0x6963, 0x6983, 0x6983, 0x6983, 0x7184, 0x7184, 0x7184, 0x7184,
  0x461f, 0x461f, 0x461f, 0x461f, 0x461f, 0x461f, 0x461f, 0x461f, 0x461f, 0x461f, 0x461f, 0x461f,
  0x461f, 0x461f, 0x461f, 0x461f, 0x461f, 0x461f, 0x461f, 0x461f, 0x461f, 0x461f, 0x461f, 0x461f,
  0x461f, 0x461f, 0x461f, 0x461f, 0x45ff, 0x4dff, 0x5dfe, 0x6e3d, 0x9f3e, 0xc7bf, 0xc79f, 0xbf5e,
  0xbf5e, 0xbf5e, 0xb75e, 0xaf5e, 0x971e, 0x6e3c, 0x561d, 0x45fe, 0x461f, 0x461f, 0x461f, 0x461f,
  0x461f, 0x461f, 0x461f, 0x461f, 0x461f, 0x461f, 0x461f, 0x461f, 0x461f, 0x4e1f, 0x4e1f, 0x4e1f,
  0x563f, 0x563f, 0x4e1f, 0x4e3f, 0x4e3f, 0x4e1f, 0x561e, 0x563f, 0x5e5f, 0x5e3f, 0x5e3f, 0x5e5f,
  0x663f, 0x663f, 0x661e, 0x661e, 0x6e3d, 0x869d, 0x9f1e, 0xa77f, 0xa75f, 0x86be, 0x661d, 0x5e3f,
  0x5e5f, 0x5e5f, 0x5e5f, 0x5e3f, 0x5e3f, 0x5e3f, 0x5e3f, 0x5e3f, 0x5e3f, 0x5e3f, 0x5e3f, 0x5e3f,
  0x5e3f, 0x5e3f, 0x5e3f, 0x5e3f, 0x5e3f, 0x5e3f, 0x5e3f, 0x5e3f, 0x5e3f, 0x5e3f, 0x5e3f, 0x5e3f,
  0x5e3f, 0x5e3f, 0x5e3f, 0x5e3f, 0x5e3f, 0x5e3f, 0x5e3f, 0x5e3f, 0x5e3f, 0x5e3f, 0x5e3f, 0x665f,
  0x665f, 0x665f, 0x665f, 0x665f, 0x665f, 0x665f, 0x665f, 0x667f, 0x6e7f, 0x6e7f, 0x6e7f, 0x6e7f,
  0x6e7f, 0x6e7f, 0x6e7f, 0x6e7f, 0x6e7f, 0x6e7f, 0x6e7f, 0x6e7f, 0x6e7f, 0x6e7f, 0x6e7f, 0x6e7f,
  0x6e7f, 0x6e7f, 0x6e7f, 0x6e7f, 0x6e7f, 0x6e7f, 0x6e7f, 0x6e7f, 0x6e7f, 0x6e7f, 0x6e7f, 0x6e7f,
  0x6e7f, 0x6e7f, 0x6e7f, 0x6e7f, 0x6e7f, 0x6e7f, 0x6e7f, 0x6e7f, 0x6e7f, 0x6e7f, 0x6e7f, 0x6e7f,
  0x6e7f, 0x6e7f, 0x6e7f, 0x6e7f, 0x6e7f, 0x6e7f, 0x6e7f, 0x6e7f, 0x6e5f, 0x7e5c, 0x8674, 0x8e6b,
  0x9648, 0x9608, 0x8dc6, 0x85c6, 0x8dc6, 0x85a6, 0x8dc6, 0x85a6, 0x8dc6, 0x8dc6, 0x85c6, 0x85a5,
  0x7d64, 0x7d85, 0x85a5, 0x85c6, 0x85e6, 0x8606, 0x7dc5, 0x7544, 0x6c83, 0x6ba2, 0x5261, 0x51c2,
  0x61c4, 0x7205, 0x8226, 0x79e5, 0x6983, 0x6984, 0x69a4, 0x71a4, 0x71a4, 0x69a4, 0x6984, 0x69a4,
  0x6984, 0x69a4, 0x71c4, 0x7a26, 0x8247, 0x71e5, 0x71a4, 0x71a4, 0x7184, 0x7163, 0x6963, 0x6963,
  0x6963, 0x6963, 0x6963, 0x6963, 0x6983, 0x7184, 0x6983, 0x6963, 0x6983, 0x6983, 0x7184, 0x7184,
  0x461f, 0x461f, 0x461f, 0x461f, 0x461f, 0x461f, 0x461f, 0x461f, 0x461f, 0x461f, 0x461f, 0x461f,
  0x461f, 0x461f, 0x461f, 0x461f, 0x461f, 0x461f, 0x461f, 0x461f, 0x461f, 0x461f, 0x461f, 0x461f,
  0x461f, 0x461f, 0x461f, 0x461f, 0x4e1f, 0x55fe, 0x765e, 0x9f3f, 0xbfbf, 0xcf9f, 0xd79f, 0xcf9f,
  0xc77e, 0xbf5e, 0xbf7e, 0xb75e, 0xa77f, 0x871f, 0x665e, 0x4e1e, 0x461f, 0x461f, 0x461f, 0x461f,
  0x461f, 0x461f, 0x461f, 0x461f, 0x461f, 0x461f, 0x461f, 0x461f, 0x461f, 0x4e1f, 0x4e1f, 0x563f,
  0x561f, 0x561f, 0x561f, 0x4e1f, 0x4e1f, 0x4e1f, 0x563f, 0x5e3f, 0x5e5f, 0x5e3f, 0x5e3f, 0x5e3f,
  0x5e3f, 0x5e3f, 0x663f, 0x663e, 0x663d, 0x763c, 0x8ebe, 0xa77f, 0xa77f, 0x86be, 0x661d, 0x5e3f,
  0x5e5f, 0x5e5f, 0x5e5f, 0x5e3f, 0x5e3f, 0x5e3f, 0x5e3f, 0x5e3f, 0x5e3f, 0x5e3f, 0x5e3f, 0x5e3f,
  0x5e3f, 0x5e3f, 0x5e3f, 0x5e3f, 0x5e3f, 0x5e3f, 0x5e3f, 0x5e3f, 0x5e3f, 0x5e3f, 0x5e3f, 0x5e3f,
  0x5e3f, 0x5e3f, 0x5e3f, 0x5e3f, 0x5e3f, 0x5e3f, 0x5e3f, 0x5e3f, 0x5e3f, 0x5e3f, 0x665f, 0x665f,
  0x665f, 0x665f, 0x665f, 0x665f, 0x665f, 0x665f, 0x665f, 0x667f, 0x6e7f, 0x6e7f, 0x6e7f, 0x6e7f,
  0x6e7f, 0x6e7f, 0x6e7f, 0x6e7f, 0x6e7f, 0x6e7f, 0x6e7f, 0x6e7f, 0x6e7f, 0x6e7f, 0x6e7f, 0x6e7f,
  0x6e7f, 0x6e7f, 0x6e7f, 0x6e7f, 0x6e7f, 0x6e7f, 0x6e7f, 0x6e7f, 0x6e7f, 0x6e7f, 0x6e7f, 0x6e7f,
  0x6e7f, 0x6e7f, 0x6e7f, 0x6e7f, 0x6e7f, 0x6e7f, 0x6e7f, 0x6e7f, 0x6e7f, 0x6e7f, 0x6e7f, 0x6e7f,
  0x6e7f, 0x6e7f, 0x6e7f, 0x6e7f, 0x6e7f, 0x6e7f, 0x6e7f, 0x6e7f, 0x6e5f, 0x7e5c, 0x8674, 0x966b,
  0x9e68, 0x9628, 0x8dc6, 0x85c6, 0x8dc6, 0x85a6, 0x8dc6, 0x8dc6, 0x8dc6, 0x8dc6, 0x85c6, 0x85c6,
  0x85c6, 0x85c6, 0x8de6, 0x85c6, 0x85c5, 0x75a4, 0x6d43, 0x6482, 0x5b61, 0x5a81, 0x51c1, 0x61c4,
  0x7a26, 0x8247, 0x8a67, 0x7a05, 0x71a4, 0x69a4, 0x71c5, 0x7a26, 0x79e5, 0x71a4, 0x69a4, 0x69a4,
  0x69a4, 0x71e5, 0x7a26, 0x8246, 0x8267, 0x8246, 0x7a06, 0x71a4, 0x6963, 0x6963, 0x6963, 0x6963,
  0x6963, 0x6162, 0x6162, 0x6963, 0x6983, 0x71a4, 0x6983, 0x6963, 0x6983, 0x6983, 0x7184, 0x7184,
  0x461f, 0x461f, 0x461f, 0x461f, 0x461f, 0x461f, 0x461f, 0x461f, 0x461f, 0x461f, 0x461f, 0x461f,
  0x461f, 0x461f, 0x461f, 0x461f, 0x461f, 0x461f, 0x461f, 0x461f, 0x461f, 0x461f, 0x461f, 0x461f,
  0x461f, 0x461f, 0x461f, 0x461f, 0x4dff, 0x55dd, 0x867d, 0xb79f, 0xcfbf, 0xd79f, 0xd79f, 0xd7bf,
  0xc77f, 0xbf5e, 0xbf5e, 0xb75e, 0xaf9f, 0x977f, 0x669e, 0x4e1e, 0x461f, 0x461f, 0x461f, 0x461f,
  0x461f, 0x461f, 0x461f, 0x461f, 0x461f, 0x461f, 0x461f, 0x461f, 0x461f, 0x4e1f, 0x4e1f, 0x563f,
  0x561f, 0x563f, 0x563f, 0x4e3f, 0x4e3f, 0x4e3f, 0x563f, 0x5e5f, 0x5e3f, 0x5e3f, 0x5e3f, 0x5e3f,
  0x5e3f, 0x5e3f, 0x5e3f, 0x663f, 0x663e, 0x6e3d, 0x7ebe, 0x9f7f, 0x9f7f, 0x86df, 0x661e, 0x5e3f,
  0x5e5f, 0x5e3f, 0x5e3f, 0x5e3f, 0x5e3f, 0x5e3f, 0x5e3f, 0x5e3f, 0x5e3f, 0x5e3f, 0x5e3f, 0x5e3f,
  0x5e3f, 0x5e3f, 0x5e3f, 0x5e3f, 0x5e3f, 0x5e3f, 0x5e3f, 0x5e3f, 0x5e3f, 0x5e3f, 0x5e3f, 0x5e3f,
  0x5e3f, 0x5e3f, 0x5e3f, 0x5e3f, 0x5e3f, 0x5e3f, 0x5e3f, 0x5e3f, 0x5e3f, 0x5e3f, 0x665f, 0x665f,
  0x665f, 0x665f, 0x665f, 0x665f, 0x665f, 0x665f, 0x665f, 0x667f, 0x6e7f, 0x6e7f, 0x6e7f, 0x6e7f,
  0x6e7f, 0x6e7f, 0x6e7f, 0x6e7f, 0x6e7f, 0x6e7f, 0x6e7f, 0x6e7f, 0x6e7f, 0x6e7f, 0x6e7f, 0x6e7f,
  0x6e7f, 0x6e7f, 0x6e7f, 0x6e7f, 0x6e7f, 0x6e7f, 0x6e7f, 0x6e7f, 0x6e7f, 0x6e7f, 0x6e7f, 0x6e7f,
  0x6e7f, 0x6e7f, 0x6e7f, 0x6e7f, 0x6e7f, 0x6e7f, 0x6e7f, 0x6e7f, 0x6e7f, 0x6e7f, 0x6e7f, 0x6e7f,
  0x6e7f, 0x6e7f, 0x6e7f, 0x6e7f, 0x6e7f, 0x6e7f, 0x6e7f, 0x6e7f, 0x6e5f, 0x7e5c, 0x8674, 0x8e6b,
  0x9648, 0x9608, 0x8dc6, 0x85c6, 0x85c6, 0x8dc7, 0x8dc6, 0x8dc6, 0x8dc6, 0x85c6, 0x85c6, 0x85c6,
  0x85a5, 0x85c5, 0x85e6, 0x85e5, 0x7dc5, 0x7584, 0x6d23, 0x6443, 0x5ae1, 0x51c1, 0x61a3, 0x71c5,
  0x7a47, 0x8268, 0x8a67, 0x79e5, 0x71a4, 0x71c4, 0x7a05, 0x8247, 0x7a06, 0x69a4, 0x69a4, 0x6984,
  0x69a4, 0x7205, 0x8246, 0x8267, 0x8267, 0x8246, 0x7a06, 0x71a5, 0x6963, 0x6963, 0x6963, 0x6963,
  0x6963, 0x6963, 0x6963, 0x6983, 0x7184, 0x6983, 0x6963, 0x6963, 0x6963, 0x6983, 0x6983, 0x6983,
  0x461f, 0x461f, 0x461f, 0x461f, 0x461f, 0x461f, 0x461f, 0x461f, 0x461f, 0x461f, 0x461f, 0x461f,
  0x461f, 0x461f, 0x461f, 0x461f, 0x461f, 0x461f, 0x461f, 0x461f, 0x461f, 0x461f, 0x461f, 0x461f,
  0x461f, 0x461f, 0x461f, 0x461f, 0x55fe, 0x65fd, 0x969d, 0xc79f, 0xd7bf, 0xdf7f, 0xdf9f, 0xcfbf,
  0xc77f, 0xbf5e, 0xbf5e, 0xb75f, 0xaf7f, 0x9f7f, 0x6e9f, 0x4e1e, 0x461f, 0x461f, 0x461f, 0x461f,
  0x461f, 0x461f, 0x461f, 0x461f, 0x461f, 0x461f, 0x461f, 0x461f, 0x461f, 0x461f, 0x4e1f, 0x4e1f,
  0x565f, 0x563f, 0x4e1f, 0x563f, 0x565f, 0x4e1f, 0x4e1f, 0x563f, 0x5e5f, 0x5e5f, 0x5e3f, 0x5e3f,
  0x5e3f, 0x5e3f, 0x5e3f, 0x5e3f, 0x5e3f, 0x663e, 0x6e5e, 0x86ff, 0x975f, 0x86df, 0x661e, 0x5e3f,
  0x5e3f, 0x5e3f, 0x5e3f, 0x5e3f, 0x5e3f, 0x5e3f, 0x5e3f, 0x5e3f, 0x5e3f, 0x5e3f, 0x5e3f, 0x5e3f,
  0x5e3f, 0x5e3f, 0x5e3f, 0x5e3f, 0x5e3f, 0x5e3f, 0x5e3f, 0x5e3f, 0x5e3f, 0x5e3f, 0x5e3f, 0x5e3f,
  0x5e3f, 0x5e3f, 0x5e3f, 0x5e3f, 0x5e3f, 0x5e3f, 0x5e3f, 0x5e3f, 0x5e5f, 0x5e3f, 0x5e3f, 0x665f,
  0x667f, 0x665f, 0x5e3f, 0x665f, 0x667f, 0x665f, 0x665f, 0x667f, 0x6e7f, 0x6e7f, 0x6e7f, 0x6e7f,
  0x6e7f, 0x6e7f, 0x6e7f, 0x6e7f, 0x6e7f, 0x6e7f, 0x6e7f, 0x6e7f, 0x6e7f, 0x6e7f, 0x6e7f, 0x6e7f,
  0x6e7f, 0x6e7f, 0x6e7f, 0x6e7f, 0x6e7f, 0x6e7f, 0x6e7f, 0x6e7f, 0x6e7f, 0x6e7f, 0x6e7f, 0x6e7f,
  0x6e7f, 0x6e7f, 0x6e7f, 0x6e7f, 0x6e7f, 0x6e7f, 0x6e7f, 0x6e7f, 0x6e7f, 0x6e7f, 0x6e7f, 0x6e7f,
  0x6e7f, 0x6e7f, 0x6e7f, 0x6e7f, 0x6e7f, 0x6e7f, 0x6e7f, 0x6e7f, 0x6e7f, 0x7e5c, 0x8674, 0x8e4a,
  0x8e07, 0x8dc6, 0x85c6, 0x8dc6, 0x85a6, 0x8da6, 0x8dc6, 0x8da6, 0x8dc6, 0x85c6, 0x85c6, 0x85c6,
  0x7d64, 0x7d84, 0x85e5, 0x7da4, 0x7583, 0x6d63, 0x7524, 0x7424, 0x62c2, 0x61c2, 0x7a06, 0x8247,
  0x8268, 0x8267, 0x8267, 0x79e5, 0x71c4, 0x7a26, 0x8267, 0x8267, 0x7a05, 0x69a4, 0x69a4, 0x69a4,
  0x69a4, 0x7205, 0x8267, 0x8287, 0x8247, 0x71e5, 0x71a4, 0x71a4, 0x7184, 0x7163, 0x6963, 0x6963,
  0x6963, 0x6983, 0x6983, 0x7184, 0x6983, 0x6983, 0x6983, 0x6983, 0x6983, 0x6983, 0x6983, 0x6983,
  0x461f, 0x461f, 0x461f, 0x461f, 0x461f, 0x461f, 0x461f, 0x461f, 0x461f, 0x461f, 0x461f, 0x461f,
  0x461f, 0x461f, 0x461f, 0x461f, 0x461f, 0x461f, 0x461f, 0x461f, 0x461f, 0x461f, 0x45ff, 0x4dff,
  0x461f, 0x461f, 0x461f, 0x45ff, 0x55fe, 0x7e9e, 0xb77f, 0xcfbf, 0xdf9e, 0xdf7f, 0xdf9f, 0xcfbf,
  0xc79f, 0xbf5f, 0xbf5e, 0xbf3f, 0xb77f, 0x9f7f, 0x6e9e, 0x4e1e, 0x461f, 0x461f, 0x461f, 0x461f,
  0x461f, 0x461f, 0x461f, 0x461f, 0x461f, 0x461f, 0x461f, 0x461f, 0x461f, 0x4e1f, 0x4e1f, 0x4e1f,
  0x563f, 0x563f, 0x563f, 0x4e3f, 0x4e3f, 0x4e3f, 0x563f, 0x563f, 0x5e5f, 0x5e3f, 0x5e3f, 0x5e3f,
  0x5e3f, 0x5e3f, 0x5e3f, 0x5e3f, 0x5e3f, 0x5e3f, 0x663e, 0x6e7e, 0x7edf, 0x769f, 0x5e1e, 0x5e3f,
  0x5e3f, 0x5e3f, 0x5e3f, 0x5e3f, 0x5e3f, 0x5e3f, 0x5e3f, 0x5e3f, 0x5e3f, 0x5e3f, 0x5e3f, 0x5e3f,
  0x5e3f, 0x5e3f, 0x5e3f, 0x5e3f, 0x5e3f, 0x5e3f, 0x5e3f, 0x5e3f, 0x5e3f, 0x5e3f, 0x5e3f, 0x5e3f,
  0x5e3f, 0x5e3f, 0x5e3f, 0x5e3f, 0x5e3f, 0x5e3f, 0x5e3f, 0x5e3f, 0x5e3f, 0x5e3f, 0x665f, 0x665f,
  0x665f, 0x665f, 0x665f, 0x665f, 0x665f, 0x665f, 0x665f, 0x667f, 0x6e7f, 0x6e7f, 0x6e7f, 0x6e7f,
  0x6e7f, 0x6e7f, 0x6e7f, 0x6e7f, 0x6e7f, 0x6e7f, 0x6e7f, 0x6e7f, 0x6e7f, 0x6e7f, 0x6e7f, 0x6e7f,
  0x6e7f, 0x6e7f, 0x6e7f, 0x6e7f, 0x6e7f, 0x6e7f, 0x6e7f, 0x6e7f, 0x6e7f, 0x6e7f, 0x6e7f, 0x6e7f,
  0x6e7f, 0x6e7f, 0x6e7f, 0x6e7f, 0x6e7f, 0x6e7f, 0x6e7f, 0x6e7f, 0x6e7f, 0x6e7f, 0x6e7f, 0x6e7f,
  0x6e7f, 0x6e7f, 0x6e7f, 0x6e7f, 0x6e7f, 0x6e7f, 0x6e7f, 0x6e7f, 0x6e7f, 0x7e5c, 0x8674, 0x8e6b,
  0x9627, 0x8de7, 0x8dc6, 0x8dc6, 0x85a6, 0x8dc7, 0x8dc6, 0x8da6, 0x8dc6, 0x85c6, 0x85c6, 0x85c6,
  0x7d84, 0x7da4, 0x85e5, 0x7da4, 0x6d63, 0x6d02, 0x6c83, 0x6362, 0x6222, 0x6983, 0x8207, 0x8267,
  0x7a67, 0x7a67, 0x8287, 0x7a06, 0x71c5, 0x7a26, 0x8267, 0x8267, 0x7a26, 0x7205, 0x7205, 0x71e5,
  0x69c4, 0x7205, 0x8266, 0x8267, 0x7a47, 0x71c5, 0x6984, 0x7184, 0x7184, 0x6963, 0x7184, 0x7184,
  0x6983, 0x6983, 0x69a3, 0x6983, 0x6963, 0x6963, 0x6963, 0x6983, 0x6983, 0x6983, 0x6983, 0x7184,
  0x461f, 0x461f, 0x461f, 0x461f, 0x461f, 0x461f, 0x461f, 0x461f, 0x461f, 0x461f, 0x461f, 0x461f,
  0x461f, 0x461f, 0x461f, 0x461f, 0x461f, 0x461f, 0x461f, 0x461f, 0x461f, 0x461f, 0x4dff, 0x4dff,
  0x461f, 0x461f, 0x461f, 0x461f, 0x55fe, 0x8ede, 0xc7df, 0xd79e, 0xe77d, 0xe77f, 0xdf9f, 0xcfbf,
  0xc7bf, 0xbf7f, 0xbf5e, 0xbf3f, 0xbf5f, 0xa75f, 0x767e, 0x4e1e, 0x461f, 0x461f, 0x461f, 0x461f,
  0x461f, 0x461f, 0x461f, 0x461f, 0x461f, 0x461f, 0x461f, 0x461f, 0x461f, 0x4e1f, 0x4e1f, 0x563f,
  0x4e1f, 0x563f, 0x563f, 0x4e1f, 0x4e1f, 0x4e3f, 0x565f, 0x5e5f, 0x5e3f, 0x5e3f, 0x5e3f, 0x5e3f,
  0x5e3f, 0x5e3f, 0x5e3f, 0x5e3f, 0x563f, 0x5e5f, 0x5e3f, 0x661e, 0x6e5e, 0x6e5e, 0x663f, 0x5e3f,
  0x5e3f, 0x5e3f, 0x5e3f, 0x5e3f, 0x5e3f, 0x5e3f, 0x5e3f, 0x5e3f, 0x5e3f, 0x5e3f, 0x5e3f, 0x5e3f,
  0x5e3f, 0x5e3f, 0x5e3f, 0x5e3f, 0x5e3f, 0x5e3f, 0x5e3f, 0x5e3f, 0x5e3f, 0x5e3f, 0x5e3f, 0x5e3f,
  0x5e3f, 0x5e3f, 0x5e3f, 0x5e3f, 0x5e3f, 0x5e3f, 0x5e3f, 0x5e3f, 0x5e3f, 0x665f, 0x665f, 0x665f,
  0x5e3f, 0x665f, 0x667f, 0x665f, 0x5e3f, 0x665f, 0x665f, 0x667f, 0x6e7f, 0x6e7f, 0x6e7f, 0x6e7f,
  0x6e7f, 0x6e7f, 0x6e7f, 0x6e7f, 0x6e7f, 0x6e7f, 0x6e7f, 0x6e7f, 0x6e7f, 0x6e7f, 0x6e7f, 0x6e7f,
  0x6e7f, 0x6e7f, 0x6e7f, 0x6e7f, 0x6e7f, 0x6e7f, 0x6e7f, 0x6e7f, 0x6e7f, 0x6e7f, 0x6e7f, 0x6e7f,
  0x6e7f, 0x6e7f, 0x6e7f, 0x6e7f, 0x6e7f, 0x6e7f, 0x6e7f, 0x6e7f, 0x6e7f, 0x6e7f, 0x6e7f, 0x6e7f,
  0x6e7f, 0x6e7f, 0x6e7f, 0x6e7f, 0x6e7f, 0x6e7f, 0x6e7f, 0x6e7f, 0x6e7f, 0x7e7c, 0x8674, 0x966b,
  0x9e68, 0x9628, 0x8dc6, 0x85c5, 0x85c6, 0x8dc7, 0x8da6, 0x8da6, 0x8dc6, 0x85c6, 0x85c6, 0x85c6,
  0x85c5, 0x85e5, 0x85e5, 0x75a4, 0x6d62, 0x64a1, 0x5bc2, 0x5260, 0x59a2, 0x7184, 0x8207, 0x8247,
  0x7a87, 0x7a86, 0x7a87, 0x7206, 0x69c5, 0x7a46, 0x8267, 0x8267, 0x8267, 0x8267, 0x8267, 0x7a26,
  0x69c4, 0x7205, 0x8266, 0x8267, 0x7a47, 0x71e5, 0x6984, 0x7184, 0x6963, 0x6963, 0x7183, 0x7184,
  0x6983, 0x6983, 0x6983, 0x6983, 0x6963, 0x6963, 0x6963, 0x6983, 0x6983, 0x6983, 0x7184, 0x7184,
  0x461f, 0x461f, 0x461f, 0x461f, 0x461f, 0x461f, 0x461f, 0x461f, 0x461f, 0x461f, 0x461f, 0x461f,
  0x461f, 0x461f, 0x461f, 0x461f, 0x461f, 0x461f, 0x461f, 0x461f, 0x461f, 0x461f, 0x461f, 0x461f,
  0x461f, 0x461f, 0x461f, 0x461f, 0x55fe, 0x8ede, 0xc7bf, 0xd79e, 0xe77d, 0xe77e, 0xdf9f, 0xcfbf,
  0xcfbf, 0xc79f, 0xc75e, 0xbf3e, 0xbf5f, 0xaf5f, 0x767e, 0x561d, 0x461f, 0x461f, 0x461f, 0x461f,
  0x461f, 0x461f, 0x461f, 0x461f, 0x461f, 0x461f, 0x461f, 0x461f, 0x461f, 0x4e1f, 0x4e1f, 0x561f,
  0x563f, 0x563f, 0x563f, 0x4e3f, 0x4e3f, 0x4e3f, 0x563f, 0x563f, 0x5e5f, 0x5e3f, 0x5e3f, 0x5e3f,
  0x5e3f, 0x5e3f, 0x5e3f, 0x5e3f, 0x565f, 0x565f, 0x5e3f, 0x5e3f, 0x663e, 0x661e, 0x663f, 0x5e3f,
  0x5e3f, 0x5e3f, 0x5e3f, 0x5e3f, 0x5e3f, 0x5e3f, 0x5e3f, 0x5e3f, 0x5e3f, 0x5e3f, 0x5e3f, 0x5e3f,
  0x5e3f, 0x5e3f, 0x5e3f, 0x5e3f, 0x5e3f, 0x5e3f, 0x5e3f, 0x5e3f, 0x5e3f, 0x5e3f, 0x5e3f, 0x5e3f,
  0x5e3f, 0x5e3f, 0x5e3f, 0x5e3f, 0x5e3f, 0x5e3f, 0x5e3f, 0x5e3f, 0x5e3f, 0x665f, 0x665f, 0x665f,
  0x665f, 0x665f, 0x5e5f, 0x665f, 0x665f, 0x663f, 0x665f, 0x667f, 0x6e7f, 0x6e7f, 0x6e7f, 0x6e7f,
  0x6e7f, 0x6e7f, 0x6e7f, 0x6e7f, 0x6e7f, 0x6e7f, 0x6e7f, 0x6e7f, 0x6e7f, 0x6e7f, 0x6e7f, 0x6e7f,
  0x6e7f, 0x6e7f, 0x6e7f, 0x6e7f, 0x6e7f, 0x6e7f, 0x6e7f, 0x6e7f, 0x6e7f, 0x6e7f, 0x6e7f, 0x6e7f,
  0x6e7f, 0x6e7f, 0x6e7f, 0x6e7f, 0x6e7f, 0x6e7f, 0x6e7f, 0x6e7f, 0x6e7f, 0x6e7f, 0x6e7f, 0x6e7f,
  0x6e7f, 0x6e7f, 0x6e7f, 0x6e7f, 0x6e7f, 0x6e7f, 0x6e7f, 0x6e7f, 0x6e7f, 0x7e5c, 0x8674, 0x8e6b,
  0x9627, 0x8de7, 0x8dc6, 0x85c6, 0x85a6, 0x8dc7, 0x8dc7, 0x8da6, 0x8dc6, 0x85c6, 0x85c6, 0x85c6,
  0x85e5, 0x7dc5, 0x75a4, 0x7583, 0x6d42, 0x6481, 0x5ba2, 0x5240, 0x5981, 0x6963, 0x71a5, 0x7205,
  0x7a86, 0x7266, 0x6a05, 0x69c5, 0x69c5, 0x7a46, 0x8266, 0x8267, 0x8287, 0x8267, 0x8267, 0x7a46,
  0x69c4, 0x71e5, 0x8266, 0x8267, 0x8247, 0x71c5, 0x6983, 0x6984, 0x6963, 0x6963, 0x6963, 0x6963,
  0x6983, 0x6983, 0x6983, 0x6983, 0x6983, 0x6963, 0x6963, 0x6983, 0x7184, 0x7184, 0x7184, 0x7184,
  0x461f, 0x461f, 0x461f, 0x461f, 0x461f, 0x461f, 0x461f, 0x461f, 0x461f, 0x461f, 0x461f, 0x461f,
  0x461f, 0x461f, 0x461f, 0x461f, 0x461f, 0x461f, 0x461f, 0x461f, 0x463f, 0x3e3f, 0x3e3f, 0x3e3f,
  0x463f, 0x461f, 0x461f, 0x45fe, 0x561d, 0x8ede, 0xbf9f, 0xd7bf, 0xdf9e, 0xdf9f, 0xdf9f, 0xd79f,
  0xd7bf, 0xcfbf, 0xbf5f, 0xbf3e, 0xbf5f, 0xa75f, 0x767e, 0x4e1e, 0x461f, 0x461f, 0x461f, 0x461f,
  0x461f, 0x461f, 0x461f, 0x461f, 0x461f, 0x461f, 0x461f, 0x461f, 0x461f, 0x461f, 0x4e1f, 0x561f,
  0x563f, 0x563f, 0x563f, 0x4e3f, 0x4e3f, 0x4e1f, 0x561f, 0x563f, 0x5e5f, 0x5e3f, 0x5e3f, 0x5e3f,
  0x5e3f, 0x5e3f, 0x5e3f, 0x5e3f, 0x5e3f, 0x5e5f, 0x5e3f, 0x5e3f, 0x5e3f, 0x5e3f, 0x5e3f, 0x5e3f,
  0x5e3f, 0x5e3f, 0x5e3f, 0x5e3f, 0x5e3f, 0x5e3f, 0x5e3f, 0x5e3f, 0x5e3f, 0x5e3f, 0x5e3f, 0x5e3f,
  0x5e3f, 0x5e3f, 0x5e3f, 0x5e3f, 0x5e3f, 0x5e3f, 0x5e3f, 0x5e3f, 0x5e3f, 0x5e3f, 0x5e3f, 0x5e3f,
  0x5e3f, 0x5e3f, 0x5e3f, 0x5e3f, 0x5e3f, 0x5e3f, 0x5e3f, 0x5e3f, 0x5e3f, 0x5e5f, 0x665f, 0x665f,
  0x667f, 0x665f, 0x665f, 0x665f, 0x665f, 0x663f, 0x665f, 0x667f, 0x6e7f, 0x6e7f, 0x6e7f, 0x6e7f,
  0x6e7f, 0x6e7f, 0x6e7f, 0x6e7f, 0x6e7f, 0x6e7f, 0x6e7f, 0x6e7f, 0x6e7f, 0x6e7f, 0x6e7f, 0x6e7f,
  0x6e7f, 0x6e7f, 0x6e7f, 0x6e7f, 0x6e7f, 0x6e7f, 0x6e7f, 0x6e7f, 0x6e7f, 0x6e7f, 0x6e7f, 0x6e7f,
  0x6e7f, 0x6e7f, 0x6e7f, 0x6e7f, 0x6e7f, 0x6e7f, 0x6e7f, 0x6e7f, 0x6e7f, 0x6e7f, 0x6e7f, 0x6e7f,
  0x6e7f, 0x6e7f, 0x6e7f, 0x6e7f, 0x6e7f, 0x6e7f, 0x6e7f, 0x6e7f, 0x6e5f, 0x7e5b, 0x8674, 0x8e4a,
  0x8e07, 0x8de7, 0x8dc6, 0x8dc6, 0x85a6, 0x8dc7, 0x8dc7, 0x8dc6, 0x8dc6, 0x85c6, 0x85c6, 0x85c6,
  0x85c5, 0x7da5, 0x7584, 0x7584, 0x7563, 0x64a2, 0x5be1, 0x4ac0, 0x5220, 0x61e2, 0x6182, 0x69c4,
  0x7246, 0x7225, 0x69c4, 0x69a4, 0x71e5, 0x7a46, 0x7a67, 0x7a67, 0x8287, 0x8287, 0x7a67, 0x7226,
  0x69c4, 0x7205, 0x7a46, 0x8246, 0x7a26, 0x71c5, 0x6983, 0x6963, 0x6963, 0x6983, 0x6963, 0x6963,
  0x6983, 0x6983, 0x6983, 0x6983, 0x6983, 0x6983, 0x6983, 0x6983, 0x71a4, 0x71a4, 0x7184, 0x6983,
  0x461f, 0x461f, 0x461f, 0x461f, 0x461f, 0x461f, 0x461f, 0x461f, 0x461f, 0x461f, 0x461f, 0x461f,
  0x461f, 0x461f, 0x461f, 0x461f, 0x461f, 0x45ff, 0x461f, 0x461f, 0x3e3f, 0x3e3f, 0x3e3f, 0x3e3f,
  0x461f, 0x45ff, 0x4dfe, 0x4ddd, 0x5dfc, 0x8ebd, 0xb77f, 0xcfbf, 0xd7bf, 0xd79f, 0xdf9f, 0xdf9e,
  0xd79f, 0xcf9f, 0xbf5f, 0xb75e, 0xb75e, 0xa75f, 0x767e, 0x4e1e, 0x461f, 0x461f, 0x461f, 0x461f,
  0x461f, 0x461f, 0x461f, 0x461f, 0x461f, 0x461f, 0x461f, 0x461f, 0x461f, 0x4e1f, 0x4e3f, 0x563f,
  0x561f, 0x563f, 0x563f, 0x4e3f, 0x4e3f, 0x4e3f, 0x563f, 0x5e3f, 0x5e3f, 0x5e3f, 0x5e3f, 0x5e5f,
  0x5e3f, 0x5e3f, 0x5e3f, 0x5e3f, 0x5e3f, 0x5e3f, 0x5e3f, 0x5e3f, 0x5e3f, 0x5e3f, 0x5e3f, 0x5e3f,
  0x5e3f, 0x5e3f, 0x5e3f, 0x5e3f, 0x5e3f, 0x5e3f, 0x5e3f, 0x5e3f, 0x5e3f, 0x5e3f, 0x5e3f, 0x5e3f,
  0x5e3f, 0x5e3f, 0x5e3f, 0x5e3f, 0x5e3f, 0x5e3f, 0x5e3f, 0x5e3f, 0x5e3f, 0x5e3f, 0x5e3f, 0x5e3f,
  0x5e3f, 0x5e3f, 0x5e3f, 0x5e3f, 0x5e3f, 0x5e3f, 0x5e3f, 0x5e3f, 0x5e3f, 0x5e5f, 0x665f, 0x665f,
  0x665f, 0x665f, 0x665f, 0x665f, 0x665f, 0x665f, 0x665f, 0x667f, 0x6e7f, 0x6e7f, 0x6e7f, 0x6e7f,
  0x6e7f, 0x6e7f, 0x6e7f, 0x6e7f, 0x6e7f, 0x6e7f, 0x6e7f, 0x6e7f, 0x6e7f, 0x6e7f, 0x6e7f, 0x6e7f,
  0x6e7f, 0x6e7f, 0x6e7f, 0x6e7f, 0x6e7f, 0x6e7f, 0x6e7f, 0x6e7f, 0x6e7f, 0x6e7f, 0x6e7f, 0x6e7f,
  0x6e7f, 0x6e7f, 0x6e7f, 0x6e7f, 0x6e7f, 0x6e7f, 0x6e7f, 0x6e7f, 0x6e7f, 0x6e7f, 0x6e7f, 0x6e7f,
  0x6e7f, 0x6e7f, 0x6e7f, 0x6e7f, 0x6e7f, 0x6e7f, 0x6e7f, 0x6e7f, 0x6e5f, 0x7e5c, 0x8674, 0x8e4a,
  0x8de6, 0x8dc6, 0x85c6, 0x8dc6, 0x8dc6, 0x8dc7, 0x8dc6, 0x8dc6, 0x8dc6, 0x85c6, 0x85c6, 0x85c6,
  0x85c6, 0x85c5, 0x85a5, 0x85c5, 0x7da5, 0x7524, 0x6ca2, 0x5be1, 0x6382, 0x6b23, 0x5a21, 0x5982,
  0x61c3, 0x69c3, 0x69c4, 0x7205, 0x7a46, 0x7a67, 0x8287, 0x8267, 0x8287, 0x8267, 0x7226, 0x69c4,
  0x61a4, 0x69c4, 0x69e5, 0x71e5, 0x71c5, 0x71a4, 0x6983, 0x6983, 0x7184, 0x7184, 0x6963, 0x6963,
  0x6963, 0x6963, 0x6963, 0x6983, 0x6983, 0x6983, 0x6983, 0x7184, 0x71a4, 0x71a4, 0x7184, 0x7184,
  0x461f, 0x461f, 0x461f, 0x461f, 0x461f, 0x461f, 0x461f, 0x461f, 0x461f, 0x461f, 0x461f, 0x461f,
  0x461f, 0x461f, 0x461f, 0x461f, 0x461f, 0x45ff, 0x461f, 0x461f, 0x463f, 0x463e, 0x4e3e, 0x4e1d,
  0x5e1e, 0x6e5f, 0x769f, 0x7e7e, 0x867d, 0x9efe, 0xbf7f, 0xd79f, 0xd7bf, 0xd79f, 0xd79f, 0xdf9e,
  0xd79f, 0xcf9f, 0xbf5f, 0xb75e, 0xb77e, 0xa75f, 0x767e, 0x4e1e, 0x461f, 0x461f, 0x461f, 0x461f,
  0x461f, 0x461f, 0x461f, 0x461f, 0x461f, 0x461f, 0x461f, 0x461f, 0x461f, 0x4e1f, 0x4e1f, 0x563f,
  0x563f, 0x563f, 0x563f, 0x563f, 0x4e3f, 0x563f, 0x563f, 0x5e5f, 0x5e3f, 0x5e3f, 0x5e5f, 0x5e5f,
  0x5e3f, 0x5e3f, 0x5e3f, 0x5e3f, 0x5e3f, 0x5e3f, 0x5e3f, 0x5e3f, 0x5e3f, 0x5e3f, 0x5e3f, 0x5e3f,
  0x5e3f, 0x5e3f, 0x5e3f, 0x5e3f, 0x5e3f, 0x5e3f, 0x5e3f, 0x5e3f, 0x5e3f, 0x5e3f, 0x5e3f, 0x5e3f,
  0x5e3f, 0x5e3f, 0x5e3f, 0x5e3f, 0x5e3f, 0x5e3f, 0x5e3f, 0x5e3f, 0x5e3f, 0x5e3f, 0x5e3f, 0x5e3f,
  0x5e3f, 0x5e3f, 0x5e3f, 0x5e3f, 0x5e3f, 0x5e3f, 0x5e3f, 0x5e3f, 0x5e3f, 0x5e5f, 0x665f, 0x665f,
  0x665f, 0x665f, 0x665f, 0x665f, 0x665f, 0x665f, 0x665f, 0x667f, 0x6e7f, 0x6e7f, 0x6e7f, 0x6e7f,
  0x6e7f, 0x6e7f, 0x6e7f, 0x6e7f, 0x6e7f, 0x6e7f, 0x6e7f, 0x6e7f, 0x6e7f, 0x6e7f, 0x6e7f, 0x6e7f,
  0x6e7f, 0x6e7f, 0x6e7f, 0x6e7f, 0x6e7f, 0x6e7f, 0x6e7f, 0x6e7f, 0x6e7f, 0x6e7f, 0x6e7f, 0x6e7f,
  0x6e7f, 0x6e7f, 0x6e7f, 0x6e7f, 0x6e7f, 0x6e7f, 0x6e7f, 0x6e7f, 0x6e7f, 0x6e7f, 0x6e7f, 0x6e7f,
  0x6e7f, 0x6e7f, 0x6e7f, 0x6e7f, 0x6e7f, 0x6e7f, 0x6e7f, 0x6e5f, 0x6e5f, 0x7e5c, 0x8674, 0x8e4b,
  0x8e27, 0x8de7, 0x85c6, 0x85c5, 0x8dc7, 0x8dc7, 0x8da6, 0x8dc6, 0x8dc6, 0x85c6, 0x85c6, 0x85c6,
  0x85c6, 0x85c5, 0x85a5, 0x85c5, 0x85c5, 0x7d84, 0x7543, 0x6ca2, 0x6c63, 0x7424, 0x6322, 0x5a81,
  0x6262, 0x6203, 0x61a3, 0x7a25, 0x8267, 0x8267, 0x8287, 0x8267, 0x7a47, 0x7a26, 0x71e5, 0x69a4,
  0x69c5, 0x69c5, 0x69a4, 0x69a4, 0x71a4, 0x7184, 0x7184, 0x7184, 0x71a4, 0x71a4, 0x6983, 0x6963,
  0x6963, 0x6963, 0x6963, 0x6983, 0x6983, 0x6983, 0x7184, 0x7184, 0x7184, 0x7184, 0x7184, 0x7184,
  0x461f, 0x461f, 0x461f, 0x461f, 0x461f, 0x461f, 0x461f, 0x461f, 0x461f, 0x461f, 0x461f, 0x461f,
  0x461f, 0x461f, 0x461f, 0x461f, 0x461f, 0x461f, 0x461f, 0x461f, 0x461f, 0x4e1d, 0x5e3d, 0x661c,
  0x763d, 0x9f1f, 0xaf7f, 0xaf7f, 0xaf3e, 0xb73e, 0xc75e, 0xd79f, 0xd79f, 0xd79f, 0xd79f, 0xdf9e,
  0xd79f, 0xcf9f, 0xbf5f, 0xb75e, 0xb77e, 0xa75f, 0x767e, 0x4e1e, 0x461f, 0x461f, 0x461f, 0x461f,
  0x461f, 0x461f, 0x461f, 0x461f, 0x461f, 0x461f, 0x461f, 0x461f, 0x461f, 0x45ff, 0x4e1f, 0x4e1f,
  0x563f, 0x563f, 0x4e1f, 0x4e3f, 0x4e3f, 0x4e3f, 0x561f, 0x563f, 0x5e5f, 0x5e3f, 0x5e3f, 0x5e3f,
  0x5e3f, 0x5e3f, 0x5e3f, 0x5e3f, 0x5e3f, 0x5e3f, 0x5e3f, 0x5e3f, 0x5e3f, 0x5e3f, 0x5e3f, 0x5e3f,
  0x5e3f, 0x5e3f, 0x5e3f, 0x5e3f, 0x5e3f, 0x5e3f, 0x5e3f, 0x5e3f, 0x5e3f, 0x5e3f, 0x5e3f, 0x5e3f,
  0x5e3f, 0x5e3f, 0x5e3f, 0x5e3f, 0x5e3f, 0x5e3f, 0x5e3f, 0x5e3f, 0x5e3f, 0x5e3f, 0x5e3f, 0x5e3f,
  0x5e3f, 0x5e3f, 0x5e3f, 0x5e3f, 0x5e3f, 0x5e3f, 0x5e3f, 0x5e3f, 0x5e3f, 0x5e5f, 0x665f, 0x665f,
  0x665f, 0x665f, 0x665f, 0x665f, 0x665f, 0x665f, 0x665f, 0x667f, 0x6e7f, 0x6e7f, 0x6e7f, 0x6e7f,
  0x6e7f, 0x6e7f, 0x6e7f, 0x6e7f, 0x6e7f, 0x6e7f, 0x6e7f, 0x6e7f, 0x6e7f, 0x6e7f, 0x6e7f, 0x6e7f,
  0x6e7f, 0x6e7f, 0x6e7f, 0x6e7f, 0x6e7f, 0x6e7f, 0x6e7f, 0x6e7f, 0x6e7f, 0x6e7f, 0x6e7f, 0x6e7f,
  0x6e7f, 0x6e7f, 0x6e7f, 0x6e7f, 0x6e7f, 0x6e7f, 0x6e7f, 0x6e7f, 0x6e7f, 0x6e7f, 0x6e7f, 0x6e7f,
  0x6e7f, 0x6e7f, 0x6e7f, 0x6e7f, 0x6e7f, 0x6e7f, 0x6e7f, 0x6e7f, 0x6e5f, 0x7e5c, 0x8654, 0x966b,
  0x9668, 0x9608, 0x8dc6, 0x85c5, 0x8dc6, 0x8dc7, 0x8dc6, 0x8dc6, 0x8dc6, 0x85c6, 0x85c6, 0x85c6,
  0x85c6, 0x7da5, 0x7d84, 0x7d84, 0x85e5, 0x85c5, 0x7da4, 0x7543, 0x7523, 0x7504, 0x6c42, 0x6bc3,
  0x7364, 0x6aa3, 0x61c2, 0x7205, 0x8267, 0x8267, 0x8267, 0x8267, 0x7a26, 0x71e5, 0x69a4, 0x69c4,
  0x7a26, 0x7a06, 0x69a4, 0x69a4, 0x6984, 0x7184, 0x7184, 0x7184, 0x7184, 0x71a4, 0x71a4, 0x6983,
  0x6963, 0x6963, 0x6963, 0x6963, 0x6963, 0x6983, 0x7184, 0x6983, 0x6983, 0x7184, 0x7184, 0x7184,
  0x461f, 0x461f, 0x461f, 0x461f, 0x461f, 0x461f, 0x461f, 0x461f, 0x461f, 0x461f, 0x461f, 0x461f,
  0x461f, 0x461f, 0x461f, 0x461f, 0x461f, 0x461f, 0x461f, 0x461f, 0x4e1e, 0x5e3d, 0x86bd, 0xa73e,
  0xb75e, 0xc79f, 0xcfbf, 0xcf9f, 0xc79f, 0xc75e, 0xc75e, 0xd79f, 0xd79f, 0xd79f, 0xd79f, 0xdf9e,
  0xd79e, 0xcf9f, 0xbf5f, 0xb75e, 0xb77e, 0xa75f, 0x767e, 0x4e1e, 0x461f, 0x461f, 0x461f, 0x461f,
  0x461f, 0x461f, 0x461f, 0x461f, 0x461f, 0x461f, 0x461f, 0x461f, 0x461f, 0x461f, 0x4e1f, 0x4e1f,
  0x563f, 0x561f, 0x4e1f, 0x4e1f, 0x4e3f, 0x4e1f, 0x561f, 0x563f, 0x5e5f, 0x5e3f, 0x5e3f, 0x5e3f,
  0x5e3f, 0x5e3f, 0x5e3f, 0x5e3f, 0x5e3f, 0x5e3f, 0x5e3f, 0x5e3f, 0x5e3f, 0x5e3f, 0x5e3f, 0x5e3f,
  0x5e3f, 0x5e3f, 0x5e3f, 0x5e3f, 0x5e3f, 0x5e3f, 0x5e3f, 0x5e3f, 0x5e3f, 0x5e3f, 0x5e3f, 0x5e3f,
  0x5e3f, 0x5e3f, 0x5e3f, 0x5e3f, 0x5e3f, 0x5e3f, 0x5e3f, 0x5e3f, 0x5e3f, 0x5e3f, 0x5e3f, 0x5e3f,
  0x5e3f, 0x5e3f, 0x5e3f, 0x5e3f, 0x5e3f, 0x5e3f, 0x5e3f, 0x5e3f, 0x5e3f, 0x5e5f, 0x665f, 0x665f,
  0x665f, 0x665f, 0x665f, 0x665f, 0x665f, 0x665f, 0x665f, 0x667f, 0x6e7f, 0x6e7f, 0x6e7f, 0x6e7f,
  0x6e7f, 0x6e7f, 0x6e7f, 0x6e7f, 0x6e7f, 0x6e7f, 0x6e7f, 0x6e7f, 0x6e7f, 0x6e7f, 0x6e7f, 0x6e7f,
  0x6e7f, 0x6e7f, 0x6e7f, 0x6e7f, 0x6e7f, 0x6e7f, 0x6e7f, 0x6e7f, 0x6e7f, 0x6e7f, 0x6e7f, 0x6e7f,
  0x6e7f, 0x6e7f, 0x6e7f, 0x6e7f, 0x6e7f, 0x6e7f, 0x6e7f, 0x6e7f, 0x6e7f, 0x6e7f, 0x6e7f, 0x6e7f,
  0x6e7f, 0x6e7f, 0x6e7f, 0x6e7f, 0x6e7f, 0x6e7f, 0x6e7f, 0x6e7f, 0x6e7f, 0x7e5c, 0x8653, 0x966b,
  0x9648, 0x8e07, 0x8dc6, 0x85c5, 0x85c6, 0x8dc7, 0x8dc6, 0x8dc6, 0x8dc6, 0x85c6, 0x85c6, 0x85c6,
  0x85a5, 0x7d84, 0x7d84, 0x7da5, 0x85c5, 0x85e5, 0x7de4, 0x75a3, 0x7583, 0x7543, 0x6481, 0x63e2,
  0x6343, 0x6282, 0x59a2, 0x71e5, 0x8247, 0x7a26, 0x7a06, 0x7a06, 0x71e5, 0x69a4, 0x6983, 0x71c5,
  0x7a26, 0x8246, 0x71e5, 0x71c4, 0x6983, 0x6983, 0x6983, 0x6983, 0x6983, 0x6983, 0x7184, 0x6983,
  0x6983, 0x6963, 0x6983, 0x6963, 0x6963, 0x6983, 0x6983, 0x6983, 0x6983, 0x6983, 0x7184, 0x71a4,
  0x461f, 0x461f, 0x461f, 0x461f, 0x461f, 0x461f, 0x461f, 0x461f, 0x461f, 0x461f, 0x461f, 0x461f,
  0x461f, 0x461f, 0x461f, 0x461f, 0x461f, 0x461f, 0x461f, 0x4e1e, 0x4dfd, 0x661c, 0x9f1e, 0xc7bf,
  0xcfbf, 0xd7bf, 0xd79f, 0xd79e, 0xd79e, 0xc75e, 0xc75e, 0xcf9f, 0xcf9f, 0xd79f, 0xd79f, 0xdf9e,
  0xd79f, 0xcf9f, 0xbf5f, 0xb75e, 0xb77e, 0xa75f, 0x767e, 0x4e1e, 0x461f, 0x461f, 0x461f, 0x461f,
  0x461f, 0x461f, 0x461f, 0x461f, 0x461f, 0x461f, 0x461f, 0x461f, 0x461f, 0x4e1f, 0x4e3f, 0x563f,
  0x4e1f, 0x563f, 0x563f, 0x4e1f, 0x4e1f, 0x4e3f, 0x563f, 0x5e3f, 0x5e5f, 0x5e3f, 0x5e3f, 0x5e3f,
  0x5e3f, 0x5e3f, 0x5e3f, 0x5e3f, 0x5e3f, 0x5e3f, 0x5e3f, 0x5e3f, 0x5e3f, 0x5e3f, 0x5e3f, 0x5e3f,
  0x5e3f, 0x5e3f, 0x5e3f, 0x5e3f, 0x5e3f, 0x5e3f, 0x5e3f, 0x5e3f, 0x5e3f, 0x5e3f, 0x5e3f, 0x5e3f,
  0x5e3f, 0x5e3f, 0x5e3f, 0x5e3f, 0x5e3f, 0x5e3f, 0x5e3f, 0x5e3f, 0x5e3f, 0x5e3f, 0x5e3f, 0x5e3f,
  0x5e3f, 0x5e3f, 0x5e3f, 0x5e3f, 0x5e3f, 0x5e3f, 0x5e3f, 0x5e3f, 0x5e3f, 0x5e5f, 0x5e5f, 0x665f,
  0x5e5f, 0x665f, 0x667f, 0x665f, 0x5e3f, 0x665f, 0x665f, 0x667f, 0x6e7f, 0x6e7f, 0x6e7f, 0x6e7f,
  0x6e7f, 0x6e7f, 0x6e7f, 0x6e7f, 0x6e7f, 0x6e7f, 0x6e7f, 0x6e7f, 0x6e7f, 0x6e7f, 0x6e7f, 0x6e7f,
  0x6e7f, 0x6e7f, 0x6e7f, 0x6e7f, 0x6e7f, 0x6e7f, 0x6e7f, 0x6e7f, 0x6e7f, 0x6e7f, 0x6e7f, 0x6e7f,
  0x6e7f, 0x6e7f, 0x6e7f, 0x6e7f, 0x6e7f, 0x6e7f, 0x6e7f, 0x6e7f, 0x6e7f, 0x6e7f, 0x6e7f, 0x6e7f,
  0x6e7f, 0x6e7f, 0x6e7f, 0x6e7f, 0x6e7f, 0x6e7f, 0x6e7f, 0x6e7f, 0x6e5f, 0x7e5c, 0x8674, 0x8e6b,
  0x8e27, 0x8dc7, 0x8dc6, 0x8dc6, 0x8dc6, 0x8dc7, 0x8dc6, 0x8dc6, 0x8dc6, 0x85c6, 0x85c6, 0x85c6,
  0x7d64, 0x7d84, 0x85c5, 0x85c5, 0x85c5, 0x85c5, 0x7dc4, 0x6d63, 0x6d62, 0x6d42, 0x5c81, 0x5bc0,
  0x4aa0, 0x51e1, 0x61c3, 0x79e6, 0x8227, 0x71e5, 0x69a4, 0x71c4, 0x71a4, 0x69a4, 0x6984, 0x71c5,
  0x8246, 0x8267, 0x8247, 0x79e5, 0x6983, 0x6983, 0x6963, 0x6963, 0x6963, 0x6963, 0x6983, 0x6983,
  0x6983, 0x6983, 0x6983, 0x6963, 0x6963, 0x6983, 0x6983, 0x6983, 0x6983, 0x7184, 0x7184, 0x7184,
  0x461f, 0x461f, 0x461f, 0x461f, 0x461f, 0x461f, 0x461f, 0x461f, 0x461f, 0x461f, 0x461f, 0x461f,
  0x461f, 0x4e1f, 0x4e1f, 0x461f, 0x461f, 0x463f, 0x461f, 0x4dfe, 0x5e1d, 0x765d, 0xaf3e, 0xcfbf,
  0xd79f, 0xd77f, 0xdf9e, 0xdf9e, 0xd79e, 0xcf7e, 0xc75e, 0xc75f, 0xcf9f, 0xd7bf, 0xd79f, 0xdf9e,
  0xd79f, 0xcf9f, 0xbf5f, 0xb75f, 0xb77f, 0xa75f, 0x767e, 0x4e1e, 0x461f, 0x461f, 0x461f, 0x461f,
  0x461f, 0x461f, 0x461f, 0x461f, 0x461f, 0x461f, 0x461f, 0x461f, 0x461f, 0x4e1f, 0x4e1f, 0x4e1f,
  0x563f, 0x563f, 0x4e1f, 0x563f, 0x4e3f, 0x4e3f, 0x563f, 0x5e3f, 0x5e5f, 0x5e3f, 0x5e3f, 0x5e3f,
  0x5e3f, 0x5e3f, 0x5e3f, 0x5e3f, 0x5e3f, 0x5e3f, 0x5e3f, 0x5e3f, 0x5e3f, 0x5e3f, 0x5e3f, 0x5e3f,
  0x5e3f, 0x5e3f, 0x5e3f, 0x5e3f, 0x5e3f, 0x5e3f, 0x5e3f, 0x5e3f, 0x5e3f, 0x5e3f, 0x5e3f, 0x5e3f,
  0x5e3f, 0x5e3f, 0x5e3f, 0x5e3f, 0x5e3f, 0x5e3f, 0x5e3f, 0x5e3f, 0x5e3f, 0x5e3f, 0x5e3f, 0x5e3f,
  0x5e3f, 0x5e3f, 0x5e3f, 0x5e3f, 0x5e3f, 0x5e3f, 0x5e3f, 0x5e3f, 0x5e3f, 0x5e5f, 0x5e5f, 0x5e5f,
  0x665f, 0x665f, 0x665f, 0x665f, 0x665f, 0x665f, 0x665f, 0x667f, 0x6e7f, 0x6e7f, 0x6e7f, 0x6e7f,
  0x6e7f, 0x6e7f, 0x6e7f, 0x6e7f, 0x6e7f, 0x6e7f, 0x6e7f, 0x6e7f, 0x6e7f, 0x6e7f, 0x6e7f, 0x6e7f,
  0x6e7f, 0x6e7f, 0x6e7f, 0x6e7f, 0x6e7f, 0x6e7f, 0x6e7f, 0x6e7f, 0x6e7f, 0x6e7f, 0x6e7f, 0x6e7f,
  0x6e7f, 0x6e7f, 0x6e7f, 0x6e7f, 0x6e7f, 0x6e7f, 0x6e7f, 0x6e7f, 0x6e7f, 0x6e7f, 0x6e7f, 0x6e7f,
  0x6e7f, 0x6e7f, 0x6e7f, 0x6e7f, 0x6e7f, 0x6e7f, 0x6e7f, 0x6e7f, 0x6e5f, 0x7e5c, 0x8674, 0x8e6b,
  0x9628, 0x8de7, 0x85c6, 0x85c6, 0x8dc6, 0x8dc7, 0x8da6, 0x8dc6, 0x8dc6, 0x85c6, 0x85c6, 0x85c6,
  0x7d85, 0x85a5, 0x85e6, 0x85e6, 0x85c5, 0x7d85, 0x7564, 0x64e2, 0x64c1, 0x6cc2, 0x6442, 0x63a2,
  0x4a60, 0x51c2, 0x69a4, 0x79a6, 0x79c6, 0x69a4, 0x71a4, 0x7a05, 0x7a06, 0x7a06, 0x71c5, 0x71c5,
  0x8226, 0x8267, 0x8267, 0x7a06, 0x6983, 0x6983, 0x6963, 0x6963, 0x6963, 0x6963, 0x6963, 0x6963,
  0x6963, 0x6983, 0x6983, 0x6963, 0x6963, 0x6983, 0x71a4, 0x6983, 0x7184, 0x7184, 0x7184, 0x7184,
  0x461f, 0x461f, 0x461f, 0x461f, 0x461f, 0x461f, 0x461f, 0x461f, 0x461f, 0x461f, 0x461f, 0x461f,
  0x461f, 0x4dff, 0x4dff, 0x461f, 0x3e1f, 0x3e3f, 0x463f, 0x4e1e, 0x6e5e, 0x971f, 0xbf9f, 0xd7bf,
  0xdf9f, 0xdf7f, 0xdf9f, 0xdf9f, 0xd7bf, 0xcfbf, 0xc77f, 0xc75f, 0xcf7f, 0xd7bf, 0xd79f, 0xdf9e,
  0xd79f, 0xcf9f, 0xbf5f, 0xb75e, 0xb77f, 0xa75f, 0x767e, 0x4e1e, 0x461f, 0x461f, 0x461f, 0x461f,
  0x461f, 0x461f, 0x461f, 0x461f, 0x461f, 0x461f, 0x461f, 0x461f, 0x461f, 0x4e1f, 0x4e1f, 0x4e1f,
  0x563f, 0x563f, 0x4e1f, 0x563f, 0x4e3f, 0x4e3f, 0x563f, 0x5e5f, 0x5e5f, 0x5e3f, 0x5e3f, 0x5e3f,
  0x5e3f, 0x5e3f, 0x5e3f, 0x5e3f, 0x5e3f, 0x5e3f, 0x5e3f, 0x5e3f, 0x5e3f, 0x5e3f, 0x5e3f, 0x5e3f,
  0x5e3f, 0x5e3f, 0x5e3f, 0x5e3f, 0x5e3f, 0x5e3f, 0x5e3f, 0x5e3f, 0x5e3f, 0x5e3f, 0x5e3f, 0x5e3f,
  0x5e3f, 0x5e3f, 0x5e3f, 0x5e3f, 0x5e3f, 0x5e3f, 0x5e3f, 0x5e3f, 0x5e3f, 0x5e3f, 0x5e3f, 0x5e3f,
  0x5e3f, 0x5e3f, 0x5e3f, 0x5e3f, 0x5e3f, 0x5e3f, 0x5e3f, 0x5e3f, 0x5e3f, 0x5e3f, 0x5e5f, 0x5e5f,
  0x667f, 0x665f, 0x5e3f, 0x665f, 0x667f, 0x665f, 0x665f, 0x667f, 0x6e7f, 0x6e7f, 0x6e7f, 0x6e7f,
  0x6e7f, 0x6e7f, 0x6e7f, 0x6e7f, 0x6e7f, 0x6e7f, 0x6e7f, 0x6e7f, 0x6e7f, 0x6e7f, 0x6e7f, 0x6e7f,
  0x6e7f, 0x6e7f, 0x6e7f, 0x6e7f, 0x6e7f, 0x6e7f, 0x6e7f, 0x6e7f, 0x6e7f, 0x6e7f, 0x6e7f, 0x6e7f,
  0x6e7f, 0x6e7f, 0x6e7f, 0x6e7f, 0x6e7f, 0x6e7f, 0x6e7f, 0x6e7f, 0x6e7f, 0x6e7f, 0x6e7f, 0x6e7f,
  0x6e7f, 0x6e7f, 0x6e7f, 0x6e7f, 0x6e7f, 0x6e7f, 0x6e7f, 0x6e7f, 0x6e5f, 0x7e5c, 0x8674, 0x966b,
  0x9668, 0x9628, 0x8dc6, 0x85c5, 0x85c6, 0x8dc7, 0x8da6, 0x8dc6, 0x8dc6, 0x85c6, 0x85c6, 0x85c6,
  0x85c6, 0x85c5, 0x85e6, 0x85c5, 0x85c5, 0x7d64, 0x6d03, 0x5c61, 0x5c01, 0x5be1, 0x63a2, 0x6323,
  0x5a21, 0x61a3, 0x71a5, 0x71a6, 0x71c6, 0x71c5, 0x7a06, 0x8247, 0x8247, 0x7a26, 0x71e5, 0x71c5,
  0x8226, 0x8267, 0x8247, 0x7a06, 0x6983, 0x6983, 0x6983, 0x6963, 0x6963, 0x6943, 0x6963, 0x6963,
  0x6963, 0x6983, 0x6983, 0x6963, 0x6963, 0x7184, 0x71a4, 0x6983, 0x7184, 0x7184, 0x7184, 0x7184,
  0x461f, 0x461f, 0x461f, 0x461f, 0x461f, 0x461f, 0x461f, 0x461f, 0x461f, 0x461f, 0x461f, 0x461f,
  0x461f, 0x4dff, 0x4dff, 0x461f, 0x463f, 0x3e3f, 0x463f, 0x4dfd, 0x765d, 0xaf7f, 0xcfdf, 0xd7bf,
  0xdfbf, 0xdf9f, 0xdf9f, 0xd79f, 0xd7bf, 0xcfdf, 0xcfbf, 0xc77f, 0xcf7f, 0xcf7f, 0xd79f, 0xdf9e,
  0xd79f, 0xcfbf, 0xbf7f, 0xb75e, 0xb77e, 0xa75f, 0x769e, 0x4e1e, 0x461f, 0x461f, 0x461f, 0x461f,
  0x461f, 0x461f, 0x461f, 0x461f, 0x461f, 0x461f, 0x461f, 0x461f, 0x461f, 0x4e1f, 0x4e1f, 0x563f,
  0x4e1e, 0x563f, 0x563f, 0x4e1f, 0x4e1f, 0x563f, 0x563f, 0x5e5f, 0x5e5f, 0x5e3f, 0x5e3f, 0x5e3f,
  0x5e3f, 0x5e3f, 0x5e3f, 0x5e3f, 0x5e3f, 0x5e3f, 0x5e3f, 0x5e3f, 0x5e3f, 0x5e3f, 0x5e3f, 0x5e3f,
  0x5e3f, 0x5e3f, 0x5e3f, 0x5e3f, 0x5e3f, 0x5e3f, 0x5e3f, 0x5e3f, 0x5e3f, 0x5e3f, 0x5e3f, 0x5e3f,
  0x5e3f, 0x5e3f, 0x5e3f, 0x5e3f, 0x5e3f, 0x5e3f, 0x5e3f, 0x5e3f, 0x5e3f, 0x5e3f, 0x5e3f, 0x5e3f,
  0x5e3f, 0x5e3f, 0x5e3f, 0x5e3f, 0x5e3f, 0x5e3f, 0x5e3f, 0x5e3f, 0x5e3f, 0x5e3f, 0x665f, 0x665f,
  0x5e5f, 0x665f, 0x665f, 0x665f, 0x665f, 0x665f, 0x665f, 0x667f, 0x6e7f, 0x6e7f, 0x6e7f, 0x6e7f,
  0x6e7f, 0x6e7f, 0x6e7f, 0x6e7f, 0x6e7f, 0x6e7f, 0x6e7f, 0x6e7f, 0x6e7f, 0x6e7f, 0x6e7f, 0x6e7f,
  0x6e7f, 0x6e7f, 0x6e7f, 0x6e7f, 0x6e7f, 0x6e7f, 0x6e7f, 0x6e7f, 0x6e7f, 0x6e7f, 0x6e7f, 0x6e7f,
  0x6e7f, 0x6e7f, 0x6e7f, 0x6e7f, 0x6e7f, 0x6e7f, 0x6e7f, 0x6e7f, 0x6e7f, 0x6e7f, 0x6e7f, 0x6e7f,
  0x6e7f, 0x6e7f, 0x6e7f, 0x6e7f, 0x6e7f, 0x6e7f, 0x6e7f, 0x6e7f, 0x6e7f, 0x7e5c, 0x8674, 0x8e6b,
  0x9668, 0x9628, 0x8dc6, 0x85c5, 0x85a6, 0x8dc7, 0x8da6, 0x8dc6, 0x8dc6, 0x85c6, 0x85c6, 0x85c6,
  0x85c6, 0x85c5, 0x85e6, 0x85c5, 0x85c5, 0x7d64, 0x6d03, 0x6442, 0x5360, 0x52c1, 0x5a62, 0x6222,
  0x59a2, 0x69c4, 0x7a26, 0x8227, 0x8227, 0x7a26, 0x8247, 0x8247, 0x7a26, 0x71e5, 0x69a4, 0x71e5,
  0x8247, 0x8267, 0x8267, 0x7a06, 0x6984, 0x6983, 0x6983, 0x6963, 0x6963, 0x6943, 0x6963, 0x6963,
  0x6963, 0x6983, 0x6983, 0x6983, 0x6983, 0x7184, 0x7184, 0x6983, 0x7184, 0x7184, 0x7184, 0x7184,
  0x461f, 0x461f, 0x461f, 0x461f, 0x461f, 0x461f, 0x461f, 0x461f, 0x461f, 0x461f, 0x461f, 0x461f,
  0x461f, 0x4dff, 0x4dff, 0x461f, 0x463f, 0x3e3f, 0x463f, 0x4dfd, 0x765d, 0xb77f, 0xcfbf, 0xd79f,
  0xdf9f, 0xdf9f, 0xdf9f, 0xd79f, 0xcfbf, 0xcfbf, 0xd7df, 0xd79f, 0xcf7f, 0xcf7f, 0xd79f, 0xdf7e,
  0xd79e, 0xcfbf, 0xbf7f, 0xb75f, 0xb77e, 0xa75f, 0x769e, 0x4e1e, 0x461f, 0x461f, 0x461f, 0x461f,
  0x461f, 0x461f, 0x461f, 0x461f, 0x461f, 0x461f, 0x461f, 0x461f, 0x461f, 0x4e1f, 0x4e1f, 0x561f,
  0x561f, 0x563f, 0x563f, 0x4e1f, 0x4e3f, 0x563f, 0x563f, 0x5e5f, 0x5e5f, 0x5e3f, 0x5e3f, 0x5e3f,
  0x5e3f, 0x5e3f, 0x5e3f, 0x5e3f, 0x5e3f, 0x5e3f, 0x5e3f, 0x5e3f, 0x5e3f, 0x5e3f, 0x5e3f, 0x5e3f,
  0x5e3f, 0x5e3f, 0x5e3f, 0x5e3f, 0x5e3f, 0x5e3f, 0x5e3f, 0x5e3f, 0x5e3f, 0x5e3f, 0x5e3f, 0x5e3f,
  0x5e3f, 0x5e3f, 0x5e3f, 0x5e3f, 0x5e3f, 0x5e3f, 0x5e3f, 0x5e3f, 0x5e3f, 0x5e3f, 0x5e3f, 0x5e3f,
  0x5e3f, 0x5e3f, 0x5e3f, 0x5e3f, 0x5e3f, 0x5e3f, 0x5e3f, 0x5e3f, 0x5e3f, 0x5e3f, 0x665f, 0x665f,
  0x5e5f, 0x665f, 0x665f, 0x665f, 0x663f, 0x665f, 0x665f, 0x667f, 0x6e7f, 0x6e7f, 0x6e7f, 0x6e7f,
  0x6e7f, 0x6e7f, 0x6e7f, 0x6e7f, 0x6e7f, 0x6e7f, 0x6e7f, 0x6e7f, 0x6e7f, 0x6e7f, 0x6e7f, 0x6e7f,
  0x6e7f, 0x6e7f, 0x6e7f, 0x6e7f, 0x6e7f, 0x6e7f, 0x6e7f, 0x6e7f, 0x6e7f, 0x6e7f, 0x6e7f, 0x6e7f,
  0x6e7f, 0x6e7f, 0x6e7f, 0x6e7f, 0x6e7f, 0x6e7f, 0x6e7f, 0x6e7f, 0x6e7f, 0x6e7f, 0x6e7f, 0x6e7f,
  0x6e7f, 0x6e7f, 0x6e7f, 0x6e7f, 0x6e7f, 0x6e7f, 0x6e7f, 0x6e7f, 0x6e5f, 0x7e5c, 0x8674, 0x8e6b,
  0x9648, 0x9607, 0x8dc6, 0x85c6, 0x85a6, 0x8dc6, 0x8da6, 0x8dc6, 0x8dc6, 0x85c6, 0x85c6, 0x85c6,
  0x85a5, 0x85a5, 0x85c5, 0x85c5, 0x85c5, 0x7564, 0x6d02, 0x6422, 0x5301, 0x49e0, 0x5982, 0x6164,
  0x6985, 0x7a06, 0x8267, 0x8287, 0x8287, 0x8287, 0x8267, 0x8267, 0x7a26, 0x71e5, 0x69e5, 0x7205,
  0x7a46, 0x7a67, 0x8267, 0x7a06, 0x6984, 0x6983, 0x6983, 0x6963, 0x6963, 0x6963, 0x6963, 0x6963,
  0x6983, 0x7184, 0x7184, 0x6983, 0x6983, 0x7184, 0x7184, 0x7183, 0x7184, 0x7184, 0x7184, 0x7184,
  0x461f, 0x461f, 0x461f, 0x461f, 0x461f, 0x461f, 0x461f, 0x461f, 0x461f, 0x461f, 0x461f, 0x461f,
  0x461f, 0x4dff, 0x4dff, 0x4e1f, 0x3e1f, 0x3e3f, 0x463f, 0x4dfd, 0x7e5d, 0xb75f, 0xd7bf, 0xdf7f,
  0xdf7f, 0xdf7f, 0xdf9f, 0xd79f, 0xcfbf, 0xd7bf, 0xd7bf, 0xd79f, 0xd79e, 0xd79f, 0xd77e, 0xd75d,
  0xcf5e, 0xcfbf, 0xc79f, 0xbf7f, 0xb75e, 0xa75f, 0x769e, 0x4e1e, 0x461f, 0x461f, 0x461f, 0x461f,
  0x461f, 0x461f, 0x461f, 0x461f, 0x461f, 0x461f, 0x461f, 0x461f, 0x461f, 0x4e1f, 0x4e1f, 0x4e1f,
  0x563f, 0x561f, 0x4e1f, 0x563f, 0x565f, 0x4e1f, 0x561f, 0x5e3f, 0x5e5f, 0x5e5f, 0x5e3f, 0x5e3f,
  0x5e3f, 0x5e3f, 0x5e3f, 0x5e3f, 0x5e3f, 0x5e3f, 0x5e3f, 0x5e3f, 0x5e3f, 0x5e3f, 0x5e3f, 0x5e3f,
  0x5e3f, 0x5e3f, 0x5e3f, 0x5e3f, 0x5e3f, 0x5e3f, 0x5e3f, 0x5e3f, 0x5e3f, 0x5e3f, 0x5e3f, 0x5e3f,
  0x5e3f, 0x5e3f, 0x5e3f, 0x5e3f, 0x5e3f, 0x5e3f, 0x5e3f, 0x5e3f, 0x5e3f, 0x5e3f, 0x5e3f, 0x5e3f,
  0x5e3f, 0x5e3f, 0x5e3f, 0x5e3f, 0x5e3f, 0x5e3f, 0x5e3f, 0x5e3f, 0x5e3f, 0x5e5f, 0x5e5f, 0x5e5f,
  0x667f, 0x665f, 0x5e3f, 0x665f, 0x665f, 0x665f, 0x665f, 0x667f, 0x6e7f, 0x6e7f, 0x6e7f, 0x6e7f,
  0x6e7f, 0x6e7f, 0x6e7f, 0x6e7f, 0x6e7f, 0x6e7f, 0x6e7f, 0x6e7f, 0x6e7f, 0x6e7f, 0x6e7f, 0x6e7f,
  0x6e7f, 0x6e7f, 0x6e7f, 0x6e7f, 0x6e7f, 0x6e7f, 0x6e7f, 0x6e7f, 0x6e7f, 0x6e7f, 0x6e7f, 0x6e7f,
  0x6e7f, 0x6e7f, 0x6e7f, 0x6e7f, 0x6e7f, 0x6e7f, 0x6e7f, 0x6e7f, 0x6e7f, 0x6e7f, 0x6e7f, 0x6e7f,
  0x6e7f, 0x6e7f, 0x6e7f, 0x6e7f, 0x6e7f, 0x6e7f, 0x6e7f, 0x6e7f, 0x6e5f, 0x7e5b, 0x8674, 0x8e4b,
  0x8e07, 0x8de7, 0x8dc6, 0x8dc6, 0x85c6, 0x8dc6, 0x8da6, 0x8dc6, 0x8dc6, 0x85c6, 0x85c6, 0x85c6,
  0x7d64, 0x7d85, 0x85c5, 0x85c5, 0x85c5, 0x7583, 0x6d02, 0x6442, 0x5b02, 0x51e2, 0x6184, 0x71a6,
  0x8208, 0x8248, 0x8287, 0x7aa6, 0x7a86, 0x8267, 0x8267, 0x8267, 0x7a67, 0x7a67, 0x7a47, 0x7a26,
  0x69e5, 0x7205, 0x7a47, 0x7a05, 0x6984, 0x7184, 0x6983, 0x6983, 0x6983, 0x6983, 0x6963, 0x6963,
  0x6983, 0x6983, 0x6983, 0x7184, 0x7184, 0x7184, 0x7184, 0x7184, 0x7184, 0x7184, 0x7184, 0x7184,
  0x461f, 0x461f, 0x461f, 0x461f, 0x461f, 0x461f, 0x461f, 0x461f, 0x461f, 0x461f, 0x461f, 0x461f,
  0x461f, 0x461f, 0x461f, 0x461f, 0x461f, 0x3e3f, 0x463f, 0x4dfd, 0x765d, 0xb75f, 0xd7bf, 0xdf9f,
  0xdf7f, 0xdf7f, 0xdf9f, 0xd79f, 0xd79f, 0xd79f, 0xd79f, 0xdf9f, 0xdf9f, 0xd79f, 0xd77f, 0xd73e,
  0xd75e, 0xcfbf, 0xc7bf, 0xbf7f, 0xb75f, 0xa75f, 0x767e, 0x4e1e, 0x461f, 0x461f, 0x461f, 0x461f,
  0x461f, 0x461f, 0x461f, 0x461f, 0x461f, 0x461f, 0x461f, 0x461f, 0x461f, 0x4e1f, 0x4e1f, 0x4e1f,
  0x563f, 0x563f, 0x563f, 0x4e3f, 0x4e3f, 0x4e1f, 0x561f, 0x5e3f, 0x5e5f, 0x5e3f, 0x5e3f, 0x5e3f,
  0x5e3f, 0x5e3f, 0x5e3f, 0x5e3f, 0x5e3f, 0x5e5f, 0x5e5f, 0x5e3f, 0x5e3f, 0x5e3f, 0x5e3f, 0x5e3f,
  0x5e3f, 0x5e3f, 0x5e3f, 0x5e3f, 0x5e3f, 0x5e3f, 0x5e3f, 0x5e3f, 0x5e3f, 0x5e3f, 0x5e3f, 0x5e3f,
  0x5e3f, 0x5e3f, 0x5e3f, 0x5e3f, 0x5e3f, 0x5e3f, 0x5e3f, 0x5e3f, 0x5e3f, 0x5e3f, 0x5e3f, 0x5e3f,
  0x5e3f, 0x5e3f, 0x5e3f, 0x5e3f, 0x5e3f, 0x5e3f, 0x5e3f, 0x5e3f, 0x5e3f, 0x5e5f, 0x665f, 0x665f,
  0x665f, 0x665f, 0x665f, 0x665f, 0x665f, 0x665f, 0x665f, 0x667f, 0x6e7f, 0x6e7f, 0x6e7f, 0x6e7f,
  0x6e7f, 0x6e7f, 0x6e7f, 0x6e7f, 0x6e7f, 0x6e7f, 0x6e7f, 0x6e7f, 0x6e7f, 0x6e7f, 0x6e7f, 0x6e7f,
  0x6e7f, 0x6e7f, 0x6e7f, 0x6e7f, 0x6e7f, 0x6e7f, 0x6e7f, 0x6e7f, 0x6e7f, 0x6e7f, 0x6e7f, 0x6e7f,
  0x6e7f, 0x6e7f, 0x6e7f, 0x6e7f, 0x6e7f, 0x6e7f, 0x6e7f, 0x6e7f, 0x6e7f, 0x6e7f, 0x6e7f, 0x6e7f,
  0x6e7f, 0x6e7f, 0x6e7f, 0x6e7f, 0x6e7f, 0x6e7f, 0x6e7f, 0x6e7f, 0x6e5f, 0x7e3b, 0x8674, 0x8e4a,
  0x8de6, 0x8dc7, 0x8de7, 0x8de6, 0x85c6, 0x8dc7, 0x8da6, 0x8dc6, 0x8dc6, 0x85c6, 0x85c6, 0x85c6,
  0x7d85, 0x85a5, 0x85c5, 0x85c5, 0x7da5, 0x7543, 0x6cc2, 0x6c23, 0x62e2, 0x59c1, 0x69c5, 0x7a07,
  0x8248, 0x8268, 0x8267, 0x8286, 0x8266, 0x8267, 0x7a47, 0x7a26, 0x7a47, 0x8267, 0x8247, 0x7a26,
  0x69c4, 0x71e5, 0x7a46, 0x7a26, 0x79e5, 0x71a4, 0x7184, 0x7184, 0x6983, 0x6983, 0x6963, 0x6963,
  0x6983, 0x6983, 0x6983, 0x7184, 0x7184, 0x6983, 0x6983, 0x7184, 0x6983, 0x6983, 0x6983, 0x7184,
  0x461f, 0x461f, 0x461f, 0x461f, 0x461f, 0x461f, 0x461f, 0x461f, 0x461f, 0x461f, 0x461f, 0x4dff,
  0x461f, 0x463f, 0x463f, 0x461f, 0x45ff, 0x461f, 0x463f, 0x4dfd, 0x765d, 0xb75f, 0xd7bf, 0xd79f,
  0xd79f, 0xd79f, 0xd79f, 0xd79f, 0xd79f, 0xdf9f, 0xdf9f, 0xdf9f, 0xdf9f, 0xd79f, 0xdf7f, 0xdf7f,
  0xdf7f, 0xd79f, 0xcfbf, 0xc77f, 0xbf5f, 0xaf5f, 0x767e, 0x4e1e, 0x461f, 0x461f, 0x461f, 0x461f,
  0x461f, 0x461f, 0x461f, 0x461f, 0x461f, 0x461f, 0x461f, 0x461f, 0x461f, 0x4e1f, 0x4e3f, 0x563f,
  0x4e1e, 0x563f, 0x563f, 0x4e1f, 0x4e1f, 0x4e3f, 0x563f, 0x5e3f, 0x5e3f, 0x5e3f, 0x5e3f, 0x5e5f,
  0x5e3f, 0x5e3f, 0x5e3f, 0x5e3f, 0x5e3f, 0x565f, 0x565f, 0x5e3f, 0x5e3f, 0x5e3f, 0x5e3f, 0x5e3f,
  0x5e3f, 0x565f, 0x565f, 0x5e5f, 0x5e3f, 0x5e3f, 0x5e3f, 0x5e3f, 0x5e3f, 0x5e3f, 0x5e3f, 0x5e3f,
  0x5e3f, 0x5e3f, 0x5e3f, 0x5e3f, 0x5e3f, 0x5e3f, 0x5e3f, 0x5e3f, 0x5e3f, 0x5e3f, 0x5e3f, 0x5e3f,
  0x5e3f, 0x5e3f, 0x5e3f, 0x5e3f, 0x5e3f, 0x5e3f, 0x5e3f, 0x5e3f, 0x5e3f, 0x5e5f, 0x667f, 0x667f,
  0x5e5f, 0x665f, 0x667f, 0x665f, 0x665f, 0x665f, 0x667f, 0x6e7f, 0x6e7f, 0x6e7f, 0x6e7f, 0x6e7f,
  0x6e7f, 0x6e7f, 0x6e7f, 0x6e7f, 0x6e7f, 0x6e7f, 0x6e7f, 0x6e7f, 0x6e7f, 0x6e7f, 0x6e7f, 0x6e7f,
  0x6e7f, 0x6e7f, 0x6e7f, 0x6e7f, 0x6e7f, 0x6e7f, 0x6e7f, 0x6e7f, 0x6e7f, 0x6e7f, 0x6e7f, 0x6e7f,
  0x6e7f, 0x6e7f, 0x6e7f, 0x6e7f, 0x6e7f, 0x6e7f, 0x6e7f, 0x6e7f, 0x6e7f, 0x6e7f, 0x6e7f, 0x6e7f,
  0x6e7f, 0x6e7f, 0x6e7f, 0x6e7f, 0x6e7f, 0x6e7f, 0x6e7f, 0x6e7f, 0x6e5f, 0x7e5b, 0x8674, 0x8e4b,
  0x8e07, 0x8de7, 0x9628, 0x8e06, 0x85c6, 0x8dc7, 0x8dc7, 0x8dc6, 0x8dc6, 0x85c6, 0x85c6, 0x85c6,
  0x85c6, 0x85c6, 0x85a5, 0x7d64, 0x7544, 0x6461, 0x63e1, 0x73a3, 0x62a2, 0x59c1, 0x7246, 0x7a88,
  0x7a88, 0x7a68, 0x8247, 0x8a47, 0x8a67, 0x8a67, 0x7a26, 0x71a4, 0x7a06, 0x8226, 0x71e5, 0x69a4,
  0x69a4, 0x71e5, 0x8226, 0x8247, 0x8226, 0x79c5, 0x6983, 0x71a4, 0x6983, 0x6963, 0x6983, 0x6983,
  0x6983, 0x6963, 0x6963, 0x6983, 0x6983, 0x7184, 0x7184, 0x6983, 0x6983, 0x6963, 0x6983, 0x7184,
  0x461f, 0x461f, 0x461f, 0x461f, 0x461f, 0x461f, 0x461f, 0x461f, 0x461f, 0x461f, 0x461f, 0x4dff,
  0x461f, 0x3e3f, 0x3e3f, 0x461f, 0x4dff, 0x461f, 0x461f, 0x4dfd, 0x765d, 0xb75f, 0xd7bf, 0xd79f,
  0xd79f, 0xd79f, 0xd79f, 0xd79f, 0xd79f, 0xd79f, 0xd79f, 0xdf9f, 0xd79f, 0xd79f, 0xdf9f, 0xdf7f,
  0xd77f, 0xcf9f, 0xcfbf, 0xc77f, 0xbf5f, 0xaf3f, 0x767e, 0x4e1e, 0x461f, 0x461f, 0x461f, 0x461f,
  0x461f, 0x461f, 0x461f, 0x461f, 0x461f, 0x461f, 0x461f, 0x461f, 0x461f, 0x461f, 0x4e3f, 0x563f,
  0x563f, 0x563f, 0x4e1f, 0x4e1f, 0x4e3f, 0x4e3f, 0x561f, 0x563f, 0x5e5f, 0x5e3f, 0x5e3f, 0x5e3f,
  0x5e3f, 0x5e3f, 0x5e3f, 0x5e3f, 0x5e3f, 0x5e3f, 0x5e3f, 0x5e3f, 0x5e3f, 0x5e3f, 0x5e3f, 0x5e3f,
  0x5e3f, 0x5e3f, 0x5e3f, 0x5e3f, 0x5e3f, 0x5e3f, 0x5e3f, 0x5e3f, 0x5e3f, 0x5e3f, 0x5e3f, 0x5e3f,
  0x5e3f, 0x5e3f, 0x5e3f, 0x5e3f, 0x5e3f, 0x5e3f, 0x5e3f, 0x5e3f, 0x5e3f, 0x5e3f, 0x5e3f, 0x5e3f,
  0x5e3f, 0x5e3f, 0x5e3f, 0x5e3f, 0x5e3f, 0x5e3f, 0x5e3f, 0x5e3f, 0x5e3f, 0x5e3f, 0x5e5f, 0x665f,
  0x667f, 0x665f, 0x665f, 0x665f, 0x665f, 0x665f, 0x665f, 0x6e7f, 0x6e7f, 0x6e7f, 0x6e7f, 0x6e7f,
  0x6e7f, 0x6e7f, 0x6e7f, 0x6e7f, 0x6e7f, 0x6e7f, 0x6e7f, 0x6e7f, 0x6e7f, 0x6e7f, 0x6e7f, 0x6e7f,
  0x6e7f, 0x6e7f, 0x6e7f, 0x6e7f, 0x6e7f, 0x6e7f, 0x6e7f, 0x6e7f, 0x6e7f, 0x6e7f, 0x6e7f, 0x6e7f,
  0x6e7f, 0x6e7f, 0x6e7f, 0x6e7f, 0x6e7f, 0x6e7f, 0x6e7f, 0x6e7f, 0x6e7f, 0x6e7f, 0x6e7f, 0x6e7f,
  0x6e7f, 0x6e7f, 0x6e7f, 0x6e7f, 0x6e7f, 0x6e7f, 0x6e7f, 0x6e7f, 0x6e5f, 0x7e5c, 0x8674, 0x8e6b,
  0x9648, 0x9608, 0x8de7, 0x8de6, 0x85c6, 0x8dc7, 0x8dc7, 0x8dc6, 0x8dc6, 0x85c6, 0x85c6, 0x85c6,
  0x85c6, 0x85c5, 0x7d84, 0x6d03, 0x64a2, 0x4b80, 0x52e0, 0x62a1, 0x6202, 0x69c3, 0x7a26, 0x8268,
  0x7a68, 0x7a68, 0x8267, 0x8267, 0x8a67, 0x8a67, 0x7a26, 0x71a4, 0x71c5, 0x79e5, 0x71a4, 0x6984,
  0x69a4, 0x71c5, 0x71e5, 0x79e5, 0x79e5, 0x71a4, 0x6983, 0x7184, 0x6983, 0x6983, 0x6983, 0x6983,
  0x6983, 0x6963, 0x6963, 0x6963, 0x6983, 0x6983, 0x7184, 0x6983, 0x6983, 0x6983, 0x6983, 0x71a4,
  0x461f, 0x461f, 0x461f, 0x461f, 0x461f, 0x461f, 0x461f, 0x461f, 0x461f, 0x461f, 0x461f, 0x4dff,
  0x461f, 0x3e3f, 0x463f, 0x461f, 0x4dff, 0x461f, 0x461e, 0x4dfc, 0x765c, 0xb75f, 0xd7bf, 0xd79f,
  0xd79f, 0xd79f, 0xd79f, 0xd79f, 0xd79f, 0xd79f, 0xd79f, 0xd79f, 0xd7bf, 0xd7bf, 0xd79f, 0xdf9f,
  0xd77f, 0xcf9f, 0xcfbf, 0xc77f, 0xbf5f, 0xaf3f, 0x767e, 0x4e1e, 0x461f, 0x461f, 0x461f, 0x461f,
  0x461f, 0x461f, 0x461f, 0x461f, 0x461f, 0x461f, 0x461f, 0x461f, 0x45ff, 0x45ff, 0x4e1f, 0x4e1f,
  0x563f, 0x561f, 0x4e1f, 0x563f, 0x4e3f, 0x4e1f, 0x561f, 0x563f, 0x5e5f, 0x5e3f, 0x5e3f, 0x5e3f,
  0x5e3f, 0x5e3f, 0x5e3f, 0x5e3f, 0x5e3f, 0x5e3f, 0x5e3f, 0x5e3f, 0x5e3f, 0x5e3f, 0x5e3f, 0x5e3f,
  0x5e3f, 0x5e3f, 0x5e3f, 0x5e3f, 0x5e3f, 0x5e3f, 0x5e3f, 0x5e3f, 0x5e3f, 0x5e3f, 0x5e3f, 0x5e3f,
  0x5e3f, 0x5e3f, 0x5e3f, 0x5e3f, 0x5e3f, 0x5e3f, 0x5e3f, 0x5e3f, 0x5e3f, 0x5e3f, 0x5e3f, 0x5e3f,
  0x5e3f, 0x5e3f, 0x5e3f, 0x5e3f, 0x5e3f, 0x5e3f, 0x5e3f, 0x5e3f, 0x5e3f, 0x5e3f, 0x5e3f, 0x665f,
  0x667f, 0x665f, 0x665f, 0x665f, 0x667f, 0x665f, 0x665f, 0x6e7f, 0x6e7f, 0x6e7f, 0x6e7f, 0x6e7f,
  0x6e7f, 0x6e7f, 0x6e7f, 0x6e7f, 0x6e7f, 0x6e7f, 0x6e7f, 0x6e7f, 0x6e7f, 0x6e7f, 0x6e7f, 0x6e7f,
  0x6e7f, 0x6e7f, 0x6e7f, 0x6e7f, 0x6e7f, 0x6e7f, 0x6e7f, 0x6e7f, 0x6e7f, 0x6e7f, 0x6e7f, 0x6e7f,
  0x6e7f, 0x6e7f, 0x6e7f, 0x6e7f, 0x6e7f, 0x6e7f, 0x6e7f, 0x6e7f, 0x6e7f, 0x6e7f, 0x6e7f, 0x6e7f,
  0x6e7f, 0x6e7f, 0x6e7f, 0x6e7f, 0x6e7f, 0x6e7f, 0x6e7f, 0x6e5f, 0x6e5f, 0x7e5c, 0x8674, 0x966b,
  0x9e68, 0x9628, 0x8dc6, 0x85c6, 0x85c6, 0x85a6, 0x8dc7, 0x8dc6, 0x8dc6, 0x85c6, 0x85c6, 0x85c6,
  0x85a5, 0x7da5, 0x7564, 0x64c2, 0x5c61, 0x4b20, 0x4a41, 0x51a0, 0x6182, 0x7184, 0x8207, 0x8a48,
  0x8268, 0x7a68, 0x8287, 0x7a66, 0x8267, 0x8247, 0x7a06, 0x71c5, 0x71c5, 0x71c5, 0x69a4, 0x69a4,
  0x71c5, 0x71c5, 0x69a4, 0x6984, 0x71a4, 0x7184, 0x7184, 0x71a4, 0x71a4, 0x71a4, 0x6983, 0x6983,
  0x6983, 0x6983, 0x6963, 0x6963, 0x6983, 0x6983, 0x7184, 0x7184, 0x6983, 0x6983, 0x7184, 0x71a4,
  0x461f, 0x461f, 0x461f, 0x461f, 0x461f, 0x461f, 0x461f, 0x461f, 0x461f, 0x461f, 0x461f, 0x4dff,
  0x461f, 0x3e3f, 0x463f, 0x4e1f, 0x4dff, 0x4dff, 0x461e, 0x4dfc, 0x765c, 0xb75e, 0xd7bf, 0xd79f,
  0xd79f, 0xd79f, 0xd79f, 0xd79f, 0xd79f, 0xd79f, 0xd7bf, 0xd7bf, 0xd7bf, 0xcfbf, 0xd77f, 0xdf7f,
  0xdf9f, 0xcfbf, 0xcfbf, 0xc77f, 0xbf3f, 0xaf3f, 0x767e, 0x4e1e, 0x461f, 0x461f, 0x461f, 0x461f,
  0x461f, 0x461f, 0x461f, 0x461f, 0x461f, 0x461f, 0x461f, 0x461f, 0x461f, 0x4e1f, 0x4e3f, 0x563f,
  0x4e1e, 0x563f, 0x563f, 0x4e1f, 0x4e1f, 0x4e3f, 0x563f, 0x5e3f, 0x5e3f, 0x5e3f, 0x5e3f, 0x5e5f,
  0x5e3f, 0x5e3f, 0x5e3f, 0x5e3f, 0x5e3f, 0x663f, 0x5e3f, 0x5e3f, 0x5e3f, 0x5e3f, 0x5e3f, 0x5e3f,
  0x5e3f, 0x5e3f, 0x663f, 0x5e3f, 0x5e3f, 0x5e3f, 0x5e3f, 0x5e3f, 0x5e3f, 0x5e3f, 0x5e3f, 0x5e3f,
  0x5e3f, 0x5e3f, 0x5e3f, 0x5e3f, 0x5e3f, 0x5e3f, 0x5e3f, 0x5e3f, 0x5e3f, 0x5e3f, 0x5e3f, 0x5e3f,
  0x5e3f, 0x5e3f, 0x5e3f, 0x5e3f, 0x5e3f, 0x5e3f, 0x5e3f, 0x5e3f, 0x5e3f, 0x5e3f, 0x5e5f, 0x665f,
  0x5e5f, 0x665f, 0x667f, 0x665f, 0x5e3f, 0x665f, 0x667f, 0x6e7f, 0x6e7f, 0x6e7f, 0x6e7f, 0x6e7f,
  0x6e7f, 0x6e7f, 0x6e7f, 0x6e7f, 0x6e7f, 0x6e7f, 0x6e7f, 0x6e7f, 0x6e7f, 0x6e7f, 0x6e7f, 0x6e7f,
  0x6e7f, 0x6e7f, 0x6e7f, 0x6e7f, 0x6e7f, 0x6e7f, 0x6e7f, 0x6e7f, 0x6e7f, 0x6e7f, 0x6e7f, 0x6e7f,
  0x6e7f, 0x6e7f, 0x6e7f, 0x6e7f, 0x6e7f, 0x6e7f, 0x6e7f, 0x6e7f, 0x6e7f, 0x6e7f, 0x6e7f, 0x6e7f,
  0x6e7f, 0x6e7f, 0x6e7f, 0x6e7f, 0x6e7f, 0x6e7f, 0x6e7f, 0x6e7f, 0x6e5f, 0x7e5c, 0x8674, 0x966b,
  0x9e68, 0x9608, 0x8dc6, 0x85c5, 0x85c6, 0x8dc6, 0x8dc7, 0x8dc6, 0x8dc6, 0x85c6, 0x85c6, 0x85c6,
  0x7d85, 0x7d85, 0x7da5, 0x7564, 0x7523, 0x6403, 0x6303, 0x51e1, 0x61a2, 0x7184, 0x8a07, 0x8a48,
  0x8a68, 0x8268, 0x7a67, 0x7225, 0x69c4, 0x71c4, 0x71e5, 0x7a26, 0x8246, 0x8226, 0x71e5, 0x71c5,
  0x7a26, 0x7a06, 0x71a4, 0x6984, 0x7184, 0x6983, 0x71a4, 0x71a4, 0x71a4, 0x71a4, 0x6983, 0x6983,
  0x6983, 0x6983, 0x6963, 0x6963, 0x6983, 0x6983, 0x7184, 0x6983, 0x7184, 0x6983, 0x7184, 0x71a4,
  0x461f, 0x461f, 0x461f, 0x461f, 0x461f, 0x461f, 0x461f, 0x461f, 0x461f, 0x461f, 0x461f, 0x461f,
  0x461f, 0x3e3f, 0x461f, 0x4dff, 0x4dff, 0x4dff, 0x4e1e, 0x4dfc, 0x765c, 0xb75e, 0xd7bf, 0xdf9f,
  0xdf9f, 0xdf9f, 0xdf9f, 0xdf9f, 0xd79f, 0xd79f, 0xd7bf, 0xd7bf, 0xcfbf, 0xc79f, 0xcf5e, 0xd77f,
  0xd79f, 0xcfbf, 0xcfbf, 0xc77f, 0xbf3f, 0xaf3f, 0x7e7e, 0x4dfe, 0x461f, 0x461f, 0x461f, 0x461f,
  0x461f, 0x461f, 0x461f, 0x461f, 0x461f, 0x461f, 0x461f, 0x461f, 0x461f, 0x4e1f, 0x4e3f, 0x563f,
  0x561f, 0x561f, 0x563f, 0x4e1f, 0x4e3f, 0x4e3f, 0x563f, 0x5e3f, 0x5e3f, 0x5e3f, 0x5e3f, 0x5e3f,
  0x5e3f, 0x5e3f, 0x5e3f, 0x5e3f, 0x5e3f, 0x5e3f, 0x5e3f, 0x5e3f, 0x5e3f, 0x5e3f, 0x563f, 0x5e3f,
  0x5e3f, 0x5e3f, 0x5e3f, 0x5e3f, 0x5e3f, 0x5e3f, 0x5e3f, 0x5e3f, 0x5e3f, 0x5e3f, 0x5e3f, 0x5e3f,
  0x5e3f, 0x5e3f, 0x5e3f, 0x5e3f, 0x5e3f, 0x5e3f, 0x5e3f, 0x5e3f, 0x5e3f, 0x5e3f, 0x5e3f, 0x5e3f,
  0x5e3f, 0x5e3f, 0x5e3f, 0x5e3f, 0x5e3f, 0x5e3f, 0x5e3f, 0x5e3f, 0x5e3f, 0x5e5f, 0x667f, 0x665f,
  0x665f, 0x665f, 0x665f, 0x665f, 0x665f, 0x665f, 0x665f, 0x6e7f, 0x6e7f, 0x6e7f, 0x6e7f, 0x6e7f,
  0x6e7f, 0x6e7f, 0x6e7f, 0x6e7f, 0x6e7f, 0x6e7f, 0x6e7f, 0x6e7f, 0x6e7f, 0x6e7f, 0x6e7f, 0x6e7f,
  0x6e7f, 0x6e7f, 0x6e7f, 0x6e7f, 0x6e7f, 0x6e7f, 0x6e7f, 0x6e7f, 0x6e7f, 0x6e7f, 0x6e7f, 0x6e7f,
  0x6e7f, 0x6e7f, 0x6e7f, 0x6e7f, 0x6e7f, 0x6e7f, 0x6e7f, 0x6e7f, 0x6e7f, 0x6e7f, 0x6e7f, 0x6e7f,
  0x6e7f, 0x6e7f, 0x6e7f, 0x6e7f, 0x6e7f, 0x6e7f, 0x6e7f, 0x6e7f, 0x6e7f, 0x7e5c, 0x8654, 0x8e6b,
  0x9648, 0x8e07, 0x8dc6, 0x85c5, 0x85c6, 0x8dc7, 0x8dc6, 0x8dc6, 0x8dc6, 0x85c6, 0x85c6, 0x85c6,
  0x7d85, 0x7d85, 0x85c6, 0x7d85, 0x7544, 0x7484, 0x6bc4, 0x5ac2, 0x6222, 0x69a3, 0x8206, 0x8a27,
  0x8a48, 0x8268, 0x7a67, 0x6a05, 0x69a4, 0x71c5, 0x79e5, 0x8247, 0x8247, 0x7a26, 0x71c5, 0x71c5,
  0x8247, 0x8247, 0x71e5, 0x71e5, 0x71c4, 0x71a4, 0x71a4, 0x6983, 0x6983, 0x71a4, 0x6983, 0x6983,
  0x7184, 0x6983, 0x6983, 0x6983, 0x6983, 0x6983, 0x6983, 0x6983, 0x7184, 0x6983, 0x6983, 0x7184,
  0x461f, 0x461f, 0x461f, 0x461f, 0x461f, 0x461f, 0x461f, 0x461f, 0x461f, 0x461f, 0x461f, 0x461f,
  0x461f, 0x3e3f, 0x461f, 0x4dff, 0x4dff, 0x4dff, 0x4e1e, 0x4dfc, 0x765c, 0xb75f, 0xd7bf, 0xdf9f,
  0xdf7f, 0xdf7f, 0xdf9f, 0xdf9f, 0xdf9f, 0xdf9f, 0xdfbf, 0xd7bf, 0xcfbf, 0xc79e, 0xc73e, 0xd77f,
  0xd79f, 0xcfbf, 0xcfbf, 0xc77f, 0xbf3f, 0xaf3f, 0x767e, 0x4dfe, 0x461f, 0x461f, 0x461f, 0x461f,
  0x461f, 0x461f, 0x461f, 0x461f, 0x461f, 0x461f, 0x461f, 0x461f, 0x461f, 0x461f, 0x4e1f, 0x4e1e,
  0x563f, 0x561f, 0x4e1e, 0x563f, 0x565f, 0x4e1f, 0x561f, 0x563f, 0x5e5f, 0x5e3f, 0x5e3f, 0x5e3f,
  0x5e3f, 0x5e3f, 0x5e3f, 0x5e3f, 0x5e3f, 0x5e3f, 0x5e5f, 0x5e3f, 0x5e3f, 0x5e3f, 0x563f, 0x563f,
  0x5e5f, 0x5e5f, 0x5e3f, 0x5e3f, 0x5e3f, 0x5e3f, 0x5e3f, 0x5e3f, 0x5e3f, 0x5e3f, 0x5e3f, 0x5e3f,
  0x5e3f, 0x5e3f, 0x5e3f, 0x5e3f, 0x5e3f, 0x5e3f, 0x5e3f, 0x5e3f, 0x5e3f, 0x5e3f, 0x5e3f, 0x5e3f,
  0x5e3f, 0x5e3f, 0x5e3f, 0x5e3f, 0x5e3f, 0x5e3f, 0x5e3f, 0x5e3f, 0x5e3f, 0x5e5f, 0x5e5f, 0x5e5f,
  0x667f, 0x665f, 0x5e3f, 0x665f, 0x667f, 0x665f, 0x665f, 0x667f, 0x6e7f, 0x6e7f, 0x6e7f, 0x6e7f,
  0x6e7f, 0x6e7f, 0x6e7f, 0x6e7f, 0x6e7f, 0x6e7f, 0x6e7f, 0x6e7f, 0x6e7f, 0x6e7f, 0x6e7f, 0x6e7f,
  0x6e7f, 0x6e7f, 0x6e7f, 0x6e7f, 0x6e7f, 0x6e7f, 0x6e7f, 0x6e7f, 0x6e7f, 0x6e7f, 0x6e7f, 0x6e7f,
  0x6e7f, 0x6e7f, 0x6e7f, 0x6e7f, 0x6e7f, 0x6e7f, 0x6e7f, 0x6e7f, 0x6e7f, 0x6e7f, 0x6e7f, 0x6e7f,
  0x6e7f, 0x6e7f, 0x6e7f, 0x6e7f, 0x6e7f, 0x6e7f, 0x6e7f, 0x6e7f, 0x6e5f, 0x7e5b, 0x8653, 0x8e6b,
  0x8e07, 0x8de7, 0x8dc6, 0x8dc6, 0x85c6, 0x8dc6, 0x8dc7, 0x8dc6, 0x8dc6, 0x85c6, 0x85c6, 0x85c6,
  0x85c6, 0x85e6, 0x85c6, 0x7d64, 0x7544, 0x7d45, 0x74c4, 0x6c24, 0x6322, 0x5201, 0x61c3, 0x71c5,
  0x8227, 0x8a68, 0x8268, 0x7206, 0x69c5, 0x7a26, 0x8267, 0x8247, 0x7a06, 0x69c4, 0x6984, 0x71c5,
  0x8247, 0x8267, 0x8267, 0x8267, 0x8226, 0x71c4, 0x6983, 0x6963, 0x6983, 0x71a4, 0x6983, 0x6963,
  0x6983, 0x6983, 0x7184, 0x71a4, 0x6983, 0x6963, 0x6963, 0x7184, 0x6983, 0x7184, 0x71a4, 0x7184,
  0x461f, 0x461f, 0x461f, 0x461f, 0x461f, 0x461f, 0x461f, 0x461f, 0x461f, 0x461f, 0x461f, 0x461f,
  0x461f, 0x3e3f, 0x461f, 0x4dff, 0x4dff, 0x4e1f, 0x4e3f, 0x45fd, 0x765d, 0xb77f, 0xd7bf, 0xdf9f,
  0xdf9f, 0xdf7f, 0xdf7f, 0xdf7e, 0xdf7f, 0xdf9f, 0xd79f, 0xcf7f, 0xcf7f, 0xc79e, 0xcf7e, 0xd77f,
  0xd79f, 0xcfbf, 0xc79f, 0xbf7e, 0xbf5f, 0xaf3f, 0x767e, 0x4e1e, 0x461f, 0x461f, 0x461f, 0x461f,
  0x461f, 0x461f, 0x461f, 0x461f, 0x461f, 0x461f, 0x461f, 0x461f, 0x461f, 0x4e1f, 0x4e1f, 0x563f,
  0x4e1f, 0x563f, 0x563f, 0x4e3f, 0x4e1f, 0x563f, 0x563f, 0x5e5f, 0x5e5f, 0x5e3f, 0x5e3f, 0x5e5f,
  0x5e3f, 0x5e3f, 0x5e3f, 0x5e3f, 0x5e3f, 0x5e3f, 0x5e3f, 0x5e5f, 0x5e3f, 0x5e3f, 0x665f, 0x5e5f,
  0x5e3f, 0x5e5f, 0x5e5f, 0x5e3f, 0x5e3f, 0x5e3f, 0x5e3f, 0x5e3f, 0x5e3f, 0x5e3f, 0x5e3f, 0x5e3f,
  0x5e3f, 0x5e3f, 0x5e3f, 0x5e3f, 0x5e3f, 0x5e3f, 0x5e3f, 0x5e3f, 0x5e3f, 0x5e3f, 0x5e3f, 0x5e3f,
  0x5e3f, 0x5e3f, 0x5e3f, 0x5e3f, 0x5e3f, 0x5e3f, 0x5e3f, 0x5e3f, 0x5e3f, 0x5e5f, 0x665f, 0x665f,
  0x665f, 0x665f, 0x665f, 0x665f, 0x665f, 0x665f, 0x665f, 0x667f, 0x6e7f, 0x6e7f, 0x6e7f, 0x6e7f,
  0x6e7f, 0x6e7f, 0x6e7f, 0x6e7f, 0x6e7f, 0x6e7f, 0x6e7f, 0x6e7f, 0x6e7f, 0x6e7f, 0x6e7f, 0x6e7f,
  0x6e7f, 0x6e7f, 0x6e7f, 0x6e7f, 0x6e7f, 0x6e7f, 0x6e7f, 0x6e7f, 0x6e7f, 0x6e7f, 0x6e7f, 0x6e7f,
  0x6e7f, 0x6e7f, 0x6e7f, 0x6e7f, 0x6e7f, 0x6e7f, 0x6e7f, 0x6e7f, 0x6e7f, 0x6e7f, 0x6e7f, 0x6e7f,
  0x6e7f, 0x6e7f, 0x6e7f, 0x6e7f, 0x6e7f, 0x6e7f, 0x6e7f, 0x6e7f, 0x6e5f, 0x7e5c, 0x8674, 0x8e4a,
  0x8de6, 0x85a6, 0x85a6, 0x8dc6, 0x8dc6, 0x8da6, 0x8dc7, 0x8dc6, 0x8dc6, 0x85c6, 0x85c6, 0x85c6,
  0x85c6, 0x85a5, 0x7d85, 0x7d85, 0x7d84, 0x7563, 0x7543, 0x6cc2, 0x63e2, 0x5b21, 0x5a21, 0x61c3,
  0x71c4, 0x7a06, 0x8268, 0x7a47, 0x7206, 0x7a06, 0x7a06, 0x7205, 0x71e5, 0x69a4, 0x69a4, 0x69c4,
  0x7205, 0x7a26, 0x8267, 0x8246, 0x79e5, 0x71a4, 0x6963, 0x6963, 0x6963, 0x6983, 0x6963, 0x6963,
  0x6983, 0x71a4, 0x71a4, 0x71a4, 0x6983, 0x6963, 0x6963, 0x7184, 0x6983, 0x7184, 0x71a4, 0x71a4,
  0x461f, 0x461f, 0x461f, 0x461f, 0x461f, 0x461f, 0x461f, 0x461f, 0x461f, 0x461f, 0x461f, 0x461f,
  0x461f, 0x3e3f, 0x461f, 0x4dff, 0x4ddf, 0x45ff, 0x463f, 0x461d, 0x6e5e, 0xa73f, 0xc79f, 0xd79f,
  0xd79f, 0xdf9f, 0xdf9f, 0xdf9f, 0xdf9f, 0xd79f, 0xcf7f, 0xc75f, 0xc75e, 0xc79e, 0xd79f, 0xdf9f,
  0xd79f, 0xcf9f, 0xbf7e, 0xbf5e, 0xbf5f, 0xa73f, 0x767e, 0x4e1e, 0x461f, 0x461f, 0x461f, 0x461f,
  0x461f, 0x461f, 0x461f, 0x461f, 0x461f, 0x461f, 0x461f, 0x461f, 0x461f, 0x4e1f, 0x4e1f, 0x563f,
  0x4dfe, 0x563f, 0x565f, 0x4e1f, 0x4e1f, 0x563f, 0x563f, 0x5e5f, 0x5e5f, 0x5e3f, 0x5e5f, 0x5e5f,
  0x5e3f, 0x5e3f, 0x5e3f, 0x5e3f, 0x5e3f, 0x5e3f, 0x5e3f, 0x665f, 0x661e, 0x65fd, 0x661d, 0x661d,
  0x5e1e, 0x5e5f, 0x5e5f, 0x5e5f, 0x5e3f, 0x5e3f, 0x5e3f, 0x5e3f, 0x5e3f, 0x5e3f, 0x5e3f, 0x5e3f,
  0x5e3f, 0x5e3f, 0x5e3f, 0x5e3f, 0x5e3f, 0x5e3f, 0x5e3f, 0x5e3f, 0x5e3f, 0x5e3f, 0x5e3f, 0x5e3f,
  0x5e3f, 0x5e3f, 0x5e3f, 0x5e3f, 0x5e3f, 0x5e3f, 0x5e3f, 0x5e3f, 0x5e3f, 0x5e5f, 0x665f, 0x665f,
  0x5e5f, 0x665f, 0x667f, 0x665f, 0x663f, 0x665f, 0x665f, 0x667f, 0x6e7f, 0x6e7f, 0x6e7f, 0x6e7f,
  0x6e7f, 0x6e7f, 0x6e7f, 0x6e7f, 0x6e7f, 0x6e7f, 0x6e7f, 0x6e7f, 0x6e7f, 0x6e7f, 0x6e7f, 0x6e7f,
  0x6e7f, 0x6e7f, 0x6e7f, 0x6e7f, 0x6e7f, 0x6e7f, 0x6e7f, 0x6e7f, 0x6e7f, 0x6e7f, 0x6e7f, 0x6e7f,
  0x6e7f, 0x6e7f, 0x6e7f, 0x6e7f, 0x6e7f, 0x6e7f, 0x6e7f, 0x6e7f, 0x6e7f, 0x6e7f, 0x6e7f, 0x6e7f,
  0x6e7f, 0x6e7f, 0x6e7f, 0x6e7f, 0x6e7f, 0x6e7f, 0x6e7f, 0x6e7f, 0x6e5f, 0x7e5c, 0x8674, 0x8e4b,
  0x8de7, 0x85a6, 0x85a6, 0x8dc6, 0x8dc6, 0x8da6, 0x8dc6, 0x8dc6, 0x8dc6, 0x85c6, 0x85c6, 0x85c6,
  0x85c6, 0x7da5, 0x7564, 0x85a5, 0x85c5, 0x7563, 0x6da2, 0x6d63, 0x6cc3, 0x63e3, 0x52a1, 0x59c1,
  0x6182, 0x71c5, 0x8247, 0x8268, 0x7a47, 0x71e5, 0x69a4, 0x69a4, 0x6183, 0x6183, 0x69a4, 0x69a4,
  0x69a4, 0x7205, 0x8247, 0x7a06, 0x71a4, 0x6983, 0x6963, 0x6963, 0x6963, 0x6963, 0x6963, 0x6963,
  0x6983, 0x6983, 0x7184, 0x7184, 0x6983, 0x6963, 0x6963, 0x6983, 0x6983, 0x7184, 0x71a4, 0x71a4
};